{
"type": "FeatureCollection",
"name": "filter1",
"crs": { "type": "name", "properties": { "name": "urn:ogc:def:crs:OGC:1.3:CRS84" } },
"features": [
{ "type": "Feature", "properties": { "A": 34, "B": 21601, "SUBAREA": 0, "FFSNEW": 0, "CPENEW": 0, "CPEFAC": 0, "TIMEPEN": 0, "DISTANCE": 0.13, "SPDCLASS": 1, "CAPCLASS": 1, "JUR": 0, "SCREEN": 0, "FTYPE": 0, "TOLL": 0, "TOLLGRP": 0, "AMLANE": 7, "AMLIMIT": 0, "PMLANE": 7, "PMLIMIT": 0, "OPLANE": 7, "OPLIMIT": 0, "EDGEID": 34021601, "LINKID": 13453, "NETYEAR": 2001, "SHAPE_LENG": 667.12, "PROJECTID": "NA", "TAZ": 34, "ATYPE": 1, "MDLANE": 7, "MDLIMIT": 0, "NTLANE": 7, "NTLIMIT": 0, "DEFLATIONFT": 0.8011, "AMTOLL": 0.0, "PMTOLL": 0.0, "OPTOLL": 0.0, "AMTOLL_VP": 0.0, "PMTOLL_VP": 0.0, "OPTOLL_VP": 0.0, "AMHTIME": 0.52, "PMHTIME": 0.52, "OPHTIME": 0.52, "MDTOLL": 0.0, "MDTOLL_VP": 0.0, "MDHTIME": 0.52, "NTTOLL": 0.0, "NTTOLL_VP": 0.0, "NTHTIME": 0.52, "LINKAB": 3421601, "TURNPENI": "TURNPEN.PEN", "I4AMSOV": 0.0, "I4AMHV2": 0.0, "I4AMHV3": 0.0, "I4AMCV": 0.0, "I4AMTRK": 0.0, "I4AMAPX": 0.0, "I4AMVOL": 0.0, "I4AMVMT": 0.0, "I4AMFFSPD": 17, "AMHRLKCAP": 22050, "AMHRLNCAP": 3150, "I4AMVC": 0.0, "I4AMVDF": 1.0, "I4AMSPD": 17.0, "COMP": 0, "I4MDSOV": 0.0, "I4MDHV2": 0.0, "I4MDHV3": 0.0, "I4MDCV": 0.0, "I4MDTRK": 0.0, "I4MDAPX": 0.0, "I4MDVOL": 0.0, "I4MDVMT": 0.0, "I4MDFFSPD": 17, "MDHRLKCAP": 22050, "MDHRLNCAP": 3150, "I4MDVC": 0.0, "I4MDVDF": 1.0, "I4MDSPD": 17.0, "I4PMSOV": 2.20711, "I4PMHV2": 0.38611, "I4PMHV3": 0.0, "I4PMCV": 0.28896, "I4PMTRK": 0.0, "I4PMAPX": 0.0003, "I4PMVOL": 2.88248, "I4PMVMT": 0.37472, "I4PMFFSPD": 17, "PMHRLKCAP": 22050, "PMHRLNCAP": 3150, "I4PMVC": 4.0000000000000003e-05, "I4PMVDF": 1.0, "I4PMSPD": 17.0, "I4NTSOV": 0.0, "I4NTHV2": 0.0, "I4NTHV3": 0.0, "I4NTCV": 0.0, "I4NTTRK": 0.0, "I4NTAPX": 0.0, "I4NTVOL": 0.0, "I4NTVMT": 0.0, "I4NTFFSPD": 17, "NTHRLKCAP": 22050, "NTHRLNCAP": 3150, "I4NTVC": 0.0, "I4NTVDF": 1.0, "I4NTSPD": 17.0, "I424VOL": 2.88248, "TVOL00": 0, "TVMT00": 0.0, "ID": 0, "AADT_2023": 0, "AWDT_2023": 0, "MD210": 0, "CNT2LOADDIF": 0.0, "ABSNCTDIFF": 0.0, "CNT2LOADPCT": 0.0, "ABSPCTDIFF": 0.0, "MD210U": 0, "LOAD1": 2.88248, "LOAD2": 0.0, "LOADGRW": -2.88248, "ABSGRW": 2.88248, "PRCGRW": -1.0, "PRCANLGRW": -4.5454545 }, "geometry": { "type": "LineString", "coordinates": [ [ -77.045163710972162, 38.893919097892322 ], [ -77.045121523142996, 38.89348309765932 ], [ -77.044986884544613, 38.892093237784174 ] ] } },
{ "type": "Feature", "properties": { "A": 98, "B": 21545, "SUBAREA": 0, "FFSNEW": 0, "CPENEW": 0, "CPEFAC": 0, "TIMEPEN": 0, "DISTANCE": 0.28, "SPDCLASS": 2, "CAPCLASS": 2, "JUR": 0, "SCREEN": 0, "FTYPE": 0, "TOLL": 0, "TOLLGRP": 0, "AMLANE": 7, "AMLIMIT": 0, "PMLANE": 7, "PMLIMIT": 0, "OPLANE": 7, "OPLIMIT": 0, "EDGEID": 21500000000, "LINKID": 55232, "NETYEAR": 2001, "SHAPE_LENG": 1459.35, "PROJECTID": "NA", "TAZ": 98, "ATYPE": 2, "MDLANE": 7, "MDLIMIT": 0, "NTLANE": 7, "NTLIMIT": 0, "DEFLATIONFT": 0.8011, "AMTOLL": 0.0, "PMTOLL": 0.0, "OPTOLL": 0.0, "AMTOLL_VP": 0.0, "PMTOLL_VP": 0.0, "OPTOLL_VP": 0.0, "AMHTIME": 1.12, "PMHTIME": 1.12, "OPHTIME": 1.12, "MDTOLL": 0.0, "MDTOLL_VP": 0.0, "MDHTIME": 1.12, "NTTOLL": 0.0, "NTTOLL_VP": 0.0, "NTHTIME": 1.12, "LINKAB": 9821545, "TURNPENI": "TURNPEN.PEN", "I4AMSOV": 0.0, "I4AMHV2": 0.0, "I4AMHV3": 0.0, "I4AMCV": 0.0, "I4AMTRK": 0.0, "I4AMAPX": 0.0, "I4AMVOL": 0.0, "I4AMVMT": 0.0, "I4AMFFSPD": 17, "AMHRLKCAP": 22050, "AMHRLNCAP": 3150, "I4AMVC": 0.0, "I4AMVDF": 1.0, "I4AMSPD": 17.0, "COMP": 0, "I4MDSOV": 0.0, "I4MDHV2": 0.0, "I4MDHV3": 0.0, "I4MDCV": 0.0, "I4MDTRK": 0.0, "I4MDAPX": 0.0, "I4MDVOL": 0.0, "I4MDVMT": 0.0, "I4MDFFSPD": 17, "MDHRLKCAP": 22050, "MDHRLNCAP": 3150, "I4MDVC": 0.0, "I4MDVDF": 1.0, "I4MDSPD": 17.0, "I4PMSOV": 3.80382, "I4PMHV2": 0.66935, "I4PMHV3": 0.0, "I4PMCV": 0.42234, "I4PMTRK": 0.33606, "I4PMAPX": 0.42636, "I4PMVOL": 5.65793, "I4PMVMT": 1.58422, "I4PMFFSPD": 17, "PMHRLKCAP": 22050, "PMHRLNCAP": 3150, "I4PMVC": 8.0000000000000007e-05, "I4PMVDF": 1.0, "I4PMSPD": 17.0, "I4NTSOV": 0.0, "I4NTHV2": 0.0, "I4NTHV3": 0.0, "I4NTCV": 0.0, "I4NTTRK": 0.0, "I4NTAPX": 0.0, "I4NTVOL": 0.0, "I4NTVMT": 0.0, "I4NTFFSPD": 17, "NTHRLKCAP": 22050, "NTHRLNCAP": 3150, "I4NTVC": 0.0, "I4NTVDF": 1.0, "I4NTSPD": 17.0, "I424VOL": 5.65793, "TVOL00": 0, "TVMT00": 0.0, "ID": 0, "AADT_2023": 0, "AWDT_2023": 0, "MD210": 0, "CNT2LOADDIF": 0.0, "ABSNCTDIFF": 0.0, "CNT2LOADPCT": 0.0, "ABSPCTDIFF": 0.0, "MD210U": 0, "LOAD1": 5.65793, "LOAD2": 0.01523, "LOADGRW": -5.6427, "ABSGRW": 5.6427, "PRCGRW": -0.9973085, "PRCANLGRW": -4.5332208 }, "geometry": { "type": "LineString", "coordinates": [ [ -77.079670462009062, 38.95742612738438 ], [ -77.080277882558121, 38.958352417036792 ], [ -77.08200960796421, 38.960991205111448 ] ] } },
{ "type": "Feature", "properties": { "A": 102, "B": 21954, "SUBAREA": 0, "FFSNEW": 0, "CPENEW": 0, "CPEFAC": 0, "TIMEPEN": 0, "DISTANCE": 0.31, "SPDCLASS": 2, "CAPCLASS": 2, "JUR": 0, "SCREEN": 0, "FTYPE": 0, "TOLL": 0, "TOLLGRP": 0, "AMLANE": 7, "AMLIMIT": 0, "PMLANE": 7, "PMLIMIT": 0, "OPLANE": 7, "OPLIMIT": 0, "EDGEID": 102021954, "LINKID": 78988, "NETYEAR": 2001, "SHAPE_LENG": 1633.47, "PROJECTID": "NA", "TAZ": 102, "ATYPE": 2, "MDLANE": 7, "MDLIMIT": 0, "NTLANE": 7, "NTLIMIT": 0, "DEFLATIONFT": 0.8011, "AMTOLL": 0.0, "PMTOLL": 0.0, "OPTOLL": 0.0, "AMTOLL_VP": 0.0, "PMTOLL_VP": 0.0, "OPTOLL_VP": 0.0, "AMHTIME": 1.24, "PMHTIME": 1.24, "OPHTIME": 1.24, "MDTOLL": 0.0, "MDTOLL_VP": 0.0, "MDHTIME": 1.24, "NTTOLL": 0.0, "NTTOLL_VP": 0.0, "NTHTIME": 1.24, "LINKAB": 10221954, "TURNPENI": "TURNPEN.PEN", "I4AMSOV": 0.00022, "I4AMHV2": 8.0000000000000007e-05, "I4AMHV3": 0.0, "I4AMCV": 4.0000000000000003e-05, "I4AMTRK": 3.0000000000000001e-05, "I4AMAPX": 0.0, "I4AMVOL": 0.00037, "I4AMVMT": 0.00012, "I4AMFFSPD": 17, "AMHRLKCAP": 22050, "AMHRLNCAP": 3150, "I4AMVC": 0.0, "I4AMVDF": 1.0, "I4AMSPD": 17.0, "COMP": 0, "I4MDSOV": 0.0, "I4MDHV2": 0.0, "I4MDHV3": 0.0, "I4MDCV": 0.0, "I4MDTRK": 0.0, "I4MDAPX": 0.0, "I4MDVOL": 0.0, "I4MDVMT": 0.0, "I4MDFFSPD": 17, "MDHRLKCAP": 22050, "MDHRLNCAP": 3150, "I4MDVC": 0.0, "I4MDVDF": 1.0, "I4MDSPD": 17.0, "I4PMSOV": 0.0, "I4PMHV2": 0.0, "I4PMHV3": 0.0, "I4PMCV": 0.0, "I4PMTRK": 0.0, "I4PMAPX": 0.0, "I4PMVOL": 0.0, "I4PMVMT": 0.0, "I4PMFFSPD": 17, "PMHRLKCAP": 22050, "PMHRLNCAP": 3150, "I4PMVC": 0.0, "I4PMVDF": 1.0, "I4PMSPD": 17.0, "I4NTSOV": 0.0, "I4NTHV2": 0.0, "I4NTHV3": 0.0, "I4NTCV": 0.0, "I4NTTRK": 0.0, "I4NTAPX": 0.0, "I4NTVOL": 0.0, "I4NTVMT": 0.0, "I4NTFFSPD": 17, "NTHRLKCAP": 22050, "NTHRLNCAP": 3150, "I4NTVC": 0.0, "I4NTVDF": 1.0, "I4NTSPD": 17.0, "I424VOL": 0.00037, "TVOL00": 0, "TVMT00": 0.0, "ID": 0, "AADT_2023": 0, "AWDT_2023": 0, "MD210": 0, "CNT2LOADDIF": 0.0, "ABSNCTDIFF": 0.0, "CNT2LOADPCT": 0.0, "ABSPCTDIFF": 0.0, "MD210U": 0, "LOAD1": 0.00037, "LOAD2": 3.0000000000000001e-05, "LOADGRW": -0.00034, "ABSGRW": 0.00034, "PRCGRW": -0.9217215, "PRCANLGRW": -4.1896434 }, "geometry": { "type": "LineString", "coordinates": [ [ -77.067808698443898, 38.957255136375878 ], [ -77.065146500956288, 38.953283585402509 ] ] } },
{ "type": "Feature", "properties": { "A": 165, "B": 20374, "SUBAREA": 0, "FFSNEW": 0, "CPENEW": 0, "CPEFAC": 0, "TIMEPEN": 0, "DISTANCE": 0.15, "SPDCLASS": 2, "CAPCLASS": 2, "JUR": 0, "SCREEN": 0, "FTYPE": 0, "TOLL": 0, "TOLLGRP": 0, "AMLANE": 7, "AMLIMIT": 0, "PMLANE": 7, "PMLIMIT": 0, "OPLANE": 7, "OPLIMIT": 0, "EDGEID": 20400000000, "LINKID": 58334, "NETYEAR": 2001, "SHAPE_LENG": 781.83, "PROJECTID": "NA", "TAZ": 165, "ATYPE": 2, "MDLANE": 7, "MDLIMIT": 0, "NTLANE": 7, "NTLIMIT": 0, "DEFLATIONFT": 0.8011, "AMTOLL": 0.0, "PMTOLL": 0.0, "OPTOLL": 0.0, "AMTOLL_VP": 0.0, "PMTOLL_VP": 0.0, "OPTOLL_VP": 0.0, "AMHTIME": 0.6, "PMHTIME": 0.6, "OPHTIME": 0.6, "MDTOLL": 0.0, "MDTOLL_VP": 0.0, "MDHTIME": 0.6, "NTTOLL": 0.0, "NTTOLL_VP": 0.0, "NTHTIME": 0.6, "LINKAB": 16520374, "TURNPENI": "TURNPEN.PEN", "I4AMSOV": 28.93885, "I4AMHV2": 8.84095, "I4AMHV3": 3.55, "I4AMCV": 11.1042, "I4AMTRK": 7.11362, "I4AMAPX": 1.23387, "I4AMVOL": 60.78149, "I4AMVMT": 9.11722, "I4AMFFSPD": 17, "AMHRLKCAP": 22050, "AMHRLNCAP": 3150, "I4AMVC": 0.00115, "I4AMVDF": 1.0, "I4AMSPD": 17.0, "COMP": 0, "I4MDSOV": 26.43284, "I4MDHV2": 6.75403, "I4MDHV3": 2.51203, "I4MDCV": 5.83957, "I4MDTRK": 4.32922, "I4MDAPX": 0.4953, "I4MDVOL": 46.36298, "I4MDVMT": 6.95445, "I4MDFFSPD": 17, "MDHRLKCAP": 22050, "MDHRLNCAP": 3150, "I4MDVC": 0.00037, "I4MDVDF": 1.0, "I4MDSPD": 17.0, "I4PMSOV": 0.14097, "I4PMHV2": 0.05269, "I4PMHV3": 0.0, "I4PMCV": 0.05187, "I4PMTRK": 0.01339, "I4PMAPX": 0.01463, "I4PMVOL": 0.27355, "I4PMVMT": 0.04103, "I4PMFFSPD": 17, "PMHRLKCAP": 22050, "PMHRLNCAP": 3150, "I4PMVC": 0.0, "I4PMVDF": 1.0, "I4PMSPD": 17.0, "I4NTSOV": 0.0, "I4NTHV2": 0.0, "I4NTHV3": 0.0, "I4NTCV": 0.0, "I4NTTRK": 0.0, "I4NTAPX": 0.0, "I4NTVOL": 0.0, "I4NTVMT": 0.0, "I4NTFFSPD": 17, "NTHRLKCAP": 22050, "NTHRLNCAP": 3150, "I4NTVC": 0.0, "I4NTVDF": 1.0, "I4NTSPD": 17.0, "I424VOL": 107.41802, "TVOL00": 0, "TVMT00": 0.0, "ID": 0, "AADT_2023": 0, "AWDT_2023": 0, "MD210": 0, "CNT2LOADDIF": 0.0, "ABSNCTDIFF": 0.0, "CNT2LOADPCT": 0.0, "ABSPCTDIFF": 0.0, "MD210U": 0, "LOAD1": 107.41802, "LOAD2": 9.99142, "LOADGRW": -97.42661, "ABSGRW": 97.42661, "PRCGRW": -0.9069856, "PRCANLGRW": -4.1226621 }, "geometry": { "type": "LineString", "coordinates": [ [ -77.028054655482521, 38.933965677918678 ], [ -77.028140757516624, 38.932891608573051 ], [ -77.028227885808803, 38.931824310826229 ], [ -77.028229580148022, 38.931821215474244 ] ] } },
{ "type": "Feature", "properties": { "A": 184, "B": 21765, "SUBAREA": 0, "FFSNEW": 0, "CPENEW": 0, "CPEFAC": 0, "TIMEPEN": 0, "DISTANCE": 0.19, "SPDCLASS": 1, "CAPCLASS": 1, "JUR": 0, "SCREEN": 0, "FTYPE": 0, "TOLL": 0, "TOLLGRP": 0, "AMLANE": 7, "AMLIMIT": 0, "PMLANE": 7, "PMLIMIT": 0, "OPLANE": 7, "OPLIMIT": 0, "EDGEID": 184021765, "LINKID": 32760, "NETYEAR": 2001, "SHAPE_LENG": 981.37, "PROJECTID": "NA", "TAZ": 184, "ATYPE": 1, "MDLANE": 7, "MDLIMIT": 0, "NTLANE": 7, "NTLIMIT": 0, "DEFLATIONFT": 0.8011, "AMTOLL": 0.0, "PMTOLL": 0.0, "OPTOLL": 0.0, "AMTOLL_VP": 0.0, "PMTOLL_VP": 0.0, "OPTOLL_VP": 0.0, "AMHTIME": 0.76, "PMHTIME": 0.76, "OPHTIME": 0.76, "MDTOLL": 0.0, "MDTOLL_VP": 0.0, "MDHTIME": 0.76, "NTTOLL": 0.0, "NTTOLL_VP": 0.0, "NTHTIME": 0.76, "LINKAB": 18421765, "TURNPENI": "TURNPEN.PEN", "I4AMSOV": 16.77769, "I4AMHV2": 4.50582, "I4AMHV3": 2.09, "I4AMCV": 21.49011, "I4AMTRK": 10.94843, "I4AMAPX": 4.0000000000000003e-05, "I4AMVOL": 55.81209, "I4AMVMT": 10.6043, "I4AMFFSPD": 17, "AMHRLKCAP": 22050, "AMHRLNCAP": 3150, "I4AMVC": 0.00106, "I4AMVDF": 1.0, "I4AMSPD": 17.0, "COMP": 0, "I4MDSOV": 0.0, "I4MDHV2": 0.0, "I4MDHV3": 0.0, "I4MDCV": 0.0, "I4MDTRK": 0.0, "I4MDAPX": 0.0, "I4MDVOL": 0.0, "I4MDVMT": 0.0, "I4MDFFSPD": 17, "MDHRLKCAP": 22050, "MDHRLNCAP": 3150, "I4MDVC": 0.0, "I4MDVDF": 1.0, "I4MDSPD": 17.0, "I4PMSOV": 0.0, "I4PMHV2": 0.0, "I4PMHV3": 0.0, "I4PMCV": 0.0, "I4PMTRK": 0.0, "I4PMAPX": 0.0, "I4PMVOL": 0.0, "I4PMVMT": 0.0, "I4PMFFSPD": 17, "PMHRLKCAP": 22050, "PMHRLNCAP": 3150, "I4PMVC": 0.0, "I4PMVDF": 1.0, "I4PMSPD": 17.0, "I4NTSOV": 0.0, "I4NTHV2": 0.0, "I4NTHV3": 0.0, "I4NTCV": 0.0, "I4NTTRK": 0.0, "I4NTAPX": 0.0, "I4NTVOL": 0.0, "I4NTVMT": 0.0, "I4NTFFSPD": 17, "NTHRLKCAP": 22050, "NTHRLNCAP": 3150, "I4NTVC": 0.0, "I4NTVDF": 1.0, "I4NTSPD": 17.0, "I424VOL": 55.81209, "TVOL00": 0, "TVMT00": 0.0, "ID": 0, "AADT_2023": 0, "AWDT_2023": 0, "MD210": 0, "CNT2LOADDIF": 0.0, "ABSNCTDIFF": 0.0, "CNT2LOADPCT": 0.0, "ABSPCTDIFF": 0.0, "MD210U": 0, "LOAD1": 55.81209, "LOAD2": 0.56954, "LOADGRW": -55.24256, "ABSGRW": 55.24256, "PRCGRW": -0.9897954, "PRCANLGRW": -4.4990702 }, "geometry": { "type": "LineString", "coordinates": [ [ -77.033048638875897, 38.915548688389237 ], [ -77.036496450593091, 38.915591594306932 ] ] } },
{ "type": "Feature", "properties": { "A": 203, "B": 20286, "SUBAREA": 0, "FFSNEW": 0, "CPENEW": 0, "CPEFAC": 0, "TIMEPEN": 0, "DISTANCE": 0.16, "SPDCLASS": 1, "CAPCLASS": 1, "JUR": 0, "SCREEN": 0, "FTYPE": 0, "TOLL": 0, "TOLLGRP": 0, "AMLANE": 7, "AMLIMIT": 0, "PMLANE": 7, "PMLIMIT": 0, "OPLANE": 7, "OPLIMIT": 0, "EDGEID": 20300000000, "LINKID": 36824, "NETYEAR": 2001, "SHAPE_LENG": 818.89, "PROJECTID": "NA", "TAZ": 203, "ATYPE": 1, "MDLANE": 7, "MDLIMIT": 0, "NTLANE": 7, "NTLIMIT": 0, "DEFLATIONFT": 0.8011, "AMTOLL": 0.0, "PMTOLL": 0.0, "OPTOLL": 0.0, "AMTOLL_VP": 0.0, "PMTOLL_VP": 0.0, "OPTOLL_VP": 0.0, "AMHTIME": 0.64, "PMHTIME": 0.64, "OPHTIME": 0.64, "MDTOLL": 0.0, "MDTOLL_VP": 0.0, "MDHTIME": 0.64, "NTTOLL": 0.0, "NTTOLL_VP": 0.0, "NTHTIME": 0.64, "LINKAB": 20320286, "TURNPENI": "TURNPEN.PEN", "I4AMSOV": 0.0093, "I4AMHV2": 0.00249, "I4AMHV3": 0.0, "I4AMCV": 0.0034, "I4AMTRK": 0.00168, "I4AMAPX": 0.00056, "I4AMVOL": 0.01743, "I4AMVMT": 0.00279, "I4AMFFSPD": 17, "AMHRLKCAP": 22050, "AMHRLNCAP": 3150, "I4AMVC": 0.0, "I4AMVDF": 1.0, "I4AMSPD": 17.0, "COMP": 0, "I4MDSOV": 0.0, "I4MDHV2": 0.0, "I4MDHV3": 0.0, "I4MDCV": 0.0, "I4MDTRK": 0.0, "I4MDAPX": 0.0, "I4MDVOL": 0.0, "I4MDVMT": 0.0, "I4MDFFSPD": 17, "MDHRLKCAP": 22050, "MDHRLNCAP": 3150, "I4MDVC": 0.0, "I4MDVDF": 1.0, "I4MDSPD": 17.0, "I4PMSOV": 0.0, "I4PMHV2": 0.0, "I4PMHV3": 0.0, "I4PMCV": 0.0, "I4PMTRK": 0.0, "I4PMAPX": 0.0, "I4PMVOL": 0.0, "I4PMVMT": 0.0, "I4PMFFSPD": 17, "PMHRLKCAP": 22050, "PMHRLNCAP": 3150, "I4PMVC": 0.0, "I4PMVDF": 1.0, "I4PMSPD": 17.0, "I4NTSOV": 0.0, "I4NTHV2": 0.0, "I4NTHV3": 0.0, "I4NTCV": 0.0, "I4NTTRK": 0.0, "I4NTAPX": 0.0, "I4NTVOL": 0.0, "I4NTVMT": 0.0, "I4NTFFSPD": 17, "NTHRLKCAP": 22050, "NTHRLNCAP": 3150, "I4NTVC": 0.0, "I4NTVDF": 1.0, "I4NTSPD": 17.0, "I424VOL": 0.01743, "TVOL00": 0, "TVMT00": 0.0, "ID": 0, "AADT_2023": 0, "AWDT_2023": 0, "MD210": 0, "CNT2LOADDIF": 0.0, "ABSNCTDIFF": 0.0, "CNT2LOADPCT": 0.0, "ABSPCTDIFF": 0.0, "MD210U": 0, "LOAD1": 0.01743, "LOAD2": 0.00205, "LOADGRW": -0.01538, "ABSGRW": 0.01538, "PRCGRW": -0.8823987, "PRCANLGRW": -4.0109029 }, "geometry": { "type": "LineString", "coordinates": [ [ -77.010595975659513, 38.904690701882558 ], [ -77.011249240350836, 38.902502276944652 ] ] } },
{ "type": "Feature", "properties": { "A": 254, "B": 21969, "SUBAREA": 0, "FFSNEW": 0, "CPENEW": 0, "CPEFAC": 0, "TIMEPEN": 0, "DISTANCE": 0.26, "SPDCLASS": 2, "CAPCLASS": 2, "JUR": 0, "SCREEN": 0, "FTYPE": 0, "TOLL": 0, "TOLLGRP": 0, "AMLANE": 7, "AMLIMIT": 0, "PMLANE": 7, "PMLIMIT": 0, "OPLANE": 7, "OPLIMIT": 0, "EDGEID": 254021969, "LINKID": 79114, "NETYEAR": 2001, "SHAPE_LENG": 1348.69, "PROJECTID": "NA", "TAZ": 254, "ATYPE": 2, "MDLANE": 7, "MDLIMIT": 0, "NTLANE": 7, "NTLIMIT": 0, "DEFLATIONFT": 0.8011, "AMTOLL": 0.0, "PMTOLL": 0.0, "OPTOLL": 0.0, "AMTOLL_VP": 0.0, "PMTOLL_VP": 0.0, "OPTOLL_VP": 0.0, "AMHTIME": 1.04, "PMHTIME": 1.04, "OPHTIME": 1.04, "MDTOLL": 0.0, "MDTOLL_VP": 0.0, "MDHTIME": 1.04, "NTTOLL": 0.0, "NTTOLL_VP": 0.0, "NTHTIME": 1.04, "LINKAB": 25421969, "TURNPENI": "TURNPEN.PEN", "I4AMSOV": 27.28821, "I4AMHV2": 3.28609, "I4AMHV3": 1.17, "I4AMCV": 5.99284, "I4AMTRK": 2.34581, "I4AMAPX": 0.0, "I4AMVOL": 40.08294, "I4AMVMT": 10.42157, "I4AMFFSPD": 17, "AMHRLKCAP": 22050, "AMHRLNCAP": 3150, "I4AMVC": 0.00076, "I4AMVDF": 1.0, "I4AMSPD": 17.0, "COMP": 0, "I4MDSOV": 0.0, "I4MDHV2": 0.0, "I4MDHV3": 0.0, "I4MDCV": 0.0, "I4MDTRK": 0.0, "I4MDAPX": 0.0, "I4MDVOL": 0.0, "I4MDVMT": 0.0, "I4MDFFSPD": 17, "MDHRLKCAP": 22050, "MDHRLNCAP": 3150, "I4MDVC": 0.0, "I4MDVDF": 1.0, "I4MDSPD": 17.0, "I4PMSOV": 0.0, "I4PMHV2": 0.0, "I4PMHV3": 0.0, "I4PMCV": 0.0, "I4PMTRK": 0.0, "I4PMAPX": 0.0, "I4PMVOL": 0.0, "I4PMVMT": 0.0, "I4PMFFSPD": 17, "PMHRLKCAP": 22050, "PMHRLNCAP": 3150, "I4PMVC": 0.0, "I4PMVDF": 1.0, "I4PMSPD": 17.0, "I4NTSOV": 0.0, "I4NTHV2": 0.0, "I4NTHV3": 0.0, "I4NTCV": 0.0, "I4NTTRK": 0.0, "I4NTAPX": 0.0, "I4NTVOL": 0.0, "I4NTVMT": 0.0, "I4NTFFSPD": 17, "NTHRLKCAP": 22050, "NTHRLNCAP": 3150, "I4NTVC": 0.0, "I4NTVDF": 1.0, "I4NTSPD": 17.0, "I424VOL": 40.08294, "TVOL00": 0, "TVMT00": 0.0, "ID": 0, "AADT_2023": 0, "AWDT_2023": 0, "MD210": 0, "CNT2LOADDIF": 0.0, "ABSNCTDIFF": 0.0, "CNT2LOADPCT": 0.0, "ABSPCTDIFF": 0.0, "MD210U": 0, "LOAD1": 40.08294, "LOAD2": 0.05908, "LOADGRW": -40.02386, "ABSGRW": 40.02386, "PRCGRW": -0.998526, "PRCANLGRW": -4.5387545 }, "geometry": { "type": "LineString", "coordinates": [ [ -76.928114814186799, 38.90101721635066 ], [ -76.924917843963613, 38.903752721091607 ] ] } },
{ "type": "Feature", "properties": { "A": 273, "B": 21588, "SUBAREA": 0, "FFSNEW": 0, "CPENEW": 0, "CPEFAC": 0, "TIMEPEN": 0, "DISTANCE": 0.26, "SPDCLASS": 1, "CAPCLASS": 1, "JUR": 0, "SCREEN": 0, "FTYPE": 0, "TOLL": 0, "TOLLGRP": 0, "AMLANE": 7, "AMLIMIT": 0, "PMLANE": 7, "PMLIMIT": 0, "OPLANE": 7, "OPLIMIT": 0, "EDGEID": 21600000000, "LINKID": 2894, "NETYEAR": 2001, "SHAPE_LENG": 1349.86, "PROJECTID": "NA", "TAZ": 273, "ATYPE": 1, "MDLANE": 7, "MDLIMIT": 0, "NTLANE": 7, "NTLIMIT": 0, "DEFLATIONFT": 0.8011, "AMTOLL": 0.0, "PMTOLL": 0.0, "OPTOLL": 0.0, "AMTOLL_VP": 0.0, "PMTOLL_VP": 0.0, "OPTOLL_VP": 0.0, "AMHTIME": 1.04, "PMHTIME": 1.04, "OPHTIME": 1.04, "MDTOLL": 0.0, "MDTOLL_VP": 0.0, "MDHTIME": 1.04, "NTTOLL": 0.0, "NTTOLL_VP": 0.0, "NTHTIME": 1.04, "LINKAB": 27321588, "TURNPENI": "TURNPEN.PEN", "I4AMSOV": 0.17, "I4AMHV2": 0.03, "I4AMHV3": 0.03, "I4AMCV": 0.06, "I4AMTRK": 0.05, "I4AMAPX": 0.0, "I4AMVOL": 0.34, "I4AMVMT": 0.0884, "I4AMFFSPD": 17, "AMHRLKCAP": 22050, "AMHRLNCAP": 3150, "I4AMVC": 1.0000000000000001e-05, "I4AMVDF": 1.0, "I4AMSPD": 17.0, "COMP": 0, "I4MDSOV": 0.65, "I4MDHV2": 0.1, "I4MDHV3": 0.11, "I4MDCV": 0.1, "I4MDTRK": 0.11, "I4MDAPX": 0.0, "I4MDVOL": 1.07, "I4MDVMT": 0.2782, "I4MDFFSPD": 17, "MDHRLKCAP": 22050, "MDHRLNCAP": 3150, "I4MDVC": 1.0000000000000001e-05, "I4MDVDF": 1.0, "I4MDSPD": 17.0, "I4PMSOV": 47.55323, "I4PMHV2": 9.29376, "I4PMHV3": 26.57886, "I4PMCV": 8.21899, "I4PMTRK": 1.46156, "I4PMAPX": 1.30162, "I4PMVOL": 94.40804, "I4PMVMT": 24.54609, "I4PMFFSPD": 17, "PMHRLKCAP": 22050, "PMHRLNCAP": 3150, "I4PMVC": 0.00126, "I4PMVDF": 1.0, "I4PMSPD": 17.0, "I4NTSOV": 0.25, "I4NTHV2": 0.06, "I4NTHV3": 0.04, "I4NTCV": 0.05, "I4NTTRK": 0.04, "I4NTAPX": 0.0, "I4NTVOL": 0.44, "I4NTVMT": 0.1144, "I4NTFFSPD": 17, "NTHRLKCAP": 22050, "NTHRLNCAP": 3150, "I4NTVC": 0.0, "I4NTVDF": 1.0, "I4NTSPD": 17.0, "I424VOL": 96.25803, "TVOL00": 0, "TVMT00": 0.0, "ID": 0, "AADT_2023": 0, "AWDT_2023": 0, "MD210": 0, "CNT2LOADDIF": 0.0, "ABSNCTDIFF": 0.0, "CNT2LOADPCT": 0.0, "ABSPCTDIFF": 0.0, "MD210U": 0, "LOAD1": 96.25803, "LOAD2": 3.49038, "LOADGRW": -92.76765, "ABSGRW": 92.76765, "PRCGRW": -0.9637394, "PRCANLGRW": -4.3806334 }, "geometry": { "type": "LineString", "coordinates": [ [ -76.994525990933752, 38.908856356595741 ], [ -76.995844474538686, 38.909614115572765 ], [ -76.998349429419719, 38.911053071740191 ] ] } },
{ "type": "Feature", "properties": { "A": 296, "B": 21655, "SUBAREA": 0, "FFSNEW": 0, "CPENEW": 0, "CPEFAC": 0, "TIMEPEN": 0, "DISTANCE": 0.15, "SPDCLASS": 2, "CAPCLASS": 2, "JUR": 0, "SCREEN": 0, "FTYPE": 0, "TOLL": 0, "TOLLGRP": 0, "AMLANE": 7, "AMLIMIT": 0, "PMLANE": 7, "PMLIMIT": 0, "OPLANE": 7, "OPLIMIT": 0, "EDGEID": 296021655, "LINKID": 52951, "NETYEAR": 2001, "SHAPE_LENG": 781.81, "PROJECTID": "NA", "TAZ": 296, "ATYPE": 2, "MDLANE": 7, "MDLIMIT": 0, "NTLANE": 7, "NTLIMIT": 0, "DEFLATIONFT": 0.8011, "AMTOLL": 0.0, "PMTOLL": 0.0, "OPTOLL": 0.0, "AMTOLL_VP": 0.0, "PMTOLL_VP": 0.0, "OPTOLL_VP": 0.0, "AMHTIME": 0.6, "PMHTIME": 0.6, "OPHTIME": 0.6, "MDTOLL": 0.0, "MDTOLL_VP": 0.0, "MDHTIME": 0.6, "NTTOLL": 0.0, "NTTOLL_VP": 0.0, "NTHTIME": 0.6, "LINKAB": 29621655, "TURNPENI": "TURNPEN.PEN", "I4AMSOV": 0.70006, "I4AMHV2": 0.23001, "I4AMHV3": 0.11, "I4AMCV": 1.0000000000000001e-05, "I4AMTRK": 3.0000000000000001e-05, "I4AMAPX": 0.0, "I4AMVOL": 1.04012, "I4AMVMT": 0.15602, "I4AMFFSPD": 17, "AMHRLKCAP": 22050, "AMHRLNCAP": 3150, "I4AMVC": 2.0000000000000002e-05, "I4AMVDF": 1.0, "I4AMSPD": 17.0, "COMP": 0, "I4MDSOV": 2.93, "I4MDHV2": 0.65, "I4MDHV3": 0.26, "I4MDCV": 0.0, "I4MDTRK": 0.0, "I4MDAPX": 0.0, "I4MDVOL": 3.84, "I4MDVMT": 0.576, "I4MDFFSPD": 17, "MDHRLKCAP": 22050, "MDHRLNCAP": 3150, "I4MDVC": 3.0000000000000001e-05, "I4MDVDF": 1.0, "I4MDSPD": 17.0, "I4PMSOV": 1.57, "I4PMHV2": 0.59, "I4PMHV3": 0.25, "I4PMCV": 0.0, "I4PMTRK": 0.0, "I4PMAPX": 0.0, "I4PMVOL": 2.41, "I4PMVMT": 0.3615, "I4PMFFSPD": 17, "PMHRLKCAP": 22050, "PMHRLNCAP": 3150, "I4PMVC": 3.0000000000000001e-05, "I4PMVDF": 1.0, "I4PMSPD": 17.0, "I4NTSOV": 46.11041, "I4NTHV2": 13.81771, "I4NTHV3": 5.75048, "I4NTCV": 2.73704, "I4NTTRK": 3.2, "I4NTAPX": 0.0, "I4NTVOL": 71.61564, "I4NTVMT": 10.74235, "I4NTFFSPD": 17, "NTHRLKCAP": 22050, "NTHRLNCAP": 3150, "I4NTVC": 0.00049, "I4NTVDF": 1.0, "I4NTSPD": 17.0, "I424VOL": 78.90575, "TVOL00": 0, "TVMT00": 0.0, "ID": 0, "AADT_2023": 0, "AWDT_2023": 0, "MD210": 0, "CNT2LOADDIF": 0.0, "ABSNCTDIFF": 0.0, "CNT2LOADPCT": 0.0, "ABSPCTDIFF": 0.0, "MD210U": 0, "LOAD1": 78.90575, "LOAD2": 8.59, "LOADGRW": -70.31575, "ABSGRW": 70.31575, "PRCGRW": -0.8911359, "PRCANLGRW": -4.0506177 }, "geometry": { "type": "LineString", "coordinates": [ [ -76.983345838646116, 38.884604791669219 ], [ -76.980767066754069, 38.885343005072976 ] ] } },
{ "type": "Feature", "properties": { "A": 322, "B": 21304, "SUBAREA": 0, "FFSNEW": 0, "CPENEW": 0, "CPEFAC": 0, "TIMEPEN": 0, "DISTANCE": 0.31, "SPDCLASS": 4, "CAPCLASS": 4, "JUR": 0, "SCREEN": 0, "FTYPE": 0, "TOLL": 0, "TOLLGRP": 0, "AMLANE": 7, "AMLIMIT": 0, "PMLANE": 7, "PMLIMIT": 0, "OPLANE": 7, "OPLIMIT": 0, "EDGEID": 322021304, "LINKID": 62267, "NETYEAR": 2001, "SHAPE_LENG": 1624.68, "PROJECTID": "NA", "TAZ": 322, "ATYPE": 4, "MDLANE": 7, "MDLIMIT": 0, "NTLANE": 7, "NTLIMIT": 0, "DEFLATIONFT": 0.8011, "AMTOLL": 0.0, "PMTOLL": 0.0, "OPTOLL": 0.0, "AMTOLL_VP": 0.0, "PMTOLL_VP": 0.0, "OPTOLL_VP": 0.0, "AMHTIME": 0.744, "PMHTIME": 0.744, "OPHTIME": 0.744, "MDTOLL": 0.0, "MDTOLL_VP": 0.0, "MDHTIME": 0.744, "NTTOLL": 0.0, "NTTOLL_VP": 0.0, "NTHTIME": 0.744, "LINKAB": 32221304, "TURNPENI": "TURNPEN.PEN", "I4AMSOV": 13.42619, "I4AMHV2": 2.34606, "I4AMHV3": 0.45, "I4AMCV": 1.66558, "I4AMTRK": 1.84574, "I4AMAPX": 0.0, "I4AMVOL": 19.73358, "I4AMVMT": 6.11741, "I4AMFFSPD": 29, "AMHRLKCAP": 22050, "AMHRLNCAP": 3150, "I4AMVC": 0.00037, "I4AMVDF": 1.0, "I4AMSPD": 29.0, "COMP": 0, "I4MDSOV": 102.28716, "I4MDHV2": 17.88543, "I4MDHV3": 6.50181, "I4MDCV": 10.66181, "I4MDTRK": 13.26421, "I4MDAPX": 0.0, "I4MDVOL": 150.60043, "I4MDVMT": 46.68613, "I4MDFFSPD": 29, "MDHRLKCAP": 22050, "MDHRLNCAP": 3150, "I4MDVC": 0.00121, "I4MDVDF": 1.0, "I4MDSPD": 29.0, "I4PMSOV": 57.56477, "I4PMHV2": 17.80914, "I4PMHV3": 0.62, "I4PMCV": 3.93515, "I4PMTRK": 1.39728, "I4PMAPX": 1.4441, "I4PMVOL": 82.77045, "I4PMVMT": 25.65884, "I4PMFFSPD": 29, "PMHRLKCAP": 22050, "PMHRLNCAP": 3150, "I4PMVC": 0.0011, "I4PMVDF": 1.0, "I4PMSPD": 29.0, "I4NTSOV": 128.61, "I4NTHV2": 34.26837, "I4NTHV3": 13.3, "I4NTCV": 7.04, "I4NTTRK": 3.8, "I4NTAPX": 0.12, "I4NTVOL": 187.13837, "I4NTVMT": 58.01289, "I4NTFFSPD": 29, "NTHRLKCAP": 22050, "NTHRLNCAP": 3150, "I4NTVC": 0.00127, "I4NTVDF": 1.0, "I4NTSPD": 29.0, "I424VOL": 440.24283, "TVOL00": 0, "TVMT00": 0.0, "ID": 0, "AADT_2023": 0, "AWDT_2023": 0, "MD210": 0, "CNT2LOADDIF": 0.0, "ABSNCTDIFF": 0.0, "CNT2LOADPCT": 0.0, "ABSPCTDIFF": 0.0, "MD210U": 0, "LOAD1": 440.24283, "LOAD2": 11.38086, "LOADGRW": -428.86197, "ABSGRW": 428.86197, "PRCGRW": -0.9741487, "PRCANLGRW": -4.4279485 }, "geometry": { "type": "LineString", "coordinates": [ [ -76.937109854120877, 38.877579114577969 ], [ -76.931569312189495, 38.878641356167165 ] ] } },
{ "type": "Feature", "properties": { "A": 358, "B": 21361, "SUBAREA": 0, "FFSNEW": 0, "CPENEW": 0, "CPEFAC": 0, "TIMEPEN": 0, "DISTANCE": 0.39, "SPDCLASS": 2, "CAPCLASS": 2, "JUR": 0, "SCREEN": 0, "FTYPE": 0, "TOLL": 0, "TOLLGRP": 0, "AMLANE": 7, "AMLIMIT": 0, "PMLANE": 7, "PMLIMIT": 0, "OPLANE": 7, "OPLIMIT": 0, "EDGEID": 21400000000, "LINKID": 14890, "NETYEAR": 2001, "SHAPE_LENG": 2035.12, "PROJECTID": "NA", "TAZ": 358, "ATYPE": 2, "MDLANE": 7, "MDLIMIT": 0, "NTLANE": 7, "NTLIMIT": 0, "DEFLATIONFT": 0.8011, "AMTOLL": 0.0, "PMTOLL": 0.0, "OPTOLL": 0.0, "AMTOLL_VP": 0.0, "PMTOLL_VP": 0.0, "OPTOLL_VP": 0.0, "AMHTIME": 1.56, "PMHTIME": 1.56, "OPHTIME": 1.56, "MDTOLL": 0.0, "MDTOLL_VP": 0.0, "MDHTIME": 1.56, "NTTOLL": 0.0, "NTTOLL_VP": 0.0, "NTHTIME": 1.56, "LINKAB": 35821361, "TURNPENI": "TURNPEN.PEN", "I4AMSOV": 54.57577, "I4AMHV2": 6.71509, "I4AMHV3": 2.59425, "I4AMCV": 43.3299, "I4AMTRK": 1.07916, "I4AMAPX": 0.09998, "I4AMVOL": 108.39414, "I4AMVMT": 42.27372, "I4AMFFSPD": 17, "AMHRLKCAP": 22050, "AMHRLNCAP": 3150, "I4AMVC": 0.00205, "I4AMVDF": 1.0, "I4AMSPD": 17.0, "COMP": 0, "I4MDSOV": 0.0, "I4MDHV2": 0.0, "I4MDHV3": 0.0, "I4MDCV": 0.0, "I4MDTRK": 0.0, "I4MDAPX": 0.0, "I4MDVOL": 0.0, "I4MDVMT": 0.0, "I4MDFFSPD": 17, "MDHRLKCAP": 22050, "MDHRLNCAP": 3150, "I4MDVC": 0.0, "I4MDVDF": 1.0, "I4MDSPD": 17.0, "I4PMSOV": 0.0, "I4PMHV2": 0.0, "I4PMHV3": 0.0, "I4PMCV": 0.0, "I4PMTRK": 0.0, "I4PMAPX": 0.0, "I4PMVOL": 0.0, "I4PMVMT": 0.0, "I4PMFFSPD": 17, "PMHRLKCAP": 22050, "PMHRLNCAP": 3150, "I4PMVC": 0.0, "I4PMVDF": 1.0, "I4PMSPD": 17.0, "I4NTSOV": 0.0, "I4NTHV2": 0.0, "I4NTHV3": 0.0, "I4NTCV": 0.0, "I4NTTRK": 0.0, "I4NTAPX": 0.0, "I4NTVOL": 0.0, "I4NTVMT": 0.0, "I4NTFFSPD": 17, "NTHRLKCAP": 22050, "NTHRLNCAP": 3150, "I4NTVC": 0.0, "I4NTVDF": 1.0, "I4NTSPD": 17.0, "I424VOL": 108.39414, "TVOL00": 0, "TVMT00": 0.0, "ID": 0, "AADT_2023": 0, "AWDT_2023": 0, "MD210": 0, "CNT2LOADDIF": 0.0, "ABSNCTDIFF": 0.0, "CNT2LOADPCT": 0.0, "ABSPCTDIFF": 0.0, "MD210U": 0, "LOAD1": 108.39414, "LOAD2": 6.64384, "LOADGRW": -101.7503, "ABSGRW": 101.7503, "PRCGRW": -0.9387066, "PRCANLGRW": -4.2668486 }, "geometry": { "type": "LineString", "coordinates": [ [ -76.991991898710339, 38.849174302063417 ], [ -76.995959402810115, 38.853823105608797 ] ] } },
{ "type": "Feature", "properties": { "A": 417, "B": 23216, "SUBAREA": 0, "FFSNEW": 0, "CPENEW": 0, "CPEFAC": 0, "TIMEPEN": 0, "DISTANCE": 0.61, "SPDCLASS": 5, "CAPCLASS": 5, "JUR": 1, "SCREEN": 0, "FTYPE": 0, "TOLL": 0, "TOLLGRP": 0, "AMLANE": 7, "AMLIMIT": 0, "PMLANE": 7, "PMLIMIT": 0, "OPLANE": 7, "OPLIMIT": 0, "EDGEID": 417023216, "LINKID": 32698, "NETYEAR": 2001, "SHAPE_LENG": 3224.45, "PROJECTID": "NA", "TAZ": 417, "ATYPE": 5, "MDLANE": 7, "MDLIMIT": 0, "NTLANE": 7, "NTLIMIT": 0, "DEFLATIONFT": 0.8011, "AMTOLL": 0.0, "PMTOLL": 0.0, "OPTOLL": 0.0, "AMTOLL_VP": 0.0, "PMTOLL_VP": 0.0, "OPTOLL_VP": 0.0, "AMHTIME": 1.22, "PMHTIME": 1.22, "OPHTIME": 1.22, "MDTOLL": 0.0, "MDTOLL_VP": 0.0, "MDHTIME": 1.22, "NTTOLL": 0.0, "NTTOLL_VP": 0.0, "NTHTIME": 1.22, "LINKAB": 41723216, "TURNPENI": "TURNPEN.PEN", "I4AMSOV": 310.37958, "I4AMHV2": 68.89194, "I4AMHV3": 30.11, "I4AMCV": 24.29378, "I4AMTRK": 28.00759, "I4AMAPX": 0.0, "I4AMVOL": 461.68289, "I4AMVMT": 281.62659, "I4AMFFSPD": 35, "AMHRLKCAP": 22050, "AMHRLNCAP": 3150, "I4AMVC": 0.00873, "I4AMVDF": 1.0, "I4AMSPD": 35.0, "COMP": 0, "I4MDSOV": 821.25, "I4MDHV2": 216.06, "I4MDHV3": 96.68, "I4MDCV": 43.01, "I4MDTRK": 54.21, "I4MDAPX": 0.0, "I4MDVOL": 1231.21, "I4MDVMT": 751.0381, "I4MDFFSPD": 35, "MDHRLKCAP": 22050, "MDHRLNCAP": 3150, "I4MDVC": 0.00988, "I4MDVDF": 1.0, "I4MDSPD": 35.0, "I4PMSOV": 472.26321, "I4PMHV2": 188.00165, "I4PMHV3": 86.27531, "I4PMCV": 45.94088, "I4PMTRK": 23.52398, "I4PMAPX": 22.39098, "I4PMVOL": 838.39606, "I4PMVMT": 511.4216, "I4PMFFSPD": 35, "PMHRLKCAP": 22050, "PMHRLNCAP": 3150, "I4PMVC": 0.01118, "I4PMVDF": 1.0, "I4PMSPD": 35.0, "I4NTSOV": 487.7388, "I4NTHV2": 169.37, "I4NTHV3": 78.7, "I4NTCV": 19.81, "I4NTTRK": 12.59, "I4NTAPX": 0.0, "I4NTVOL": 768.2088, "I4NTVMT": 468.60736, "I4NTFFSPD": 35, "NTHRLKCAP": 22050, "NTHRLNCAP": 3150, "I4NTVC": 0.00523, "I4NTVDF": 1.0, "I4NTSPD": 35.0, "I424VOL": 3299.4978, "TVOL00": 0, "TVMT00": 0.0, "ID": 0, "AADT_2023": 0, "AWDT_2023": 0, "MD210": 0, "CNT2LOADDIF": 0.0, "ABSNCTDIFF": 0.0, "CNT2LOADPCT": 0.0, "ABSPCTDIFF": 0.0, "MD210U": 0, "LOAD1": 3299.4978, "LOAD2": 0.0, "LOADGRW": -3299.4978, "ABSGRW": 3299.4978, "PRCGRW": -1.0, "PRCANLGRW": -4.5454545 }, "geometry": { "type": "LineString", "coordinates": [ [ -77.267771158516226, 39.15098601461478 ], [ -77.275817587790186, 39.157241088426751 ] ] } },
{ "type": "Feature", "properties": { "A": 418, "B": 23212, "SUBAREA": 0, "FFSNEW": 0, "CPENEW": 0, "CPEFAC": 0, "TIMEPEN": 0, "DISTANCE": 0.5, "SPDCLASS": 4, "CAPCLASS": 4, "JUR": 1, "SCREEN": 0, "FTYPE": 0, "TOLL": 0, "TOLLGRP": 0, "AMLANE": 7, "AMLIMIT": 0, "PMLANE": 7, "PMLIMIT": 0, "OPLANE": 7, "OPLIMIT": 0, "EDGEID": 418023212, "LINKID": 8973, "NETYEAR": 2001, "SHAPE_LENG": 2622.82, "PROJECTID": "NA", "TAZ": 418, "ATYPE": 4, "MDLANE": 7, "MDLIMIT": 0, "NTLANE": 7, "NTLIMIT": 0, "DEFLATIONFT": 0.8011, "AMTOLL": 0.0, "PMTOLL": 0.0, "OPTOLL": 0.0, "AMTOLL_VP": 0.0, "PMTOLL_VP": 0.0, "OPTOLL_VP": 0.0, "AMHTIME": 1.2, "PMHTIME": 1.2, "OPHTIME": 1.2, "MDTOLL": 0.0, "MDTOLL_VP": 0.0, "MDHTIME": 1.2, "NTTOLL": 0.0, "NTTOLL_VP": 0.0, "NTHTIME": 1.2, "LINKAB": 41823212, "TURNPENI": "TURNPEN.PEN", "I4AMSOV": 35.46743, "I4AMHV2": 9.14897, "I4AMHV3": 4.13, "I4AMCV": 1.6799, "I4AMTRK": 1.94997, "I4AMAPX": 0.0, "I4AMVOL": 52.37628, "I4AMVMT": 26.18814, "I4AMFFSPD": 29, "AMHRLKCAP": 22050, "AMHRLNCAP": 3150, "I4AMVC": 0.00099, "I4AMVDF": 1.0, "I4AMSPD": 29.0, "COMP": 0, "I4MDSOV": 98.52438, "I4MDHV2": 24.58148, "I4MDHV3": 10.23287, "I4MDCV": 2.65573, "I4MDTRK": 3.26715, "I4MDAPX": 0.0, "I4MDVOL": 139.26161, "I4MDVMT": 69.63081, "I4MDFFSPD": 29, "MDHRLKCAP": 22050, "MDHRLNCAP": 3150, "I4MDVC": 0.00112, "I4MDVDF": 1.0, "I4MDSPD": 29.0, "I4PMSOV": 96.85419, "I4PMHV2": 28.08858, "I4PMHV3": 18.48092, "I4PMCV": 10.14127, "I4PMTRK": 4.99832, "I4PMAPX": 2.13974, "I4PMVOL": 160.70302, "I4PMVMT": 80.35151, "I4PMFFSPD": 29, "PMHRLKCAP": 22050, "PMHRLNCAP": 3150, "I4PMVC": 0.00214, "I4PMVDF": 1.0, "I4PMSPD": 29.0, "I4NTSOV": 67.739, "I4NTHV2": 23.09, "I4NTHV3": 10.31, "I4NTCV": 1.21, "I4NTTRK": 0.74, "I4NTAPX": 0.0, "I4NTVOL": 103.089, "I4NTVMT": 51.5445, "I4NTFFSPD": 29, "NTHRLKCAP": 22050, "NTHRLNCAP": 3150, "I4NTVC": 0.0007, "I4NTVDF": 1.0, "I4NTSPD": 29.0, "I424VOL": 455.4299, "TVOL00": 0, "TVMT00": 0.0, "ID": 0, "AADT_2023": 0, "AWDT_2023": 0, "MD210": 0, "CNT2LOADDIF": 0.0, "ABSNCTDIFF": 0.0, "CNT2LOADPCT": 0.0, "ABSPCTDIFF": 0.0, "MD210U": 0, "LOAD1": 455.4299, "LOAD2": 25.92, "LOADGRW": -429.50989, "ABSGRW": 429.50989, "PRCGRW": -0.9430867, "PRCANLGRW": -4.2867579 }, "geometry": { "type": "LineString", "coordinates": [ [ -77.274971292098257, 39.167286509537234 ], [ -77.2791785271545, 39.160871068113735 ] ] } },
{ "type": "Feature", "properties": { "A": 486, "B": 23263, "SUBAREA": 0, "FFSNEW": 0, "CPENEW": 0, "CPEFAC": 0, "TIMEPEN": 0, "DISTANCE": 0.66, "SPDCLASS": 4, "CAPCLASS": 4, "JUR": 1, "SCREEN": 0, "FTYPE": 0, "TOLL": 0, "TOLLGRP": 0, "AMLANE": 7, "AMLIMIT": 0, "PMLANE": 7, "PMLIMIT": 0, "OPLANE": 7, "OPLIMIT": 0, "EDGEID": 486023263, "LINKID": 66975, "NETYEAR": 2001, "SHAPE_LENG": 3493.77, "PROJECTID": "NA", "TAZ": 486, "ATYPE": 4, "MDLANE": 7, "MDLIMIT": 0, "NTLANE": 7, "NTLIMIT": 0, "DEFLATIONFT": 0.8011, "AMTOLL": 0.0, "PMTOLL": 0.0, "OPTOLL": 0.0, "AMTOLL_VP": 0.0, "PMTOLL_VP": 0.0, "OPTOLL_VP": 0.0, "AMHTIME": 1.584, "PMHTIME": 1.584, "OPHTIME": 1.584, "MDTOLL": 0.0, "MDTOLL_VP": 0.0, "MDHTIME": 1.584, "NTTOLL": 0.0, "NTTOLL_VP": 0.0, "NTHTIME": 1.584, "LINKAB": 48623263, "TURNPENI": "TURNPEN.PEN", "I4AMSOV": 0.0, "I4AMHV2": 0.0, "I4AMHV3": 0.0, "I4AMCV": 0.0, "I4AMTRK": 0.0, "I4AMAPX": 0.0, "I4AMVOL": 0.0, "I4AMVMT": 0.0, "I4AMFFSPD": 29, "AMHRLKCAP": 22050, "AMHRLNCAP": 3150, "I4AMVC": 0.0, "I4AMVDF": 1.0, "I4AMSPD": 29.0, "COMP": 0, "I4MDSOV": 0.0, "I4MDHV2": 0.0, "I4MDHV3": 0.0, "I4MDCV": 0.0, "I4MDTRK": 0.0, "I4MDAPX": 0.0, "I4MDVOL": 0.0, "I4MDVMT": 0.0, "I4MDFFSPD": 29, "MDHRLKCAP": 22050, "MDHRLNCAP": 3150, "I4MDVC": 0.0, "I4MDVDF": 1.0, "I4MDSPD": 29.0, "I4PMSOV": 0.0, "I4PMHV2": 0.0, "I4PMHV3": 6.95654, "I4PMCV": 0.0, "I4PMTRK": 0.0, "I4PMAPX": 0.0, "I4PMVOL": 6.95654, "I4PMVMT": 4.59132, "I4PMFFSPD": 29, "PMHRLKCAP": 22050, "PMHRLNCAP": 3150, "I4PMVC": 9.0000000000000006e-05, "I4PMVDF": 1.0, "I4PMSPD": 29.0, "I4NTSOV": 0.0, "I4NTHV2": 0.0, "I4NTHV3": 0.0, "I4NTCV": 0.0, "I4NTTRK": 0.0, "I4NTAPX": 0.0, "I4NTVOL": 0.0, "I4NTVMT": 0.0, "I4NTFFSPD": 29, "NTHRLKCAP": 22050, "NTHRLNCAP": 3150, "I4NTVC": 0.0, "I4NTVDF": 1.0, "I4NTSPD": 29.0, "I424VOL": 6.95654, "TVOL00": 0, "TVMT00": 0.0, "ID": 0, "AADT_2023": 0, "AWDT_2023": 0, "MD210": 0, "CNT2LOADDIF": 0.0, "ABSNCTDIFF": 0.0, "CNT2LOADPCT": 0.0, "ABSPCTDIFF": 0.0, "MD210U": 0, "LOAD1": 6.95654, "LOAD2": 0.0, "LOADGRW": -6.95654, "ABSGRW": 6.95654, "PRCGRW": -1.0, "PRCANLGRW": -4.5454545 }, "geometry": { "type": "LineString", "coordinates": [ [ -77.197483246939271, 39.168829127263038 ], [ -77.199303294606082, 39.171698950177586 ], [ -77.202939553166715, 39.177432741622674 ] ] } },
{ "type": "Feature", "properties": { "A": 523, "B": 22682, "SUBAREA": 0, "FFSNEW": 0, "CPENEW": 0, "CPEFAC": 0, "TIMEPEN": 0, "DISTANCE": 0.61, "SPDCLASS": 4, "CAPCLASS": 4, "JUR": 1, "SCREEN": 0, "FTYPE": 0, "TOLL": 0, "TOLLGRP": 0, "AMLANE": 7, "AMLIMIT": 0, "PMLANE": 7, "PMLIMIT": 0, "OPLANE": 7, "OPLIMIT": 0, "EDGEID": 523022682, "LINKID": 1567, "NETYEAR": 2001, "SHAPE_LENG": 3239.4, "PROJECTID": "NA", "TAZ": 523, "ATYPE": 4, "MDLANE": 7, "MDLIMIT": 0, "NTLANE": 7, "NTLIMIT": 0, "DEFLATIONFT": 0.8011, "AMTOLL": 0.0, "PMTOLL": 0.0, "OPTOLL": 0.0, "AMTOLL_VP": 0.0, "PMTOLL_VP": 0.0, "OPTOLL_VP": 0.0, "AMHTIME": 1.464, "PMHTIME": 1.464, "OPHTIME": 1.464, "MDTOLL": 0.0, "MDTOLL_VP": 0.0, "MDHTIME": 1.464, "NTTOLL": 0.0, "NTTOLL_VP": 0.0, "NTHTIME": 1.464, "LINKAB": 52322682, "TURNPENI": "TURNPEN.PEN", "I4AMSOV": 27.73255, "I4AMHV2": 4.22005, "I4AMHV3": 1.76, "I4AMCV": 4.81539, "I4AMTRK": 4.4801, "I4AMAPX": 0.0, "I4AMVOL": 43.00808, "I4AMVMT": 26.23493, "I4AMFFSPD": 29, "AMHRLKCAP": 22050, "AMHRLNCAP": 3150, "I4AMVC": 0.00081, "I4AMVDF": 1.0, "I4AMSPD": 29.0, "COMP": 0, "I4MDSOV": 106.8182, "I4MDHV2": 32.19971, "I4MDHV3": 13.9262, "I4MDCV": 10.16, "I4MDTRK": 22.09848, "I4MDAPX": 0.0, "I4MDVOL": 185.20259, "I4MDVMT": 112.97358, "I4MDFFSPD": 29, "MDHRLKCAP": 22050, "MDHRLNCAP": 3150, "I4MDVC": 0.00149, "I4MDVDF": 1.0, "I4MDSPD": 29.0, "I4PMSOV": 10.56, "I4PMHV2": 3.32, "I4PMHV3": 1.34, "I4PMCV": 5.59, "I4PMTRK": 0.18, "I4PMAPX": 0.18, "I4PMVOL": 21.17, "I4PMVMT": 12.9137, "I4PMFFSPD": 29, "PMHRLKCAP": 22050, "PMHRLNCAP": 3150, "I4PMVC": 0.00028, "I4PMVDF": 1.0, "I4PMSPD": 29.0, "I4NTSOV": 113.36, "I4NTHV2": 35.37, "I4NTHV3": 15.91, "I4NTCV": 9.53, "I4NTTRK": 6.52, "I4NTAPX": 0.0, "I4NTVOL": 180.69, "I4NTVMT": 110.2209, "I4NTFFSPD": 29, "NTHRLKCAP": 22050, "NTHRLNCAP": 3150, "I4NTVC": 0.00123, "I4NTVDF": 1.0, "I4NTSPD": 29.0, "I424VOL": 430.07068, "TVOL00": 0, "TVMT00": 0.0, "ID": 0, "AADT_2023": 0, "AWDT_2023": 0, "MD210": 0, "CNT2LOADDIF": 0.0, "ABSNCTDIFF": 0.0, "CNT2LOADPCT": 0.0, "ABSPCTDIFF": 0.0, "MD210U": 0, "LOAD1": 430.07068, "LOAD2": 15.48, "LOADGRW": -414.59067, "ABSGRW": 414.59067, "PRCGRW": -0.9640059, "PRCANLGRW": -4.381845 }, "geometry": { "type": "LineString", "coordinates": [ [ -77.164787911385801, 39.137266716378775 ], [ -77.15342707442224, 39.138171716684234 ] ] } },
{ "type": "Feature", "properties": { "A": 528, "B": 23317, "SUBAREA": 0, "FFSNEW": 0, "CPENEW": 0, "CPEFAC": 0, "TIMEPEN": 0, "DISTANCE": 0.2, "SPDCLASS": 2, "CAPCLASS": 2, "JUR": 1, "SCREEN": 0, "FTYPE": 0, "TOLL": 0, "TOLLGRP": 0, "AMLANE": 7, "AMLIMIT": 0, "PMLANE": 7, "PMLIMIT": 0, "OPLANE": 7, "OPLIMIT": 0, "EDGEID": 528023317, "LINKID": 35547, "NETYEAR": 2001, "SHAPE_LENG": 1036.6, "PROJECTID": "NA", "TAZ": 528, "ATYPE": 2, "MDLANE": 7, "MDLIMIT": 0, "NTLANE": 7, "NTLIMIT": 0, "DEFLATIONFT": 0.8011, "AMTOLL": 0.0, "PMTOLL": 0.0, "OPTOLL": 0.0, "AMTOLL_VP": 0.0, "PMTOLL_VP": 0.0, "OPTOLL_VP": 0.0, "AMHTIME": 0.8, "PMHTIME": 0.8, "OPHTIME": 0.8, "MDTOLL": 0.0, "MDTOLL_VP": 0.0, "MDHTIME": 0.8, "NTTOLL": 0.0, "NTTOLL_VP": 0.0, "NTHTIME": 0.8, "LINKAB": 52823317, "TURNPENI": "TURNPEN.PEN", "I4AMSOV": 0.0031, "I4AMHV2": 0.00069, "I4AMHV3": 0.0, "I4AMCV": 0.00013, "I4AMTRK": 9.0000000000000006e-05, "I4AMAPX": 3.0000000000000001e-05, "I4AMVOL": 0.00405, "I4AMVMT": 0.00081, "I4AMFFSPD": 17, "AMHRLKCAP": 22050, "AMHRLNCAP": 3150, "I4AMVC": 0.0, "I4AMVDF": 1.0, "I4AMSPD": 17.0, "COMP": 0, "I4MDSOV": 0.0, "I4MDHV2": 0.0, "I4MDHV3": 0.0, "I4MDCV": 0.0, "I4MDTRK": 0.0, "I4MDAPX": 0.0, "I4MDVOL": 0.0, "I4MDVMT": 0.0, "I4MDFFSPD": 17, "MDHRLKCAP": 22050, "MDHRLNCAP": 3150, "I4MDVC": 0.0, "I4MDVDF": 1.0, "I4MDSPD": 17.0, "I4PMSOV": 0.0, "I4PMHV2": 0.0, "I4PMHV3": 0.0, "I4PMCV": 0.0, "I4PMTRK": 0.0, "I4PMAPX": 0.0, "I4PMVOL": 0.0, "I4PMVMT": 0.0, "I4PMFFSPD": 17, "PMHRLKCAP": 22050, "PMHRLNCAP": 3150, "I4PMVC": 0.0, "I4PMVDF": 1.0, "I4PMSPD": 17.0, "I4NTSOV": 0.0, "I4NTHV2": 0.0, "I4NTHV3": 0.0, "I4NTCV": 0.0, "I4NTTRK": 0.0, "I4NTAPX": 0.0, "I4NTVOL": 0.0, "I4NTVMT": 0.0, "I4NTFFSPD": 17, "NTHRLKCAP": 22050, "NTHRLNCAP": 3150, "I4NTVC": 0.0, "I4NTVDF": 1.0, "I4NTSPD": 17.0, "I424VOL": 0.00405, "TVOL00": 0, "TVMT00": 0.0, "ID": 0, "AADT_2023": 0, "AWDT_2023": 0, "MD210": 0, "CNT2LOADDIF": 0.0, "ABSNCTDIFF": 0.0, "CNT2LOADPCT": 0.0, "ABSPCTDIFF": 0.0, "MD210U": 0, "LOAD1": 0.00405, "LOAD2": 0.00049, "LOADGRW": -0.00356, "ABSGRW": 0.00356, "PRCGRW": -0.8800022, "PRCANLGRW": -4.00001 }, "geometry": { "type": "LineString", "coordinates": [ [ -77.165997338306852, 39.113180381555594 ], [ -77.16959452347389, 39.112691998913846 ] ] } },
{ "type": "Feature", "properties": { "A": 704, "B": 23177, "SUBAREA": 0, "FFSNEW": 0, "CPENEW": 0, "CPEFAC": 0, "TIMEPEN": 0, "DISTANCE": 0.64, "SPDCLASS": 3, "CAPCLASS": 3, "JUR": 1, "SCREEN": 0, "FTYPE": 0, "TOLL": 0, "TOLLGRP": 0, "AMLANE": 7, "AMLIMIT": 0, "PMLANE": 7, "PMLIMIT": 0, "OPLANE": 7, "OPLIMIT": 0, "EDGEID": 704023177, "LINKID": 51197, "NETYEAR": 2001, "SHAPE_LENG": 3392.3, "PROJECTID": "NA", "TAZ": 704, "ATYPE": 3, "MDLANE": 7, "MDLIMIT": 0, "NTLANE": 7, "NTLIMIT": 0, "DEFLATIONFT": 0.8011, "AMTOLL": 0.0, "PMTOLL": 0.0, "OPTOLL": 0.0, "AMTOLL_VP": 0.0, "PMTOLL_VP": 0.0, "OPTOLL_VP": 0.0, "AMHTIME": 1.92, "PMHTIME": 1.92, "OPHTIME": 1.92, "MDTOLL": 0.0, "MDTOLL_VP": 0.0, "MDHTIME": 1.92, "NTTOLL": 0.0, "NTTOLL_VP": 0.0, "NTHTIME": 1.92, "LINKAB": 70423177, "TURNPENI": "TURNPEN.PEN", "I4AMSOV": 0.00024, "I4AMHV2": 5.0000000000000002e-05, "I4AMHV3": 0.0, "I4AMCV": 4.0000000000000003e-05, "I4AMTRK": 3.0000000000000001e-05, "I4AMAPX": 0.0, "I4AMVOL": 0.00037, "I4AMVMT": 0.00023, "I4AMFFSPD": 23, "AMHRLKCAP": 22050, "AMHRLNCAP": 3150, "I4AMVC": 0.0, "I4AMVDF": 1.0, "I4AMSPD": 23.0, "COMP": 0, "I4MDSOV": 0.0, "I4MDHV2": 0.0, "I4MDHV3": 0.0, "I4MDCV": 0.0, "I4MDTRK": 0.0, "I4MDAPX": 0.0, "I4MDVOL": 0.0, "I4MDVMT": 0.0, "I4MDFFSPD": 23, "MDHRLKCAP": 22050, "MDHRLNCAP": 3150, "I4MDVC": 0.0, "I4MDVDF": 1.0, "I4MDSPD": 23.0, "I4PMSOV": 0.0, "I4PMHV2": 0.0, "I4PMHV3": 0.0, "I4PMCV": 0.0, "I4PMTRK": 0.0, "I4PMAPX": 0.0, "I4PMVOL": 0.0, "I4PMVMT": 0.0, "I4PMFFSPD": 23, "PMHRLKCAP": 22050, "PMHRLNCAP": 3150, "I4PMVC": 0.0, "I4PMVDF": 1.0, "I4PMSPD": 23.0, "I4NTSOV": 0.0, "I4NTHV2": 0.0, "I4NTHV3": 0.0, "I4NTCV": 0.0, "I4NTTRK": 0.0, "I4NTAPX": 0.0, "I4NTVOL": 0.0, "I4NTVMT": 0.0, "I4NTFFSPD": 23, "NTHRLKCAP": 22050, "NTHRLNCAP": 3150, "I4NTVC": 0.0, "I4NTVDF": 1.0, "I4NTSPD": 23.0, "I424VOL": 0.00037, "TVOL00": 0, "TVMT00": 0.0, "ID": 0, "AADT_2023": 0, "AWDT_2023": 0, "MD210": 0, "CNT2LOADDIF": 0.0, "ABSNCTDIFF": 0.0, "CNT2LOADPCT": 0.0, "ABSPCTDIFF": 0.0, "MD210U": 0, "LOAD1": 0.00037, "LOAD2": 0.0, "LOADGRW": -0.00037, "ABSGRW": 0.00037, "PRCGRW": -1.0, "PRCANLGRW": -4.5454545 }, "geometry": { "type": "LineString", "coordinates": [ [ -77.165526823825815, 39.032162110776227 ], [ -77.164488641859464, 39.041441235553471 ] ] } },
{ "type": "Feature", "properties": { "A": 969, "B": 27343, "SUBAREA": 0, "FFSNEW": 0, "CPENEW": 0, "CPEFAC": 0, "TIMEPEN": 0, "DISTANCE": 0.21, "SPDCLASS": 4, "CAPCLASS": 4, "JUR": 2, "SCREEN": 0, "FTYPE": 0, "TOLL": 0, "TOLLGRP": 0, "AMLANE": 7, "AMLIMIT": 0, "PMLANE": 7, "PMLIMIT": 0, "OPLANE": 7, "OPLIMIT": 0, "EDGEID": 27300000000, "LINKID": 2761, "NETYEAR": 2001, "SHAPE_LENG": 1100.88, "PROJECTID": "NA", "TAZ": 969, "ATYPE": 4, "MDLANE": 7, "MDLIMIT": 0, "NTLANE": 7, "NTLIMIT": 0, "DEFLATIONFT": 0.8011, "AMTOLL": 0.0, "PMTOLL": 0.0, "OPTOLL": 0.0, "AMTOLL_VP": 0.0, "PMTOLL_VP": 0.0, "OPTOLL_VP": 0.0, "AMHTIME": 0.504, "PMHTIME": 0.504, "OPHTIME": 0.504, "MDTOLL": 0.0, "MDTOLL_VP": 0.0, "MDHTIME": 0.504, "NTTOLL": 0.0, "NTTOLL_VP": 0.0, "NTHTIME": 0.504, "LINKAB": 96927343, "TURNPENI": "TURNPEN.PEN", "I4AMSOV": 25.90034, "I4AMHV2": 6.15024, "I4AMHV3": 1.75, "I4AMCV": 4.47252, "I4AMTRK": 1.44509, "I4AMAPX": 0.05, "I4AMVOL": 39.76818, "I4AMVMT": 8.35132, "I4AMFFSPD": 29, "AMHRLKCAP": 22050, "AMHRLNCAP": 3150, "I4AMVC": 0.00075, "I4AMVDF": 1.0, "I4AMSPD": 29.0, "COMP": 0, "I4MDSOV": 89.80186, "I4MDHV2": 18.17, "I4MDHV3": 5.17, "I4MDCV": 9.11964, "I4MDTRK": 2.95, "I4MDAPX": 0.07, "I4MDVOL": 125.2815, "I4MDVMT": 26.30911, "I4MDFFSPD": 29, "MDHRLKCAP": 22050, "MDHRLNCAP": 3150, "I4MDVC": 0.00101, "I4MDVDF": 1.0, "I4MDSPD": 29.0, "I4PMSOV": 58.30396, "I4PMHV2": 16.52604, "I4PMHV3": 4.97, "I4PMCV": 10.92005, "I4PMTRK": 1.24759, "I4PMAPX": 1.25547, "I4PMVOL": 93.22311, "I4PMVMT": 19.57685, "I4PMFFSPD": 29, "PMHRLKCAP": 22050, "PMHRLNCAP": 3150, "I4PMVC": 0.00124, "I4PMVDF": 1.0, "I4PMSPD": 29.0, "I4NTSOV": 55.85, "I4NTHV2": 15.6, "I4NTHV3": 4.81, "I4NTCV": 6.13, "I4NTTRK": 1.93, "I4NTAPX": 0.03, "I4NTVOL": 84.35, "I4NTVMT": 17.7135, "I4NTFFSPD": 29, "NTHRLKCAP": 22050, "NTHRLNCAP": 3150, "I4NTVC": 0.00057, "I4NTVDF": 1.0, "I4NTSPD": 29.0, "I424VOL": 342.6228, "TVOL00": 0, "TVMT00": 0.0, "ID": 0, "AADT_2023": 0, "AWDT_2023": 0, "MD210": 0, "CNT2LOADDIF": 0.0, "ABSNCTDIFF": 0.0, "CNT2LOADPCT": 0.0, "ABSPCTDIFF": 0.0, "MD210U": 0, "LOAD1": 342.6228, "LOAD2": 37.03606, "LOADGRW": -305.58673, "ABSGRW": 305.58673, "PRCGRW": -0.8919042, "PRCANLGRW": -4.0541105 }, "geometry": { "type": "LineString", "coordinates": [ [ -76.963762220027704, 38.957557484887303 ], [ -76.96751765473195, 38.958291696684093 ] ] } },
{ "type": "Feature", "properties": { "A": 991, "B": 27400, "SUBAREA": 0, "FFSNEW": 0, "CPENEW": 0, "CPEFAC": 0, "TIMEPEN": 0, "DISTANCE": 0.27, "SPDCLASS": 2, "CAPCLASS": 2, "JUR": 2, "SCREEN": 0, "FTYPE": 0, "TOLL": 0, "TOLLGRP": 0, "AMLANE": 7, "AMLIMIT": 0, "PMLANE": 7, "PMLIMIT": 0, "OPLANE": 7, "OPLIMIT": 0, "EDGEID": 991027400, "LINKID": 65653, "NETYEAR": 2001, "SHAPE_LENG": 1448.41, "PROJECTID": "NA", "TAZ": 991, "ATYPE": 2, "MDLANE": 7, "MDLIMIT": 0, "NTLANE": 7, "NTLIMIT": 0, "DEFLATIONFT": 0.8011, "AMTOLL": 0.0, "PMTOLL": 0.0, "OPTOLL": 0.0, "AMTOLL_VP": 0.0, "PMTOLL_VP": 0.0, "OPTOLL_VP": 0.0, "AMHTIME": 1.08, "PMHTIME": 1.08, "OPHTIME": 1.08, "MDTOLL": 0.0, "MDTOLL_VP": 0.0, "MDHTIME": 1.08, "NTTOLL": 0.0, "NTTOLL_VP": 0.0, "NTHTIME": 1.08, "LINKAB": 99127400, "TURNPENI": "TURNPEN.PEN", "I4AMSOV": 0.00015, "I4AMHV2": 4.0000000000000003e-05, "I4AMHV3": 0.0, "I4AMCV": 1.0000000000000001e-05, "I4AMTRK": 1.0000000000000001e-05, "I4AMAPX": 0.0, "I4AMVOL": 0.0002, "I4AMVMT": 5.0000000000000002e-05, "I4AMFFSPD": 17, "AMHRLKCAP": 22050, "AMHRLNCAP": 3150, "I4AMVC": 0.0, "I4AMVDF": 1.0, "I4AMSPD": 17.0, "COMP": 0, "I4MDSOV": 0.0, "I4MDHV2": 0.0, "I4MDHV3": 0.0, "I4MDCV": 0.0, "I4MDTRK": 0.0, "I4MDAPX": 0.0, "I4MDVOL": 0.0, "I4MDVMT": 0.0, "I4MDFFSPD": 17, "MDHRLKCAP": 22050, "MDHRLNCAP": 3150, "I4MDVC": 0.0, "I4MDVDF": 1.0, "I4MDSPD": 17.0, "I4PMSOV": 0.0, "I4PMHV2": 0.0, "I4PMHV3": 0.0, "I4PMCV": 0.0, "I4PMTRK": 0.0, "I4PMAPX": 0.0, "I4PMVOL": 0.0, "I4PMVMT": 0.0, "I4PMFFSPD": 17, "PMHRLKCAP": 22050, "PMHRLNCAP": 3150, "I4PMVC": 0.0, "I4PMVDF": 1.0, "I4PMSPD": 17.0, "I4NTSOV": 0.0, "I4NTHV2": 0.0, "I4NTHV3": 0.0, "I4NTCV": 0.0, "I4NTTRK": 0.0, "I4NTAPX": 0.0, "I4NTVOL": 0.0, "I4NTVMT": 0.0, "I4NTFFSPD": 17, "NTHRLKCAP": 22050, "NTHRLNCAP": 3150, "I4NTVC": 0.0, "I4NTVDF": 1.0, "I4NTSPD": 17.0, "I424VOL": 0.0002, "TVOL00": 0, "TVMT00": 0.0, "ID": 0, "AADT_2023": 0, "AWDT_2023": 0, "MD210": 0, "CNT2LOADDIF": 0.0, "ABSNCTDIFF": 0.0, "CNT2LOADPCT": 0.0, "ABSPCTDIFF": 0.0, "MD210U": 0, "LOAD1": 0.0002, "LOAD2": 0.0, "LOADGRW": -0.0002, "ABSGRW": 0.0002, "PRCGRW": -0.9803953, "PRCANLGRW": -4.4563422 }, "geometry": { "type": "LineString", "coordinates": [ [ -76.92328534645533, 38.948095378058262 ], [ -76.919997832931642, 38.951132696254945 ] ] } },
{ "type": "Feature", "properties": { "A": 1097, "B": 27788, "SUBAREA": 0, "FFSNEW": 0, "CPENEW": 0, "CPEFAC": 0, "TIMEPEN": 0, "DISTANCE": 0.22, "SPDCLASS": 3, "CAPCLASS": 3, "JUR": 2, "SCREEN": 0, "FTYPE": 0, "TOLL": 0, "TOLLGRP": 0, "AMLANE": 7, "AMLIMIT": 0, "PMLANE": 7, "PMLIMIT": 0, "OPLANE": 7, "OPLIMIT": 0, "EDGEID": 27800000000, "LINKID": 23694, "NETYEAR": 2001, "SHAPE_LENG": 1174.48, "PROJECTID": "NA", "TAZ": 1097, "ATYPE": 3, "MDLANE": 7, "MDLIMIT": 0, "NTLANE": 7, "NTLIMIT": 0, "DEFLATIONFT": 0.8011, "AMTOLL": 0.0, "PMTOLL": 0.0, "OPTOLL": 0.0, "AMTOLL_VP": 0.0, "PMTOLL_VP": 0.0, "OPTOLL_VP": 0.0, "AMHTIME": 0.66, "PMHTIME": 0.66, "OPHTIME": 0.66, "MDTOLL": 0.0, "MDTOLL_VP": 0.0, "MDHTIME": 0.66, "NTTOLL": 0.0, "NTTOLL_VP": 0.0, "NTHTIME": 0.66, "LINKAB": 109727788, "TURNPENI": "TURNPEN.PEN", "I4AMSOV": 0.00172, "I4AMHV2": 0.0003, "I4AMHV3": 0.0, "I4AMCV": 0.00011, "I4AMTRK": 9.0000000000000006e-05, "I4AMAPX": 1.0000000000000001e-05, "I4AMVOL": 0.00222, "I4AMVMT": 0.00049, "I4AMFFSPD": 23, "AMHRLKCAP": 22050, "AMHRLNCAP": 3150, "I4AMVC": 0.0, "I4AMVDF": 1.0, "I4AMSPD": 23.0, "COMP": 0, "I4MDSOV": 0.0, "I4MDHV2": 0.0, "I4MDHV3": 0.0, "I4MDCV": 0.0, "I4MDTRK": 0.0, "I4MDAPX": 0.0, "I4MDVOL": 0.0, "I4MDVMT": 0.0, "I4MDFFSPD": 23, "MDHRLKCAP": 22050, "MDHRLNCAP": 3150, "I4MDVC": 0.0, "I4MDVDF": 1.0, "I4MDSPD": 23.0, "I4PMSOV": 0.0, "I4PMHV2": 0.0, "I4PMHV3": 0.0, "I4PMCV": 0.0, "I4PMTRK": 0.0, "I4PMAPX": 0.0, "I4PMVOL": 0.0, "I4PMVMT": 0.0, "I4PMFFSPD": 23, "PMHRLKCAP": 22050, "PMHRLNCAP": 3150, "I4PMVC": 0.0, "I4PMVDF": 1.0, "I4PMSPD": 23.0, "I4NTSOV": 0.0, "I4NTHV2": 0.0, "I4NTHV3": 0.0, "I4NTCV": 0.0, "I4NTTRK": 0.0, "I4NTAPX": 0.0, "I4NTVOL": 0.0, "I4NTVMT": 0.0, "I4NTFFSPD": 23, "NTHRLKCAP": 22050, "NTHRLNCAP": 3150, "I4NTVC": 0.0, "I4NTVDF": 1.0, "I4NTSPD": 23.0, "I424VOL": 0.00222, "TVOL00": 0, "TVMT00": 0.0, "ID": 0, "AADT_2023": 0, "AWDT_2023": 0, "MD210": 0, "CNT2LOADDIF": 0.0, "ABSNCTDIFF": 0.0, "CNT2LOADPCT": 0.0, "ABSPCTDIFF": 0.0, "MD210U": 0, "LOAD1": 0.00222, "LOAD2": 0.0, "LOADGRW": -0.00222, "ABSGRW": 0.00222, "PRCGRW": -1.0, "PRCANLGRW": -4.5454545 }, "geometry": { "type": "LineString", "coordinates": [ [ -76.8324330658305, 38.893332626303476 ], [ -76.835701622413836, 38.891363066893703 ] ] } },
{ "type": "Feature", "properties": { "A": 1418, "B": 30507, "SUBAREA": 0, "FFSNEW": 0, "CPENEW": 0, "CPEFAC": 0, "TIMEPEN": 0, "DISTANCE": 0.3, "SPDCLASS": 2, "CAPCLASS": 2, "JUR": 3, "SCREEN": 0, "FTYPE": 0, "TOLL": 0, "TOLLGRP": 0, "AMLANE": 7, "AMLIMIT": 0, "PMLANE": 7, "PMLIMIT": 0, "OPLANE": 7, "OPLIMIT": 0, "EDGEID": 1418030507, "LINKID": 68928, "NETYEAR": 2001, "SHAPE_LENG": 1573.25, "PROJECTID": "NA", "TAZ": 1418, "ATYPE": 2, "MDLANE": 7, "MDLIMIT": 0, "NTLANE": 7, "NTLIMIT": 0, "DEFLATIONFT": 0.8011, "AMTOLL": 0.0, "PMTOLL": 0.0, "OPTOLL": 0.0, "AMTOLL_VP": 0.0, "PMTOLL_VP": 0.0, "OPTOLL_VP": 0.0, "AMHTIME": 1.2, "PMHTIME": 1.2, "OPHTIME": 1.2, "MDTOLL": 0.0, "MDTOLL_VP": 0.0, "MDHTIME": 1.2, "NTTOLL": 0.0, "NTTOLL_VP": 0.0, "NTHTIME": 1.2, "LINKAB": 141830507, "TURNPENI": "TURNPEN.PEN", "I4AMSOV": 0.23961, "I4AMHV2": 3.78444, "I4AMHV3": 2.96742, "I4AMCV": 0.11092, "I4AMTRK": 0.00928, "I4AMAPX": 0.01799, "I4AMVOL": 7.12966, "I4AMVMT": 2.1389, "I4AMFFSPD": 17, "AMHRLKCAP": 22050, "AMHRLNCAP": 3150, "I4AMVC": 0.00013, "I4AMVDF": 1.0, "I4AMSPD": 17.0, "COMP": 0, "I4MDSOV": 0.0, "I4MDHV2": 0.0, "I4MDHV3": 0.0, "I4MDCV": 0.0, "I4MDTRK": 0.0, "I4MDAPX": 0.0, "I4MDVOL": 0.0, "I4MDVMT": 0.0, "I4MDFFSPD": 17, "MDHRLKCAP": 22050, "MDHRLNCAP": 3150, "I4MDVC": 0.0, "I4MDVDF": 1.0, "I4MDSPD": 17.0, "I4PMSOV": 0.0, "I4PMHV2": 0.0, "I4PMHV3": 0.0, "I4PMCV": 0.0, "I4PMTRK": 0.0, "I4PMAPX": 0.0, "I4PMVOL": 0.0, "I4PMVMT": 0.0, "I4PMFFSPD": 17, "PMHRLKCAP": 22050, "PMHRLNCAP": 3150, "I4PMVC": 0.0, "I4PMVDF": 1.0, "I4PMSPD": 17.0, "I4NTSOV": 0.0, "I4NTHV2": 0.0, "I4NTHV3": 0.0, "I4NTCV": 0.0, "I4NTTRK": 0.0, "I4NTAPX": 0.0, "I4NTVOL": 0.0, "I4NTVMT": 0.0, "I4NTFFSPD": 17, "NTHRLKCAP": 22050, "NTHRLNCAP": 3150, "I4NTVC": 0.0, "I4NTVDF": 1.0, "I4NTSPD": 17.0, "I424VOL": 7.12966, "TVOL00": 0, "TVMT00": 0.0, "ID": 0, "AADT_2023": 0, "AWDT_2023": 0, "MD210": 0, "CNT2LOADDIF": 0.0, "ABSNCTDIFF": 0.0, "CNT2LOADPCT": 0.0, "ABSPCTDIFF": 0.0, "MD210U": 0, "LOAD1": 7.12966, "LOAD2": 0.00091, "LOADGRW": -7.12876, "ABSGRW": 7.12876, "PRCGRW": -0.9998725, "PRCANLGRW": -4.5448751 }, "geometry": { "type": "LineString", "coordinates": [ [ -77.123678179488209, 38.886819480329869 ], [ -77.118287067601671, 38.887772352168035 ] ] } },
{ "type": "Feature", "properties": { "A": 1423, "B": 30606, "SUBAREA": 0, "FFSNEW": 0, "CPENEW": 0, "CPEFAC": 0, "TIMEPEN": 0, "DISTANCE": 0.17, "SPDCLASS": 2, "CAPCLASS": 2, "JUR": 3, "SCREEN": 0, "FTYPE": 0, "TOLL": 0, "TOLLGRP": 0, "AMLANE": 7, "AMLIMIT": 0, "PMLANE": 7, "PMLIMIT": 0, "OPLANE": 7, "OPLIMIT": 0, "EDGEID": 1423030606, "LINKID": 77407, "NETYEAR": 2001, "SHAPE_LENG": 883.15, "PROJECTID": "NA", "TAZ": 1423, "ATYPE": 2, "MDLANE": 7, "MDLIMIT": 0, "NTLANE": 7, "NTLIMIT": 0, "DEFLATIONFT": 0.8011, "AMTOLL": 0.0, "PMTOLL": 0.0, "OPTOLL": 0.0, "AMTOLL_VP": 0.0, "PMTOLL_VP": 0.0, "OPTOLL_VP": 0.0, "AMHTIME": 0.68, "PMHTIME": 0.68, "OPHTIME": 0.68, "MDTOLL": 0.0, "MDTOLL_VP": 0.0, "MDHTIME": 0.68, "NTTOLL": 0.0, "NTTOLL_VP": 0.0, "NTHTIME": 0.68, "LINKAB": 142330606, "TURNPENI": "TURNPEN.PEN", "I4AMSOV": 0.00016, "I4AMHV2": 3.0000000000000001e-05, "I4AMHV3": 0.0, "I4AMCV": 4.0000000000000003e-05, "I4AMTRK": 0.00014, "I4AMAPX": 0.0, "I4AMVOL": 0.00038, "I4AMVMT": 6.0000000000000002e-05, "I4AMFFSPD": 17, "AMHRLKCAP": 22050, "AMHRLNCAP": 3150, "I4AMVC": 0.0, "I4AMVDF": 1.0, "I4AMSPD": 17.0, "COMP": 0, "I4MDSOV": 0.0, "I4MDHV2": 0.0, "I4MDHV3": 0.0, "I4MDCV": 0.0, "I4MDTRK": 0.0, "I4MDAPX": 0.0, "I4MDVOL": 0.0, "I4MDVMT": 0.0, "I4MDFFSPD": 17, "MDHRLKCAP": 22050, "MDHRLNCAP": 3150, "I4MDVC": 0.0, "I4MDVDF": 1.0, "I4MDSPD": 17.0, "I4PMSOV": 0.0, "I4PMHV2": 0.0, "I4PMHV3": 0.0, "I4PMCV": 0.0, "I4PMTRK": 0.0, "I4PMAPX": 0.0, "I4PMVOL": 0.0, "I4PMVMT": 0.0, "I4PMFFSPD": 17, "PMHRLKCAP": 22050, "PMHRLNCAP": 3150, "I4PMVC": 0.0, "I4PMVDF": 1.0, "I4PMSPD": 17.0, "I4NTSOV": 0.0, "I4NTHV2": 0.0, "I4NTHV3": 0.0, "I4NTCV": 0.0, "I4NTTRK": 0.0, "I4NTAPX": 0.0, "I4NTVOL": 0.0, "I4NTVMT": 0.0, "I4NTFFSPD": 17, "NTHRLKCAP": 22050, "NTHRLNCAP": 3150, "I4NTVC": 0.0, "I4NTVDF": 1.0, "I4NTSPD": 17.0, "I424VOL": 0.00038, "TVOL00": 0, "TVMT00": 0.0, "ID": 0, "AADT_2023": 0, "AWDT_2023": 0, "MD210": 0, "CNT2LOADDIF": 0.0, "ABSNCTDIFF": 0.0, "CNT2LOADPCT": 0.0, "ABSPCTDIFF": 0.0, "MD210U": 0, "LOAD1": 0.00038, "LOAD2": 1.0000000000000001e-05, "LOADGRW": -0.00037, "ABSGRW": 0.00037, "PRCGRW": -0.9796579, "PRCANLGRW": -4.4529905 }, "geometry": { "type": "LineString", "coordinates": [ [ -77.12774163870661, 38.897888755321873 ], [ -77.130389757858921, 38.899148877693221 ] ] } },
{ "type": "Feature", "properties": { "A": 1503, "B": 30553, "SUBAREA": 0, "FFSNEW": 0, "CPENEW": 0, "CPEFAC": 0, "TIMEPEN": 0, "DISTANCE": 0.11, "SPDCLASS": 1, "CAPCLASS": 1, "JUR": 3, "SCREEN": 0, "FTYPE": 0, "TOLL": 0, "TOLLGRP": 0, "AMLANE": 7, "AMLIMIT": 0, "PMLANE": 7, "PMLIMIT": 0, "OPLANE": 7, "OPLIMIT": 0, "EDGEID": 1503030553, "LINKID": 54185, "NETYEAR": 2001, "SHAPE_LENG": 561.78, "PROJECTID": "NA", "TAZ": 1503, "ATYPE": 1, "MDLANE": 7, "MDLIMIT": 0, "NTLANE": 7, "NTLIMIT": 0, "DEFLATIONFT": 0.8011, "AMTOLL": 0.0, "PMTOLL": 0.0, "OPTOLL": 0.0, "AMTOLL_VP": 0.0, "PMTOLL_VP": 0.0, "OPTOLL_VP": 0.0, "AMHTIME": 0.44, "PMHTIME": 0.44, "OPHTIME": 0.44, "MDTOLL": 0.0, "MDTOLL_VP": 0.0, "MDHTIME": 0.44, "NTTOLL": 0.0, "NTTOLL_VP": 0.0, "NTHTIME": 0.44, "LINKAB": 150330553, "TURNPENI": "TURNPEN.PEN", "I4AMSOV": 0.0, "I4AMHV2": 0.0, "I4AMHV3": 0.0, "I4AMCV": 0.0, "I4AMTRK": 0.0, "I4AMAPX": 0.0, "I4AMVOL": 0.0, "I4AMVMT": 0.0, "I4AMFFSPD": 17, "AMHRLKCAP": 22050, "AMHRLNCAP": 3150, "I4AMVC": 0.0, "I4AMVDF": 1.0, "I4AMSPD": 17.0, "COMP": 0, "I4MDSOV": 0.0, "I4MDHV2": 0.0, "I4MDHV3": 0.0, "I4MDCV": 0.0, "I4MDTRK": 0.0, "I4MDAPX": 0.0, "I4MDVOL": 0.0, "I4MDVMT": 0.0, "I4MDFFSPD": 17, "MDHRLKCAP": 22050, "MDHRLNCAP": 3150, "I4MDVC": 0.0, "I4MDVDF": 1.0, "I4MDSPD": 17.0, "I4PMSOV": 50.97903, "I4PMHV2": 35.74767, "I4PMHV3": 3.21, "I4PMCV": 3.37792, "I4PMTRK": 0.82649, "I4PMAPX": 0.59433, "I4PMVOL": 94.73544, "I4PMVMT": 10.4209, "I4PMFFSPD": 17, "PMHRLKCAP": 22050, "PMHRLNCAP": 3150, "I4PMVC": 0.00126, "I4PMVDF": 1.0, "I4PMSPD": 17.0, "I4NTSOV": 0.0, "I4NTHV2": 0.0, "I4NTHV3": 0.0, "I4NTCV": 0.0, "I4NTTRK": 0.0, "I4NTAPX": 0.0, "I4NTVOL": 0.0, "I4NTVMT": 0.0, "I4NTFFSPD": 17, "NTHRLKCAP": 22050, "NTHRLNCAP": 3150, "I4NTVC": 0.0, "I4NTVDF": 1.0, "I4NTSPD": 17.0, "I424VOL": 94.73544, "TVOL00": 0, "TVMT00": 0.0, "ID": 0, "AADT_2023": 0, "AWDT_2023": 0, "MD210": 0, "CNT2LOADDIF": 0.0, "ABSNCTDIFF": 0.0, "CNT2LOADPCT": 0.0, "ABSPCTDIFF": 0.0, "MD210U": 0, "LOAD1": 94.73544, "LOAD2": 0.0, "LOADGRW": -94.73544, "ABSGRW": 94.73544, "PRCGRW": -1.0, "PRCANLGRW": -4.5454545 }, "geometry": { "type": "LineString", "coordinates": [ [ -77.057521103153661, 38.855206604864684 ], [ -77.059480714699149, 38.855375860985525 ] ] } },
{ "type": "Feature", "properties": { "A": 1845, "B": 36017, "SUBAREA": 0, "FFSNEW": 0, "CPENEW": 0, "CPEFAC": 0, "TIMEPEN": 0, "DISTANCE": 0.23, "SPDCLASS": 1, "CAPCLASS": 1, "JUR": 5, "SCREEN": 0, "FTYPE": 0, "TOLL": 0, "TOLLGRP": 0, "AMLANE": 7, "AMLIMIT": 0, "PMLANE": 7, "PMLIMIT": 0, "OPLANE": 7, "OPLIMIT": 0, "EDGEID": 36000000000, "LINKID": 10688, "NETYEAR": 2001, "SHAPE_LENG": 1208.75, "PROJECTID": "NA", "TAZ": 1845, "ATYPE": 1, "MDLANE": 7, "MDLIMIT": 0, "NTLANE": 7, "NTLIMIT": 0, "DEFLATIONFT": 0.8011, "AMTOLL": 0.0, "PMTOLL": 0.0, "OPTOLL": 0.0, "AMTOLL_VP": 0.0, "PMTOLL_VP": 0.0, "OPTOLL_VP": 0.0, "AMHTIME": 0.92, "PMHTIME": 0.92, "OPHTIME": 0.92, "MDTOLL": 0.0, "MDTOLL_VP": 0.0, "MDHTIME": 0.92, "NTTOLL": 0.0, "NTTOLL_VP": 0.0, "NTHTIME": 0.92, "LINKAB": 184536017, "TURNPENI": "TURNPEN.PEN", "I4AMSOV": 0.00021, "I4AMHV2": 4.0000000000000003e-05, "I4AMHV3": 0.0, "I4AMCV": 8.0000000000000007e-05, "I4AMTRK": 3.0000000000000001e-05, "I4AMAPX": 0.0, "I4AMVOL": 0.00035, "I4AMVMT": 8.0000000000000007e-05, "I4AMFFSPD": 17, "AMHRLKCAP": 22050, "AMHRLNCAP": 3150, "I4AMVC": 0.0, "I4AMVDF": 1.0, "I4AMSPD": 17.0, "COMP": 0, "I4MDSOV": 0.0, "I4MDHV2": 0.0, "I4MDHV3": 0.0, "I4MDCV": 0.0, "I4MDTRK": 0.0, "I4MDAPX": 0.0, "I4MDVOL": 0.0, "I4MDVMT": 0.0, "I4MDFFSPD": 17, "MDHRLKCAP": 22050, "MDHRLNCAP": 3150, "I4MDVC": 0.0, "I4MDVDF": 1.0, "I4MDSPD": 17.0, "I4PMSOV": 0.0, "I4PMHV2": 0.0, "I4PMHV3": 0.0, "I4PMCV": 0.0, "I4PMTRK": 0.0, "I4PMAPX": 0.0, "I4PMVOL": 0.0, "I4PMVMT": 0.0, "I4PMFFSPD": 17, "PMHRLKCAP": 22050, "PMHRLNCAP": 3150, "I4PMVC": 0.0, "I4PMVDF": 1.0, "I4PMSPD": 17.0, "I4NTSOV": 0.0, "I4NTHV2": 0.0, "I4NTHV3": 0.0, "I4NTCV": 0.0, "I4NTTRK": 0.0, "I4NTAPX": 0.0, "I4NTVOL": 0.0, "I4NTVMT": 0.0, "I4NTFFSPD": 17, "NTHRLKCAP": 22050, "NTHRLNCAP": 3150, "I4NTVC": 0.0, "I4NTVDF": 1.0, "I4NTSPD": 17.0, "I424VOL": 0.00035, "TVOL00": 0, "TVMT00": 0.0, "ID": 0, "AADT_2023": 0, "AWDT_2023": 0, "MD210": 0, "CNT2LOADDIF": 0.0, "ABSNCTDIFF": 0.0, "CNT2LOADPCT": 0.0, "ABSPCTDIFF": 0.0, "MD210U": 0, "LOAD1": 0.00035, "LOAD2": 3.0000000000000001e-05, "LOADGRW": -0.00032, "ABSGRW": 0.00032, "PRCGRW": -0.9125247, "PRCANLGRW": -4.1478395 }, "geometry": { "type": "LineString", "coordinates": [ [ -77.232212695822, 38.922137584019723 ], [ -77.234997720503458, 38.924641632697721 ] ] } },
{ "type": "Feature", "properties": { "A": 1871, "B": 36029, "SUBAREA": 0, "FFSNEW": 0, "CPENEW": 0, "CPEFAC": 0, "TIMEPEN": 0, "DISTANCE": 0.53, "SPDCLASS": 3, "CAPCLASS": 3, "JUR": 5, "SCREEN": 0, "FTYPE": 0, "TOLL": 0, "TOLLGRP": 0, "AMLANE": 7, "AMLIMIT": 0, "PMLANE": 7, "PMLIMIT": 0, "OPLANE": 7, "OPLIMIT": 0, "EDGEID": 36000000000, "LINKID": 45572, "NETYEAR": 2001, "SHAPE_LENG": 2791.57, "PROJECTID": "NA", "TAZ": 1871, "ATYPE": 3, "MDLANE": 7, "MDLIMIT": 0, "NTLANE": 7, "NTLIMIT": 0, "DEFLATIONFT": 0.8011, "AMTOLL": 0.0, "PMTOLL": 0.0, "OPTOLL": 0.0, "AMTOLL_VP": 0.0, "PMTOLL_VP": 0.0, "OPTOLL_VP": 0.0, "AMHTIME": 1.59, "PMHTIME": 1.59, "OPHTIME": 1.59, "MDTOLL": 0.0, "MDTOLL_VP": 0.0, "MDHTIME": 1.59, "NTTOLL": 0.0, "NTTOLL_VP": 0.0, "NTHTIME": 1.59, "LINKAB": 187136029, "TURNPENI": "TURNPEN.PEN", "I4AMSOV": 0.01086, "I4AMHV2": 0.00106, "I4AMHV3": 0.0, "I4AMCV": 0.00044, "I4AMTRK": 0.00011, "I4AMAPX": 2.0000000000000002e-05, "I4AMVOL": 0.01249, "I4AMVMT": 0.00662, "I4AMFFSPD": 23, "AMHRLKCAP": 22050, "AMHRLNCAP": 3150, "I4AMVC": 0.0, "I4AMVDF": 1.0, "I4AMSPD": 23.0, "COMP": 0, "I4MDSOV": 0.0, "I4MDHV2": 0.0, "I4MDHV3": 0.0, "I4MDCV": 0.0, "I4MDTRK": 0.0, "I4MDAPX": 0.0, "I4MDVOL": 0.0, "I4MDVMT": 0.0, "I4MDFFSPD": 23, "MDHRLKCAP": 22050, "MDHRLNCAP": 3150, "I4MDVC": 0.0, "I4MDVDF": 1.0, "I4MDSPD": 23.0, "I4PMSOV": 1.54768, "I4PMHV2": 0.73415, "I4PMHV3": 0.35, "I4PMCV": 0.71431, "I4PMTRK": 0.0, "I4PMAPX": 0.0, "I4PMVOL": 3.34614, "I4PMVMT": 1.77345, "I4PMFFSPD": 23, "PMHRLKCAP": 22050, "PMHRLNCAP": 3150, "I4PMVC": 4.0000000000000003e-05, "I4PMVDF": 1.0, "I4PMSPD": 23.0, "I4NTSOV": 0.0, "I4NTHV2": 0.0, "I4NTHV3": 0.0, "I4NTCV": 0.0, "I4NTTRK": 0.0, "I4NTAPX": 0.0, "I4NTVOL": 0.0, "I4NTVMT": 0.0, "I4NTFFSPD": 23, "NTHRLKCAP": 22050, "NTHRLNCAP": 3150, "I4NTVC": 0.0, "I4NTVDF": 1.0, "I4NTSPD": 23.0, "I424VOL": 3.35863, "TVOL00": 0, "TVMT00": 0.0, "ID": 0, "AADT_2023": 0, "AWDT_2023": 0, "MD210": 0, "CNT2LOADDIF": 0.0, "ABSNCTDIFF": 0.0, "CNT2LOADPCT": 0.0, "ABSPCTDIFF": 0.0, "MD210U": 0, "LOAD1": 3.35863, "LOAD2": 2.0000000000000002e-05, "LOADGRW": -3.35861, "ABSGRW": 3.35861, "PRCGRW": -0.9999943, "PRCANLGRW": -4.5454288 }, "geometry": { "type": "LineString", "coordinates": [ [ -77.213642010892755, 38.939248799328169 ], [ -77.21338840744346, 38.939609920076975 ], [ -77.208908397391696, 38.94596244900162 ] ] } },
{ "type": "Feature", "properties": { "A": 1871, "B": 36031, "SUBAREA": 0, "FFSNEW": 0, "CPENEW": 0, "CPEFAC": 0, "TIMEPEN": 0, "DISTANCE": 0.64, "SPDCLASS": 3, "CAPCLASS": 3, "JUR": 5, "SCREEN": 0, "FTYPE": 0, "TOLL": 0, "TOLLGRP": 0, "AMLANE": 7, "AMLIMIT": 0, "PMLANE": 7, "PMLIMIT": 0, "OPLANE": 7, "OPLIMIT": 0, "EDGEID": 36000000000, "LINKID": 18295, "NETYEAR": 2001, "SHAPE_LENG": 3384.31, "PROJECTID": "NA", "TAZ": 1871, "ATYPE": 3, "MDLANE": 7, "MDLIMIT": 0, "NTLANE": 7, "NTLIMIT": 0, "DEFLATIONFT": 0.8011, "AMTOLL": 0.0, "PMTOLL": 0.0, "OPTOLL": 0.0, "AMTOLL_VP": 0.0, "PMTOLL_VP": 0.0, "OPTOLL_VP": 0.0, "AMHTIME": 1.92, "PMHTIME": 1.92, "OPHTIME": 1.92, "MDTOLL": 0.0, "MDTOLL_VP": 0.0, "MDHTIME": 1.92, "NTTOLL": 0.0, "NTTOLL_VP": 0.0, "NTHTIME": 1.92, "LINKAB": 187136031, "TURNPENI": "TURNPEN.PEN", "I4AMSOV": 0.0, "I4AMHV2": 0.0, "I4AMHV3": 0.0, "I4AMCV": 0.0, "I4AMTRK": 0.0, "I4AMAPX": 0.0, "I4AMVOL": 0.0, "I4AMVMT": 0.0, "I4AMFFSPD": 23, "AMHRLKCAP": 22050, "AMHRLNCAP": 3150, "I4AMVC": 0.0, "I4AMVDF": 1.0, "I4AMSPD": 23.0, "COMP": 0, "I4MDSOV": 0.0, "I4MDHV2": 0.0, "I4MDHV3": 0.0, "I4MDCV": 0.0, "I4MDTRK": 0.0, "I4MDAPX": 0.0, "I4MDVOL": 0.0, "I4MDVMT": 0.0, "I4MDFFSPD": 23, "MDHRLKCAP": 22050, "MDHRLNCAP": 3150, "I4MDVC": 0.0, "I4MDVDF": 1.0, "I4MDSPD": 23.0, "I4PMSOV": 0.0, "I4PMHV2": 0.0, "I4PMHV3": 0.0, "I4PMCV": 0.0, "I4PMTRK": 0.0, "I4PMAPX": 0.0, "I4PMVOL": 0.0, "I4PMVMT": 0.0, "I4PMFFSPD": 23, "PMHRLKCAP": 22050, "PMHRLNCAP": 3150, "I4PMVC": 0.0, "I4PMVDF": 1.0, "I4PMSPD": 23.0, "I4NTSOV": 0.0, "I4NTHV2": 0.0, "I4NTHV3": 0.0, "I4NTCV": 0.0, "I4NTTRK": 0.0, "I4NTAPX": 0.0, "I4NTVOL": 0.0, "I4NTVMT": 0.0, "I4NTFFSPD": 23, "NTHRLKCAP": 22050, "NTHRLNCAP": 3150, "I4NTVC": 0.0, "I4NTVDF": 1.0, "I4NTSPD": 23.0, "I424VOL": 0.0, "TVOL00": 0, "TVMT00": 0.0, "ID": 0, "AADT_2023": 0, "AWDT_2023": 0, "MD210": 0, "CNT2LOADDIF": 0.0, "ABSNCTDIFF": 0.0, "CNT2LOADPCT": 0.0, "ABSPCTDIFF": 0.0, "MD210U": 0, "LOAD1": 0.0, "LOAD2": 0.0, "LOADGRW": -0.0, "ABSGRW": 0.0, "PRCGRW": -0.9760066, "PRCANLGRW": -4.4363933 }, "geometry": { "type": "LineString", "coordinates": [ [ -77.213642010892755, 38.939248799328169 ], [ -77.225316434292182, 38.941041813421272 ] ] } },
{ "type": "Feature", "properties": { "A": 1999, "B": 36189, "SUBAREA": 0, "FFSNEW": 0, "CPENEW": 0, "CPEFAC": 0, "TIMEPEN": 0, "DISTANCE": 0.4, "SPDCLASS": 3, "CAPCLASS": 3, "JUR": 5, "SCREEN": 0, "FTYPE": 0, "TOLL": 0, "TOLLGRP": 0, "AMLANE": 7, "AMLIMIT": 0, "PMLANE": 7, "PMLIMIT": 0, "OPLANE": 7, "OPLIMIT": 0, "EDGEID": 36200000000, "LINKID": 10403, "NETYEAR": 2001, "SHAPE_LENG": 2103.26, "PROJECTID": "NA", "TAZ": 1999, "ATYPE": 3, "MDLANE": 7, "MDLIMIT": 0, "NTLANE": 7, "NTLIMIT": 0, "DEFLATIONFT": 0.8011, "AMTOLL": 0.0, "PMTOLL": 0.0, "OPTOLL": 0.0, "AMTOLL_VP": 0.0, "PMTOLL_VP": 0.0, "OPTOLL_VP": 0.0, "AMHTIME": 1.2, "PMHTIME": 1.2, "OPHTIME": 1.2, "MDTOLL": 0.0, "MDTOLL_VP": 0.0, "MDHTIME": 1.2, "NTTOLL": 0.0, "NTTOLL_VP": 0.0, "NTHTIME": 1.2, "LINKAB": 199936189, "TURNPENI": "TURNPEN.PEN", "I4AMSOV": 38.25518, "I4AMHV2": 5.8542, "I4AMHV3": 1.63, "I4AMCV": 5.85493, "I4AMTRK": 4.0207, "I4AMAPX": 0.0, "I4AMVOL": 55.615, "I4AMVMT": 22.246, "I4AMFFSPD": 23, "AMHRLKCAP": 22050, "AMHRLNCAP": 3150, "I4AMVC": 0.00105, "I4AMVDF": 1.0, "I4AMSPD": 23.0, "COMP": 0, "I4MDSOV": 152.0, "I4MDHV2": 36.88, "I4MDHV3": 14.36805, "I4MDCV": 9.49, "I4MDTRK": 7.53, "I4MDAPX": 0.0, "I4MDVOL": 220.26805, "I4MDVMT": 88.10722, "I4MDFFSPD": 23, "MDHRLKCAP": 22050, "MDHRLNCAP": 3150, "I4MDVC": 0.00177, "I4MDVDF": 1.0, "I4MDSPD": 23.0, "I4PMSOV": 117.22296, "I4PMHV2": 29.9962, "I4PMHV3": 11.7, "I4PMCV": 9.18323, "I4PMTRK": 2.98998, "I4PMAPX": 2.97097, "I4PMVOL": 174.06334, "I4PMVMT": 69.62534, "I4PMFFSPD": 23, "PMHRLKCAP": 22050, "PMHRLNCAP": 3150, "I4PMVC": 0.00232, "I4PMVDF": 1.0, "I4PMSPD": 23.0, "I4NTSOV": 88.52, "I4NTHV2": 28.97, "I4NTHV3": 12.01, "I4NTCV": 4.49, "I4NTTRK": 1.78, "I4NTAPX": 0.0, "I4NTVOL": 135.77, "I4NTVMT": 54.308, "I4NTFFSPD": 23, "NTHRLKCAP": 22050, "NTHRLNCAP": 3150, "I4NTVC": 0.00092, "I4NTVDF": 1.0, "I4NTSPD": 23.0, "I424VOL": 585.71637, "TVOL00": 0, "TVMT00": 0.0, "ID": 0, "AADT_2023": 0, "AWDT_2023": 0, "MD210": 0, "CNT2LOADDIF": 0.0, "ABSNCTDIFF": 0.0, "CNT2LOADPCT": 0.0, "ABSPCTDIFF": 0.0, "MD210U": 0, "LOAD1": 585.71637, "LOAD2": 10.21376, "LOADGRW": -575.50262, "ABSGRW": 575.50262, "PRCGRW": -0.9825619, "PRCANLGRW": -4.4661908 }, "geometry": { "type": "LineString", "coordinates": [ [ -77.155287005783947, 38.824312537909861 ], [ -77.152669497492056, 38.829711470226222 ] ] } },
{ "type": "Feature", "properties": { "A": 2102, "B": 36428, "SUBAREA": 0, "FFSNEW": 0, "CPENEW": 0, "CPEFAC": 0, "TIMEPEN": 0, "DISTANCE": 0.98, "SPDCLASS": 5, "CAPCLASS": 5, "JUR": 5, "SCREEN": 0, "FTYPE": 0, "TOLL": 0, "TOLLGRP": 0, "AMLANE": 7, "AMLIMIT": 0, "PMLANE": 7, "PMLIMIT": 0, "OPLANE": 7, "OPLIMIT": 0, "EDGEID": 36400000000, "LINKID": 52008, "NETYEAR": 2001, "SHAPE_LENG": 5176.96, "PROJECTID": "NA", "TAZ": 2102, "ATYPE": 5, "MDLANE": 7, "MDLIMIT": 0, "NTLANE": 7, "NTLIMIT": 0, "DEFLATIONFT": 0.8011, "AMTOLL": 0.0, "PMTOLL": 0.0, "OPTOLL": 0.0, "AMTOLL_VP": 0.0, "PMTOLL_VP": 0.0, "OPTOLL_VP": 0.0, "AMHTIME": 1.96, "PMHTIME": 1.96, "OPHTIME": 1.96, "MDTOLL": 0.0, "MDTOLL_VP": 0.0, "MDHTIME": 1.96, "NTTOLL": 0.0, "NTTOLL_VP": 0.0, "NTHTIME": 1.96, "LINKAB": 210236428, "TURNPENI": "TURNPEN.PEN", "I4AMSOV": 41.1892, "I4AMHV2": 6.10943, "I4AMHV3": 2.01, "I4AMCV": 10.76569, "I4AMTRK": 3.06709, "I4AMAPX": 0.38138, "I4AMVOL": 63.52278, "I4AMVMT": 62.25233, "I4AMFFSPD": 35, "AMHRLKCAP": 22050, "AMHRLNCAP": 3150, "I4AMVC": 0.0012, "I4AMVDF": 1.0, "I4AMSPD": 35.0, "COMP": 0, "I4MDSOV": 0.0, "I4MDHV2": 0.0, "I4MDHV3": 0.0, "I4MDCV": 0.0, "I4MDTRK": 0.0, "I4MDAPX": 0.0, "I4MDVOL": 0.0, "I4MDVMT": 0.0, "I4MDFFSPD": 35, "MDHRLKCAP": 22050, "MDHRLNCAP": 3150, "I4MDVC": 0.0, "I4MDVDF": 1.0, "I4MDSPD": 35.0, "I4PMSOV": 0.0, "I4PMHV2": 0.0, "I4PMHV3": 0.0, "I4PMCV": 0.0, "I4PMTRK": 0.0, "I4PMAPX": 0.0, "I4PMVOL": 0.0, "I4PMVMT": 0.0, "I4PMFFSPD": 35, "PMHRLKCAP": 22050, "PMHRLNCAP": 3150, "I4PMVC": 0.0, "I4PMVDF": 1.0, "I4PMSPD": 35.0, "I4NTSOV": 0.0, "I4NTHV2": 0.0, "I4NTHV3": 0.0, "I4NTCV": 0.0, "I4NTTRK": 0.0, "I4NTAPX": 0.0, "I4NTVOL": 0.0, "I4NTVMT": 0.0, "I4NTFFSPD": 35, "NTHRLKCAP": 22050, "NTHRLNCAP": 3150, "I4NTVC": 0.0, "I4NTVDF": 1.0, "I4NTSPD": 35.0, "I424VOL": 63.52278, "TVOL00": 0, "TVMT00": 0.0, "ID": 0, "AADT_2023": 0, "AWDT_2023": 0, "MD210": 0, "CNT2LOADDIF": 0.0, "ABSNCTDIFF": 0.0, "CNT2LOADPCT": 0.0, "ABSPCTDIFF": 0.0, "MD210U": 0, "LOAD1": 63.52278, "LOAD2": 0.0324, "LOADGRW": -63.49038, "ABSGRW": 63.49038, "PRCGRW": -0.99949, "PRCANLGRW": -4.5431361 }, "geometry": { "type": "LineString", "coordinates": [ [ -77.225398617081694, 38.680122031055213 ], [ -77.225397718083173, 38.680086890366269 ], [ -77.225192081392152, 38.680354415825924 ], [ -77.216057616935913, 38.692232444651431 ] ] } },
{ "type": "Feature", "properties": { "A": 2128, "B": 36449, "SUBAREA": 0, "FFSNEW": 0, "CPENEW": 0, "CPEFAC": 0, "TIMEPEN": 0, "DISTANCE": 0.45, "SPDCLASS": 3, "CAPCLASS": 3, "JUR": 5, "SCREEN": 0, "FTYPE": 0, "TOLL": 0, "TOLLGRP": 0, "AMLANE": 7, "AMLIMIT": 0, "PMLANE": 7, "PMLIMIT": 0, "OPLANE": 7, "OPLIMIT": 0, "EDGEID": 36400000000, "LINKID": 22327, "NETYEAR": 2001, "SHAPE_LENG": 2392.22, "PROJECTID": "NA", "TAZ": 2128, "ATYPE": 3, "MDLANE": 7, "MDLIMIT": 0, "NTLANE": 7, "NTLIMIT": 0, "DEFLATIONFT": 0.8011, "AMTOLL": 0.0, "PMTOLL": 0.0, "OPTOLL": 0.0, "AMTOLL_VP": 0.0, "PMTOLL_VP": 0.0, "OPTOLL_VP": 0.0, "AMHTIME": 1.35, "PMHTIME": 1.35, "OPHTIME": 1.35, "MDTOLL": 0.0, "MDTOLL_VP": 0.0, "MDHTIME": 1.35, "NTTOLL": 0.0, "NTTOLL_VP": 0.0, "NTHTIME": 1.35, "LINKAB": 212836449, "TURNPENI": "TURNPEN.PEN", "I4AMSOV": 392.45621, "I4AMHV2": 72.84832, "I4AMHV3": 55.67724, "I4AMCV": 29.65896, "I4AMTRK": 11.79985, "I4AMAPX": 2.04756, "I4AMVOL": 564.4881, "I4AMVMT": 254.01965, "I4AMFFSPD": 23, "AMHRLKCAP": 22050, "AMHRLNCAP": 3150, "I4AMVC": 0.01068, "I4AMVDF": 1.0, "I4AMSPD": 23.0, "COMP": 0, "I4MDSOV": 0.0, "I4MDHV2": 0.0, "I4MDHV3": 0.0, "I4MDCV": 0.0, "I4MDTRK": 0.0, "I4MDAPX": 0.0, "I4MDVOL": 0.0, "I4MDVMT": 0.0, "I4MDFFSPD": 23, "MDHRLKCAP": 22050, "MDHRLNCAP": 3150, "I4MDVC": 0.0, "I4MDVDF": 1.0, "I4MDSPD": 23.0, "I4PMSOV": 0.0, "I4PMHV2": 0.0, "I4PMHV3": 86.16442, "I4PMCV": 0.0, "I4PMTRK": 0.0, "I4PMAPX": 0.0, "I4PMVOL": 86.16442, "I4PMVMT": 38.77399, "I4PMFFSPD": 23, "PMHRLKCAP": 22050, "PMHRLNCAP": 3150, "I4PMVC": 0.00115, "I4PMVDF": 1.0, "I4PMSPD": 23.0, "I4NTSOV": 0.0, "I4NTHV2": 0.0, "I4NTHV3": 0.0, "I4NTCV": 0.0, "I4NTTRK": 0.0, "I4NTAPX": 0.0, "I4NTVOL": 0.0, "I4NTVMT": 0.0, "I4NTFFSPD": 23, "NTHRLKCAP": 22050, "NTHRLNCAP": 3150, "I4NTVC": 0.0, "I4NTVDF": 1.0, "I4NTSPD": 23.0, "I424VOL": 650.65253, "TVOL00": 0, "TVMT00": 0.0, "ID": 0, "AADT_2023": 0, "AWDT_2023": 0, "MD210": 0, "CNT2LOADDIF": 0.0, "ABSNCTDIFF": 0.0, "CNT2LOADPCT": 0.0, "ABSPCTDIFF": 0.0, "MD210U": 0, "LOAD1": 650.65253, "LOAD2": 0.00014, "LOADGRW": -650.6524, "ABSGRW": 650.6524, "PRCGRW": -0.99999979999999999, "PRCANLGRW": -4.5454535 }, "geometry": { "type": "LineString", "coordinates": [ [ -77.216906221629188, 38.739854666848984 ], [ -77.217097955293198, 38.746422329906657 ] ] } },
{ "type": "Feature", "properties": { "A": 2239, "B": 38128, "SUBAREA": 0, "FFSNEW": 0, "CPENEW": 0, "CPEFAC": 0, "TIMEPEN": 0, "DISTANCE": 1.93, "SPDCLASS": 6, "CAPCLASS": 6, "JUR": 6, "SCREEN": 0, "FTYPE": 0, "TOLL": 0, "TOLLGRP": 0, "AMLANE": 7, "AMLIMIT": 0, "PMLANE": 7, "PMLIMIT": 0, "OPLANE": 7, "OPLIMIT": 0, "EDGEID": 2239038128, "LINKID": 35242, "NETYEAR": 2001, "SHAPE_LENG": 10000.0, "PROJECTID": "NA", "TAZ": 2239, "ATYPE": 6, "MDLANE": 7, "MDLIMIT": 0, "NTLANE": 7, "NTLIMIT": 0, "DEFLATIONFT": 0.8011, "AMTOLL": 0.0, "PMTOLL": 0.0, "OPTOLL": 0.0, "AMTOLL_VP": 0.0, "PMTOLL_VP": 0.0, "OPTOLL_VP": 0.0, "AMHTIME": 3.30857, "PMHTIME": 3.30857, "OPHTIME": 3.30857, "MDTOLL": 0.0, "MDTOLL_VP": 0.0, "MDHTIME": 3.30857, "NTTOLL": 0.0, "NTTOLL_VP": 0.0, "NTHTIME": 3.30857, "LINKAB": 223938128, "TURNPENI": "TURNPEN.PEN", "I4AMSOV": 169.37701, "I4AMHV2": 24.90334, "I4AMHV3": 12.60231, "I4AMCV": 7.58004, "I4AMTRK": 6.41516, "I4AMAPX": 0.70979, "I4AMVOL": 221.58765, "I4AMVMT": 427.66415, "I4AMFFSPD": 40, "AMHRLKCAP": 22050, "AMHRLNCAP": 3150, "I4AMVC": 0.00419, "I4AMVDF": 1.0, "I4AMSPD": 40.0, "COMP": 0, "I4MDSOV": 87.96613, "I4MDHV2": 23.05445, "I4MDHV3": 11.2979, "I4MDCV": 6.08158, "I4MDTRK": 5.81697, "I4MDAPX": 0.4807, "I4MDVOL": 134.69772, "I4MDVMT": 259.96661, "I4MDFFSPD": 40, "MDHRLKCAP": 22050, "MDHRLNCAP": 3150, "I4MDVC": 0.00108, "I4MDVDF": 1.0, "I4MDSPD": 40.0, "I4PMSOV": 0.0, "I4PMHV2": 0.0, "I4PMHV3": 18.33, "I4PMCV": 0.0, "I4PMTRK": 0.0, "I4PMAPX": 0.0, "I4PMVOL": 18.33, "I4PMVMT": 35.3769, "I4PMFFSPD": 40, "PMHRLKCAP": 22050, "PMHRLNCAP": 3150, "I4PMVC": 0.00024, "I4PMVDF": 1.0, "I4PMSPD": 40.0, "I4NTSOV": 0.0, "I4NTHV2": 0.0, "I4NTHV3": 0.0, "I4NTCV": 0.0, "I4NTTRK": 0.0, "I4NTAPX": 0.0, "I4NTVOL": 0.0, "I4NTVMT": 0.0, "I4NTFFSPD": 40, "NTHRLKCAP": 22050, "NTHRLNCAP": 3150, "I4NTVC": 0.0, "I4NTVDF": 1.0, "I4NTSPD": 40.0, "I424VOL": 374.61536, "TVOL00": 0, "TVMT00": 0.0, "ID": 0, "AADT_2023": 0, "AWDT_2023": 0, "MD210": 0, "CNT2LOADDIF": 0.0, "ABSNCTDIFF": 0.0, "CNT2LOADPCT": 0.0, "ABSPCTDIFF": 0.0, "MD210U": 0, "LOAD1": 374.61536, "LOAD2": 19.37753, "LOADGRW": -355.23782, "ABSGRW": 355.23782, "PRCGRW": -0.9482735, "PRCANLGRW": -4.3103342 }, "geometry": { "type": "LineString", "coordinates": [ [ -77.545063059618698, 39.180704584778738 ], [ -77.540149444263932, 39.152933200668791 ] ] } },
{ "type": "Feature", "properties": { "A": 2272, "B": 38134, "SUBAREA": 0, "FFSNEW": 0, "CPENEW": 0, "CPEFAC": 0, "TIMEPEN": 0, "DISTANCE": 0.63, "SPDCLASS": 3, "CAPCLASS": 3, "JUR": 6, "SCREEN": 0, "FTYPE": 0, "TOLL": 0, "TOLLGRP": 0, "AMLANE": 7, "AMLIMIT": 0, "PMLANE": 7, "PMLIMIT": 0, "OPLANE": 7, "OPLIMIT": 0, "EDGEID": 38100000000, "LINKID": 19761, "NETYEAR": 2001, "SHAPE_LENG": 3303.4, "PROJECTID": "NA", "TAZ": 2272, "ATYPE": 3, "MDLANE": 7, "MDLIMIT": 0, "NTLANE": 7, "NTLIMIT": 0, "DEFLATIONFT": 0.8011, "AMTOLL": 0.0, "PMTOLL": 0.0, "OPTOLL": 0.0, "AMTOLL_VP": 0.0, "PMTOLL_VP": 0.0, "OPTOLL_VP": 0.0, "AMHTIME": 1.89, "PMHTIME": 1.89, "OPHTIME": 1.89, "MDTOLL": 0.0, "MDTOLL_VP": 0.0, "MDHTIME": 1.89, "NTTOLL": 0.0, "NTTOLL_VP": 0.0, "NTHTIME": 1.89, "LINKAB": 227238134, "TURNPENI": "TURNPEN.PEN", "I4AMSOV": 0.00872, "I4AMHV2": 0.00176, "I4AMHV3": 0.0, "I4AMCV": 0.00172, "I4AMTRK": 0.0, "I4AMAPX": 0.0, "I4AMVOL": 0.0122, "I4AMVMT": 0.00768, "I4AMFFSPD": 23, "AMHRLKCAP": 22050, "AMHRLNCAP": 3150, "I4AMVC": 0.0, "I4AMVDF": 1.0, "I4AMSPD": 23.0, "COMP": 0, "I4MDSOV": 161.33427, "I4MDHV2": 46.54668, "I4MDHV3": 22.58107, "I4MDCV": 22.84651, "I4MDTRK": 0.0, "I4MDAPX": 0.0, "I4MDVOL": 253.30853, "I4MDVMT": 159.58438, "I4MDFFSPD": 23, "MDHRLKCAP": 22050, "MDHRLNCAP": 3150, "I4MDVC": 0.00203, "I4MDVDF": 1.0, "I4MDSPD": 23.0, "I4PMSOV": 314.76096, "I4PMHV2": 115.34394, "I4PMHV3": 74.2, "I4PMCV": 69.36292, "I4PMTRK": 0.0, "I4PMAPX": 20.01846, "I4PMVOL": 593.68628, "I4PMVMT": 374.02234, "I4PMFFSPD": 23, "PMHRLKCAP": 22050, "PMHRLNCAP": 3150, "I4PMVC": 0.00792, "I4PMVDF": 1.0, "I4PMSPD": 23.0, "I4NTSOV": 0.0, "I4NTHV2": 0.0, "I4NTHV3": 0.0, "I4NTCV": 0.0, "I4NTTRK": 0.0, "I4NTAPX": 0.0, "I4NTVOL": 0.0, "I4NTVMT": 0.0, "I4NTFFSPD": 23, "NTHRLKCAP": 22050, "NTHRLNCAP": 3150, "I4NTVC": 0.0, "I4NTVDF": 1.0, "I4NTSPD": 23.0, "I424VOL": 847.00702, "TVOL00": 0, "TVMT00": 0.0, "ID": 0, "AADT_2023": 0, "AWDT_2023": 0, "MD210": 0, "CNT2LOADDIF": 0.0, "ABSNCTDIFF": 0.0, "CNT2LOADPCT": 0.0, "ABSPCTDIFF": 0.0, "MD210U": 0, "LOAD1": 847.00702, "LOAD2": 0.0, "LOADGRW": -847.00702, "ABSGRW": 847.00702, "PRCGRW": -1.0, "PRCANLGRW": -4.5454545 }, "geometry": { "type": "LineString", "coordinates": [ [ -77.55031160071637, 39.121854463344299 ], [ -77.561916589994084, 39.121121212185798 ] ] } },
{ "type": "Feature", "properties": { "A": 2486, "B": 40257, "SUBAREA": 0, "FFSNEW": 0, "CPENEW": 0, "CPEFAC": 0, "TIMEPEN": 0, "DISTANCE": 0.69, "SPDCLASS": 5, "CAPCLASS": 5, "JUR": 7, "SCREEN": 0, "FTYPE": 0, "TOLL": 0, "TOLLGRP": 0, "AMLANE": 7, "AMLIMIT": 0, "PMLANE": 7, "PMLIMIT": 0, "OPLANE": 7, "OPLIMIT": 0, "EDGEID": 2486040257, "LINKID": 4301, "NETYEAR": 2001, "SHAPE_LENG": 3659.62, "PROJECTID": "NA", "TAZ": 2486, "ATYPE": 5, "MDLANE": 7, "MDLIMIT": 0, "NTLANE": 7, "NTLIMIT": 0, "DEFLATIONFT": 0.8011, "AMTOLL": 0.0, "PMTOLL": 0.0, "OPTOLL": 0.0, "AMTOLL_VP": 0.0, "PMTOLL_VP": 0.0, "OPTOLL_VP": 0.0, "AMHTIME": 1.38, "PMHTIME": 1.38, "OPHTIME": 1.38, "MDTOLL": 0.0, "MDTOLL_VP": 0.0, "MDHTIME": 1.38, "NTTOLL": 0.0, "NTTOLL_VP": 0.0, "NTHTIME": 1.38, "LINKAB": 248640257, "TURNPENI": "TURNPEN.PEN", "I4AMSOV": 402.1, "I4AMHV2": 60.02, "I4AMHV3": 31.09, "I4AMCV": 26.88, "I4AMTRK": 18.62, "I4AMAPX": 1.73, "I4AMVOL": 540.44, "I4AMVMT": 372.9036, "I4AMFFSPD": 35, "AMHRLKCAP": 22050, "AMHRLNCAP": 3150, "I4AMVC": 0.01022, "I4AMVDF": 1.0, "I4AMSPD": 35.0, "COMP": 0, "I4MDSOV": 660.97, "I4MDHV2": 160.76, "I4MDHV3": 79.93, "I4MDCV": 48.22, "I4MDTRK": 35.79, "I4MDAPX": 2.72, "I4MDVOL": 988.39, "I4MDVMT": 681.9891, "I4MDFFSPD": 35, "MDHRLKCAP": 22050, "MDHRLNCAP": 3150, "I4MDVC": 0.00793, "I4MDVDF": 1.0, "I4MDSPD": 35.0, "I4PMSOV": 409.76, "I4PMHV2": 137.65, "I4PMHV3": 67.45, "I4PMCV": 48.99, "I4PMTRK": 14.82, "I4PMAPX": 14.82, "I4PMVOL": 693.49, "I4PMVMT": 478.5081, "I4PMFFSPD": 35, "PMHRLKCAP": 22050, "PMHRLNCAP": 3150, "I4PMVC": 0.00925, "I4PMVDF": 1.0, "I4PMSPD": 35.0, "I4NTSOV": 413.26, "I4NTHV2": 119.66, "I4NTHV3": 60.56, "I4NTCV": 21.94, "I4NTTRK": 7.5, "I4NTAPX": 1.11, "I4NTVOL": 624.03, "I4NTVMT": 430.5807, "I4NTFFSPD": 35, "NTHRLKCAP": 22050, "NTHRLNCAP": 3150, "I4NTVC": 0.00425, "I4NTVDF": 1.0, "I4NTSPD": 35.0, "I424VOL": 2846.35, "TVOL00": 0, "TVMT00": 0.0, "ID": 0, "AADT_2023": 0, "AWDT_2023": 0, "MD210": 0, "CNT2LOADDIF": 0.0, "ABSNCTDIFF": 0.0, "CNT2LOADPCT": 0.0, "ABSPCTDIFF": 0.0, "MD210U": 0, "LOAD1": 2846.35, "LOAD2": 0.0, "LOADGRW": -2846.3501, "ABSGRW": 2846.35, "PRCGRW": -1.0, "PRCANLGRW": -4.5454545 }, "geometry": { "type": "LineString", "coordinates": [ [ -77.648040427890578, 38.823934510978432 ], [ -77.635708824426885, 38.821121937457853 ] ] } },
{ "type": "Feature", "properties": { "A": 2487, "B": 40496, "SUBAREA": 0, "FFSNEW": 0, "CPENEW": 0, "CPEFAC": 0, "TIMEPEN": 0, "DISTANCE": 0.38, "SPDCLASS": 4, "CAPCLASS": 4, "JUR": 7, "SCREEN": 0, "FTYPE": 0, "TOLL": 0, "TOLLGRP": 0, "AMLANE": 7, "AMLIMIT": 0, "PMLANE": 7, "PMLIMIT": 0, "OPLANE": 7, "OPLIMIT": 0, "EDGEID": 2487040496, "LINKID": 47482, "NETYEAR": 2001, "SHAPE_LENG": 1982.45, "PROJECTID": "NA", "TAZ": 2487, "ATYPE": 4, "MDLANE": 7, "MDLIMIT": 0, "NTLANE": 7, "NTLIMIT": 0, "DEFLATIONFT": 0.8011, "AMTOLL": 0.0, "PMTOLL": 0.0, "OPTOLL": 0.0, "AMTOLL_VP": 0.0, "PMTOLL_VP": 0.0, "OPTOLL_VP": 0.0, "AMHTIME": 0.912, "PMHTIME": 0.912, "OPHTIME": 0.912, "MDTOLL": 0.0, "MDTOLL_VP": 0.0, "MDHTIME": 0.912, "NTTOLL": 0.0, "NTTOLL_VP": 0.0, "NTHTIME": 0.912, "LINKAB": 248740496, "TURNPENI": "TURNPEN.PEN", "I4AMSOV": 41.73815, "I4AMHV2": 7.0716, "I4AMHV3": 2.21536, "I4AMCV": 11.99094, "I4AMTRK": 3.56289, "I4AMAPX": 0.10051, "I4AMVOL": 66.67944, "I4AMVMT": 25.33819, "I4AMFFSPD": 29, "AMHRLKCAP": 22050, "AMHRLNCAP": 3150, "I4AMVC": 0.00126, "I4AMVDF": 1.0, "I4AMSPD": 29.0, "COMP": 0, "I4MDSOV": 113.41, "I4MDHV2": 22.93, "I4MDHV3": 8.03, "I4MDCV": 9.43, "I4MDTRK": 4.76, "I4MDAPX": 0.0, "I4MDVOL": 158.56, "I4MDVMT": 60.2528, "I4MDFFSPD": 29, "MDHRLKCAP": 22050, "MDHRLNCAP": 3150, "I4MDVC": 0.00127, "I4MDVDF": 1.0, "I4MDSPD": 29.0, "I4PMSOV": 102.98613, "I4PMHV2": 24.15456, "I4PMHV3": 9.9, "I4PMCV": 12.8765, "I4PMTRK": 2.21382, "I4PMAPX": 2.21382, "I4PMVOL": 154.34483, "I4PMVMT": 58.65104, "I4PMFFSPD": 29, "PMHRLKCAP": 22050, "PMHRLNCAP": 3150, "I4PMVC": 0.00206, "I4PMVDF": 1.0, "I4PMSPD": 29.0, "I4NTSOV": 69.88, "I4NTHV2": 20.96, "I4NTHV3": 8.9, "I4NTCV": 6.49, "I4NTTRK": 1.43, "I4NTAPX": 0.0, "I4NTVOL": 107.66, "I4NTVMT": 40.9108, "I4NTFFSPD": 29, "NTHRLKCAP": 22050, "NTHRLNCAP": 3150, "I4NTVC": 0.00073, "I4NTVDF": 1.0, "I4NTSPD": 29.0, "I424VOL": 487.24426, "TVOL00": 0, "TVMT00": 0.0, "ID": 0, "AADT_2023": 0, "AWDT_2023": 0, "MD210": 0, "CNT2LOADDIF": 0.0, "ABSNCTDIFF": 0.0, "CNT2LOADPCT": 0.0, "ABSPCTDIFF": 0.0, "MD210U": 0, "LOAD1": 487.24426, "LOAD2": 35.59507, "LOADGRW": -451.6492, "ABSGRW": 451.6492, "PRCGRW": -0.9269462, "PRCANLGRW": -4.2133918 }, "geometry": { "type": "LineString", "coordinates": [ [ -77.63496735985737, 38.813525441236472 ], [ -77.630487416911961, 38.809362300280071 ] ] } },
{ "type": "Feature", "properties": { "A": 2521, "B": 40946, "SUBAREA": 0, "FFSNEW": 0, "CPENEW": 0, "CPEFAC": 0, "TIMEPEN": 0, "DISTANCE": 0.55, "SPDCLASS": 6, "CAPCLASS": 6, "JUR": 7, "SCREEN": 0, "FTYPE": 0, "TOLL": 0, "TOLLGRP": 0, "AMLANE": 7, "AMLIMIT": 0, "PMLANE": 7, "PMLIMIT": 0, "OPLANE": 7, "OPLIMIT": 0, "EDGEID": 2521040946, "LINKID": 21658, "NETYEAR": 2001, "SHAPE_LENG": 2920.54, "PROJECTID": "NEWTAZ", "TAZ": 2521, "ATYPE": 6, "MDLANE": 7, "MDLIMIT": 0, "NTLANE": 7, "NTLIMIT": 0, "DEFLATIONFT": 0.8011, "AMTOLL": 0.0, "PMTOLL": 0.0, "OPTOLL": 0.0, "AMTOLL_VP": 0.0, "PMTOLL_VP": 0.0, "OPTOLL_VP": 0.0, "AMHTIME": 0.94286, "PMHTIME": 0.94286, "OPHTIME": 0.94286, "MDTOLL": 0.0, "MDTOLL_VP": 0.0, "MDHTIME": 0.94286, "NTTOLL": 0.0, "NTTOLL_VP": 0.0, "NTHTIME": 0.94286, "LINKAB": 252140946, "TURNPENI": "TURNPEN.PEN", "I4AMSOV": 0.59, "I4AMHV2": 0.0, "I4AMHV3": 0.0, "I4AMCV": 0.01, "I4AMTRK": 0.0, "I4AMAPX": 0.01, "I4AMVOL": 0.61, "I4AMVMT": 0.3355, "I4AMFFSPD": 40, "AMHRLKCAP": 22050, "AMHRLNCAP": 3150, "I4AMVC": 1.0000000000000001e-05, "I4AMVDF": 1.0, "I4AMSPD": 40.0, "COMP": 0, "I4MDSOV": 4.96, "I4MDHV2": 0.18, "I4MDHV3": 0.05, "I4MDCV": 0.04, "I4MDTRK": 0.0, "I4MDAPX": 0.01, "I4MDVOL": 5.24, "I4MDVMT": 2.882, "I4MDFFSPD": 40, "MDHRLKCAP": 22050, "MDHRLNCAP": 3150, "I4MDVC": 4.0000000000000003e-05, "I4MDVDF": 1.0, "I4MDSPD": 40.0, "I4PMSOV": 7.24, "I4PMHV2": 0.23, "I4PMHV3": 0.07, "I4PMCV": 0.04, "I4PMTRK": 0.0, "I4PMAPX": 0.0, "I4PMVOL": 7.58, "I4PMVMT": 4.169, "I4PMFFSPD": 40, "PMHRLKCAP": 22050, "PMHRLNCAP": 3150, "I4PMVC": 0.0001, "I4PMVDF": 1.0, "I4PMSPD": 40.0, "I4NTSOV": 3.49, "I4NTHV2": 0.23, "I4NTHV3": 0.05, "I4NTCV": 0.0, "I4NTTRK": 0.0, "I4NTAPX": 0.0, "I4NTVOL": 3.77, "I4NTVMT": 2.0735, "I4NTFFSPD": 40, "NTHRLKCAP": 22050, "NTHRLNCAP": 3150, "I4NTVC": 3.0000000000000001e-05, "I4NTVDF": 1.0, "I4NTSPD": 40.0, "I424VOL": 17.2, "TVOL00": 0, "TVMT00": 0.0, "ID": 0, "AADT_2023": 0, "AWDT_2023": 0, "MD210": 0, "CNT2LOADDIF": 0.0, "ABSNCTDIFF": 0.0, "CNT2LOADPCT": 0.0, "ABSPCTDIFF": 0.0, "MD210U": 0, "LOAD1": 17.2, "LOAD2": 0.0, "LOADGRW": -17.2, "ABSGRW": 17.2, "PRCGRW": -1.0, "PRCANLGRW": -4.5454545 }, "geometry": { "type": "LineString", "coordinates": [ [ -77.520591852371496, 38.82740361494001 ], [ -77.513037375095081, 38.821981103265976 ] ] } },
{ "type": "Feature", "properties": { "A": 2522, "B": 40855, "SUBAREA": 0, "FFSNEW": 0, "CPENEW": 0, "CPEFAC": 0, "TIMEPEN": 0, "DISTANCE": 0.44, "SPDCLASS": 6, "CAPCLASS": 6, "JUR": 7, "SCREEN": 0, "FTYPE": 0, "TOLL": 0, "TOLLGRP": 0, "AMLANE": 7, "AMLIMIT": 0, "PMLANE": 7, "PMLIMIT": 0, "OPLANE": 7, "OPLIMIT": 0, "EDGEID": 2522040855, "LINKID": 6367, "NETYEAR": 2001, "SHAPE_LENG": 2342.8, "PROJECTID": "NA", "TAZ": 2522, "ATYPE": 6, "MDLANE": 7, "MDLIMIT": 0, "NTLANE": 7, "NTLIMIT": 0, "DEFLATIONFT": 0.8011, "AMTOLL": 0.0, "PMTOLL": 0.0, "OPTOLL": 0.0, "AMTOLL_VP": 0.0, "PMTOLL_VP": 0.0, "OPTOLL_VP": 0.0, "AMHTIME": 0.75429, "PMHTIME": 0.75429, "OPHTIME": 0.75429, "MDTOLL": 0.0, "MDTOLL_VP": 0.0, "MDHTIME": 0.75429, "NTTOLL": 0.0, "NTTOLL_VP": 0.0, "NTHTIME": 0.75429, "LINKAB": 252240855, "TURNPENI": "TURNPEN.PEN", "I4AMSOV": 14.69, "I4AMHV2": 1.6, "I4AMHV3": 0.52, "I4AMCV": 2.0, "I4AMTRK": 0.85, "I4AMAPX": 0.07, "I4AMVOL": 19.73, "I4AMVMT": 8.6812, "I4AMFFSPD": 40, "AMHRLKCAP": 22050, "AMHRLNCAP": 3150, "I4AMVC": 0.00037, "I4AMVDF": 1.0, "I4AMSPD": 40.0, "COMP": 0, "I4MDSOV": 21.06, "I4MDHV2": 4.39, "I4MDHV3": 1.9, "I4MDCV": 3.78, "I4MDTRK": 1.7, "I4MDAPX": 0.1, "I4MDVOL": 32.93, "I4MDVMT": 14.4892, "I4MDFFSPD": 40, "MDHRLKCAP": 22050, "MDHRLNCAP": 3150, "I4MDVC": 0.00026, "I4MDVDF": 1.0, "I4MDSPD": 40.0, "I4PMSOV": 12.06, "I4PMHV2": 3.77, "I4PMHV3": 1.69, "I4PMCV": 3.81, "I4PMTRK": 0.69, "I4PMAPX": 0.69, "I4PMVOL": 22.71, "I4PMVMT": 9.9924, "I4PMFFSPD": 40, "PMHRLKCAP": 22050, "PMHRLNCAP": 3150, "I4PMVC": 0.0003, "I4PMVDF": 1.0, "I4PMSPD": 40.0, "I4NTSOV": 12.76, "I4NTHV2": 3.29, "I4NTHV3": 1.46, "I4NTCV": 1.62, "I4NTTRK": 0.33, "I4NTAPX": 0.05, "I4NTVOL": 19.51, "I4NTVMT": 8.5844, "I4NTFFSPD": 40, "NTHRLKCAP": 22050, "NTHRLNCAP": 3150, "I4NTVC": 0.00013, "I4NTVDF": 1.0, "I4NTSPD": 40.0, "I424VOL": 94.88, "TVOL00": 0, "TVMT00": 0.0, "ID": 0, "AADT_2023": 0, "AWDT_2023": 0, "MD210": 0, "CNT2LOADDIF": 0.0, "ABSNCTDIFF": 0.0, "CNT2LOADPCT": 0.0, "ABSPCTDIFF": 0.0, "MD210U": 0, "LOAD1": 94.88, "LOAD2": 0.0, "LOADGRW": -94.88, "ABSGRW": 94.88, "PRCGRW": -1.0, "PRCANLGRW": -4.5454545 }, "geometry": { "type": "LineString", "coordinates": [ [ -77.527897148797351, 38.835528661779108 ], [ -77.535987616823505, 38.834371489832577 ] ] } },
{ "type": "Feature", "properties": { "A": 2524, "B": 40852, "SUBAREA": 0, "FFSNEW": 0, "CPENEW": 0, "CPEFAC": 0, "TIMEPEN": 0, "DISTANCE": 0.66, "SPDCLASS": 6, "CAPCLASS": 6, "JUR": 7, "SCREEN": 0, "FTYPE": 0, "TOLL": 0, "TOLLGRP": 0, "AMLANE": 7, "AMLIMIT": 0, "PMLANE": 7, "PMLIMIT": 0, "OPLANE": 7, "OPLIMIT": 0, "EDGEID": 2524040852, "LINKID": 71039, "NETYEAR": 2001, "SHAPE_LENG": 3466.88, "PROJECTID": "NA", "TAZ": 2524, "ATYPE": 6, "MDLANE": 7, "MDLIMIT": 0, "NTLANE": 7, "NTLIMIT": 0, "DEFLATIONFT": 0.8011, "AMTOLL": 0.0, "PMTOLL": 0.0, "OPTOLL": 0.0, "AMTOLL_VP": 0.0, "PMTOLL_VP": 0.0, "OPTOLL_VP": 0.0, "AMHTIME": 1.13143, "PMHTIME": 1.13143, "OPHTIME": 1.13143, "MDTOLL": 0.0, "MDTOLL_VP": 0.0, "MDHTIME": 1.13143, "NTTOLL": 0.0, "NTTOLL_VP": 0.0, "NTHTIME": 1.13143, "LINKAB": 252440852, "TURNPENI": "TURNPEN.PEN", "I4AMSOV": 1.47, "I4AMHV2": 0.04, "I4AMHV3": 0.0, "I4AMCV": 0.64, "I4AMTRK": 0.33, "I4AMAPX": 0.01, "I4AMVOL": 2.49, "I4AMVMT": 1.6434, "I4AMFFSPD": 40, "AMHRLKCAP": 22050, "AMHRLNCAP": 3150, "I4AMVC": 5.0000000000000002e-05, "I4AMVDF": 1.0, "I4AMSPD": 40.0, "COMP": 0, "I4MDSOV": 3.38, "I4MDHV2": 0.37, "I4MDHV3": 0.12, "I4MDCV": 1.23, "I4MDTRK": 0.72, "I4MDAPX": 0.01, "I4MDVOL": 5.83, "I4MDVMT": 3.8478, "I4MDFFSPD": 40, "MDHRLKCAP": 22050, "MDHRLNCAP": 3150, "I4MDVC": 5.0000000000000002e-05, "I4MDVDF": 1.0, "I4MDSPD": 40.0, "I4PMSOV": 2.35, "I4PMHV2": 0.35, "I4PMHV3": 0.13, "I4PMCV": 1.23, "I4PMTRK": 0.23, "I4PMAPX": 0.23, "I4PMVOL": 4.52, "I4PMVMT": 2.9832, "I4PMFFSPD": 40, "PMHRLKCAP": 22050, "PMHRLNCAP": 3150, "I4PMVC": 6.0000000000000002e-05, "I4PMVDF": 1.0, "I4PMSPD": 40.0, "I4NTSOV": 1.84, "I4NTHV2": 0.28, "I4NTHV3": 0.1, "I4NTCV": 0.51, "I4NTTRK": 0.2, "I4NTAPX": 0.01, "I4NTVOL": 2.94, "I4NTVMT": 1.9404, "I4NTFFSPD": 40, "NTHRLKCAP": 22050, "NTHRLNCAP": 3150, "I4NTVC": 2.0000000000000002e-05, "I4NTVDF": 1.0, "I4NTSPD": 40.0, "I424VOL": 15.78, "TVOL00": 0, "TVMT00": 0.0, "ID": 0, "AADT_2023": 0, "AWDT_2023": 0, "MD210": 0, "CNT2LOADDIF": 0.0, "ABSNCTDIFF": 0.0, "CNT2LOADPCT": 0.0, "ABSPCTDIFF": 0.0, "MD210U": 0, "LOAD1": 15.78, "LOAD2": 0.0, "LOADGRW": -15.78, "ABSGRW": 15.78, "PRCGRW": -1.0, "PRCANLGRW": -4.5454545 }, "geometry": { "type": "LineString", "coordinates": [ [ -77.540394830914977, 38.824348094328364 ], [ -77.533162953851743, 38.816693017212515 ] ] } },
{ "type": "Feature", "properties": { "A": 2525, "B": 40945, "SUBAREA": 0, "FFSNEW": 0, "CPENEW": 0, "CPEFAC": 0, "TIMEPEN": 0, "DISTANCE": 0.72, "SPDCLASS": 5, "CAPCLASS": 5, "JUR": 7, "SCREEN": 0, "FTYPE": 0, "TOLL": 0, "TOLLGRP": 0, "AMLANE": 7, "AMLIMIT": 0, "PMLANE": 7, "PMLIMIT": 0, "OPLANE": 7, "OPLIMIT": 0, "EDGEID": 2525040945, "LINKID": 27604, "NETYEAR": 2001, "SHAPE_LENG": 3785.98, "PROJECTID": "NEWTAZ", "TAZ": 2525, "ATYPE": 5, "MDLANE": 7, "MDLIMIT": 0, "NTLANE": 7, "NTLIMIT": 0, "DEFLATIONFT": 0.8011, "AMTOLL": 0.0, "PMTOLL": 0.0, "OPTOLL": 0.0, "AMTOLL_VP": 0.0, "PMTOLL_VP": 0.0, "OPTOLL_VP": 0.0, "AMHTIME": 1.44, "PMHTIME": 1.44, "OPHTIME": 1.44, "MDTOLL": 0.0, "MDTOLL_VP": 0.0, "MDHTIME": 1.44, "NTTOLL": 0.0, "NTTOLL_VP": 0.0, "NTHTIME": 1.44, "LINKAB": 252540945, "TURNPENI": "TURNPEN.PEN", "I4AMSOV": 12.97995, "I4AMHV2": 1.3, "I4AMHV3": 0.51, "I4AMCV": 0.24, "I4AMTRK": 0.11, "I4AMAPX": 0.08, "I4AMVOL": 15.21994, "I4AMVMT": 10.95836, "I4AMFFSPD": 35, "AMHRLKCAP": 22050, "AMHRLNCAP": 3150, "I4AMVC": 0.00029, "I4AMVDF": 1.0, "I4AMSPD": 35.0, "COMP": 0, "I4MDSOV": 17.39, "I4MDHV2": 3.76, "I4MDHV3": 1.68, "I4MDCV": 0.73, "I4MDTRK": 0.29, "I4MDAPX": 0.13, "I4MDVOL": 23.98, "I4MDVMT": 17.2656, "I4MDFFSPD": 35, "MDHRLKCAP": 22050, "MDHRLNCAP": 3150, "I4MDVC": 0.00019, "I4MDVDF": 1.0, "I4MDSPD": 35.0, "I4PMSOV": 6.42165, "I4PMHV2": 2.16015, "I4PMHV3": 0.61, "I4PMCV": 0.57114, "I4PMTRK": 0.05891, "I4PMAPX": 0.05891, "I4PMVOL": 9.88076, "I4PMVMT": 7.11414, "I4PMFFSPD": 35, "PMHRLKCAP": 22050, "PMHRLNCAP": 3150, "I4PMVC": 0.00013, "I4PMVDF": 1.0, "I4PMSPD": 35.0, "I4NTSOV": 11.09, "I4NTHV2": 3.15, "I4NTHV3": 1.43, "I4NTCV": 0.13, "I4NTTRK": 0.04, "I4NTAPX": 0.05, "I4NTVOL": 15.89, "I4NTVMT": 11.4408, "I4NTFFSPD": 35, "NTHRLKCAP": 22050, "NTHRLNCAP": 3150, "I4NTVC": 0.00011, "I4NTVDF": 1.0, "I4NTSPD": 35.0, "I424VOL": 64.9707, "TVOL00": 0, "TVMT00": 0.0, "ID": 0, "AADT_2023": 0, "AWDT_2023": 0, "MD210": 0, "CNT2LOADDIF": 0.0, "ABSNCTDIFF": 0.0, "CNT2LOADPCT": 0.0, "ABSPCTDIFF": 0.0, "MD210U": 0, "LOAD1": 64.9707, "LOAD2": 0.0, "LOADGRW": -64.9707, "ABSGRW": 64.9707, "PRCGRW": -1.0, "PRCANLGRW": -4.5454545 }, "geometry": { "type": "LineString", "coordinates": [ [ -77.536323090054978, 38.808460234802354 ], [ -77.524066294299885, 38.812475433921314 ] ] } },
{ "type": "Feature", "properties": { "A": 2526, "B": 40853, "SUBAREA": 0, "FFSNEW": 0, "CPENEW": 0, "CPEFAC": 0, "TIMEPEN": 0, "DISTANCE": 0.71, "SPDCLASS": 3, "CAPCLASS": 3, "JUR": 7, "SCREEN": 0, "FTYPE": 0, "TOLL": 0, "TOLLGRP": 0, "AMLANE": 7, "AMLIMIT": 0, "PMLANE": 7, "PMLIMIT": 0, "OPLANE": 7, "OPLIMIT": 0, "EDGEID": 2526040853, "LINKID": 10785, "NETYEAR": 2001, "SHAPE_LENG": 3730.22, "PROJECTID": "NA", "TAZ": 2526, "ATYPE": 3, "MDLANE": 7, "MDLIMIT": 0, "NTLANE": 7, "NTLIMIT": 0, "DEFLATIONFT": 0.8011, "AMTOLL": 0.0, "PMTOLL": 0.0, "OPTOLL": 0.0, "AMTOLL_VP": 0.0, "PMTOLL_VP": 0.0, "OPTOLL_VP": 0.0, "AMHTIME": 2.13, "PMHTIME": 2.13, "OPHTIME": 2.13, "MDTOLL": 0.0, "MDTOLL_VP": 0.0, "MDHTIME": 2.13, "NTTOLL": 0.0, "NTTOLL_VP": 0.0, "NTHTIME": 2.13, "LINKAB": 252640853, "TURNPENI": "TURNPEN.PEN", "I4AMSOV": 1.38, "I4AMHV2": 0.12, "I4AMHV3": 0.0, "I4AMCV": 0.11, "I4AMTRK": 0.0, "I4AMAPX": 0.02, "I4AMVOL": 1.63, "I4AMVMT": 1.1573, "I4AMFFSPD": 23, "AMHRLKCAP": 22050, "AMHRLNCAP": 3150, "I4AMVC": 3.0000000000000001e-05, "I4AMVDF": 1.0, "I4AMSPD": 23.0, "COMP": 0, "I4MDSOV": 9.55, "I4MDHV2": 1.14, "I4MDHV3": 0.22, "I4MDCV": 0.28, "I4MDTRK": 0.01, "I4MDAPX": 0.03, "I4MDVOL": 11.23, "I4MDVMT": 7.9733, "I4MDFFSPD": 23, "MDHRLKCAP": 22050, "MDHRLNCAP": 3150, "I4MDVC": 9.0000000000000006e-05, "I4MDVDF": 1.0, "I4MDSPD": 23.0, "I4PMSOV": 14.77, "I4PMHV2": 1.32, "I4PMHV3": 0.25, "I4PMCV": 0.28, "I4PMTRK": 0.0, "I4PMAPX": 0.0, "I4PMVOL": 16.62, "I4PMVMT": 11.8002, "I4PMFFSPD": 23, "PMHRLKCAP": 22050, "PMHRLNCAP": 3150, "I4PMVC": 0.00022, "I4PMVDF": 1.0, "I4PMSPD": 23.0, "I4NTSOV": 8.11, "I4NTHV2": 1.1, "I4NTHV3": 0.31, "I4NTCV": 0.03, "I4NTTRK": 0.0, "I4NTAPX": 0.01, "I4NTVOL": 9.56, "I4NTVMT": 6.7876, "I4NTFFSPD": 23, "NTHRLKCAP": 22050, "NTHRLNCAP": 3150, "I4NTVC": 6.9999999999999994e-05, "I4NTVDF": 1.0, "I4NTSPD": 23.0, "I424VOL": 39.04, "TVOL00": 0, "TVMT00": 0.0, "ID": 0, "AADT_2023": 0, "AWDT_2023": 0, "MD210": 0, "CNT2LOADDIF": 0.0, "ABSNCTDIFF": 0.0, "CNT2LOADPCT": 0.0, "ABSPCTDIFF": 0.0, "MD210U": 0, "LOAD1": 39.04, "LOAD2": 0.0, "LOADGRW": -39.04, "ABSGRW": 39.04, "PRCGRW": -1.0, "PRCANLGRW": -4.5454545 }, "geometry": { "type": "LineString", "coordinates": [ [ -77.509732131089777, 38.8137882914329 ], [ -77.519928703045792, 38.820212489527805 ] ] } },
{ "type": "Feature", "properties": { "A": 2535, "B": 40764, "SUBAREA": 0, "FFSNEW": 0, "CPENEW": 0, "CPEFAC": 0, "TIMEPEN": 0, "DISTANCE": 0.4, "SPDCLASS": 3, "CAPCLASS": 3, "JUR": 7, "SCREEN": 0, "FTYPE": 0, "TOLL": 0, "TOLLGRP": 0, "AMLANE": 7, "AMLIMIT": 0, "PMLANE": 7, "PMLIMIT": 0, "OPLANE": 7, "OPLIMIT": 0, "EDGEID": 2535040764, "LINKID": 57792, "NETYEAR": 2001, "SHAPE_LENG": 2110.76, "PROJECTID": "NA", "TAZ": 2535, "ATYPE": 3, "MDLANE": 7, "MDLIMIT": 0, "NTLANE": 7, "NTLIMIT": 0, "DEFLATIONFT": 0.8011, "AMTOLL": 0.0, "PMTOLL": 0.0, "OPTOLL": 0.0, "AMTOLL_VP": 0.0, "PMTOLL_VP": 0.0, "OPTOLL_VP": 0.0, "AMHTIME": 1.2, "PMHTIME": 1.2, "OPHTIME": 1.2, "MDTOLL": 0.0, "MDTOLL_VP": 0.0, "MDHTIME": 1.2, "NTTOLL": 0.0, "NTTOLL_VP": 0.0, "NTHTIME": 1.2, "LINKAB": 253540764, "TURNPENI": "TURNPEN.PEN", "I4AMSOV": 0.00017, "I4AMHV2": 4.0000000000000003e-05, "I4AMHV3": 0.0, "I4AMCV": 0.0, "I4AMTRK": 0.0, "I4AMAPX": 0.0, "I4AMVOL": 0.00021, "I4AMVMT": 8.0000000000000007e-05, "I4AMFFSPD": 23, "AMHRLKCAP": 22050, "AMHRLNCAP": 3150, "I4AMVC": 0.0, "I4AMVDF": 1.0, "I4AMSPD": 23.0, "COMP": 0, "I4MDSOV": 0.0, "I4MDHV2": 0.0, "I4MDHV3": 0.0, "I4MDCV": 0.0, "I4MDTRK": 0.0, "I4MDAPX": 0.0, "I4MDVOL": 0.0, "I4MDVMT": 0.0, "I4MDFFSPD": 23, "MDHRLKCAP": 22050, "MDHRLNCAP": 3150, "I4MDVC": 0.0, "I4MDVDF": 1.0, "I4MDSPD": 23.0, "I4PMSOV": 12.08, "I4PMHV2": 3.56, "I4PMHV3": 1.72, "I4PMCV": 0.1, "I4PMTRK": 0.04, "I4PMAPX": 0.04, "I4PMVOL": 17.54, "I4PMVMT": 7.016, "I4PMFFSPD": 23, "PMHRLKCAP": 22050, "PMHRLNCAP": 3150, "I4PMVC": 0.00023, "I4PMVDF": 1.0, "I4PMSPD": 23.0, "I4NTSOV": 0.0, "I4NTHV2": 0.0, "I4NTHV3": 0.0, "I4NTCV": 0.0, "I4NTTRK": 0.0, "I4NTAPX": 0.0, "I4NTVOL": 0.0, "I4NTVMT": 0.0, "I4NTFFSPD": 23, "NTHRLKCAP": 22050, "NTHRLNCAP": 3150, "I4NTVC": 0.0, "I4NTVDF": 1.0, "I4NTSPD": 23.0, "I424VOL": 17.54021, "TVOL00": 0, "TVMT00": 0.0, "ID": 0, "AADT_2023": 0, "AWDT_2023": 0, "MD210": 0, "CNT2LOADDIF": 0.0, "ABSNCTDIFF": 0.0, "CNT2LOADPCT": 0.0, "ABSPCTDIFF": 0.0, "MD210U": 0, "LOAD1": 17.54021, "LOAD2": 1.90792, "LOADGRW": -15.63229, "ABSGRW": 15.63229, "PRCGRW": -0.8912261, "PRCANLGRW": -4.0510278 }, "geometry": { "type": "LineString", "coordinates": [ [ -77.500647257963237, 38.786967826664721 ], [ -77.493360613185402, 38.787995617341345 ] ] } },
{ "type": "Feature", "properties": { "A": 2550, "B": 40651, "SUBAREA": 0, "FFSNEW": 0, "CPENEW": 0, "CPEFAC": 0, "TIMEPEN": 0, "DISTANCE": 0.61, "SPDCLASS": 6, "CAPCLASS": 6, "JUR": 7, "SCREEN": 0, "FTYPE": 0, "TOLL": 0, "TOLLGRP": 0, "AMLANE": 7, "AMLIMIT": 0, "PMLANE": 7, "PMLIMIT": 0, "OPLANE": 7, "OPLIMIT": 0, "EDGEID": 2550040651, "LINKID": 11653, "NETYEAR": 2001, "SHAPE_LENG": 3226.69, "PROJECTID": "NA", "TAZ": 2550, "ATYPE": 6, "MDLANE": 7, "MDLIMIT": 0, "NTLANE": 7, "NTLIMIT": 0, "DEFLATIONFT": 0.8011, "AMTOLL": 0.0, "PMTOLL": 0.0, "OPTOLL": 0.0, "AMTOLL_VP": 0.0, "PMTOLL_VP": 0.0, "OPTOLL_VP": 0.0, "AMHTIME": 1.04571, "PMHTIME": 1.04571, "OPHTIME": 1.04571, "MDTOLL": 0.0, "MDTOLL_VP": 0.0, "MDHTIME": 1.04571, "NTTOLL": 0.0, "NTTOLL_VP": 0.0, "NTHTIME": 1.04571, "LINKAB": 255040651, "TURNPENI": "TURNPEN.PEN", "I4AMSOV": 0.59, "I4AMHV2": 0.0, "I4AMHV3": 0.0, "I4AMCV": 0.01, "I4AMTRK": 0.0, "I4AMAPX": 0.01, "I4AMVOL": 0.61, "I4AMVMT": 0.3721, "I4AMFFSPD": 40, "AMHRLKCAP": 22050, "AMHRLNCAP": 3150, "I4AMVC": 1.0000000000000001e-05, "I4AMVDF": 1.0, "I4AMSPD": 40.0, "COMP": 0, "I4MDSOV": 4.39, "I4MDHV2": 0.11, "I4MDHV3": 0.01, "I4MDCV": 0.03, "I4MDTRK": 0.0, "I4MDAPX": 0.01, "I4MDVOL": 4.55, "I4MDVMT": 2.7755, "I4MDFFSPD": 40, "MDHRLKCAP": 22050, "MDHRLNCAP": 3150, "I4MDVC": 4.0000000000000003e-05, "I4MDVDF": 1.0, "I4MDSPD": 40.0, "I4PMSOV": 5.74, "I4PMHV2": 0.16, "I4PMHV3": 0.03, "I4PMCV": 0.03, "I4PMTRK": 0.0, "I4PMAPX": 0.0, "I4PMVOL": 5.96, "I4PMVMT": 3.6356, "I4PMFFSPD": 40, "PMHRLKCAP": 22050, "PMHRLNCAP": 3150, "I4PMVC": 8.0000000000000007e-05, "I4PMVDF": 1.0, "I4PMSPD": 40.0, "I4NTSOV": 2.83, "I4NTHV2": 0.18, "I4NTHV3": 0.03, "I4NTCV": 0.0, "I4NTTRK": 0.0, "I4NTAPX": 0.0, "I4NTVOL": 3.04, "I4NTVMT": 1.8544, "I4NTFFSPD": 40, "NTHRLKCAP": 22050, "NTHRLNCAP": 3150, "I4NTVC": 2.0000000000000002e-05, "I4NTVDF": 1.0, "I4NTSPD": 40.0, "I424VOL": 14.16, "TVOL00": 0, "TVMT00": 0.0, "ID": 0, "AADT_2023": 0, "AWDT_2023": 0, "MD210": 0, "CNT2LOADDIF": 0.0, "ABSNCTDIFF": 0.0, "CNT2LOADPCT": 0.0, "ABSPCTDIFF": 0.0, "MD210U": 0, "LOAD1": 14.16, "LOAD2": 0.0, "LOADGRW": -14.16, "ABSGRW": 14.16, "PRCGRW": -1.0, "PRCANLGRW": -4.5454545 }, "geometry": { "type": "LineString", "coordinates": [ [ -77.56093301017421, 38.815901075569904 ], [ -77.550569343799353, 38.812331416649101 ] ] } },
{ "type": "Feature", "properties": { "A": 2582, "B": 40472, "SUBAREA": 0, "FFSNEW": 0, "CPENEW": 0, "CPEFAC": 0, "TIMEPEN": 0, "DISTANCE": 0.23, "SPDCLASS": 4, "CAPCLASS": 4, "JUR": 7, "SCREEN": 0, "FTYPE": 0, "TOLL": 0, "TOLLGRP": 0, "AMLANE": 7, "AMLIMIT": 0, "PMLANE": 7, "PMLIMIT": 0, "OPLANE": 7, "OPLIMIT": 0, "EDGEID": 2582040472, "LINKID": 43399, "NETYEAR": 2001, "SHAPE_LENG": 1206.12, "PROJECTID": "NA", "TAZ": 2582, "ATYPE": 4, "MDLANE": 7, "MDLIMIT": 0, "NTLANE": 7, "NTLIMIT": 0, "DEFLATIONFT": 0.8011, "AMTOLL": 0.0, "PMTOLL": 0.0, "OPTOLL": 0.0, "AMTOLL_VP": 0.0, "PMTOLL_VP": 0.0, "OPTOLL_VP": 0.0, "AMHTIME": 0.552, "PMHTIME": 0.552, "OPHTIME": 0.552, "MDTOLL": 0.0, "MDTOLL_VP": 0.0, "MDHTIME": 0.552, "NTTOLL": 0.0, "NTTOLL_VP": 0.0, "NTHTIME": 0.552, "LINKAB": 258240472, "TURNPENI": "TURNPEN.PEN", "I4AMSOV": 222.42822, "I4AMHV2": 36.1403, "I4AMHV3": 16.73963, "I4AMCV": 8.30743, "I4AMTRK": 8.38765, "I4AMAPX": 0.0, "I4AMVOL": 292.00323, "I4AMVMT": 67.16074, "I4AMFFSPD": 29, "AMHRLKCAP": 22050, "AMHRLNCAP": 3150, "I4AMVC": 0.00552, "I4AMVDF": 1.0, "I4AMSPD": 29.0, "COMP": 0, "I4MDSOV": 321.98, "I4MDHV2": 88.43, "I4MDHV3": 43.3, "I4MDCV": 14.61, "I4MDTRK": 15.35, "I4MDAPX": 0.0, "I4MDVOL": 483.67, "I4MDVMT": 111.2441, "I4MDFFSPD": 29, "MDHRLKCAP": 22050, "MDHRLNCAP": 3150, "I4MDVC": 0.00388, "I4MDVDF": 1.0, "I4MDSPD": 29.0, "I4PMSOV": 148.07297, "I4PMHV2": 72.28414, "I4PMHV3": 33.25, "I4PMCV": 14.98704, "I4PMTRK": 6.59776, "I4PMAPX": 6.59776, "I4PMVOL": 281.78967, "I4PMVMT": 64.81162, "I4PMFFSPD": 29, "PMHRLKCAP": 22050, "PMHRLNCAP": 3150, "I4PMVC": 0.00376, "I4PMVDF": 1.0, "I4PMSPD": 29.0, "I4NTSOV": 186.09, "I4NTHV2": 62.84, "I4NTHV3": 32.01, "I4NTCV": 6.88, "I4NTTRK": 3.46, "I4NTAPX": 0.0, "I4NTVOL": 291.28, "I4NTVMT": 66.9944, "I4NTFFSPD": 29, "NTHRLKCAP": 22050, "NTHRLNCAP": 3150, "I4NTVC": 0.00198, "I4NTVDF": 1.0, "I4NTSPD": 29.0, "I424VOL": 1348.74292, "TVOL00": 0, "TVMT00": 0.0, "ID": 0, "AADT_2023": 0, "AWDT_2023": 0, "MD210": 0, "CNT2LOADDIF": 0.0, "ABSNCTDIFF": 0.0, "CNT2LOADPCT": 0.0, "ABSPCTDIFF": 0.0, "MD210U": 0, "LOAD1": 1348.74292, "LOAD2": 2.0000000000000002e-05, "LOADGRW": -1348.74292, "ABSGRW": 1348.74292, "PRCGRW": -1.0, "PRCANLGRW": -4.5454545 }, "geometry": { "type": "LineString", "coordinates": [ [ -77.559551878405159, 38.764153857126381 ], [ -77.556887425903156, 38.761582755510446 ] ] } },
{ "type": "Feature", "properties": { "A": 2645, "B": 40544, "SUBAREA": 0, "FFSNEW": 0, "CPENEW": 0, "CPEFAC": 0, "TIMEPEN": 0, "DISTANCE": 0.74, "SPDCLASS": 4, "CAPCLASS": 4, "JUR": 7, "SCREEN": 0, "FTYPE": 0, "TOLL": 0, "TOLLGRP": 0, "AMLANE": 7, "AMLIMIT": 0, "PMLANE": 7, "PMLIMIT": 0, "OPLANE": 7, "OPLIMIT": 0, "EDGEID": 40500000000, "LINKID": 64791, "NETYEAR": 2001, "SHAPE_LENG": 3892.28, "PROJECTID": "NA", "TAZ": 2645, "ATYPE": 4, "MDLANE": 7, "MDLIMIT": 0, "NTLANE": 7, "NTLIMIT": 0, "DEFLATIONFT": 0.8011, "AMTOLL": 0.0, "PMTOLL": 0.0, "OPTOLL": 0.0, "AMTOLL_VP": 0.0, "PMTOLL_VP": 0.0, "OPTOLL_VP": 0.0, "AMHTIME": 1.776, "PMHTIME": 1.776, "OPHTIME": 1.776, "MDTOLL": 0.0, "MDTOLL_VP": 0.0, "MDHTIME": 1.776, "NTTOLL": 0.0, "NTTOLL_VP": 0.0, "NTHTIME": 1.776, "LINKAB": 264540544, "TURNPENI": "TURNPEN.PEN", "I4AMSOV": 0.0, "I4AMHV2": 0.0, "I4AMHV3": 22.0, "I4AMCV": 0.0, "I4AMTRK": 0.0, "I4AMAPX": 0.0, "I4AMVOL": 22.0, "I4AMVMT": 16.28, "I4AMFFSPD": 29, "AMHRLKCAP": 22050, "AMHRLNCAP": 3150, "I4AMVC": 0.00042, "I4AMVDF": 1.0, "I4AMSPD": 29.0, "COMP": 0, "I4MDSOV": 0.0, "I4MDHV2": 0.0, "I4MDHV3": 0.0, "I4MDCV": 0.0, "I4MDTRK": 0.0, "I4MDAPX": 0.0, "I4MDVOL": 0.0, "I4MDVMT": 0.0, "I4MDFFSPD": 29, "MDHRLKCAP": 22050, "MDHRLNCAP": 3150, "I4MDVC": 0.0, "I4MDVDF": 1.0, "I4MDSPD": 29.0, "I4PMSOV": 37.81914, "I4PMHV2": 14.02567, "I4PMHV3": 6.54, "I4PMCV": 4.18765, "I4PMTRK": 1.19989, "I4PMAPX": 1.19989, "I4PMVOL": 64.97224, "I4PMVMT": 48.07946, "I4PMFFSPD": 29, "PMHRLKCAP": 22050, "PMHRLNCAP": 3150, "I4PMVC": 0.00087, "I4PMVDF": 1.0, "I4PMSPD": 29.0, "I4NTSOV": 0.0, "I4NTHV2": 0.0, "I4NTHV3": 0.0, "I4NTCV": 0.0, "I4NTTRK": 0.0, "I4NTAPX": 0.0, "I4NTVOL": 0.0, "I4NTVMT": 0.0, "I4NTFFSPD": 29, "NTHRLKCAP": 22050, "NTHRLNCAP": 3150, "I4NTVC": 0.0, "I4NTVDF": 1.0, "I4NTSPD": 29.0, "I424VOL": 86.97224, "TVOL00": 0, "TVMT00": 0.0, "ID": 0, "AADT_2023": 0, "AWDT_2023": 0, "MD210": 0, "CNT2LOADDIF": 0.0, "ABSNCTDIFF": 0.0, "CNT2LOADPCT": 0.0, "ABSPCTDIFF": 0.0, "MD210U": 0, "LOAD1": 86.97224, "LOAD2": 0.0, "LOADGRW": -86.97224, "ABSGRW": 86.97224, "PRCGRW": -1.0, "PRCANLGRW": -4.5454545 }, "geometry": { "type": "LineString", "coordinates": [ [ -77.443291982538327, 38.787246594831743 ], [ -77.450957926945563, 38.778403065780921 ] ] } },
{ "type": "Feature", "properties": { "A": 2646, "B": 40808, "SUBAREA": 0, "FFSNEW": 0, "CPENEW": 0, "CPEFAC": 0, "TIMEPEN": 0, "DISTANCE": 0.92, "SPDCLASS": 4, "CAPCLASS": 4, "JUR": 7, "SCREEN": 0, "FTYPE": 0, "TOLL": 0, "TOLLGRP": 0, "AMLANE": 7, "AMLIMIT": 0, "PMLANE": 7, "PMLIMIT": 0, "OPLANE": 7, "OPLIMIT": 0, "EDGEID": 40800000000, "LINKID": 37512, "NETYEAR": 2001, "SHAPE_LENG": 4883.05, "PROJECTID": "NA", "TAZ": 2646, "ATYPE": 4, "MDLANE": 7, "MDLIMIT": 0, "NTLANE": 7, "NTLIMIT": 0, "DEFLATIONFT": 0.8011, "AMTOLL": 0.0, "PMTOLL": 0.0, "OPTOLL": 0.0, "AMTOLL_VP": 0.0, "PMTOLL_VP": 0.0, "OPTOLL_VP": 0.0, "AMHTIME": 2.208, "PMHTIME": 2.208, "OPHTIME": 2.208, "MDTOLL": 0.0, "MDTOLL_VP": 0.0, "MDHTIME": 2.208, "NTTOLL": 0.0, "NTTOLL_VP": 0.0, "NTHTIME": 2.208, "LINKAB": 264640808, "TURNPENI": "TURNPEN.PEN", "I4AMSOV": 371.08484, "I4AMHV2": 104.13462, "I4AMHV3": 36.18187, "I4AMCV": 32.6706, "I4AMTRK": 25.21299, "I4AMAPX": 0.19398, "I4AMVOL": 569.47888, "I4AMVMT": 523.92053, "I4AMFFSPD": 29, "AMHRLKCAP": 22050, "AMHRLNCAP": 3150, "I4AMVC": 0.01077, "I4AMVDF": 1.0, "I4AMSPD": 29.0, "COMP": 0, "I4MDSOV": 527.31, "I4MDHV2": 219.22, "I4MDHV3": 63.27, "I4MDCV": 46.81, "I4MDTRK": 41.33, "I4MDAPX": 0.0, "I4MDVOL": 897.94, "I4MDVMT": 826.1048, "I4MDFFSPD": 29, "MDHRLKCAP": 22050, "MDHRLNCAP": 3150, "I4MDVC": 0.00721, "I4MDVDF": 1.0, "I4MDSPD": 29.0, "I4PMSOV": 645.83826, "I4PMHV2": 296.98721, "I4PMHV3": 127.25591, "I4PMCV": 96.21712, "I4PMTRK": 28.305, "I4PMAPX": 28.63804, "I4PMVOL": 1223.24146, "I4PMVMT": 1125.3822, "I4PMFFSPD": 29, "PMHRLKCAP": 22050, "PMHRLNCAP": 3150, "I4PMVC": 0.01631, "I4PMVDF": 1.0, "I4PMSPD": 29.0, "I4NTSOV": 315.13, "I4NTHV2": 137.15, "I4NTHV3": 47.89, "I4NTCV": 20.29, "I4NTTRK": 10.15, "I4NTAPX": 0.0, "I4NTVOL": 530.61, "I4NTVMT": 488.1612, "I4NTFFSPD": 29, "NTHRLKCAP": 22050, "NTHRLNCAP": 3150, "I4NTVC": 0.00361, "I4NTVDF": 1.0, "I4NTSPD": 29.0, "I424VOL": 3221.27026, "TVOL00": 0, "TVMT00": 0.0, "ID": 0, "AADT_2023": 0, "AWDT_2023": 0, "MD210": 0, "CNT2LOADDIF": 0.0, "ABSNCTDIFF": 0.0, "CNT2LOADPCT": 0.0, "ABSPCTDIFF": 0.0, "MD210U": 0, "LOAD1": 3221.27026, "LOAD2": 310.48941, "LOADGRW": -2910.78076, "ABSGRW": 2910.78076, "PRCGRW": -0.9036127, "PRCANLGRW": -4.1073308 }, "geometry": { "type": "LineString", "coordinates": [ [ -77.465207888109745, 38.780714008632181 ], [ -77.452556979479112, 38.771672304937383 ] ] } },
{ "type": "Feature", "properties": { "A": 2654, "B": 40858, "SUBAREA": 0, "FFSNEW": 0, "CPENEW": 0, "CPEFAC": 0, "TIMEPEN": 0, "DISTANCE": 0.73, "SPDCLASS": 6, "CAPCLASS": 6, "JUR": 7, "SCREEN": 0, "FTYPE": 0, "TOLL": 0, "TOLLGRP": 0, "AMLANE": 7, "AMLIMIT": 0, "PMLANE": 7, "PMLIMIT": 0, "OPLANE": 7, "OPLIMIT": 0, "EDGEID": 2654040858, "LINKID": 6374, "NETYEAR": 2001, "SHAPE_LENG": 3846.29, "PROJECTID": "NA", "TAZ": 2654, "ATYPE": 6, "MDLANE": 7, "MDLIMIT": 0, "NTLANE": 7, "NTLIMIT": 0, "DEFLATIONFT": 0.8011, "AMTOLL": 0.0, "PMTOLL": 0.0, "OPTOLL": 0.0, "AMTOLL_VP": 0.0, "PMTOLL_VP": 0.0, "OPTOLL_VP": 0.0, "AMHTIME": 1.25143, "PMHTIME": 1.25143, "OPHTIME": 1.25143, "MDTOLL": 0.0, "MDTOLL_VP": 0.0, "MDHTIME": 1.25143, "NTTOLL": 0.0, "NTTOLL_VP": 0.0, "NTHTIME": 1.25143, "LINKAB": 265440858, "TURNPENI": "TURNPEN.PEN", "I4AMSOV": 47.74, "I4AMHV2": 6.0, "I4AMHV3": 3.05, "I4AMCV": 1.53, "I4AMTRK": 1.21, "I4AMAPX": 0.19, "I4AMVOL": 59.72, "I4AMVMT": 43.5956, "I4AMFFSPD": 40, "AMHRLKCAP": 22050, "AMHRLNCAP": 3150, "I4AMVC": 0.00113, "I4AMVDF": 1.0, "I4AMSPD": 40.0, "COMP": 0, "I4MDSOV": 57.51, "I4MDHV2": 14.65, "I4MDHV3": 7.33, "I4MDCV": 3.23, "I4MDTRK": 2.57, "I4MDAPX": 0.3, "I4MDVOL": 85.59, "I4MDVMT": 62.4807, "I4MDFFSPD": 40, "MDHRLKCAP": 22050, "MDHRLNCAP": 3150, "I4MDVC": 0.00069, "I4MDVDF": 1.0, "I4MDSPD": 40.0, "I4PMSOV": 23.79, "I4PMHV2": 11.82, "I4PMHV3": 5.84, "I4PMCV": 3.26, "I4PMTRK": 1.0, "I4PMAPX": 1.0, "I4PMVOL": 46.71, "I4PMVMT": 34.0983, "I4PMFFSPD": 40, "PMHRLKCAP": 22050, "PMHRLNCAP": 3150, "I4PMVC": 0.00062, "I4PMVDF": 1.0, "I4PMSPD": 40.0, "I4NTSOV": 33.53, "I4NTHV2": 10.11, "I4NTHV3": 5.01, "I4NTCV": 0.94, "I4NTTRK": 0.35, "I4NTAPX": 0.12, "I4NTVOL": 50.06, "I4NTVMT": 36.5438, "I4NTFFSPD": 40, "NTHRLKCAP": 22050, "NTHRLNCAP": 3150, "I4NTVC": 0.00034, "I4NTVDF": 1.0, "I4NTSPD": 40.0, "I424VOL": 242.08, "TVOL00": 0, "TVMT00": 0.0, "ID": 0, "AADT_2023": 0, "AWDT_2023": 0, "MD210": 0, "CNT2LOADDIF": 0.0, "ABSNCTDIFF": 0.0, "CNT2LOADPCT": 0.0, "ABSPCTDIFF": 0.0, "MD210U": 0, "LOAD1": 242.08, "LOAD2": 4.42006, "LOADGRW": -237.65994, "ABSGRW": 237.65994, "PRCGRW": -0.9817413, "PRCANLGRW": -4.4624605 }, "geometry": { "type": "LineString", "coordinates": [ [ -77.579112332947062, 38.880259704437456 ], [ -77.570722983664481, 38.888535699786765 ] ] } },
{ "type": "Feature", "properties": { "A": 2835, "B": 42236, "SUBAREA": 0, "FFSNEW": 0, "CPENEW": 0, "CPEFAC": 0, "TIMEPEN": 0, "DISTANCE": 0.73, "SPDCLASS": 6, "CAPCLASS": 6, "JUR": 9, "SCREEN": 0, "FTYPE": 0, "TOLL": 0, "TOLLGRP": 0, "AMLANE": 7, "AMLIMIT": 0, "PMLANE": 7, "PMLIMIT": 0, "OPLANE": 7, "OPLIMIT": 0, "EDGEID": 2835042236, "LINKID": 77802, "NETYEAR": 2001, "SHAPE_LENG": 3870.96, "PROJECTID": "NA", "TAZ": 2835, "ATYPE": 6, "MDLANE": 7, "MDLIMIT": 0, "NTLANE": 7, "NTLIMIT": 0, "DEFLATIONFT": 0.8011, "AMTOLL": 0.0, "PMTOLL": 0.0, "OPTOLL": 0.0, "AMTOLL_VP": 0.0, "PMTOLL_VP": 0.0, "OPTOLL_VP": 0.0, "AMHTIME": 1.25143, "PMHTIME": 1.25143, "OPHTIME": 1.25143, "MDTOLL": 0.0, "MDTOLL_VP": 0.0, "MDHTIME": 1.25143, "NTTOLL": 0.0, "NTTOLL_VP": 0.0, "NTHTIME": 1.25143, "LINKAB": 283542236, "TURNPENI": "TURNPEN.PEN", "I4AMSOV": 0.00021, "I4AMHV2": 4.0000000000000003e-05, "I4AMHV3": 0.0, "I4AMCV": 1.0000000000000001e-05, "I4AMTRK": 3.0000000000000001e-05, "I4AMAPX": 0.0, "I4AMVOL": 0.00028, "I4AMVMT": 0.00021, "I4AMFFSPD": 40, "AMHRLKCAP": 22050, "AMHRLNCAP": 3150, "I4AMVC": 0.0, "I4AMVDF": 1.0, "I4AMSPD": 40.0, "COMP": 0, "I4MDSOV": 99.44669, "I4MDHV2": 29.52255, "I4MDHV3": 8.52139, "I4MDCV": 6.81189, "I4MDTRK": 18.67833, "I4MDAPX": 0.20009, "I4MDVOL": 163.18095, "I4MDVMT": 119.12209, "I4MDFFSPD": 40, "MDHRLKCAP": 22050, "MDHRLNCAP": 3150, "I4MDVC": 0.00131, "I4MDVDF": 1.0, "I4MDSPD": 40.0, "I4PMSOV": 135.40984, "I4PMHV2": 56.60361, "I4PMHV3": 14.05, "I4PMCV": 15.65858, "I4PMTRK": 15.75889, "I4PMAPX": 15.77835, "I4PMVOL": 253.25926, "I4PMVMT": 184.87926, "I4PMFFSPD": 40, "PMHRLKCAP": 22050, "PMHRLNCAP": 3150, "I4PMVC": 0.00338, "I4PMVDF": 1.0, "I4PMSPD": 40.0, "I4NTSOV": 22.6688, "I4NTHV2": 7.07904, "I4NTHV3": 2.22247, "I4NTCV": 1.29268, "I4NTTRK": 1.97693, "I4NTAPX": 0.0343, "I4NTVOL": 35.27422, "I4NTVMT": 25.75018, "I4NTFFSPD": 40, "NTHRLKCAP": 22050, "NTHRLNCAP": 3150, "I4NTVC": 0.00024, "I4NTVDF": 1.0, "I4NTSPD": 40.0, "I424VOL": 451.71472, "TVOL00": 0, "TVMT00": 0.0, "ID": 0, "AADT_2023": 0, "AWDT_2023": 0, "MD210": 0, "CNT2LOADDIF": 0.0, "ABSNCTDIFF": 0.0, "CNT2LOADPCT": 0.0, "ABSPCTDIFF": 0.0, "MD210U": 0, "LOAD1": 451.71472, "LOAD2": 0.0, "LOADGRW": -451.71472, "ABSGRW": 451.71472, "PRCGRW": -1.0, "PRCANLGRW": -4.5454545 }, "geometry": { "type": "LineString", "coordinates": [ [ -77.484829090213779, 39.438979034779507 ], [ -77.487047712431675, 39.428493391542389 ] ] } },
{ "type": "Feature", "properties": { "A": 2934, "B": 42304, "SUBAREA": 0, "FFSNEW": 0, "CPENEW": 0, "CPEFAC": 0, "TIMEPEN": 0, "DISTANCE": 0.45, "SPDCLASS": 3, "CAPCLASS": 3, "JUR": 9, "SCREEN": 0, "FTYPE": 0, "TOLL": 0, "TOLLGRP": 0, "AMLANE": 7, "AMLIMIT": 0, "PMLANE": 7, "PMLIMIT": 0, "OPLANE": 7, "OPLIMIT": 0, "EDGEID": 42300000000, "LINKID": 20624, "NETYEAR": 2001, "SHAPE_LENG": 2364.52, "PROJECTID": "NA", "TAZ": 2934, "ATYPE": 3, "MDLANE": 7, "MDLIMIT": 0, "NTLANE": 7, "NTLIMIT": 0, "DEFLATIONFT": 0.8011, "AMTOLL": 0.0, "PMTOLL": 0.0, "OPTOLL": 0.0, "AMTOLL_VP": 0.0, "PMTOLL_VP": 0.0, "OPTOLL_VP": 0.0, "AMHTIME": 1.35, "PMHTIME": 1.35, "OPHTIME": 1.35, "MDTOLL": 0.0, "MDTOLL_VP": 0.0, "MDHTIME": 1.35, "NTTOLL": 0.0, "NTTOLL_VP": 0.0, "NTHTIME": 1.35, "LINKAB": 293442304, "TURNPENI": "TURNPEN.PEN", "I4AMSOV": 0.0009, "I4AMHV2": 0.00014, "I4AMHV3": 0.0, "I4AMCV": 8.0000000000000007e-05, "I4AMTRK": 4.0000000000000003e-05, "I4AMAPX": 0.0, "I4AMVOL": 0.00117, "I4AMVMT": 0.00053, "I4AMFFSPD": 23, "AMHRLKCAP": 22050, "AMHRLNCAP": 3150, "I4AMVC": 0.0, "I4AMVDF": 1.0, "I4AMSPD": 23.0, "COMP": 0, "I4MDSOV": 0.0, "I4MDHV2": 0.0, "I4MDHV3": 0.0, "I4MDCV": 0.0, "I4MDTRK": 0.0, "I4MDAPX": 0.0, "I4MDVOL": 0.0, "I4MDVMT": 0.0, "I4MDFFSPD": 23, "MDHRLKCAP": 22050, "MDHRLNCAP": 3150, "I4MDVC": 0.0, "I4MDVDF": 1.0, "I4MDSPD": 23.0, "I4PMSOV": 0.0, "I4PMHV2": 0.0, "I4PMHV3": 0.0, "I4PMCV": 0.0, "I4PMTRK": 0.0, "I4PMAPX": 0.0, "I4PMVOL": 0.0, "I4PMVMT": 0.0, "I4PMFFSPD": 23, "PMHRLKCAP": 22050, "PMHRLNCAP": 3150, "I4PMVC": 0.0, "I4PMVDF": 1.0, "I4PMSPD": 23.0, "I4NTSOV": 177.11, "I4NTHV2": 56.29, "I4NTHV3": 21.91, "I4NTCV": 14.7, "I4NTTRK": 3.36, "I4NTAPX": 0.0, "I4NTVOL": 273.37, "I4NTVMT": 123.0165, "I4NTFFSPD": 23, "NTHRLKCAP": 22050, "NTHRLNCAP": 3150, "I4NTVC": 0.00186, "I4NTVDF": 1.0, "I4NTSPD": 23.0, "I424VOL": 273.37115, "TVOL00": 0, "TVMT00": 0.0, "ID": 0, "AADT_2023": 0, "AWDT_2023": 0, "MD210": 0, "CNT2LOADDIF": 0.0, "ABSNCTDIFF": 0.0, "CNT2LOADPCT": 0.0, "ABSPCTDIFF": 0.0, "MD210U": 0, "LOAD1": 273.37115, "LOAD2": 4.0000000000000003e-05, "LOADGRW": -273.37112, "ABSGRW": 273.37112, "PRCGRW": -0.99999990000000005, "PRCANLGRW": -4.545454 }, "geometry": { "type": "LineString", "coordinates": [ [ -77.420260367305616, 39.405178645778555 ], [ -77.416646191612145, 39.411031014209726 ] ] } },
{ "type": "Feature", "properties": { "A": 2978, "B": 44234, "SUBAREA": 0, "FFSNEW": 0, "CPENEW": 0, "CPEFAC": 0, "TIMEPEN": 0, "DISTANCE": 0.6, "SPDCLASS": 6, "CAPCLASS": 6, "JUR": 10, "SCREEN": 0, "FTYPE": 0, "TOLL": 0, "TOLLGRP": 0, "AMLANE": 7, "AMLIMIT": 0, "PMLANE": 7, "PMLIMIT": 0, "OPLANE": 7, "OPLIMIT": 0, "EDGEID": 44200000000, "LINKID": 64832, "NETYEAR": 2001, "SHAPE_LENG": 3157.45, "PROJECTID": "NA", "TAZ": 2978, "ATYPE": 6, "MDLANE": 7, "MDLIMIT": 0, "NTLANE": 7, "NTLIMIT": 0, "DEFLATIONFT": 0.8011, "AMTOLL": 0.0, "PMTOLL": 0.0, "OPTOLL": 0.0, "AMTOLL_VP": 0.0, "PMTOLL_VP": 0.0, "OPTOLL_VP": 0.0, "AMHTIME": 1.02857, "PMHTIME": 1.02857, "OPHTIME": 1.02857, "MDTOLL": 0.0, "MDTOLL_VP": 0.0, "MDHTIME": 1.02857, "NTTOLL": 0.0, "NTTOLL_VP": 0.0, "NTHTIME": 1.02857, "LINKAB": 297844234, "TURNPENI": "TURNPEN.PEN", "I4AMSOV": 0.00045, "I4AMHV2": 6.9999999999999994e-05, "I4AMHV3": 0.0, "I4AMCV": 2.0000000000000002e-05, "I4AMTRK": 2.0000000000000002e-05, "I4AMAPX": 0.0, "I4AMVOL": 0.00056, "I4AMVMT": 0.00034, "I4AMFFSPD": 40, "AMHRLKCAP": 22050, "AMHRLNCAP": 3150, "I4AMVC": 0.0, "I4AMVDF": 1.0, "I4AMSPD": 40.0, "COMP": 0, "I4MDSOV": 0.0, "I4MDHV2": 0.0, "I4MDHV3": 0.0, "I4MDCV": 0.0, "I4MDTRK": 0.0, "I4MDAPX": 0.0, "I4MDVOL": 0.0, "I4MDVMT": 0.0, "I4MDFFSPD": 40, "MDHRLKCAP": 22050, "MDHRLNCAP": 3150, "I4MDVC": 0.0, "I4MDVDF": 1.0, "I4MDSPD": 40.0, "I4PMSOV": 0.0, "I4PMHV2": 0.0, "I4PMHV3": 0.0, "I4PMCV": 0.0, "I4PMTRK": 0.0, "I4PMAPX": 0.0, "I4PMVOL": 0.0, "I4PMVMT": 0.0, "I4PMFFSPD": 40, "PMHRLKCAP": 22050, "PMHRLNCAP": 3150, "I4PMVC": 0.0, "I4PMVDF": 1.0, "I4PMSPD": 40.0, "I4NTSOV": 0.0, "I4NTHV2": 0.0, "I4NTHV3": 0.0, "I4NTCV": 0.0, "I4NTTRK": 0.0, "I4NTAPX": 0.0, "I4NTVOL": 0.0, "I4NTVMT": 0.0, "I4NTFFSPD": 40, "NTHRLKCAP": 22050, "NTHRLNCAP": 3150, "I4NTVC": 0.0, "I4NTVDF": 1.0, "I4NTSPD": 40.0, "I424VOL": 0.00056, "TVOL00": 0, "TVMT00": 0.0, "ID": 0, "AADT_2023": 0, "AWDT_2023": 0, "MD210": 0, "CNT2LOADDIF": 0.0, "ABSNCTDIFF": 0.0, "CNT2LOADPCT": 0.0, "ABSPCTDIFF": 0.0, "MD210U": 0, "LOAD1": 0.00056, "LOAD2": 1.0000000000000001e-05, "LOADGRW": -0.00055, "ABSGRW": 0.00055, "PRCGRW": -0.9888321, "PRCANLGRW": -4.4946914 }, "geometry": { "type": "LineString", "coordinates": [ [ -76.859614828077838, 39.246080983965768 ], [ -76.853766516554941, 39.253462075529853 ] ] } },
{ "type": "Feature", "properties": { "A": 2985, "B": 44313, "SUBAREA": 0, "FFSNEW": 0, "CPENEW": 0, "CPEFAC": 0, "TIMEPEN": 0, "DISTANCE": 0.85, "SPDCLASS": 5, "CAPCLASS": 5, "JUR": 10, "SCREEN": 0, "FTYPE": 0, "TOLL": 0, "TOLLGRP": 0, "AMLANE": 7, "AMLIMIT": 0, "PMLANE": 7, "PMLIMIT": 0, "OPLANE": 7, "OPLIMIT": 0, "EDGEID": 44300000000, "LINKID": 80670, "NETYEAR": 2001, "SHAPE_LENG": 4476.35, "PROJECTID": "NA", "TAZ": 2985, "ATYPE": 5, "MDLANE": 7, "MDLIMIT": 0, "NTLANE": 7, "NTLIMIT": 0, "DEFLATIONFT": 0.8011, "AMTOLL": 0.0, "PMTOLL": 0.0, "OPTOLL": 0.0, "AMTOLL_VP": 0.0, "PMTOLL_VP": 0.0, "OPTOLL_VP": 0.0, "AMHTIME": 1.7, "PMHTIME": 1.7, "OPHTIME": 1.7, "MDTOLL": 0.0, "MDTOLL_VP": 0.0, "MDHTIME": 1.7, "NTTOLL": 0.0, "NTTOLL_VP": 0.0, "NTHTIME": 1.7, "LINKAB": 298544313, "TURNPENI": "TURNPEN.PEN", "I4AMSOV": 29.17116, "I4AMHV2": 6.19795, "I4AMHV3": 16.95, "I4AMCV": 1.26439, "I4AMTRK": 1.30177, "I4AMAPX": 1.0000000000000001e-05, "I4AMVOL": 54.88529, "I4AMVMT": 46.65249, "I4AMFFSPD": 35, "AMHRLKCAP": 22050, "AMHRLNCAP": 3150, "I4AMVC": 0.00104, "I4AMVDF": 1.0, "I4AMSPD": 35.0, "COMP": 0, "I4MDSOV": 0.0, "I4MDHV2": 0.0, "I4MDHV3": 0.0, "I4MDCV": 0.0, "I4MDTRK": 0.0, "I4MDAPX": 0.0, "I4MDVOL": 0.0, "I4MDVMT": 0.0, "I4MDFFSPD": 35, "MDHRLKCAP": 22050, "MDHRLNCAP": 3150, "I4MDVC": 0.0, "I4MDVDF": 1.0, "I4MDSPD": 35.0, "I4PMSOV": 0.0, "I4PMHV2": 0.0, "I4PMHV3": 0.0, "I4PMCV": 0.0, "I4PMTRK": 0.0, "I4PMAPX": 0.0, "I4PMVOL": 0.0, "I4PMVMT": 0.0, "I4PMFFSPD": 35, "PMHRLKCAP": 22050, "PMHRLNCAP": 3150, "I4PMVC": 0.0, "I4PMVDF": 1.0, "I4PMSPD": 35.0, "I4NTSOV": 0.0, "I4NTHV2": 0.0, "I4NTHV3": 0.0, "I4NTCV": 0.0, "I4NTTRK": 0.0, "I4NTAPX": 0.0, "I4NTVOL": 0.0, "I4NTVMT": 0.0, "I4NTFFSPD": 35, "NTHRLKCAP": 22050, "NTHRLNCAP": 3150, "I4NTVC": 0.0, "I4NTVDF": 1.0, "I4NTSPD": 35.0, "I424VOL": 54.88529, "TVOL00": 0, "TVMT00": 0.0, "ID": 0, "AADT_2023": 0, "AWDT_2023": 0, "MD210": 0, "CNT2LOADDIF": 0.0, "ABSNCTDIFF": 0.0, "CNT2LOADPCT": 0.0, "ABSPCTDIFF": 0.0, "MD210U": 0, "LOAD1": 54.88529, "LOAD2": 4.0000000000000003e-05, "LOADGRW": -54.88525, "ABSGRW": 54.88525, "PRCGRW": -0.99999919999999998, "PRCANLGRW": -4.5454512 }, "geometry": { "type": "LineString", "coordinates": [ [ -76.830697395296696, 39.223482690688101 ], [ -76.821760641658926, 39.213346581644558 ] ] } },
{ "type": "Feature", "properties": { "A": 20349, "B": 194, "SUBAREA": 0, "FFSNEW": 0, "CPENEW": 0, "CPEFAC": 0, "TIMEPEN": 0, "DISTANCE": 0.24, "SPDCLASS": 1, "CAPCLASS": 1, "JUR": 0, "SCREEN": 0, "FTYPE": 0, "TOLL": 0, "TOLLGRP": 0, "AMLANE": 7, "AMLIMIT": 0, "PMLANE": 7, "PMLIMIT": 0, "OPLANE": 7, "OPLIMIT": 0, "EDGEID": 194020349, "LINKID": 21507, "NETYEAR": 2001, "SHAPE_LENG": 1283.18, "PROJECTID": "NA", "TAZ": 194, "ATYPE": 1, "MDLANE": 7, "MDLIMIT": 0, "NTLANE": 7, "NTLIMIT": 0, "DEFLATIONFT": 0.8011, "AMTOLL": 0.0, "PMTOLL": 0.0, "OPTOLL": 0.0, "AMTOLL_VP": 0.0, "PMTOLL_VP": 0.0, "OPTOLL_VP": 0.0, "AMHTIME": 0.96, "PMHTIME": 0.96, "OPHTIME": 0.96, "MDTOLL": 0.0, "MDTOLL_VP": 0.0, "MDHTIME": 0.96, "NTTOLL": 0.0, "NTTOLL_VP": 0.0, "NTHTIME": 0.96, "LINKAB": 2034900194, "TURNPENI": "TURNPEN.PEN", "I4AMSOV": 0.0, "I4AMHV2": 0.0, "I4AMHV3": 0.0, "I4AMCV": 0.0, "I4AMTRK": 0.0, "I4AMAPX": 0.0, "I4AMVOL": 1.0000000000000001e-05, "I4AMVMT": 0.0, "I4AMFFSPD": 17, "AMHRLKCAP": 22050, "AMHRLNCAP": 3150, "I4AMVC": 0.0, "I4AMVDF": 1.0, "I4AMSPD": 17.0, "COMP": 0, "I4MDSOV": 0.0, "I4MDHV2": 0.0, "I4MDHV3": 0.0, "I4MDCV": 0.0, "I4MDTRK": 0.0, "I4MDAPX": 0.0, "I4MDVOL": 0.0, "I4MDVMT": 0.0, "I4MDFFSPD": 17, "MDHRLKCAP": 22050, "MDHRLNCAP": 3150, "I4MDVC": 0.0, "I4MDVDF": 1.0, "I4MDSPD": 17.0, "I4PMSOV": 0.0, "I4PMHV2": 0.0, "I4PMHV3": 0.0, "I4PMCV": 0.0, "I4PMTRK": 0.0, "I4PMAPX": 0.0, "I4PMVOL": 0.0, "I4PMVMT": 0.0, "I4PMFFSPD": 17, "PMHRLKCAP": 22050, "PMHRLNCAP": 3150, "I4PMVC": 0.0, "I4PMVDF": 1.0, "I4PMSPD": 17.0, "I4NTSOV": 0.0, "I4NTHV2": 0.0, "I4NTHV3": 0.0, "I4NTCV": 0.0, "I4NTTRK": 0.0, "I4NTAPX": 0.0, "I4NTVOL": 0.0, "I4NTVMT": 0.0, "I4NTFFSPD": 17, "NTHRLKCAP": 22050, "NTHRLNCAP": 3150, "I4NTVC": 0.0, "I4NTVDF": 1.0, "I4NTSPD": 17.0, "I424VOL": 1.0000000000000001e-05, "TVOL00": 0, "TVMT00": 0.0, "ID": 0, "AADT_2023": 0, "AWDT_2023": 0, "MD210": 0, "CNT2LOADDIF": 0.0, "ABSNCTDIFF": 0.0, "CNT2LOADPCT": 0.0, "ABSPCTDIFF": 0.0, "MD210U": 0, "LOAD1": 1.0000000000000001e-05, "LOAD2": 0.0, "LOADGRW": -1.0000000000000001e-05, "ABSGRW": 1.0000000000000001e-05, "PRCGRW": -0.9999912, "PRCANLGRW": -4.5454144 }, "geometry": { "type": "LineString", "coordinates": [ [ -77.023987361173269, 38.902942422023635 ], [ -77.02445591705623, 38.906445903068651 ] ] } },
{ "type": "Feature", "properties": { "A": 20495, "B": 24, "SUBAREA": 0, "FFSNEW": 0, "CPENEW": 0, "CPEFAC": 0, "TIMEPEN": 0, "DISTANCE": 0.13, "SPDCLASS": 1, "CAPCLASS": 1, "JUR": 0, "SCREEN": 0, "FTYPE": 0, "TOLL": 0, "TOLLGRP": 0, "AMLANE": 7, "AMLIMIT": 0, "PMLANE": 7, "PMLIMIT": 0, "OPLANE": 7, "OPLIMIT": 0, "EDGEID": 20500000000, "LINKID": 11179, "NETYEAR": 2001, "SHAPE_LENG": 683.41, "PROJECTID": "NA", "TAZ": 24, "ATYPE": 1, "MDLANE": 7, "MDLIMIT": 0, "NTLANE": 7, "NTLIMIT": 0, "DEFLATIONFT": 0.8011, "AMTOLL": 0.0, "PMTOLL": 0.0, "OPTOLL": 0.0, "AMTOLL_VP": 0.0, "PMTOLL_VP": 0.0, "OPTOLL_VP": 0.0, "AMHTIME": 0.52, "PMHTIME": 0.52, "OPHTIME": 0.52, "MDTOLL": 0.0, "MDTOLL_VP": 0.0, "MDHTIME": 0.52, "NTTOLL": 0.0, "NTTOLL_VP": 0.0, "NTHTIME": 0.52, "LINKAB": 2049500024, "TURNPENI": "TURNPEN.PEN", "I4AMSOV": 0.01143, "I4AMHV2": 0.00278, "I4AMHV3": 0.0, "I4AMCV": 0.00481, "I4AMTRK": 0.00048, "I4AMAPX": 0.0, "I4AMVOL": 0.01951, "I4AMVMT": 0.00254, "I4AMFFSPD": 17, "AMHRLKCAP": 22050, "AMHRLNCAP": 3150, "I4AMVC": 0.0, "I4AMVDF": 1.0, "I4AMSPD": 17.0, "COMP": 0, "I4MDSOV": 0.0, "I4MDHV2": 0.0, "I4MDHV3": 0.0, "I4MDCV": 0.0, "I4MDTRK": 0.0, "I4MDAPX": 0.0, "I4MDVOL": 0.0, "I4MDVMT": 0.0, "I4MDFFSPD": 17, "MDHRLKCAP": 22050, "MDHRLNCAP": 3150, "I4MDVC": 0.0, "I4MDVDF": 1.0, "I4MDSPD": 17.0, "I4PMSOV": 0.0, "I4PMHV2": 0.0, "I4PMHV3": 0.0, "I4PMCV": 0.0, "I4PMTRK": 0.0, "I4PMAPX": 0.0, "I4PMVOL": 0.0, "I4PMVMT": 0.0, "I4PMFFSPD": 17, "PMHRLKCAP": 22050, "PMHRLNCAP": 3150, "I4PMVC": 0.0, "I4PMVDF": 1.0, "I4PMSPD": 17.0, "I4NTSOV": 0.0, "I4NTHV2": 0.0, "I4NTHV3": 0.0, "I4NTCV": 0.0, "I4NTTRK": 0.0, "I4NTAPX": 0.0, "I4NTVOL": 0.0, "I4NTVMT": 0.0, "I4NTFFSPD": 17, "NTHRLKCAP": 22050, "NTHRLNCAP": 3150, "I4NTVC": 0.0, "I4NTVDF": 1.0, "I4NTSPD": 17.0, "I424VOL": 0.01951, "TVOL00": 0, "TVMT00": 0.0, "ID": 0, "AADT_2023": 0, "AWDT_2023": 0, "MD210": 0, "CNT2LOADDIF": 0.0, "ABSNCTDIFF": 0.0, "CNT2LOADPCT": 0.0, "ABSPCTDIFF": 0.0, "MD210U": 0, "LOAD1": 0.01951, "LOAD2": 0.0, "LOADGRW": -0.0195, "ABSGRW": 0.0195, "PRCGRW": -0.9999482, "PRCANLGRW": -4.5452189 }, "geometry": { "type": "LineString", "coordinates": [ [ -77.025968083633671, 38.899803603343834 ], [ -77.025603595894339, 38.898360625465592 ], [ -77.025503604607508, 38.897961304862349 ] ] } },
{ "type": "Feature", "properties": { "A": 20964, "B": 21422, "SUBAREA": 0, "FFSNEW": 0, "CPENEW": 0, "CPEFAC": 0, "TIMEPEN": 0, "DISTANCE": 0.01, "SPDCLASS": 32, "CAPCLASS": 32, "JUR": 0, "SCREEN": 0, "FTYPE": 3, "TOLL": 0, "TOLLGRP": 0, "AMLANE": 2, "AMLIMIT": 0, "PMLANE": 2, "PMLIMIT": 0, "OPLANE": 2, "OPLIMIT": 0, "EDGEID": 21000000000, "LINKID": 21173, "NETYEAR": 2013, "SHAPE_LENG": 52.16, "PROJECTID": "DI7A", "TAZ": 363, "ATYPE": 2, "MDLANE": 2, "MDLIMIT": 0, "NTLANE": 2, "NTLIMIT": 0, "DEFLATIONFT": 0.8011, "AMTOLL": 0.0, "PMTOLL": 0.0, "OPTOLL": 0.0, "AMTOLL_VP": 0.0, "PMTOLL_VP": 0.0, "OPTOLL_VP": 0.0, "AMHTIME": 0.04354, "PMHTIME": 0.04354, "OPHTIME": 0.03488, "MDTOLL": 0.0, "MDTOLL_VP": 0.0, "MDHTIME": 0.03488, "NTTOLL": 0.0, "NTTOLL_VP": 0.0, "NTHTIME": 0.03488, "LINKAB": 2096421422, "TURNPENI": "TURNPEN.PEN", "I4AMSOV": 0.00091, "I4AMHV2": 0.00021, "I4AMHV3": 0.0, "I4AMCV": 0.00022, "I4AMTRK": 0.0003, "I4AMAPX": 0.0, "I4AMVOL": 0.00163, "I4AMVMT": 2.0000000000000002e-05, "I4AMFFSPD": 40, "AMHRLKCAP": 1200, "AMHRLNCAP": 600, "I4AMVC": 0.0, "I4AMVDF": 1.0, "I4AMSPD": 40.0, "COMP": 0, "I4MDSOV": 0.0, "I4MDHV2": 0.0, "I4MDHV3": 0.0, "I4MDCV": 0.0, "I4MDTRK": 0.0, "I4MDAPX": 0.0, "I4MDVOL": 0.0, "I4MDVMT": 0.0, "I4MDFFSPD": 40, "MDHRLKCAP": 1200, "MDHRLNCAP": 600, "I4MDVC": 0.0, "I4MDVDF": 1.0, "I4MDSPD": 40.0, "I4PMSOV": 1.96614, "I4PMHV2": 0.55875, "I4PMHV3": 0.0, "I4PMCV": 0.25499, "I4PMTRK": 0.06084, "I4PMAPX": 0.05281, "I4PMVOL": 2.89354, "I4PMVMT": 0.02894, "I4PMFFSPD": 40, "PMHRLKCAP": 1200, "PMHRLNCAP": 600, "I4PMVC": 0.00071, "I4PMVDF": 1.00009, "I4PMSPD": 39.9966, "I4NTSOV": 0.0, "I4NTHV2": 0.0, "I4NTHV3": 0.0, "I4NTCV": 0.0, "I4NTTRK": 0.0, "I4NTAPX": 0.0, "I4NTVOL": 0.0, "I4NTVMT": 0.0, "I4NTFFSPD": 40, "NTHRLKCAP": 1200, "NTHRLNCAP": 600, "I4NTVC": 0.0, "I4NTVDF": 1.0, "I4NTSPD": 40.0, "I424VOL": 2.89517, "TVOL00": 0, "TVMT00": 0.0, "ID": 0, "AADT_2023": 0, "AWDT_2023": 0, "MD210": 0, "CNT2LOADDIF": 0.0, "ABSNCTDIFF": 0.0, "CNT2LOADPCT": 0.0, "ABSPCTDIFF": 0.0, "MD210U": 0, "LOAD1": 2.89517, "LOAD2": 0.32948, "LOADGRW": -2.56569, "ABSGRW": 2.56569, "PRCGRW": -0.8861974, "PRCANLGRW": -4.0281701 }, "geometry": { "type": "LineString", "coordinates": [ [ -76.990556853940561, 38.867581856307758 ], [ -76.990458528378994, 38.867461034492152 ] ] } },
{ "type": "Feature", "properties": { "A": 21006, "B": 213, "SUBAREA": 0, "FFSNEW": 0, "CPENEW": 0, "CPEFAC": 0, "TIMEPEN": 0, "DISTANCE": 0.24, "SPDCLASS": 1, "CAPCLASS": 1, "JUR": 0, "SCREEN": 0, "FTYPE": 0, "TOLL": 0, "TOLLGRP": 0, "AMLANE": 7, "AMLIMIT": 0, "PMLANE": 7, "PMLIMIT": 0, "OPLANE": 7, "OPLIMIT": 0, "EDGEID": 21000000000, "LINKID": 52632, "NETYEAR": 2001, "SHAPE_LENG": 1292.38, "PROJECTID": "NA", "TAZ": 213, "ATYPE": 1, "MDLANE": 7, "MDLIMIT": 0, "NTLANE": 7, "NTLIMIT": 0, "DEFLATIONFT": 0.8011, "AMTOLL": 0.0, "PMTOLL": 0.0, "OPTOLL": 0.0, "AMTOLL_VP": 0.0, "PMTOLL_VP": 0.0, "OPTOLL_VP": 0.0, "AMHTIME": 0.96, "PMHTIME": 0.96, "OPHTIME": 0.96, "MDTOLL": 0.0, "MDTOLL_VP": 0.0, "MDHTIME": 0.96, "NTTOLL": 0.0, "NTTOLL_VP": 0.0, "NTHTIME": 0.96, "LINKAB": 2100600213, "TURNPENI": "TURNPEN.PEN", "I4AMSOV": 8.0000000000000007e-05, "I4AMHV2": 3.0000000000000001e-05, "I4AMHV3": 0.0, "I4AMCV": 1.0000000000000001e-05, "I4AMTRK": 2.0000000000000002e-05, "I4AMAPX": 0.0, "I4AMVOL": 0.00014, "I4AMVMT": 3.0000000000000001e-05, "I4AMFFSPD": 17, "AMHRLKCAP": 22050, "AMHRLNCAP": 3150, "I4AMVC": 0.0, "I4AMVDF": 1.0, "I4AMSPD": 17.0, "COMP": 0, "I4MDSOV": 0.0, "I4MDHV2": 0.0, "I4MDHV3": 0.0, "I4MDCV": 0.0, "I4MDTRK": 0.0, "I4MDAPX": 0.0, "I4MDVOL": 0.0, "I4MDVMT": 0.0, "I4MDFFSPD": 17, "MDHRLKCAP": 22050, "MDHRLNCAP": 3150, "I4MDVC": 0.0, "I4MDVDF": 1.0, "I4MDSPD": 17.0, "I4PMSOV": 23.51613, "I4PMHV2": 8.76208, "I4PMHV3": 0.48, "I4PMCV": 7.00593, "I4PMTRK": 3.97046, "I4PMAPX": 4.28505, "I4PMVOL": 48.01965, "I4PMVMT": 11.52472, "I4PMFFSPD": 17, "PMHRLKCAP": 22050, "PMHRLNCAP": 3150, "I4PMVC": 0.00064, "I4PMVDF": 1.0, "I4PMSPD": 17.0, "I4NTSOV": 0.0, "I4NTHV2": 0.0, "I4NTHV3": 0.0, "I4NTCV": 0.0, "I4NTTRK": 0.0, "I4NTAPX": 0.0, "I4NTVOL": 0.0, "I4NTVMT": 0.0, "I4NTFFSPD": 17, "NTHRLKCAP": 22050, "NTHRLNCAP": 3150, "I4NTVC": 0.0, "I4NTVDF": 1.0, "I4NTSPD": 17.0, "I424VOL": 48.01979, "TVOL00": 0, "TVMT00": 0.0, "ID": 0, "AADT_2023": 0, "AWDT_2023": 0, "MD210": 0, "CNT2LOADDIF": 0.0, "ABSNCTDIFF": 0.0, "CNT2LOADPCT": 0.0, "ABSPCTDIFF": 0.0, "MD210U": 0, "LOAD1": 48.01979, "LOAD2": 3.25053, "LOADGRW": -44.76926, "ABSGRW": 44.76926, "PRCGRW": -0.9323086, "PRCANLGRW": -4.2377663 }, "geometry": { "type": "LineString", "coordinates": [ [ -77.008998276046228, 38.914081295760745 ], [ -77.004619155581622, 38.913139759923418 ] ] } },
{ "type": "Feature", "properties": { "A": 21194, "B": 255, "SUBAREA": 0, "FFSNEW": 0, "CPENEW": 0, "CPEFAC": 0, "TIMEPEN": 0, "DISTANCE": 0.34, "SPDCLASS": 2, "CAPCLASS": 2, "JUR": 0, "SCREEN": 0, "FTYPE": 0, "TOLL": 0, "TOLLGRP": 0, "AMLANE": 7, "AMLIMIT": 0, "PMLANE": 7, "PMLIMIT": 0, "OPLANE": 7, "OPLIMIT": 0, "EDGEID": 255021194, "LINKID": 58994, "NETYEAR": 2001, "SHAPE_LENG": 1808.47, "PROJECTID": "NA", "TAZ": 255, "ATYPE": 2, "MDLANE": 7, "MDLIMIT": 0, "NTLANE": 7, "NTLIMIT": 0, "DEFLATIONFT": 0.8011, "AMTOLL": 0.0, "PMTOLL": 0.0, "OPTOLL": 0.0, "AMTOLL_VP": 0.0, "PMTOLL_VP": 0.0, "OPTOLL_VP": 0.0, "AMHTIME": 1.36, "PMHTIME": 1.36, "OPHTIME": 1.36, "MDTOLL": 0.0, "MDTOLL_VP": 0.0, "MDHTIME": 1.36, "NTTOLL": 0.0, "NTTOLL_VP": 0.0, "NTHTIME": 1.36, "LINKAB": 2119400255, "TURNPENI": "TURNPEN.PEN", "I4AMSOV": 0.00011, "I4AMHV2": 2.0000000000000002e-05, "I4AMHV3": 0.0, "I4AMCV": 1.0000000000000001e-05, "I4AMTRK": 1.0000000000000001e-05, "I4AMAPX": 0.0, "I4AMVOL": 0.00015, "I4AMVMT": 5.0000000000000002e-05, "I4AMFFSPD": 17, "AMHRLKCAP": 22050, "AMHRLNCAP": 3150, "I4AMVC": 0.0, "I4AMVDF": 1.0, "I4AMSPD": 17.0, "COMP": 0, "I4MDSOV": 0.0, "I4MDHV2": 0.0, "I4MDHV3": 0.0, "I4MDCV": 0.0, "I4MDTRK": 0.0, "I4MDAPX": 0.0, "I4MDVOL": 0.0, "I4MDVMT": 0.0, "I4MDFFSPD": 17, "MDHRLKCAP": 22050, "MDHRLNCAP": 3150, "I4MDVC": 0.0, "I4MDVDF": 1.0, "I4MDSPD": 17.0, "I4PMSOV": 0.0, "I4PMHV2": 0.0, "I4PMHV3": 0.0, "I4PMCV": 0.0, "I4PMTRK": 0.0, "I4PMAPX": 0.0, "I4PMVOL": 0.0, "I4PMVMT": 0.0, "I4PMFFSPD": 17, "PMHRLKCAP": 22050, "PMHRLNCAP": 3150, "I4PMVC": 0.0, "I4PMVDF": 1.0, "I4PMSPD": 17.0, "I4NTSOV": 0.0, "I4NTHV2": 0.0, "I4NTHV3": 0.0, "I4NTCV": 0.0, "I4NTTRK": 0.0, "I4NTAPX": 0.0, "I4NTVOL": 0.0, "I4NTVMT": 0.0, "I4NTFFSPD": 17, "NTHRLKCAP": 22050, "NTHRLNCAP": 3150, "I4NTVC": 0.0, "I4NTVDF": 1.0, "I4NTSPD": 17.0, "I424VOL": 0.00015, "TVOL00": 0, "TVMT00": 0.0, "ID": 0, "AADT_2023": 0, "AWDT_2023": 0, "MD210": 0, "CNT2LOADDIF": 0.0, "ABSNCTDIFF": 0.0, "CNT2LOADPCT": 0.0, "ABSPCTDIFF": 0.0, "MD210U": 0, "LOAD1": 0.00015, "LOAD2": 0.0, "LOADGRW": -0.00015, "ABSGRW": 0.00015, "PRCGRW": -1.0, "PRCANLGRW": -4.5454545 }, "geometry": { "type": "LineString", "coordinates": [ [ -76.93163878141597, 38.901461397854689 ], [ -76.937890737972964, 38.900569773345921 ] ] } },
{ "type": "Feature", "properties": { "A": 21215, "B": 236, "SUBAREA": 0, "FFSNEW": 0, "CPENEW": 0, "CPEFAC": 0, "TIMEPEN": 0, "DISTANCE": 0.48, "SPDCLASS": 2, "CAPCLASS": 2, "JUR": 0, "SCREEN": 0, "FTYPE": 0, "TOLL": 0, "TOLLGRP": 0, "AMLANE": 7, "AMLIMIT": 0, "PMLANE": 7, "PMLIMIT": 0, "OPLANE": 7, "OPLIMIT": 0, "EDGEID": 21200000000, "LINKID": 60649, "NETYEAR": 2001, "SHAPE_LENG": 2535.58, "PROJECTID": "NA", "TAZ": 236, "ATYPE": 2, "MDLANE": 7, "MDLIMIT": 0, "NTLANE": 7, "NTLIMIT": 0, "DEFLATIONFT": 0.8011, "AMTOLL": 0.0, "PMTOLL": 0.0, "OPTOLL": 0.0, "AMTOLL_VP": 0.0, "PMTOLL_VP": 0.0, "OPTOLL_VP": 0.0, "AMHTIME": 1.92, "PMHTIME": 1.92, "OPHTIME": 1.92, "MDTOLL": 0.0, "MDTOLL_VP": 0.0, "MDHTIME": 1.92, "NTTOLL": 0.0, "NTTOLL_VP": 0.0, "NTHTIME": 1.92, "LINKAB": 2121500236, "TURNPENI": "TURNPEN.PEN", "I4AMSOV": 0.0, "I4AMHV2": 0.0, "I4AMHV3": 0.0, "I4AMCV": 0.0, "I4AMTRK": 0.0, "I4AMAPX": 0.0, "I4AMVOL": 0.0, "I4AMVMT": 0.0, "I4AMFFSPD": 17, "AMHRLKCAP": 22050, "AMHRLNCAP": 3150, "I4AMVC": 0.0, "I4AMVDF": 1.0, "I4AMSPD": 17.0, "COMP": 0, "I4MDSOV": 0.0, "I4MDHV2": 0.0, "I4MDHV3": 0.0, "I4MDCV": 0.0, "I4MDTRK": 0.0, "I4MDAPX": 0.0, "I4MDVOL": 0.0, "I4MDVMT": 0.0, "I4MDFFSPD": 17, "MDHRLKCAP": 22050, "MDHRLNCAP": 3150, "I4MDVC": 0.0, "I4MDVDF": 1.0, "I4MDSPD": 17.0, "I4PMSOV": 0.0, "I4PMHV2": 0.0, "I4PMHV3": 0.0, "I4PMCV": 0.0, "I4PMTRK": 0.0, "I4PMAPX": 0.0, "I4PMVOL": 0.0, "I4PMVMT": 0.0, "I4PMFFSPD": 17, "PMHRLKCAP": 22050, "PMHRLNCAP": 3150, "I4PMVC": 0.0, "I4PMVDF": 1.0, "I4PMSPD": 17.0, "I4NTSOV": 0.0, "I4NTHV2": 0.0, "I4NTHV3": 0.0, "I4NTCV": 0.0, "I4NTTRK": 0.0, "I4NTAPX": 0.0, "I4NTVOL": 0.0, "I4NTVMT": 0.0, "I4NTFFSPD": 17, "NTHRLKCAP": 22050, "NTHRLNCAP": 3150, "I4NTVC": 0.0, "I4NTVDF": 1.0, "I4NTSPD": 17.0, "I424VOL": 0.0, "TVOL00": 0, "TVMT00": 0.0, "ID": 0, "AADT_2023": 0, "AWDT_2023": 0, "MD210": 0, "CNT2LOADDIF": 0.0, "ABSNCTDIFF": 0.0, "CNT2LOADPCT": 0.0, "ABSPCTDIFF": 0.0, "MD210U": 0, "LOAD1": 0.0, "LOAD2": 0.0, "LOADGRW": -0.0, "ABSGRW": 0.0, "PRCGRW": -1.0, "PRCANLGRW": -4.5454545 }, "geometry": { "type": "LineString", "coordinates": [ [ -76.98011961952389, 38.93951099226274 ], [ -76.974168068453139, 38.937096987138119 ], [ -76.972206922414131, 38.936302361309117 ] ] } },
{ "type": "Feature", "properties": { "A": 21267, "B": 21260, "SUBAREA": 0, "FFSNEW": 0, "CPENEW": 0, "CPEFAC": 0, "TIMEPEN": 0, "DISTANCE": 0.04, "SPDCLASS": 41, "CAPCLASS": 41, "JUR": 0, "SCREEN": 0, "FTYPE": 4, "TOLL": 0, "TOLLGRP": 0, "AMLANE": 3, "AMLIMIT": 0, "PMLANE": 3, "PMLIMIT": 0, "OPLANE": 3, "OPLIMIT": 0, "EDGEID": 21300000000, "LINKID": 27750, "NETYEAR": 2000, "SHAPE_LENG": 205.38, "PROJECTID": "NA", "TAZ": 365, "ATYPE": 1, "MDLANE": 3, "MDLIMIT": 0, "NTLANE": 3, "NTLIMIT": 0, "DEFLATIONFT": 0.8011, "AMTOLL": 0.0, "PMTOLL": 0.0, "OPTOLL": 0.0, "AMTOLL_VP": 0.0, "PMTOLL_VP": 0.0, "OPTOLL_VP": 0.0, "AMHTIME": 0.18419, "PMHTIME": 0.18419, "OPHTIME": 0.14724, "MDTOLL": 0.0, "MDTOLL_VP": 0.0, "MDHTIME": 0.14724, "NTTOLL": 0.0, "NTTOLL_VP": 0.0, "NTHTIME": 0.14724, "LINKAB": 2126721260, "TURNPENI": "TURNPEN.PEN", "I4AMSOV": 0.0, "I4AMHV2": 0.0, "I4AMHV3": 0.0, "I4AMCV": 0.0, "I4AMTRK": 0.0, "I4AMAPX": 0.0, "I4AMVOL": 0.0, "I4AMVMT": 0.0, "I4AMFFSPD": 35, "AMHRLKCAP": 1500, "AMHRLNCAP": 500, "I4AMVC": 0.0, "I4AMVDF": 1.0, "I4AMSPD": 35.0, "COMP": 0, "I4MDSOV": 0.0, "I4MDHV2": 0.0, "I4MDHV3": 0.0, "I4MDCV": 0.0, "I4MDTRK": 0.0, "I4MDAPX": 0.0, "I4MDVOL": 0.0, "I4MDVMT": 0.0, "I4MDFFSPD": 35, "MDHRLKCAP": 1500, "MDHRLNCAP": 500, "I4MDVC": 0.0, "I4MDVDF": 1.0, "I4MDSPD": 35.0, "I4PMSOV": 0.0, "I4PMHV2": 0.0, "I4PMHV3": 0.0, "I4PMCV": 0.0, "I4PMTRK": 0.0, "I4PMAPX": 0.0, "I4PMVOL": 0.0, "I4PMVMT": 0.0, "I4PMFFSPD": 35, "PMHRLKCAP": 1500, "PMHRLNCAP": 500, "I4PMVC": 0.0, "I4PMVDF": 1.0, "I4PMSPD": 35.0, "I4NTSOV": 0.0, "I4NTHV2": 0.0, "I4NTHV3": 0.0, "I4NTCV": 0.0, "I4NTTRK": 0.0, "I4NTAPX": 0.0, "I4NTVOL": 0.0, "I4NTVMT": 0.0, "I4NTFFSPD": 35, "NTHRLKCAP": 1500, "NTHRLNCAP": 500, "I4NTVC": 0.0, "I4NTVDF": 1.0, "I4NTSPD": 35.0, "I424VOL": 0.0, "TVOL00": 0, "TVMT00": 0.0, "ID": 0, "AADT_2023": 0, "AWDT_2023": 0, "MD210": 0, "CNT2LOADDIF": 0.0, "ABSNCTDIFF": 0.0, "CNT2LOADPCT": 0.0, "ABSPCTDIFF": 0.0, "MD210U": 0, "LOAD1": 0.0, "LOAD2": 0.0, "LOADGRW": -0.0, "ABSGRW": 0.0, "PRCGRW": -1.0, "PRCANLGRW": -4.5454545 }, "geometry": { "type": "LineString", "coordinates": [ [ -77.000559702791648, 38.879262725025157 ], [ -77.000379562140509, 38.879282310085316 ], [ -77.00026948487195, 38.879292056512234 ], [ -77.00013932158997, 38.879321759520614 ], [ -76.999888761719262, 38.879441200916581 ] ] } },
{ "type": "Feature", "properties": { "A": 21304, "B": 322, "SUBAREA": 0, "FFSNEW": 0, "CPENEW": 0, "CPEFAC": 0, "TIMEPEN": 0, "DISTANCE": 0.31, "SPDCLASS": 4, "CAPCLASS": 4, "JUR": 0, "SCREEN": 0, "FTYPE": 0, "TOLL": 0, "TOLLGRP": 0, "AMLANE": 7, "AMLIMIT": 0, "PMLANE": 7, "PMLIMIT": 0, "OPLANE": 7, "OPLIMIT": 0, "EDGEID": 322021304, "LINKID": 62268, "NETYEAR": 2001, "SHAPE_LENG": 1624.68, "PROJECTID": "NA", "TAZ": 322, "ATYPE": 4, "MDLANE": 7, "MDLIMIT": 0, "NTLANE": 7, "NTLIMIT": 0, "DEFLATIONFT": 0.8011, "AMTOLL": 0.0, "PMTOLL": 0.0, "OPTOLL": 0.0, "AMTOLL_VP": 0.0, "PMTOLL_VP": 0.0, "OPTOLL_VP": 0.0, "AMHTIME": 0.744, "PMHTIME": 0.744, "OPHTIME": 0.744, "MDTOLL": 0.0, "MDTOLL_VP": 0.0, "MDHTIME": 0.744, "NTTOLL": 0.0, "NTTOLL_VP": 0.0, "NTHTIME": 0.744, "LINKAB": 2130400322, "TURNPENI": "TURNPEN.PEN", "I4AMSOV": 32.47074, "I4AMHV2": 7.56303, "I4AMHV3": 2.76505, "I4AMCV": 3.2923, "I4AMTRK": 2.49082, "I4AMAPX": 1.0000000000000001e-05, "I4AMVOL": 48.58194, "I4AMVMT": 15.0604, "I4AMFFSPD": 29, "AMHRLKCAP": 22050, "AMHRLNCAP": 3150, "I4AMVC": 0.00092, "I4AMVDF": 1.0, "I4AMSPD": 29.0, "COMP": 0, "I4MDSOV": 181.05074, "I4MDHV2": 33.59348, "I4MDHV3": 12.40865, "I4MDCV": 14.83424, "I4MDTRK": 17.66469, "I4MDAPX": 0.10521, "I4MDVOL": 259.65701, "I4MDVMT": 80.49368, "I4MDFFSPD": 29, "MDHRLKCAP": 22050, "MDHRLNCAP": 3150, "I4MDVC": 0.00208, "I4MDVDF": 1.0, "I4MDSPD": 29.0, "I4PMSOV": 9.19, "I4PMHV2": 2.58, "I4PMHV3": 1.04, "I4PMCV": 0.08, "I4PMTRK": 0.06, "I4PMAPX": 0.06, "I4PMVOL": 13.01, "I4PMVMT": 4.0331, "I4PMFFSPD": 29, "PMHRLKCAP": 22050, "PMHRLNCAP": 3150, "I4PMVC": 0.00017, "I4PMVDF": 1.0, "I4PMSPD": 29.0, "I4NTSOV": 151.19234, "I4NTHV2": 39.91779, "I4NTHV3": 16.58625, "I4NTCV": 8.03841, "I4NTTRK": 4.07, "I4NTAPX": 0.12, "I4NTVOL": 219.92477, "I4NTVMT": 68.17668, "I4NTFFSPD": 29, "NTHRLKCAP": 22050, "NTHRLNCAP": 3150, "I4NTVC": 0.0015, "I4NTVDF": 1.0, "I4NTSPD": 29.0, "I424VOL": 541.17371, "TVOL00": 0, "TVMT00": 0.0, "ID": 0, "AADT_2023": 0, "AWDT_2023": 0, "MD210": 0, "CNT2LOADDIF": 0.0, "ABSNCTDIFF": 0.0, "CNT2LOADPCT": 0.0, "ABSPCTDIFF": 0.0, "MD210U": 0, "LOAD1": 541.17371, "LOAD2": 15.79842, "LOADGRW": -525.37531, "ABSGRW": 525.37531, "PRCGRW": -0.9708071, "PRCANLGRW": -4.4127598 }, "geometry": { "type": "LineString", "coordinates": [ [ -76.931569312189495, 38.878641356167165 ], [ -76.937109854120877, 38.877579114577969 ] ] } },
{ "type": "Feature", "properties": { "A": 21655, "B": 305, "SUBAREA": 0, "FFSNEW": 0, "CPENEW": 0, "CPEFAC": 0, "TIMEPEN": 0, "DISTANCE": 0.1, "SPDCLASS": 2, "CAPCLASS": 2, "JUR": 0, "SCREEN": 0, "FTYPE": 0, "TOLL": 0, "TOLLGRP": 0, "AMLANE": 7, "AMLIMIT": 0, "PMLANE": 7, "PMLIMIT": 0, "OPLANE": 7, "OPLIMIT": 0, "EDGEID": 305021655, "LINKID": 78190, "NETYEAR": 2001, "SHAPE_LENG": 520.44, "PROJECTID": "NA", "TAZ": 305, "ATYPE": 2, "MDLANE": 7, "MDLIMIT": 0, "NTLANE": 7, "NTLIMIT": 0, "DEFLATIONFT": 0.8011, "AMTOLL": 0.0, "PMTOLL": 0.0, "OPTOLL": 0.0, "AMTOLL_VP": 0.0, "PMTOLL_VP": 0.0, "OPTOLL_VP": 0.0, "AMHTIME": 0.4, "PMHTIME": 0.4, "OPHTIME": 0.4, "MDTOLL": 0.0, "MDTOLL_VP": 0.0, "MDHTIME": 0.4, "NTTOLL": 0.0, "NTTOLL_VP": 0.0, "NTHTIME": 0.4, "LINKAB": 2165500305, "TURNPENI": "TURNPEN.PEN", "I4AMSOV": 0.7002, "I4AMHV2": 0.23005, "I4AMHV3": 0.11, "I4AMCV": 3.0000000000000001e-05, "I4AMTRK": 3.0000000000000001e-05, "I4AMAPX": 0.0, "I4AMVOL": 1.04031, "I4AMVMT": 0.10403, "I4AMFFSPD": 17, "AMHRLKCAP": 22050, "AMHRLNCAP": 3150, "I4AMVC": 2.0000000000000002e-05, "I4AMVDF": 1.0, "I4AMSPD": 17.0, "COMP": 0, "I4MDSOV": 2.93, "I4MDHV2": 0.65, "I4MDHV3": 0.26, "I4MDCV": 0.0, "I4MDTRK": 0.0, "I4MDAPX": 0.0, "I4MDVOL": 3.84, "I4MDVMT": 0.384, "I4MDFFSPD": 17, "MDHRLKCAP": 22050, "MDHRLNCAP": 3150, "I4MDVC": 3.0000000000000001e-05, "I4MDVDF": 1.0, "I4MDSPD": 17.0, "I4PMSOV": 1.57, "I4PMHV2": 0.59, "I4PMHV3": 0.25, "I4PMCV": 0.0, "I4PMTRK": 0.0, "I4PMAPX": 0.0, "I4PMVOL": 2.41, "I4PMVMT": 0.241, "I4PMFFSPD": 17, "PMHRLKCAP": 22050, "PMHRLNCAP": 3150, "I4PMVC": 3.0000000000000001e-05, "I4PMVDF": 1.0, "I4PMSPD": 17.0, "I4NTSOV": 123.24055, "I4NTHV2": 39.40318, "I4NTHV3": 16.1977, "I4NTCV": 5.79, "I4NTTRK": 3.48, "I4NTAPX": 0.52, "I4NTVOL": 188.63142, "I4NTVMT": 18.86314, "I4NTFFSPD": 17, "NTHRLKCAP": 22050, "NTHRLNCAP": 3150, "I4NTVC": 0.00128, "I4NTVDF": 1.0, "I4NTSPD": 17.0, "I424VOL": 195.92174, "TVOL00": 0, "TVMT00": 0.0, "ID": 0, "AADT_2023": 0, "AWDT_2023": 0, "MD210": 0, "CNT2LOADDIF": 0.0, "ABSNCTDIFF": 0.0, "CNT2LOADPCT": 0.0, "ABSPCTDIFF": 0.0, "MD210U": 0, "LOAD1": 195.92174, "LOAD2": 8.59001, "LOADGRW": -187.33173, "ABSGRW": 187.33173, "PRCGRW": -0.956156, "PRCANLGRW": -4.3461633 }, "geometry": { "type": "LineString", "coordinates": [ [ -76.980767066754069, 38.885343005072976 ], [ -76.978989351305302, 38.885674935806612 ] ] } },
{ "type": "Feature", "properties": { "A": 21683, "B": 251, "SUBAREA": 0, "FFSNEW": 0, "CPENEW": 0, "CPEFAC": 0, "TIMEPEN": 0, "DISTANCE": 0.16, "SPDCLASS": 2, "CAPCLASS": 2, "JUR": 0, "SCREEN": 0, "FTYPE": 0, "TOLL": 0, "TOLLGRP": 0, "AMLANE": 7, "AMLIMIT": 0, "PMLANE": 7, "PMLIMIT": 0, "OPLANE": 7, "OPLIMIT": 0, "EDGEID": 251021683, "LINKID": 73986, "NETYEAR": 2001, "SHAPE_LENG": 851.96, "PROJECTID": "NA", "TAZ": 251, "ATYPE": 2, "MDLANE": 7, "MDLIMIT": 0, "NTLANE": 7, "NTLIMIT": 0, "DEFLATIONFT": 0.8011, "AMTOLL": 0.0, "PMTOLL": 0.0, "OPTOLL": 0.0, "AMTOLL_VP": 0.0, "PMTOLL_VP": 0.0, "OPTOLL_VP": 0.0, "AMHTIME": 0.64, "PMHTIME": 0.64, "OPHTIME": 0.64, "MDTOLL": 0.0, "MDTOLL_VP": 0.0, "MDHTIME": 0.64, "NTTOLL": 0.0, "NTTOLL_VP": 0.0, "NTHTIME": 0.64, "LINKAB": 2168300251, "TURNPENI": "TURNPEN.PEN", "I4AMSOV": 0.00011, "I4AMHV2": 3.0000000000000001e-05, "I4AMHV3": 0.0, "I4AMCV": 2.0000000000000002e-05, "I4AMTRK": 1.0000000000000001e-05, "I4AMAPX": 0.0, "I4AMVOL": 0.00016, "I4AMVMT": 3.0000000000000001e-05, "I4AMFFSPD": 17, "AMHRLKCAP": 22050, "AMHRLNCAP": 3150, "I4AMVC": 0.0, "I4AMVDF": 1.0, "I4AMSPD": 17.0, "COMP": 0, "I4MDSOV": 0.0, "I4MDHV2": 0.0, "I4MDHV3": 0.0, "I4MDCV": 0.0, "I4MDTRK": 0.0, "I4MDAPX": 0.0, "I4MDVOL": 0.0, "I4MDVMT": 0.0, "I4MDFFSPD": 17, "MDHRLKCAP": 22050, "MDHRLNCAP": 3150, "I4MDVC": 0.0, "I4MDVDF": 1.0, "I4MDSPD": 17.0, "I4PMSOV": 0.0, "I4PMHV2": 0.0, "I4PMHV3": 0.0, "I4PMCV": 0.0, "I4PMTRK": 0.0, "I4PMAPX": 0.0, "I4PMVOL": 0.0, "I4PMVMT": 0.0, "I4PMFFSPD": 17, "PMHRLKCAP": 22050, "PMHRLNCAP": 3150, "I4PMVC": 0.0, "I4PMVDF": 1.0, "I4PMSPD": 17.0, "I4NTSOV": 0.0, "I4NTHV2": 0.0, "I4NTHV3": 0.0, "I4NTCV": 0.0, "I4NTTRK": 0.0, "I4NTAPX": 0.0, "I4NTVOL": 0.0, "I4NTVMT": 0.0, "I4NTFFSPD": 17, "NTHRLKCAP": 22050, "NTHRLNCAP": 3150, "I4NTVC": 0.0, "I4NTVDF": 1.0, "I4NTSPD": 17.0, "I424VOL": 0.00016, "TVOL00": 0, "TVMT00": 0.0, "ID": 0, "AADT_2023": 0, "AWDT_2023": 0, "MD210": 0, "CNT2LOADDIF": 0.0, "ABSNCTDIFF": 0.0, "CNT2LOADPCT": 0.0, "ABSPCTDIFF": 0.0, "MD210U": 0, "LOAD1": 0.00016, "LOAD2": 0.0, "LOADGRW": -0.00016, "ABSGRW": 0.00016, "PRCGRW": -0.9755554, "PRCANLGRW": -4.4343429 }, "geometry": { "type": "LineString", "coordinates": [ [ -76.928579679205257, 38.903491424812209 ], [ -76.928977961807377, 38.905811827785634 ] ] } },
{ "type": "Feature", "properties": { "A": 21742, "B": 89, "SUBAREA": 0, "FFSNEW": 0, "CPENEW": 0, "CPEFAC": 0, "TIMEPEN": 0, "DISTANCE": 0.2, "SPDCLASS": 2, "CAPCLASS": 2, "JUR": 0, "SCREEN": 0, "FTYPE": 0, "TOLL": 0, "TOLLGRP": 0, "AMLANE": 7, "AMLIMIT": 0, "PMLANE": 7, "PMLIMIT": 0, "OPLANE": 7, "OPLIMIT": 0, "EDGEID": 21700000000, "LINKID": 8170, "NETYEAR": 2001, "SHAPE_LENG": 1074.14, "PROJECTID": "NA", "TAZ": 89, "ATYPE": 2, "MDLANE": 7, "MDLIMIT": 0, "NTLANE": 7, "NTLIMIT": 0, "DEFLATIONFT": 0.8011, "AMTOLL": 0.0, "PMTOLL": 0.0, "OPTOLL": 0.0, "AMTOLL_VP": 0.0, "PMTOLL_VP": 0.0, "OPTOLL_VP": 0.0, "AMHTIME": 0.8, "PMHTIME": 0.8, "OPHTIME": 0.8, "MDTOLL": 0.0, "MDTOLL_VP": 0.0, "MDHTIME": 0.8, "NTTOLL": 0.0, "NTTOLL_VP": 0.0, "NTHTIME": 0.8, "LINKAB": 2174200089, "TURNPENI": "TURNPEN.PEN", "I4AMSOV": 0.00223, "I4AMHV2": 0.00047, "I4AMHV3": 0.0, "I4AMCV": 0.00015, "I4AMTRK": 0.00019, "I4AMAPX": 2.0000000000000002e-05, "I4AMVOL": 0.00306, "I4AMVMT": 0.00061, "I4AMFFSPD": 17, "AMHRLKCAP": 22050, "AMHRLNCAP": 3150, "I4AMVC": 0.0, "I4AMVDF": 1.0, "I4AMSPD": 17.0, "COMP": 0, "I4MDSOV": 0.0, "I4MDHV2": 0.0, "I4MDHV3": 0.0, "I4MDCV": 0.0, "I4MDTRK": 0.0, "I4MDAPX": 0.0, "I4MDVOL": 0.0, "I4MDVMT": 0.0, "I4MDFFSPD": 17, "MDHRLKCAP": 22050, "MDHRLNCAP": 3150, "I4MDVC": 0.0, "I4MDVDF": 1.0, "I4MDSPD": 17.0, "I4PMSOV": 0.0, "I4PMHV2": 0.0, "I4PMHV3": 0.0, "I4PMCV": 0.0, "I4PMTRK": 0.0, "I4PMAPX": 0.0, "I4PMVOL": 0.0, "I4PMVMT": 0.0, "I4PMFFSPD": 17, "PMHRLKCAP": 22050, "PMHRLNCAP": 3150, "I4PMVC": 0.0, "I4PMVDF": 1.0, "I4PMSPD": 17.0, "I4NTSOV": 0.0, "I4NTHV2": 0.0, "I4NTHV3": 0.0, "I4NTCV": 0.0, "I4NTTRK": 0.0, "I4NTAPX": 0.0, "I4NTVOL": 0.0, "I4NTVMT": 0.0, "I4NTFFSPD": 17, "NTHRLKCAP": 22050, "NTHRLNCAP": 3150, "I4NTVC": 0.0, "I4NTVDF": 1.0, "I4NTSPD": 17.0, "I424VOL": 0.00306, "TVOL00": 0, "TVMT00": 0.0, "ID": 0, "AADT_2023": 0, "AWDT_2023": 0, "MD210": 0, "CNT2LOADDIF": 0.0, "ABSNCTDIFF": 0.0, "CNT2LOADPCT": 0.0, "ABSPCTDIFF": 0.0, "MD210U": 0, "LOAD1": 0.00306, "LOAD2": 0.00012, "LOADGRW": -0.00294, "ABSGRW": 0.00294, "PRCGRW": -0.9614212, "PRCANLGRW": -4.3700962 }, "geometry": { "type": "LineString", "coordinates": [ [ -77.085929054996939, 38.912830934290092 ], [ -77.08401420956983, 38.91028976361779 ] ] } },
{ "type": "Feature", "properties": { "A": 21797, "B": 216, "SUBAREA": 0, "FFSNEW": 0, "CPENEW": 0, "CPEFAC": 0, "TIMEPEN": 0, "DISTANCE": 0.15, "SPDCLASS": 2, "CAPCLASS": 2, "JUR": 0, "SCREEN": 0, "FTYPE": 0, "TOLL": 0, "TOLLGRP": 0, "AMLANE": 7, "AMLIMIT": 0, "PMLANE": 7, "PMLIMIT": 0, "OPLANE": 7, "OPLIMIT": 0, "EDGEID": 216021797, "LINKID": 77610, "NETYEAR": 2002, "SHAPE_LENG": 784.78, "PROJECTID": "NA", "TAZ": 216, "ATYPE": 2, "MDLANE": 7, "MDLIMIT": 0, "NTLANE": 7, "NTLIMIT": 0, "DEFLATIONFT": 0.8011, "AMTOLL": 0.0, "PMTOLL": 0.0, "OPTOLL": 0.0, "AMTOLL_VP": 0.0, "PMTOLL_VP": 0.0, "OPTOLL_VP": 0.0, "AMHTIME": 0.6, "PMHTIME": 0.6, "OPHTIME": 0.6, "MDTOLL": 0.0, "MDTOLL_VP": 0.0, "MDHTIME": 0.6, "NTTOLL": 0.0, "NTTOLL_VP": 0.0, "NTHTIME": 0.6, "LINKAB": 2179700216, "TURNPENI": "TURNPEN.PEN", "I4AMSOV": 9.0000000000000006e-05, "I4AMHV2": 2.0000000000000002e-05, "I4AMHV3": 0.0, "I4AMCV": 1.0000000000000001e-05, "I4AMTRK": 1.0000000000000001e-05, "I4AMAPX": 0.0, "I4AMVOL": 0.00012, "I4AMVMT": 2.0000000000000002e-05, "I4AMFFSPD": 17, "AMHRLKCAP": 22050, "AMHRLNCAP": 3150, "I4AMVC": 0.0, "I4AMVDF": 1.0, "I4AMSPD": 17.0, "COMP": 0, "I4MDSOV": 0.0, "I4MDHV2": 0.0, "I4MDHV3": 0.0, "I4MDCV": 0.0, "I4MDTRK": 0.0, "I4MDAPX": 0.0, "I4MDVOL": 0.0, "I4MDVMT": 0.0, "I4MDFFSPD": 17, "MDHRLKCAP": 22050, "MDHRLNCAP": 3150, "I4MDVC": 0.0, "I4MDVDF": 1.0, "I4MDSPD": 17.0, "I4PMSOV": 0.0, "I4PMHV2": 0.0, "I4PMHV3": 0.0, "I4PMCV": 0.0, "I4PMTRK": 0.0, "I4PMAPX": 0.0, "I4PMVOL": 0.0, "I4PMVMT": 0.0, "I4PMFFSPD": 17, "PMHRLKCAP": 22050, "PMHRLNCAP": 3150, "I4PMVC": 0.0, "I4PMVDF": 1.0, "I4PMSPD": 17.0, "I4NTSOV": 0.0, "I4NTHV2": 0.0, "I4NTHV3": 0.0, "I4NTCV": 0.0, "I4NTTRK": 0.0, "I4NTAPX": 0.0, "I4NTVOL": 0.0, "I4NTVMT": 0.0, "I4NTFFSPD": 17, "NTHRLKCAP": 22050, "NTHRLNCAP": 3150, "I4NTVC": 0.0, "I4NTVDF": 1.0, "I4NTSPD": 17.0, "I424VOL": 0.00012, "TVOL00": 0, "TVMT00": 0.0, "ID": 0, "AADT_2023": 0, "AWDT_2023": 0, "MD210": 0, "CNT2LOADDIF": 0.0, "ABSNCTDIFF": 0.0, "CNT2LOADPCT": 0.0, "ABSPCTDIFF": 0.0, "MD210U": 0, "LOAD1": 0.00012, "LOAD2": 0.0, "LOADGRW": -0.00012, "ABSGRW": 0.00012, "PRCGRW": -0.99999990000000005, "PRCANLGRW": -4.545454 }, "geometry": { "type": "LineString", "coordinates": [ [ -76.984771783475964, 38.919165769470645 ], [ -76.984813502002567, 38.921318437461345 ] ] } },
{ "type": "Feature", "properties": { "A": 21952, "B": 101, "SUBAREA": 0, "FFSNEW": 0, "CPENEW": 0, "CPEFAC": 0, "TIMEPEN": 0, "DISTANCE": 0.21, "SPDCLASS": 2, "CAPCLASS": 2, "JUR": 0, "SCREEN": 0, "FTYPE": 0, "TOLL": 0, "TOLLGRP": 0, "AMLANE": 7, "AMLIMIT": 0, "PMLANE": 7, "PMLIMIT": 0, "OPLANE": 7, "OPLIMIT": 0, "EDGEID": 101021952, "LINKID": 78977, "NETYEAR": 2001, "SHAPE_LENG": 1134.97, "PROJECTID": "NA", "TAZ": 101, "ATYPE": 2, "MDLANE": 7, "MDLIMIT": 0, "NTLANE": 7, "NTLIMIT": 0, "DEFLATIONFT": 0.8011, "AMTOLL": 0.0, "PMTOLL": 0.0, "OPTOLL": 0.0, "AMTOLL_VP": 0.0, "PMTOLL_VP": 0.0, "OPTOLL_VP": 0.0, "AMHTIME": 0.84, "PMHTIME": 0.84, "OPHTIME": 0.84, "MDTOLL": 0.0, "MDTOLL_VP": 0.0, "MDHTIME": 0.84, "NTTOLL": 0.0, "NTTOLL_VP": 0.0, "NTHTIME": 0.84, "LINKAB": 2195200101, "TURNPENI": "TURNPEN.PEN", "I4AMSOV": 0.00053, "I4AMHV2": 6.0000000000000002e-05, "I4AMHV3": 0.0, "I4AMCV": 8.0000000000000007e-05, "I4AMTRK": 3.0000000000000001e-05, "I4AMAPX": 0.0, "I4AMVOL": 0.0007, "I4AMVMT": 0.00015, "I4AMFFSPD": 17, "AMHRLKCAP": 22050, "AMHRLNCAP": 3150, "I4AMVC": 0.0, "I4AMVDF": 1.0, "I4AMSPD": 17.0, "COMP": 0, "I4MDSOV": 0.0, "I4MDHV2": 0.0, "I4MDHV3": 0.0, "I4MDCV": 0.0, "I4MDTRK": 0.0, "I4MDAPX": 0.0, "I4MDVOL": 0.0, "I4MDVMT": 0.0, "I4MDFFSPD": 17, "MDHRLKCAP": 22050, "MDHRLNCAP": 3150, "I4MDVC": 0.0, "I4MDVDF": 1.0, "I4MDSPD": 17.0, "I4PMSOV": 0.0, "I4PMHV2": 0.0, "I4PMHV3": 0.0, "I4PMCV": 0.0, "I4PMTRK": 0.0, "I4PMAPX": 0.0, "I4PMVOL": 0.0, "I4PMVMT": 0.0, "I4PMFFSPD": 17, "PMHRLKCAP": 22050, "PMHRLNCAP": 3150, "I4PMVC": 0.0, "I4PMVDF": 1.0, "I4PMSPD": 17.0, "I4NTSOV": 0.0, "I4NTHV2": 0.0, "I4NTHV3": 0.0, "I4NTCV": 0.0, "I4NTTRK": 0.0, "I4NTAPX": 0.0, "I4NTVOL": 0.0, "I4NTVMT": 0.0, "I4NTFFSPD": 17, "NTHRLKCAP": 22050, "NTHRLNCAP": 3150, "I4NTVC": 0.0, "I4NTVDF": 1.0, "I4NTSPD": 17.0, "I424VOL": 0.0007, "TVOL00": 0, "TVMT00": 0.0, "ID": 0, "AADT_2023": 0, "AWDT_2023": 0, "MD210": 0, "CNT2LOADDIF": 0.0, "ABSNCTDIFF": 0.0, "CNT2LOADPCT": 0.0, "ABSPCTDIFF": 0.0, "MD210U": 0, "LOAD1": 0.0007, "LOAD2": 1.0000000000000001e-05, "LOADGRW": -0.00069, "ABSGRW": 0.00069, "PRCGRW": -0.9813206, "PRCANLGRW": -4.4605479 }, "geometry": { "type": "LineString", "coordinates": [ [ -77.079248939372519, 38.954688925728881 ], [ -77.077610672010749, 38.951845451802868 ] ] } },
{ "type": "Feature", "properties": { "A": 21954, "B": 102, "SUBAREA": 0, "FFSNEW": 0, "CPENEW": 0, "CPEFAC": 0, "TIMEPEN": 0, "DISTANCE": 0.31, "SPDCLASS": 2, "CAPCLASS": 2, "JUR": 0, "SCREEN": 0, "FTYPE": 0, "TOLL": 0, "TOLLGRP": 0, "AMLANE": 7, "AMLIMIT": 0, "PMLANE": 7, "PMLIMIT": 0, "OPLANE": 7, "OPLIMIT": 0, "EDGEID": 102021954, "LINKID": 78989, "NETYEAR": 2001, "SHAPE_LENG": 1633.47, "PROJECTID": "NA", "TAZ": 102, "ATYPE": 2, "MDLANE": 7, "MDLIMIT": 0, "NTLANE": 7, "NTLIMIT": 0, "DEFLATIONFT": 0.8011, "AMTOLL": 0.0, "PMTOLL": 0.0, "OPTOLL": 0.0, "AMTOLL_VP": 0.0, "PMTOLL_VP": 0.0, "OPTOLL_VP": 0.0, "AMHTIME": 1.24, "PMHTIME": 1.24, "OPHTIME": 1.24, "MDTOLL": 0.0, "MDTOLL_VP": 0.0, "MDHTIME": 1.24, "NTTOLL": 0.0, "NTTOLL_VP": 0.0, "NTHTIME": 1.24, "LINKAB": 2195400102, "TURNPENI": "TURNPEN.PEN", "I4AMSOV": 0.0, "I4AMHV2": 0.0, "I4AMHV3": 0.0, "I4AMCV": 0.0, "I4AMTRK": 0.0, "I4AMAPX": 0.0, "I4AMVOL": 0.0, "I4AMVMT": 0.0, "I4AMFFSPD": 17, "AMHRLKCAP": 22050, "AMHRLNCAP": 3150, "I4AMVC": 0.0, "I4AMVDF": 1.0, "I4AMSPD": 17.0, "COMP": 0, "I4MDSOV": 0.0, "I4MDHV2": 0.0, "I4MDHV3": 0.0, "I4MDCV": 0.0, "I4MDTRK": 0.0, "I4MDAPX": 0.0, "I4MDVOL": 0.0, "I4MDVMT": 0.0, "I4MDFFSPD": 17, "MDHRLKCAP": 22050, "MDHRLNCAP": 3150, "I4MDVC": 0.0, "I4MDVDF": 1.0, "I4MDSPD": 17.0, "I4PMSOV": 0.0, "I4PMHV2": 0.0, "I4PMHV3": 0.0, "I4PMCV": 0.0, "I4PMTRK": 0.0, "I4PMAPX": 0.0, "I4PMVOL": 0.0, "I4PMVMT": 0.0, "I4PMFFSPD": 17, "PMHRLKCAP": 22050, "PMHRLNCAP": 3150, "I4PMVC": 0.0, "I4PMVDF": 1.0, "I4PMSPD": 17.0, "I4NTSOV": 0.0, "I4NTHV2": 0.0, "I4NTHV3": 0.0, "I4NTCV": 0.0, "I4NTTRK": 0.0, "I4NTAPX": 0.0, "I4NTVOL": 0.0, "I4NTVMT": 0.0, "I4NTFFSPD": 17, "NTHRLKCAP": 22050, "NTHRLNCAP": 3150, "I4NTVC": 0.0, "I4NTVDF": 1.0, "I4NTSPD": 17.0, "I424VOL": 0.0, "TVOL00": 0, "TVMT00": 0.0, "ID": 0, "AADT_2023": 0, "AWDT_2023": 0, "MD210": 0, "CNT2LOADDIF": 0.0, "ABSNCTDIFF": 0.0, "CNT2LOADPCT": 0.0, "ABSPCTDIFF": 0.0, "MD210U": 0, "LOAD1": 0.0, "LOAD2": 0.0, "LOADGRW": -0.0, "ABSGRW": 0.0, "PRCGRW": -0.9999987, "PRCANLGRW": -4.5454488 }, "geometry": { "type": "LineString", "coordinates": [ [ -77.065146500956288, 38.953283585402509 ], [ -77.067808698443898, 38.957255136375878 ] ] } },
{ "type": "Feature", "properties": { "A": 21969, "B": 254, "SUBAREA": 0, "FFSNEW": 0, "CPENEW": 0, "CPEFAC": 0, "TIMEPEN": 0, "DISTANCE": 0.26, "SPDCLASS": 2, "CAPCLASS": 2, "JUR": 0, "SCREEN": 0, "FTYPE": 0, "TOLL": 0, "TOLLGRP": 0, "AMLANE": 7, "AMLIMIT": 0, "PMLANE": 7, "PMLIMIT": 0, "OPLANE": 7, "OPLIMIT": 0, "EDGEID": 254021969, "LINKID": 79115, "NETYEAR": 2001, "SHAPE_LENG": 1348.69, "PROJECTID": "NA", "TAZ": 254, "ATYPE": 2, "MDLANE": 7, "MDLIMIT": 0, "NTLANE": 7, "NTLIMIT": 0, "DEFLATIONFT": 0.8011, "AMTOLL": 0.0, "PMTOLL": 0.0, "OPTOLL": 0.0, "AMTOLL_VP": 0.0, "PMTOLL_VP": 0.0, "OPTOLL_VP": 0.0, "AMHTIME": 1.04, "PMHTIME": 1.04, "OPHTIME": 1.04, "MDTOLL": 0.0, "MDTOLL_VP": 0.0, "MDHTIME": 1.04, "NTTOLL": 0.0, "NTTOLL_VP": 0.0, "NTHTIME": 1.04, "LINKAB": 2196900254, "TURNPENI": "TURNPEN.PEN", "I4AMSOV": 0.0, "I4AMHV2": 0.0, "I4AMHV3": 0.0, "I4AMCV": 0.0, "I4AMTRK": 0.0, "I4AMAPX": 0.0, "I4AMVOL": 0.0, "I4AMVMT": 0.0, "I4AMFFSPD": 17, "AMHRLKCAP": 22050, "AMHRLNCAP": 3150, "I4AMVC": 0.0, "I4AMVDF": 1.0, "I4AMSPD": 17.0, "COMP": 0, "I4MDSOV": 0.0, "I4MDHV2": 0.0, "I4MDHV3": 0.0, "I4MDCV": 0.0, "I4MDTRK": 0.0, "I4MDAPX": 0.0, "I4MDVOL": 0.0, "I4MDVMT": 0.0, "I4MDFFSPD": 17, "MDHRLKCAP": 22050, "MDHRLNCAP": 3150, "I4MDVC": 0.0, "I4MDVDF": 1.0, "I4MDSPD": 17.0, "I4PMSOV": 58.71584, "I4PMHV2": 9.13148, "I4PMHV3": 5.68, "I4PMCV": 10.77948, "I4PMTRK": 1.57069, "I4PMAPX": 0.55994, "I4PMVOL": 86.43742, "I4PMVMT": 22.47373, "I4PMFFSPD": 17, "PMHRLKCAP": 22050, "PMHRLNCAP": 3150, "I4PMVC": 0.00115, "I4PMVDF": 1.0, "I4PMSPD": 17.0, "I4NTSOV": 0.0, "I4NTHV2": 0.0, "I4NTHV3": 0.0, "I4NTCV": 0.0, "I4NTTRK": 0.0, "I4NTAPX": 0.0, "I4NTVOL": 0.0, "I4NTVMT": 0.0, "I4NTFFSPD": 17, "NTHRLKCAP": 22050, "NTHRLNCAP": 3150, "I4NTVC": 0.0, "I4NTVDF": 1.0, "I4NTSPD": 17.0, "I424VOL": 86.43742, "TVOL00": 0, "TVMT00": 0.0, "ID": 0, "AADT_2023": 0, "AWDT_2023": 0, "MD210": 0, "CNT2LOADDIF": 0.0, "ABSNCTDIFF": 0.0, "CNT2LOADPCT": 0.0, "ABSPCTDIFF": 0.0, "MD210U": 0, "LOAD1": 86.43742, "LOAD2": 8.14417, "LOADGRW": -78.29325, "ABSGRW": 78.29325, "PRCGRW": -0.9057795, "PRCANLGRW": -4.1171799 }, "geometry": { "type": "LineString", "coordinates": [ [ -76.924917843963613, 38.903752721091607 ], [ -76.928114814186799, 38.90101721635066 ] ] } },
{ "type": "Feature", "properties": { "A": 22162, "B": 22445, "SUBAREA": 0, "FFSNEW": 0, "CPENEW": 0, "CPEFAC": 0, "TIMEPEN": 0, "DISTANCE": 0.98, "SPDCLASS": 42, "CAPCLASS": 42, "JUR": 1, "SCREEN": 0, "FTYPE": 4, "TOLL": 0, "TOLLGRP": 0, "AMLANE": 1, "AMLIMIT": 0, "PMLANE": 1, "PMLIMIT": 0, "OPLANE": 1, "OPLIMIT": 0, "EDGEID": 22400000000, "LINKID": 30181, "NETYEAR": 2004, "SHAPE_LENG": 5181.82, "PROJECTID": "MC12E", "TAZ": 485, "ATYPE": 2, "MDLANE": 1, "MDLIMIT": 0, "NTLANE": 1, "NTLIMIT": 0, "DEFLATIONFT": 0.8011, "AMTOLL": 0.0, "PMTOLL": 0.0, "OPTOLL": 0.0, "AMTOLL_VP": 0.0, "PMTOLL_VP": 0.0, "OPTOLL_VP": 0.0, "AMHTIME": 4.36202, "PMHTIME": 4.36202, "OPHTIME": 3.63636, "MDTOLL": 0.0, "MDTOLL_VP": 0.0, "MDHTIME": 3.63636, "NTTOLL": 0.0, "NTTOLL_VP": 0.0, "NTHTIME": 3.63636, "LINKAB": 2216222445, "TURNPENI": "TURNPEN.PEN", "I4AMSOV": 1.0000000000000001e-05, "I4AMHV2": 0.0, "I4AMHV3": 0.0, "I4AMCV": 0.0, "I4AMTRK": 0.0, "I4AMAPX": 0.0, "I4AMVOL": 1.0000000000000001e-05, "I4AMVMT": 1.0000000000000001e-05, "I4AMFFSPD": 35, "AMHRLKCAP": 500, "AMHRLNCAP": 500, "I4AMVC": 0.0, "I4AMVDF": 1.0, "I4AMSPD": 35.0, "COMP": 0, "I4MDSOV": 0.0, "I4MDHV2": 0.0, "I4MDHV3": 0.0, "I4MDCV": 0.0, "I4MDTRK": 0.0, "I4MDAPX": 0.0, "I4MDVOL": 0.0, "I4MDVMT": 0.0, "I4MDFFSPD": 35, "MDHRLKCAP": 500, "MDHRLNCAP": 500, "I4MDVC": 0.0, "I4MDVDF": 1.0, "I4MDSPD": 35.0, "I4PMSOV": 0.0, "I4PMHV2": 0.0, "I4PMHV3": 0.0, "I4PMCV": 0.0, "I4PMTRK": 0.0, "I4PMAPX": 0.0, "I4PMVOL": 0.0, "I4PMVMT": 0.0, "I4PMFFSPD": 35, "PMHRLKCAP": 500, "PMHRLNCAP": 500, "I4PMVC": 0.0, "I4PMVDF": 1.0, "I4PMSPD": 35.0, "I4NTSOV": 0.0, "I4NTHV2": 0.0, "I4NTHV3": 0.0, "I4NTCV": 0.0, "I4NTTRK": 0.0, "I4NTAPX": 0.0, "I4NTVOL": 0.0, "I4NTVMT": 0.0, "I4NTFFSPD": 35, "NTHRLKCAP": 500, "NTHRLNCAP": 500, "I4NTVC": 0.0, "I4NTVDF": 1.0, "I4NTSPD": 35.0, "I424VOL": 1.0000000000000001e-05, "TVOL00": 0, "TVMT00": 0.0, "ID": 0, "AADT_2023": 0, "AWDT_2023": 0, "MD210": 0, "CNT2LOADDIF": 0.0, "ABSNCTDIFF": 0.0, "CNT2LOADPCT": 0.0, "ABSPCTDIFF": 0.0, "MD210U": 0, "LOAD1": 1.0000000000000001e-05, "LOAD2": 0.0, "LOADGRW": -1.0000000000000001e-05, "ABSGRW": 1.0000000000000001e-05, "PRCGRW": -1.0, "PRCANLGRW": -4.5454545 }, "geometry": { "type": "LineString", "coordinates": [ [ -77.209778975686035, 39.176083604670893 ], [ -77.210337981021837, 39.175732242226722 ], [ -77.211687981217437, 39.174812242033489 ], [ -77.211917981490615, 39.174682242074631 ], [ -77.212317980949024, 39.174502241508918 ], [ -77.21257798086674, 39.174412241675775 ], [ -77.212967979844066, 39.174312241361491 ], [ -77.213277980368616, 39.17426224165402 ], [ -77.213417979909266, 39.174262241654034 ], [ -77.213777980141288, 39.174252242072242 ], [ -77.213848863047659, 39.174251580169908 ], [ -77.214847980356296, 39.174242242490465 ], [ -77.215137979918666, 39.174212242845861 ], [ -77.215217612346649, 39.174191766141412 ], [ -77.215487979669604, 39.174122242113391 ], [ -77.215797980194168, 39.173992242154497 ], [ -77.21610797981937, 39.173802242007056 ], [ -77.216357979256031, 39.173602242277852 ], [ -77.216547979403458, 39.173352241941856 ], [ -77.216697979425192, 39.17301224177271 ], [ -77.21675797961376, 39.172702241248139 ], [ -77.216747979132677, 39.172452241811456 ], [ -77.216697979425192, 39.172242241601204 ], [ -77.216627979654902, 39.17205224145372 ], [ -77.21655797898525, 39.171932243774606 ], [ -77.216367979737129, 39.17167224295752 ], [ -77.216237980677604, 39.171542242998662 ], [ -77.215997979923387, 39.171372242914046 ], [ -77.215757980068418, 39.171232242474105 ], [ -77.215477980087826, 39.171132242159828 ], [ -77.215347980128968, 39.171092242933454 ], [ -77.214037980059061, 39.170742243182517 ], [ -77.213797980204163, 39.170712243537928 ], [ -77.213437980871461, 39.17073224360071 ], [ -77.21257798086674, 39.170982242138102 ], [ -77.212157980446193, 39.171052242807761 ], [ -77.211457980944331, 39.171132242159828 ], [ -77.211087981130504, 39.17114224264094 ], [ -77.210837980794508, 39.171132242159828 ], [ -77.210627981483583, 39.171082242452371 ], [ -77.210407981691503, 39.171002242200998 ], [ -77.209867981793138, 39.170782242408897 ], [ -77.209607981875365, 39.17070224305683 ], [ -77.208909036205668, 39.170541801864033 ] ] } },
{ "type": "Feature", "properties": { "A": 22417, "B": 22420, "SUBAREA": 0, "FFSNEW": 0, "CPENEW": 0, "CPEFAC": 0, "TIMEPEN": 0, "DISTANCE": 0.48, "SPDCLASS": 22, "CAPCLASS": 22, "JUR": 1, "SCREEN": 22, "FTYPE": 2, "TOLL": 0, "TOLLGRP": 0, "AMLANE": 3, "AMLIMIT": 0, "PMLANE": 3, "PMLIMIT": 0, "OPLANE": 3, "OPLIMIT": 0, "EDGEID": 22400000000, "LINKID": 26991, "NETYEAR": 2000, "SHAPE_LENG": 2542.84, "PROJECTID": "NA", "TAZ": 515, "ATYPE": 2, "MDLANE": 3, "MDLIMIT": 0, "NTLANE": 3, "NTLIMIT": 0, "DEFLATIONFT": 0.8011, "AMTOLL": 0.0, "PMTOLL": 0.0, "OPTOLL": 0.0, "AMTOLL_VP": 0.0, "PMTOLL_VP": 0.0, "OPTOLL_VP": 0.0, "AMHTIME": 1.84852, "PMHTIME": 1.84852, "OPHTIME": 1.40969, "MDTOLL": 0.0, "MDTOLL_VP": 0.0, "MDHTIME": 1.40969, "NTTOLL": 0.0, "NTTOLL_VP": 0.0, "NTHTIME": 1.40969, "LINKAB": 2241722420, "TURNPENI": "TURNPEN.PEN", "I4AMSOV": 4182.46387, "I4AMHV2": 537.86017, "I4AMHV3": 217.36072, "I4AMCV": 606.05402, "I4AMTRK": 358.29831, "I4AMAPX": 22.13666, "I4AMVOL": 5924.17383, "I4AMVMT": 2843.60327, "I4AMFFSPD": 40, "AMHRLKCAP": 2400, "AMHRLNCAP": 800, "I4AMVC": 1.02933, "I4AMVDF": 2.26569, "I4AMSPD": 17.6547, "COMP": 0, "I4MDSOV": 3738.6189, "I4MDHV2": 1109.31262, "I4MDHV3": 718.77966, "I4MDCV": 751.64911, "I4MDTRK": 381.75134, "I4MDAPX": 23.12399, "I4MDVOL": 6723.23584, "I4MDVMT": 3227.15332, "I4MDFFSPD": 40, "MDHRLKCAP": 2400, "MDHRLNCAP": 800, "I4MDVC": 0.49584, "I4MDVDF": 1.07892, "I4MDSPD": 37.07418, "I4PMSOV": 2426.22827, "I4PMHV2": 932.34723, "I4PMHV3": 628.54596, "I4PMCV": 703.64362, "I4PMTRK": 133.45589, "I4PMAPX": 162.37698, "I4PMVOL": 4986.59766, "I4PMVMT": 2393.56689, "I4PMFFSPD": 40, "PMHRLKCAP": 2400, "PMHRLNCAP": 800, "I4PMVC": 0.61086, "I4PMVDF": 1.12562, "I4PMSPD": 35.53586, "I4NTSOV": 2676.6936, "I4NTHV2": 806.36414, "I4NTHV3": 464.90454, "I4NTCV": 415.3815, "I4NTTRK": 105.71641, "I4NTAPX": 8.83039, "I4NTVOL": 4477.89063, "I4NTVMT": 2149.3875, "I4NTFFSPD": 40, "NTHRLKCAP": 2400, "NTHRLNCAP": 800, "I4NTVC": 0.27987, "I4NTVDF": 1.03198, "I4NTSPD": 38.76043, "I424VOL": 22111.89844, "TVOL00": 22, "TVMT00": 10.56, "ID": 0, "AADT_2023": 0, "AWDT_2023": 0, "MD210": 0, "CNT2LOADDIF": 0.0, "ABSNCTDIFF": 0.0, "CNT2LOADPCT": 0.0, "ABSPCTDIFF": 0.0, "MD210U": 0, "LOAD1": 22111.89844, "LOAD2": 0.0, "LOADGRW": -22111.89844, "ABSGRW": 22111.89844, "PRCGRW": -1.0, "PRCANLGRW": -4.5454545 }, "geometry": { "type": "LineString", "coordinates": [ [ -77.19409737868969, 39.137891779721727 ], [ -77.188899704019462, 39.132211345699147 ] ] } },
{ "type": "Feature", "properties": { "A": 22420, "B": 22417, "SUBAREA": 0, "FFSNEW": 0, "CPENEW": 0, "CPEFAC": 0, "TIMEPEN": 0, "DISTANCE": 0.48, "SPDCLASS": 22, "CAPCLASS": 22, "JUR": 1, "SCREEN": 22, "FTYPE": 2, "TOLL": 0, "TOLLGRP": 0, "AMLANE": 3, "AMLIMIT": 0, "PMLANE": 3, "PMLIMIT": 0, "OPLANE": 3, "OPLIMIT": 0, "EDGEID": 22400000000, "LINKID": 16720, "NETYEAR": 2000, "SHAPE_LENG": 2542.84, "PROJECTID": "NA", "TAZ": 515, "ATYPE": 2, "MDLANE": 3, "MDLIMIT": 0, "NTLANE": 3, "NTLIMIT": 0, "DEFLATIONFT": 0.8011, "AMTOLL": 0.0, "PMTOLL": 0.0, "OPTOLL": 0.0, "AMTOLL_VP": 0.0, "PMTOLL_VP": 0.0, "OPTOLL_VP": 0.0, "AMHTIME": 1.84852, "PMHTIME": 1.84852, "OPHTIME": 1.40969, "MDTOLL": 0.0, "MDTOLL_VP": 0.0, "MDHTIME": 1.40969, "NTTOLL": 0.0, "NTTOLL_VP": 0.0, "NTHTIME": 1.40969, "LINKAB": 2242022417, "TURNPENI": "TURNPEN.PEN", "I4AMSOV": 1177.39001, "I4AMHV2": 228.34093, "I4AMHV3": 111.80166, "I4AMCV": 351.95493, "I4AMTRK": 122.19209, "I4AMAPX": 7.06313, "I4AMVOL": 1998.7428, "I4AMVMT": 959.39655, "I4AMFFSPD": 40, "AMHRLKCAP": 2400, "AMHRLNCAP": 800, "I4AMVC": 0.34728, "I4AMVDF": 1.04398, "I4AMSPD": 38.31478, "COMP": 0, "I4MDSOV": 2234.2417, "I4MDHV2": 695.44916, "I4MDHV3": 453.78711, "I4MDCV": 494.6265, "I4MDTRK": 205.95801, "I4MDAPX": 9.68752, "I4MDVOL": 4093.75, "I4MDVMT": 1965.0, "I4MDFFSPD": 40, "MDHRLKCAP": 2400, "MDHRLNCAP": 800, "I4MDVC": 0.30191, "I4MDVDF": 1.03536, "I4MDSPD": 38.63377, "I4PMSOV": 3895.98389, "I4PMHV2": 1161.20032, "I4PMHV3": 862.3576, "I4PMCV": 833.56543, "I4PMTRK": 164.71028, "I4PMAPX": 199.30199, "I4PMVOL": 7117.11963, "I4PMVMT": 3416.21753, "I4PMFFSPD": 40, "PMHRLKCAP": 2400, "PMHRLNCAP": 800, "I4PMVC": 0.87185, "I4PMVDF": 1.44435, "I4PMSPD": 27.69421, "I4NTSOV": 2113.54028, "I4NTHV2": 622.52545, "I4NTHV3": 350.60272, "I4NTCV": 247.81, "I4NTTRK": 61.07174, "I4NTAPX": 4.58, "I4NTVOL": 3400.13013, "I4NTVMT": 1632.0625, "I4NTFFSPD": 40, "NTHRLKCAP": 2400, "NTHRLNCAP": 800, "I4NTVC": 0.21251, "I4NTVDF": 1.02188, "I4NTSPD": 39.14368, "I424VOL": 16609.74219, "TVOL00": 17, "TVMT00": 8.16, "ID": 0, "AADT_2023": 0, "AWDT_2023": 0, "MD210": 0, "CNT2LOADDIF": 0.0, "ABSNCTDIFF": 0.0, "CNT2LOADPCT": 0.0, "ABSPCTDIFF": 0.0, "MD210U": 0, "LOAD1": 16609.74219, "LOAD2": 0.0, "LOADGRW": -16609.74219, "ABSGRW": 16609.74219, "PRCGRW": -1.0, "PRCANLGRW": -4.5454545 }, "geometry": { "type": "LineString", "coordinates": [ [ -77.188899704019462, 39.132211345699147 ], [ -77.19409737868969, 39.137891779721727 ] ] } },
{ "type": "Feature", "properties": { "A": 22433, "B": 488, "SUBAREA": 0, "FFSNEW": 0, "CPENEW": 0, "CPEFAC": 0, "TIMEPEN": 0, "DISTANCE": 0.6, "SPDCLASS": 4, "CAPCLASS": 4, "JUR": 1, "SCREEN": 0, "FTYPE": 0, "TOLL": 0, "TOLLGRP": 0, "AMLANE": 7, "AMLIMIT": 0, "PMLANE": 7, "PMLIMIT": 0, "OPLANE": 7, "OPLIMIT": 0, "EDGEID": 488022433, "LINKID": 1265, "NETYEAR": 2001, "SHAPE_LENG": 3179.21, "PROJECTID": "NA", "TAZ": 488, "ATYPE": 4, "MDLANE": 7, "MDLIMIT": 0, "NTLANE": 7, "NTLIMIT": 0, "DEFLATIONFT": 0.8011, "AMTOLL": 0.0, "PMTOLL": 0.0, "OPTOLL": 0.0, "AMTOLL_VP": 0.0, "PMTOLL_VP": 0.0, "OPTOLL_VP": 0.0, "AMHTIME": 1.44, "PMHTIME": 1.44, "OPHTIME": 1.44, "MDTOLL": 0.0, "MDTOLL_VP": 0.0, "MDHTIME": 1.44, "NTTOLL": 0.0, "NTTOLL_VP": 0.0, "NTHTIME": 1.44, "LINKAB": 2243300488, "TURNPENI": "TURNPEN.PEN", "I4AMSOV": 0.00174, "I4AMHV2": 0.00057, "I4AMHV3": 11.07, "I4AMCV": 0.00021, "I4AMTRK": 0.00022, "I4AMAPX": 0.0, "I4AMVOL": 11.07275, "I4AMVMT": 6.64365, "I4AMFFSPD": 29, "AMHRLKCAP": 22050, "AMHRLNCAP": 3150, "I4AMVC": 0.00021, "I4AMVDF": 1.0, "I4AMSPD": 29.0, "COMP": 0, "I4MDSOV": 0.0, "I4MDHV2": 0.0, "I4MDHV3": 0.0, "I4MDCV": 0.0, "I4MDTRK": 0.0, "I4MDAPX": 0.0, "I4MDVOL": 0.0, "I4MDVMT": 0.0, "I4MDFFSPD": 29, "MDHRLKCAP": 22050, "MDHRLNCAP": 3150, "I4MDVC": 0.0, "I4MDVDF": 1.0, "I4MDSPD": 29.0, "I4PMSOV": 0.0, "I4PMHV2": 0.0, "I4PMHV3": 0.0, "I4PMCV": 0.0, "I4PMTRK": 0.0, "I4PMAPX": 0.0, "I4PMVOL": 0.0, "I4PMVMT": 0.0, "I4PMFFSPD": 29, "PMHRLKCAP": 22050, "PMHRLNCAP": 3150, "I4PMVC": 0.0, "I4PMVDF": 1.0, "I4PMSPD": 29.0, "I4NTSOV": 0.0, "I4NTHV2": 0.0, "I4NTHV3": 0.0, "I4NTCV": 0.0, "I4NTTRK": 0.0, "I4NTAPX": 0.0, "I4NTVOL": 0.0, "I4NTVMT": 0.0, "I4NTFFSPD": 29, "NTHRLKCAP": 22050, "NTHRLNCAP": 3150, "I4NTVC": 0.0, "I4NTVDF": 1.0, "I4NTSPD": 29.0, "I424VOL": 11.07275, "TVOL00": 0, "TVMT00": 0.0, "ID": 0, "AADT_2023": 0, "AWDT_2023": 0, "MD210": 0, "CNT2LOADDIF": 0.0, "ABSNCTDIFF": 0.0, "CNT2LOADPCT": 0.0, "ABSPCTDIFF": 0.0, "MD210U": 0, "LOAD1": 11.07275, "LOAD2": 0.0, "LOADGRW": -11.07275, "ABSGRW": 11.07275, "PRCGRW": -1.0, "PRCANLGRW": -4.5454545 }, "geometry": { "type": "LineString", "coordinates": [ [ -77.187449565631454, 39.185223042012971 ], [ -77.184629972353974, 39.176773850018982 ] ] } },
{ "type": "Feature", "properties": { "A": 22642, "B": 23557, "SUBAREA": 0, "FFSNEW": 0, "CPENEW": 0, "CPEFAC": 0, "TIMEPEN": 0, "DISTANCE": 0.01, "SPDCLASS": 15, "CAPCLASS": 15, "JUR": 1, "SCREEN": 0, "FTYPE": 1, "TOLL": 0, "TOLLGRP": 0, "AMLANE": 1, "AMLIMIT": 9, "PMLANE": 1, "PMLIMIT": 2, "OPLANE": 1, "OPLIMIT": 9, "EDGEID": 22600000000, "LINKID": 84528, "NETYEAR": 2001, "SHAPE_LENG": 42.21, "PROJECTID": "0", "TAZ": 656, "ATYPE": 5, "MDLANE": 1, "MDLIMIT": 9, "NTLANE": 1, "NTLIMIT": 9, "DEFLATIONFT": 0.8011, "AMTOLL": 0.0, "PMTOLL": 0.0, "OPTOLL": 0.0, "AMTOLL_VP": 0.0, "PMTOLL_VP": 0.0, "OPTOLL_VP": 0.0, "AMHTIME": 0.01221, "PMHTIME": 0.01221, "OPHTIME": 0.00984, "MDTOLL": 0.0, "MDTOLL_VP": 0.0, "MDHTIME": 0.00984, "NTTOLL": 0.0, "NTTOLL_VP": 0.0, "NTHTIME": 0.00984, "LINKAB": 2264223557, "TURNPENI": "TURNPEN.PEN", "I4AMSOV": 0.0, "I4AMHV2": 0.0, "I4AMHV3": 0.0, "I4AMCV": 0.0, "I4AMTRK": 0.0, "I4AMAPX": 0.0, "I4AMVOL": 0.0, "I4AMVMT": 0.0, "I4AMFFSPD": 75, "AMHRLKCAP": 2000, "AMHRLNCAP": 2000, "I4AMVC": 0.0, "I4AMVDF": 1.0, "I4AMSPD": 75.0, "COMP": 0, "I4MDSOV": 0.0, "I4MDHV2": 0.0, "I4MDHV3": 0.0, "I4MDCV": 0.0, "I4MDTRK": 0.0, "I4MDAPX": 0.0, "I4MDVOL": 0.0, "I4MDVMT": 0.0, "I4MDFFSPD": 75, "MDHRLKCAP": 2000, "MDHRLNCAP": 2000, "I4MDVC": 0.0, "I4MDVDF": 1.0, "I4MDSPD": 75.0, "I4PMSOV": 0.0, "I4PMHV2": 4284.68457, "I4PMHV3": 791.83917, "I4PMCV": 0.0, "I4PMTRK": 0.0, "I4PMAPX": 871.64862, "I4PMVOL": 5948.17236, "I4PMVMT": 59.48172, "I4PMFFSPD": 75, "PMHRLKCAP": 2000, "PMHRLNCAP": 2000, "I4PMVC": 0.87438, "I4PMVDF": 1.24883, "I4PMSPD": 60.0563, "I4NTSOV": 0.0, "I4NTHV2": 0.0, "I4NTHV3": 0.0, "I4NTCV": 0.0, "I4NTTRK": 0.0, "I4NTAPX": 0.0, "I4NTVOL": 0.0, "I4NTVMT": 0.0, "I4NTFFSPD": 75, "NTHRLKCAP": 2000, "NTHRLNCAP": 2000, "I4NTVC": 0.0, "I4NTVDF": 1.0, "I4NTSPD": 75.0, "I424VOL": 5948.17236, "TVOL00": 6, "TVMT00": 0.06, "ID": 0, "AADT_2023": 0, "AWDT_2023": 0, "MD210": 0, "CNT2LOADDIF": 0.0, "ABSNCTDIFF": 0.0, "CNT2LOADPCT": 0.0, "ABSPCTDIFF": 0.0, "MD210U": 0, "LOAD1": 5948.17236, "LOAD2": 0.0, "LOADGRW": -5948.17236, "ABSGRW": 5948.17236, "PRCGRW": -1.0, "PRCANLGRW": -4.5454545 }, "geometry": { "type": "LineString", "coordinates": [ [ -77.150709449042807, 39.010392323690297 ], [ -77.15070617381464, 39.010507647202601 ] ] } },
{ "type": "Feature", "properties": { "A": 22649, "B": 22651, "SUBAREA": 0, "FFSNEW": 0, "CPENEW": 0, "CPEFAC": 0, "TIMEPEN": 0, "DISTANCE": 1.1, "SPDCLASS": 43, "CAPCLASS": 43, "JUR": 1, "SCREEN": 0, "FTYPE": 4, "TOLL": 0, "TOLLGRP": 0, "AMLANE": 1, "AMLIMIT": 0, "PMLANE": 1, "PMLIMIT": 0, "OPLANE": 1, "OPLIMIT": 0, "EDGEID": 22600000000, "LINKID": 3899, "NETYEAR": 2000, "SHAPE_LENG": 5791.33, "PROJECTID": "NA", "TAZ": 461, "ATYPE": 3, "MDLANE": 1, "MDLIMIT": 0, "NTLANE": 1, "NTLIMIT": 0, "DEFLATIONFT": 0.8011, "AMTOLL": 0.0, "PMTOLL": 0.0, "OPTOLL": 0.0, "AMTOLL_VP": 0.0, "PMTOLL_VP": 0.0, "OPTOLL_VP": 0.0, "AMHTIME": 4.0293, "PMHTIME": 4.0293, "OPHTIME": 3.48469, "MDTOLL": 0.0, "MDTOLL_VP": 0.0, "MDHTIME": 3.48469, "NTTOLL": 0.0, "NTTOLL_VP": 0.0, "NTHTIME": 3.48469, "LINKAB": 2264922651, "TURNPENI": "TURNPEN.PEN", "I4AMSOV": 0.0, "I4AMHV2": 0.0, "I4AMHV3": 0.0, "I4AMCV": 0.0, "I4AMTRK": 0.0, "I4AMAPX": 0.0, "I4AMVOL": 0.0, "I4AMVMT": 0.0, "I4AMFFSPD": 35, "AMHRLKCAP": 600, "AMHRLNCAP": 600, "I4AMVC": 0.0, "I4AMVDF": 1.0, "I4AMSPD": 35.0, "COMP": 0, "I4MDSOV": 0.0, "I4MDHV2": 0.0, "I4MDHV3": 0.0, "I4MDCV": 0.0, "I4MDTRK": 0.0, "I4MDAPX": 0.0, "I4MDVOL": 0.0, "I4MDVMT": 0.0, "I4MDFFSPD": 35, "MDHRLKCAP": 600, "MDHRLNCAP": 600, "I4MDVC": 0.0, "I4MDVDF": 1.0, "I4MDSPD": 35.0, "I4PMSOV": 244.52029, "I4PMHV2": 16.56615, "I4PMHV3": 187.34203, "I4PMCV": 37.97546, "I4PMTRK": 7.69758, "I4PMAPX": 2.28847, "I4PMVOL": 496.38995, "I4PMVMT": 546.02899, "I4PMFFSPD": 35, "PMHRLKCAP": 600, "PMHRLNCAP": 600, "I4PMVC": 0.24323, "I4PMVDF": 1.07243, "I4PMSPD": 32.63623, "I4NTSOV": 0.0, "I4NTHV2": 0.0, "I4NTHV3": 0.0, "I4NTCV": 0.0, "I4NTTRK": 0.0, "I4NTAPX": 0.0, "I4NTVOL": 0.0, "I4NTVMT": 0.0, "I4NTFFSPD": 35, "NTHRLKCAP": 600, "NTHRLNCAP": 600, "I4NTVC": 0.0, "I4NTVDF": 1.0, "I4NTSPD": 35.0, "I424VOL": 496.38995, "TVOL00": 0, "TVMT00": 0.0, "ID": 0, "AADT_2023": 0, "AWDT_2023": 0, "MD210": 0, "CNT2LOADDIF": 0.0, "ABSNCTDIFF": 0.0, "CNT2LOADPCT": 0.0, "ABSPCTDIFF": 0.0, "MD210U": 0, "LOAD1": 496.38995, "LOAD2": 0.00797, "LOADGRW": -496.38199, "ABSGRW": 496.38199, "PRCGRW": -0.9999839, "PRCANLGRW": -4.5453815 }, "geometry": { "type": "LineString", "coordinates": [ [ -77.246658732450314, 39.206603142690064 ], [ -77.264815322042892, 39.205985080555649 ], [ -77.264841270696024, 39.205984195050618 ] ] } },
{ "type": "Feature", "properties": { "A": 22651, "B": 22649, "SUBAREA": 0, "FFSNEW": 0, "CPENEW": 0, "CPEFAC": 0, "TIMEPEN": 0, "DISTANCE": 1.1, "SPDCLASS": 43, "CAPCLASS": 43, "JUR": 1, "SCREEN": 0, "FTYPE": 4, "TOLL": 0, "TOLLGRP": 0, "AMLANE": 1, "AMLIMIT": 0, "PMLANE": 1, "PMLIMIT": 0, "OPLANE": 1, "OPLIMIT": 0, "EDGEID": 22600000000, "LINKID": 9150, "NETYEAR": 2000, "SHAPE_LENG": 5791.33, "PROJECTID": "NA", "TAZ": 461, "ATYPE": 3, "MDLANE": 1, "MDLIMIT": 0, "NTLANE": 1, "NTLIMIT": 0, "DEFLATIONFT": 0.8011, "AMTOLL": 0.0, "PMTOLL": 0.0, "OPTOLL": 0.0, "AMTOLL_VP": 0.0, "PMTOLL_VP": 0.0, "OPTOLL_VP": 0.0, "AMHTIME": 4.0293, "PMHTIME": 4.0293, "OPHTIME": 3.48469, "MDTOLL": 0.0, "MDTOLL_VP": 0.0, "MDHTIME": 3.48469, "NTTOLL": 0.0, "NTTOLL_VP": 0.0, "NTHTIME": 3.48469, "LINKAB": 2265122649, "TURNPENI": "TURNPEN.PEN", "I4AMSOV": 193.66681, "I4AMHV2": 34.30169, "I4AMHV3": 133.12772, "I4AMCV": 21.92649, "I4AMTRK": 14.97019, "I4AMAPX": 0.00028, "I4AMVOL": 397.99316, "I4AMVMT": 437.79248, "I4AMFFSPD": 35, "AMHRLKCAP": 600, "AMHRLNCAP": 600, "I4AMVC": 0.27661, "I4AMVDF": 1.08511, "I4AMSPD": 32.2548, "COMP": 0, "I4MDSOV": 0.0, "I4MDHV2": 0.0, "I4MDHV3": 0.0, "I4MDCV": 0.0, "I4MDTRK": 0.0, "I4MDAPX": 0.0, "I4MDVOL": 0.0, "I4MDVMT": 0.0, "I4MDFFSPD": 35, "MDHRLKCAP": 600, "MDHRLNCAP": 600, "I4MDVC": 0.0, "I4MDVDF": 1.0, "I4MDSPD": 35.0, "I4PMSOV": 0.0, "I4PMHV2": 0.0, "I4PMHV3": 0.0, "I4PMCV": 0.0, "I4PMTRK": 0.0, "I4PMAPX": 0.0, "I4PMVOL": 0.0, "I4PMVMT": 0.0, "I4PMFFSPD": 35, "PMHRLKCAP": 600, "PMHRLNCAP": 600, "I4PMVC": 0.0, "I4PMVDF": 1.0, "I4PMSPD": 35.0, "I4NTSOV": 0.0, "I4NTHV2": 0.0, "I4NTHV3": 0.0, "I4NTCV": 0.0, "I4NTTRK": 0.0, "I4NTAPX": 0.0, "I4NTVOL": 0.0, "I4NTVMT": 0.0, "I4NTFFSPD": 35, "NTHRLKCAP": 600, "NTHRLNCAP": 600, "I4NTVC": 0.0, "I4NTVDF": 1.0, "I4NTSPD": 35.0, "I424VOL": 397.99316, "TVOL00": 0, "TVMT00": 0.0, "ID": 0, "AADT_2023": 0, "AWDT_2023": 0, "MD210": 0, "CNT2LOADDIF": 0.0, "ABSNCTDIFF": 0.0, "CNT2LOADPCT": 0.0, "ABSPCTDIFF": 0.0, "MD210U": 0, "LOAD1": 397.99316, "LOAD2": 0.00029, "LOADGRW": -397.99286, "ABSGRW": 397.99286, "PRCGRW": -0.99999930000000004, "PRCANLGRW": -4.5454512 }, "geometry": { "type": "LineString", "coordinates": [ [ -77.264841270696024, 39.205984195050618 ], [ -77.264815322042892, 39.205985080555649 ], [ -77.246658732450314, 39.206603142690064 ] ] } },
{ "type": "Feature", "properties": { "A": 22682, "B": 523, "SUBAREA": 0, "FFSNEW": 0, "CPENEW": 0, "CPEFAC": 0, "TIMEPEN": 0, "DISTANCE": 0.61, "SPDCLASS": 4, "CAPCLASS": 4, "JUR": 1, "SCREEN": 0, "FTYPE": 0, "TOLL": 0, "TOLLGRP": 0, "AMLANE": 7, "AMLIMIT": 0, "PMLANE": 7, "PMLIMIT": 0, "OPLANE": 7, "OPLIMIT": 0, "EDGEID": 523022682, "LINKID": 1568, "NETYEAR": 2001, "SHAPE_LENG": 3239.4, "PROJECTID": "NA", "TAZ": 523, "ATYPE": 4, "MDLANE": 7, "MDLIMIT": 0, "NTLANE": 7, "NTLIMIT": 0, "DEFLATIONFT": 0.8011, "AMTOLL": 0.0, "PMTOLL": 0.0, "OPTOLL": 0.0, "AMTOLL_VP": 0.0, "PMTOLL_VP": 0.0, "OPTOLL_VP": 0.0, "AMHTIME": 1.464, "PMHTIME": 1.464, "OPHTIME": 1.464, "MDTOLL": 0.0, "MDTOLL_VP": 0.0, "MDHTIME": 1.464, "NTTOLL": 0.0, "NTTOLL_VP": 0.0, "NTHTIME": 1.464, "LINKAB": 2268200523, "TURNPENI": "TURNPEN.PEN", "I4AMSOV": 5.02047, "I4AMHV2": 1.25007, "I4AMHV3": 0.54, "I4AMCV": 3.24006, "I4AMTRK": 0.33009, "I4AMAPX": 0.0, "I4AMVOL": 10.38069, "I4AMVMT": 6.33222, "I4AMFFSPD": 29, "AMHRLKCAP": 22050, "AMHRLNCAP": 3150, "I4AMVC": 0.0002, "I4AMVDF": 1.0, "I4AMSPD": 29.0, "COMP": 0, "I4MDSOV": 125.89104, "I4MDHV2": 39.78493, "I4MDHV3": 17.65493, "I4MDCV": 9.21994, "I4MDTRK": 26.92, "I4MDAPX": 0.0, "I4MDVOL": 219.47084, "I4MDVMT": 133.87721, "I4MDFFSPD": 29, "MDHRLKCAP": 22050, "MDHRLNCAP": 3150, "I4MDVC": 0.00176, "I4MDVDF": 1.0, "I4MDSPD": 29.0, "I4PMSOV": 60.15671, "I4PMHV2": 14.22158, "I4PMHV3": 10.04, "I4PMCV": 8.57599, "I4PMTRK": 7.68958, "I4PMAPX": 2.1926, "I4PMVOL": 102.87646, "I4PMVMT": 62.75464, "I4PMFFSPD": 29, "PMHRLKCAP": 22050, "PMHRLNCAP": 3150, "I4PMVC": 0.00137, "I4PMVDF": 1.0, "I4PMSPD": 29.0, "I4NTSOV": 108.08, "I4NTHV2": 34.23, "I4NTHV3": 15.43, "I4NTCV": 9.02, "I4NTTRK": 7.12, "I4NTAPX": 0.0, "I4NTVOL": 173.88, "I4NTVMT": 106.0668, "I4NTFFSPD": 29, "NTHRLKCAP": 22050, "NTHRLNCAP": 3150, "I4NTVC": 0.00118, "I4NTVDF": 1.0, "I4NTSPD": 29.0, "I424VOL": 506.608, "TVOL00": 0, "TVMT00": 0.0, "ID": 0, "AADT_2023": 0, "AWDT_2023": 0, "MD210": 0, "CNT2LOADDIF": 0.0, "ABSNCTDIFF": 0.0, "CNT2LOADPCT": 0.0, "ABSPCTDIFF": 0.0, "MD210U": 0, "LOAD1": 506.608, "LOAD2": 7.88, "LOADGRW": -498.728, "ABSGRW": 498.728, "PRCGRW": -0.9844456, "PRCANLGRW": -4.4747524 }, "geometry": { "type": "LineString", "coordinates": [ [ -77.15342707442224, 39.138171716684234 ], [ -77.164787911385801, 39.137266716378775 ] ] } },
{ "type": "Feature", "properties": { "A": 22815, "B": 22883, "SUBAREA": 0, "FFSNEW": 0, "CPENEW": 0, "CPEFAC": 0, "TIMEPEN": 0, "DISTANCE": 0.04, "SPDCLASS": 13, "CAPCLASS": 13, "JUR": 1, "SCREEN": 0, "FTYPE": 1, "TOLL": 0, "TOLLGRP": 0, "AMLANE": 1, "AMLIMIT": 9, "PMLANE": 1, "PMLIMIT": 0, "OPLANE": 1, "OPLIMIT": 9, "EDGEID": 22800000000, "LINKID": 32938, "NETYEAR": 2020, "SHAPE_LENG": 203.73, "PROJECTID": "NA", "TAZ": 702, "ATYPE": 3, "MDLANE": 1, "MDLIMIT": 9, "NTLANE": 1, "NTLIMIT": 9, "DEFLATIONFT": 0.8011, "AMTOLL": 0.0, "PMTOLL": 0.0, "OPTOLL": 0.0, "AMTOLL_VP": 0.0, "PMTOLL_VP": 0.0, "OPTOLL_VP": 0.0, "AMHTIME": 0.05948, "PMHTIME": 0.05948, "OPHTIME": 0.04577, "MDTOLL": 0.0, "MDTOLL_VP": 0.0, "MDHTIME": 0.04577, "NTTOLL": 0.0, "NTTOLL_VP": 0.0, "NTHTIME": 0.04577, "LINKAB": 2281522883, "TURNPENI": "TURNPEN.PEN", "I4AMSOV": 0.0, "I4AMHV2": 0.0, "I4AMHV3": 0.0, "I4AMCV": 0.0, "I4AMTRK": 0.0, "I4AMAPX": 0.0, "I4AMVOL": 0.0, "I4AMVMT": 0.0, "I4AMFFSPD": 69, "AMHRLKCAP": 2000, "AMHRLNCAP": 2000, "I4AMVC": 0.0, "I4AMVDF": 1.0, "I4AMSPD": 69.0, "COMP": 0, "I4MDSOV": 0.0, "I4MDHV2": 0.0, "I4MDHV3": 0.0, "I4MDCV": 0.0, "I4MDTRK": 0.0, "I4MDAPX": 0.0, "I4MDVOL": 0.0, "I4MDVMT": 0.0, "I4MDFFSPD": 69, "MDHRLKCAP": 2000, "MDHRLNCAP": 2000, "I4MDVC": 0.0, "I4MDVDF": 1.0, "I4MDSPD": 69.0, "I4PMSOV": 0.0, "I4PMHV2": 160.67418, "I4PMHV3": 0.0, "I4PMCV": 0.0, "I4PMTRK": 0.0, "I4PMAPX": 44.13423, "I4PMVOL": 204.80841, "I4PMVMT": 8.19234, "I4PMFFSPD": 69, "PMHRLKCAP": 2000, "PMHRLNCAP": 2000, "I4PMVC": 0.03011, "I4PMVDF": 1.0012, "I4PMSPD": 68.91701, "I4NTSOV": 0.0, "I4NTHV2": 0.0, "I4NTHV3": 0.0, "I4NTCV": 0.0, "I4NTTRK": 0.0, "I4NTAPX": 0.0, "I4NTVOL": 0.0, "I4NTVMT": 0.0, "I4NTFFSPD": 69, "NTHRLKCAP": 2000, "NTHRLNCAP": 2000, "I4NTVC": 0.0, "I4NTVDF": 1.0, "I4NTSPD": 69.0, "I424VOL": 204.80841, "TVOL00": 0, "TVMT00": 0.0, "ID": 0, "AADT_2023": 0, "AWDT_2023": 0, "MD210": 0, "CNT2LOADDIF": 0.0, "ABSNCTDIFF": 0.0, "CNT2LOADPCT": 0.0, "ABSPCTDIFF": 0.0, "MD210U": 0, "LOAD1": 204.80841, "LOAD2": 0.0, "LOADGRW": -204.80841, "ABSGRW": 204.80841, "PRCGRW": -1.0, "PRCANLGRW": -4.5454545 }, "geometry": { "type": "LineString", "coordinates": [ [ -77.141697083633531, 39.026531781500331 ], [ -77.141571459444947, 39.027083816689618 ] ] } },
{ "type": "Feature", "properties": { "A": 22869, "B": 22876, "SUBAREA": 0, "FFSNEW": 0, "CPENEW": 0, "CPEFAC": 0, "TIMEPEN": 0, "DISTANCE": 0.21, "SPDCLASS": 13, "CAPCLASS": 13, "JUR": 1, "SCREEN": 0, "FTYPE": 1, "TOLL": 0, "TOLLGRP": 0, "AMLANE": 1, "AMLIMIT": 9, "PMLANE": 1, "PMLIMIT": 2, "OPLANE": 1, "OPLIMIT": 9, "EDGEID": 22900000000, "LINKID": 66773, "NETYEAR": 2020, "SHAPE_LENG": 1127.54, "PROJECTID": "NA", "TAZ": 702, "ATYPE": 3, "MDLANE": 1, "MDLIMIT": 9, "NTLANE": 1, "NTLIMIT": 9, "DEFLATIONFT": 0.8011, "AMTOLL": 0.0, "PMTOLL": 0.0, "OPTOLL": 0.0, "AMTOLL_VP": 0.0, "PMTOLL_VP": 0.0, "OPTOLL_VP": 0.0, "AMHTIME": 0.31227, "PMHTIME": 0.31227, "OPHTIME": 0.24027, "MDTOLL": 0.0, "MDTOLL_VP": 0.0, "MDHTIME": 0.24027, "NTTOLL": 0.0, "NTTOLL_VP": 0.0, "NTHTIME": 0.24027, "LINKAB": 2286922876, "TURNPENI": "TURNPEN.PEN", "I4AMSOV": 0.0, "I4AMHV2": 0.0, "I4AMHV3": 0.0, "I4AMCV": 0.0, "I4AMTRK": 0.0, "I4AMAPX": 0.0, "I4AMVOL": 0.0, "I4AMVMT": 0.0, "I4AMFFSPD": 69, "AMHRLKCAP": 2000, "AMHRLNCAP": 2000, "I4AMVC": 0.0, "I4AMVDF": 1.0, "I4AMSPD": 69.0, "COMP": 0, "I4MDSOV": 0.0, "I4MDHV2": 0.0, "I4MDHV3": 0.0, "I4MDCV": 0.0, "I4MDTRK": 0.0, "I4MDAPX": 0.0, "I4MDVOL": 0.0, "I4MDVMT": 0.0, "I4MDFFSPD": 69, "MDHRLKCAP": 2000, "MDHRLNCAP": 2000, "I4MDVC": 0.0, "I4MDVDF": 1.0, "I4MDSPD": 69.0, "I4PMSOV": 0.0, "I4PMHV2": 1882.38196, "I4PMHV3": 0.0, "I4PMCV": 0.0, "I4PMTRK": 0.0, "I4PMAPX": 348.76413, "I4PMVOL": 2231.146, "I4PMVMT": 468.54065, "I4PMFFSPD": 69, "PMHRLKCAP": 2000, "PMHRLNCAP": 2000, "I4PMVC": 0.32798, "I4PMVDF": 1.01752, "I4PMSPD": 67.81207, "I4NTSOV": 0.0, "I4NTHV2": 0.0, "I4NTHV3": 0.0, "I4NTCV": 0.0, "I4NTTRK": 0.0, "I4NTAPX": 0.0, "I4NTVOL": 0.0, "I4NTVMT": 0.0, "I4NTFFSPD": 69, "NTHRLKCAP": 2000, "NTHRLNCAP": 2000, "I4NTVC": 0.0, "I4NTVDF": 1.0, "I4NTSPD": 69.0, "I424VOL": 2231.146, "TVOL00": 2, "TVMT00": 0.42, "ID": 0, "AADT_2023": 0, "AWDT_2023": 0, "MD210": 0, "CNT2LOADDIF": 0.0, "ABSNCTDIFF": 0.0, "CNT2LOADPCT": 0.0, "ABSPCTDIFF": 0.0, "MD210U": 0, "LOAD1": 2231.146, "LOAD2": 0.0, "LOADGRW": -2231.146, "ABSGRW": 2231.146, "PRCGRW": -1.0, "PRCANLGRW": -4.5454545 }, "geometry": { "type": "LineString", "coordinates": [ [ -77.12764236180206, 39.030921831208431 ], [ -77.128152621795721, 39.031003021715883 ], [ -77.131484090514292, 39.031639480391213 ], [ -77.131501902687646, 39.031642419101004 ] ] } },
{ "type": "Feature", "properties": { "A": 22871, "B": 22879, "SUBAREA": 0, "FFSNEW": 0, "CPENEW": 0, "CPEFAC": 0, "TIMEPEN": 0, "DISTANCE": 0.54, "SPDCLASS": 13, "CAPCLASS": 13, "JUR": 1, "SCREEN": 0, "FTYPE": 1, "TOLL": 0, "TOLLGRP": 0, "AMLANE": 1, "AMLIMIT": 9, "PMLANE": 1, "PMLIMIT": 2, "OPLANE": 1, "OPLIMIT": 9, "EDGEID": 22900000000, "LINKID": 49366, "NETYEAR": 2020, "SHAPE_LENG": 2831.95, "PROJECTID": "NA", "TAZ": 702, "ATYPE": 3, "MDLANE": 1, "MDLIMIT": 9, "NTLANE": 1, "NTLIMIT": 9, "DEFLATIONFT": 0.8011, "AMTOLL": 0.0, "PMTOLL": 0.0, "OPTOLL": 0.0, "AMTOLL_VP": 0.0, "PMTOLL_VP": 0.0, "OPTOLL_VP": 0.0, "AMHTIME": 0.80297, "PMHTIME": 0.80297, "OPHTIME": 0.61785, "MDTOLL": 0.0, "MDTOLL_VP": 0.0, "MDHTIME": 0.61785, "NTTOLL": 0.0, "NTTOLL_VP": 0.0, "NTHTIME": 0.61785, "LINKAB": 2287122879, "TURNPENI": "TURNPEN.PEN", "I4AMSOV": 0.0, "I4AMHV2": 0.0, "I4AMHV3": 0.0, "I4AMCV": 0.0, "I4AMTRK": 0.0, "I4AMAPX": 0.0, "I4AMVOL": 0.0, "I4AMVMT": 0.0, "I4AMFFSPD": 69, "AMHRLKCAP": 2000, "AMHRLNCAP": 2000, "I4AMVC": 0.0, "I4AMVDF": 1.0, "I4AMSPD": 69.0, "COMP": 0, "I4MDSOV": 0.0, "I4MDHV2": 0.0, "I4MDHV3": 0.0, "I4MDCV": 0.0, "I4MDTRK": 0.0, "I4MDAPX": 0.0, "I4MDVOL": 0.0, "I4MDVMT": 0.0, "I4MDFFSPD": 69, "MDHRLKCAP": 2000, "MDHRLNCAP": 2000, "I4MDVC": 0.0, "I4MDVDF": 1.0, "I4MDSPD": 69.0, "I4PMSOV": 0.0, "I4PMHV2": 1882.71448, "I4PMHV3": 0.0, "I4PMCV": 0.0, "I4PMTRK": 0.0, "I4PMAPX": 348.81949, "I4PMVOL": 2231.53394, "I4PMVMT": 1205.02832, "I4PMFFSPD": 69, "PMHRLKCAP": 2000, "PMHRLNCAP": 2000, "I4PMVC": 0.32804, "I4PMVDF": 1.01752, "I4PMSPD": 67.81172, "I4NTSOV": 0.0, "I4NTHV2": 0.0, "I4NTHV3": 0.0, "I4NTCV": 0.0, "I4NTTRK": 0.0, "I4NTAPX": 0.0, "I4NTVOL": 0.0, "I4NTVMT": 0.0, "I4NTFFSPD": 69, "NTHRLKCAP": 2000, "NTHRLNCAP": 2000, "I4NTVC": 0.0, "I4NTVDF": 1.0, "I4NTSPD": 69.0, "I424VOL": 2231.53394, "TVOL00": 2, "TVMT00": 1.08, "ID": 0, "AADT_2023": 0, "AWDT_2023": 0, "MD210": 0, "CNT2LOADDIF": 0.0, "ABSNCTDIFF": 0.0, "CNT2LOADPCT": 0.0, "ABSPCTDIFF": 0.0, "MD210U": 0, "LOAD1": 2231.53394, "LOAD2": 0.0, "LOADGRW": -2231.53394, "ABSGRW": 2231.53394, "PRCGRW": -1.0, "PRCANLGRW": -4.5454545 }, "geometry": { "type": "LineString", "coordinates": [ [ -77.137283816849006, 39.032462230986759 ], [ -77.138412617166807, 39.032653019256927 ], [ -77.139212615184306, 39.032883018630784 ], [ -77.139842615815169, 39.033073018778211 ], [ -77.140712615401654, 39.033403018466274 ], [ -77.141472615991347, 39.033803017924676 ], [ -77.14202261547149, 39.034133018512073 ], [ -77.142662614784797, 39.03455301803335 ], [ -77.14325261439069, 39.035023018161418 ], [ -77.143632614685544, 39.035403018456257 ], [ -77.143992614917579, 39.035783017851813 ], [ -77.144442614083459, 39.036353018294136 ], [ -77.144763590855462, 39.036790093277133 ], [ -77.144911054307585, 39.036991649911862 ] ] } },
{ "type": "Feature", "properties": { "A": 22872, "B": 22877, "SUBAREA": 0, "FFSNEW": 0, "CPENEW": 0, "CPEFAC": 0, "TIMEPEN": 0, "DISTANCE": 0.44, "SPDCLASS": 13, "CAPCLASS": 13, "JUR": 1, "SCREEN": 0, "FTYPE": 1, "TOLL": 0, "TOLLGRP": 0, "AMLANE": 1, "AMLIMIT": 2, "PMLANE": 1, "PMLIMIT": 9, "OPLANE": 1, "OPLIMIT": 9, "EDGEID": 22900000000, "LINKID": 19191, "NETYEAR": 2020, "SHAPE_LENG": 2340.62, "PROJECTID": "NA", "TAZ": 702, "ATYPE": 3, "MDLANE": 1, "MDLIMIT": 9, "NTLANE": 1, "NTLIMIT": 9, "DEFLATIONFT": 0.8011, "AMTOLL": 0.0, "PMTOLL": 0.0, "OPTOLL": 0.0, "AMTOLL_VP": 0.0, "PMTOLL_VP": 0.0, "OPTOLL_VP": 0.0, "AMHTIME": 0.65428, "PMHTIME": 0.65428, "OPHTIME": 0.50343, "MDTOLL": 0.0, "MDTOLL_VP": 0.0, "MDHTIME": 0.50343, "NTTOLL": 0.0, "NTTOLL_VP": 0.0, "NTHTIME": 0.50343, "LINKAB": 2287222877, "TURNPENI": "TURNPEN.PEN", "I4AMSOV": 0.0, "I4AMHV2": 1943.68127, "I4AMHV3": 180.76462, "I4AMCV": 0.0, "I4AMTRK": 0.0, "I4AMAPX": 0.00041, "I4AMVOL": 2124.44629, "I4AMVMT": 934.75635, "I4AMFFSPD": 69, "AMHRLKCAP": 2000, "AMHRLNCAP": 2000, "I4AMVC": 0.44295, "I4AMVDF": 1.02872, "I4AMSPD": 67.07337, "COMP": 0, "I4MDSOV": 0.0, "I4MDHV2": 0.0, "I4MDHV3": 0.0, "I4MDCV": 0.0, "I4MDTRK": 0.0, "I4MDAPX": 0.0, "I4MDVOL": 0.0, "I4MDVMT": 0.0, "I4MDFFSPD": 69, "MDHRLKCAP": 2000, "MDHRLNCAP": 2000, "I4MDVC": 0.0, "I4MDVDF": 1.0, "I4MDSPD": 69.0, "I4PMSOV": 0.0, "I4PMHV2": 0.0, "I4PMHV3": 0.0, "I4PMCV": 0.0, "I4PMTRK": 0.0, "I4PMAPX": 0.0, "I4PMVOL": 0.0, "I4PMVMT": 0.0, "I4PMFFSPD": 69, "PMHRLKCAP": 2000, "PMHRLNCAP": 2000, "I4PMVC": 0.0, "I4PMVDF": 1.0, "I4PMSPD": 69.0, "I4NTSOV": 0.0, "I4NTHV2": 0.0, "I4NTHV3": 0.0, "I4NTCV": 0.0, "I4NTTRK": 0.0, "I4NTAPX": 0.0, "I4NTVOL": 0.0, "I4NTVMT": 0.0, "I4NTFFSPD": 69, "NTHRLKCAP": 2000, "NTHRLNCAP": 2000, "I4NTVC": 0.0, "I4NTVDF": 1.0, "I4NTSPD": 69.0, "I424VOL": 2124.44629, "TVOL00": 2, "TVMT00": 0.88, "ID": 0, "AADT_2023": 0, "AWDT_2023": 0, "MD210": 0, "CNT2LOADDIF": 0.0, "ABSNCTDIFF": 0.0, "CNT2LOADPCT": 0.0, "ABSPCTDIFF": 0.0, "MD210U": 0, "LOAD1": 2124.44629, "LOAD2": 0.0, "LOADGRW": -2124.44629, "ABSGRW": 2124.44629, "PRCGRW": -1.0, "PRCANLGRW": -4.5454545 }, "geometry": { "type": "LineString", "coordinates": [ [ -77.139625021447941, 39.032552814770575 ], [ -77.138733405980133, 39.032461516339367 ], [ -77.137363407520354, 39.032341516861585 ], [ -77.137093407121483, 39.032311517216925 ], [ -77.136413406783163, 39.032231516965567 ], [ -77.135883406466519, 39.032171516776984 ], [ -77.135553406778456, 39.032141516233068 ], [ -77.133543407206687, 39.031871515834183 ], [ -77.131543408116045, 39.031541516146142 ], [ -77.131511895808728, 39.031535212785322 ], [ -77.131494659272008, 39.031532599877416 ] ] } },
{ "type": "Feature", "properties": { "A": 22875, "B": 22876, "SUBAREA": 0, "FFSNEW": 0, "CPENEW": 0, "CPEFAC": 0, "TIMEPEN": 0, "DISTANCE": 0.01, "SPDCLASS": 13, "CAPCLASS": 13, "JUR": 1, "SCREEN": 0, "FTYPE": 1, "TOLL": 0, "TOLLGRP": 0, "AMLANE": 1, "AMLIMIT": 9, "PMLANE": 1, "PMLIMIT": 0, "OPLANE": 1, "OPLIMIT": 9, "EDGEID": 22900000000, "LINKID": 68434, "NETYEAR": 2020, "SHAPE_LENG": 9.9, "PROJECTID": "NA", "TAZ": 702, "ATYPE": 3, "MDLANE": 1, "MDLIMIT": 9, "NTLANE": 1, "NTLIMIT": 9, "DEFLATIONFT": 0.8011, "AMTOLL": 0.0, "PMTOLL": 0.0, "OPTOLL": 0.0, "AMTOLL_VP": 0.0, "PMTOLL_VP": 0.0, "OPTOLL_VP": 0.0, "AMHTIME": 0.01487, "PMHTIME": 0.01487, "OPHTIME": 0.01144, "MDTOLL": 0.0, "MDTOLL_VP": 0.0, "MDHTIME": 0.01144, "NTTOLL": 0.0, "NTTOLL_VP": 0.0, "NTHTIME": 0.01144, "LINKAB": 2287522876, "TURNPENI": "TURNPEN.PEN", "I4AMSOV": 0.0, "I4AMHV2": 0.0, "I4AMHV3": 0.0, "I4AMCV": 0.0, "I4AMTRK": 0.0, "I4AMAPX": 0.0, "I4AMVOL": 0.0, "I4AMVMT": 0.0, "I4AMFFSPD": 69, "AMHRLKCAP": 2000, "AMHRLNCAP": 2000, "I4AMVC": 0.0, "I4AMVDF": 1.0, "I4AMSPD": 69.0, "COMP": 0, "I4MDSOV": 0.0, "I4MDHV2": 0.0, "I4MDHV3": 0.0, "I4MDCV": 0.0, "I4MDTRK": 0.0, "I4MDAPX": 0.0, "I4MDVOL": 0.0, "I4MDVMT": 0.0, "I4MDFFSPD": 69, "MDHRLKCAP": 2000, "MDHRLNCAP": 2000, "I4MDVC": 0.0, "I4MDVDF": 1.0, "I4MDSPD": 69.0, "I4PMSOV": 0.0, "I4PMHV2": 0.33246, "I4PMHV3": 0.0, "I4PMCV": 0.0, "I4PMTRK": 0.0, "I4PMAPX": 0.05534, "I4PMVOL": 0.3878, "I4PMVMT": 0.00388, "I4PMFFSPD": 69, "PMHRLKCAP": 2000, "PMHRLNCAP": 2000, "I4PMVC": 6.0000000000000002e-05, "I4PMVDF": 1.0, "I4PMSPD": 68.99984, "I4NTSOV": 0.0, "I4NTHV2": 0.0, "I4NTHV3": 0.0, "I4NTCV": 0.0, "I4NTTRK": 0.0, "I4NTAPX": 0.0, "I4NTVOL": 0.0, "I4NTVMT": 0.0, "I4NTFFSPD": 69, "NTHRLKCAP": 2000, "NTHRLNCAP": 2000, "I4NTVC": 0.0, "I4NTVDF": 1.0, "I4NTSPD": 69.0, "I424VOL": 0.3878, "TVOL00": 0, "TVMT00": 0.0, "ID": 0, "AADT_2023": 0, "AWDT_2023": 0, "MD210": 0, "CNT2LOADDIF": 0.0, "ABSNCTDIFF": 0.0, "CNT2LOADPCT": 0.0, "ABSPCTDIFF": 0.0, "MD210U": 0, "LOAD1": 0.3878, "LOAD2": 0.0, "LOADGRW": -0.3878, "ABSGRW": 0.3878, "PRCGRW": -1.0, "PRCANLGRW": -4.5454545 }, "geometry": { "type": "LineString", "coordinates": [ [ -77.131477296126675, 39.031661666532791 ], [ -77.131501902687646, 39.031642419101004 ] ] } },
{ "type": "Feature", "properties": { "A": 22876, "B": 22871, "SUBAREA": 0, "FFSNEW": 0, "CPENEW": 0, "CPEFAC": 0, "TIMEPEN": 0, "DISTANCE": 0.32, "SPDCLASS": 13, "CAPCLASS": 13, "JUR": 1, "SCREEN": 0, "FTYPE": 1, "TOLL": 0, "TOLLGRP": 0, "AMLANE": 1, "AMLIMIT": 9, "PMLANE": 1, "PMLIMIT": 2, "OPLANE": 1, "OPLIMIT": 9, "EDGEID": 22900000000, "LINKID": 58029, "NETYEAR": 2020, "SHAPE_LENG": 1669.88, "PROJECTID": "NA", "TAZ": 702, "ATYPE": 3, "MDLANE": 1, "MDLIMIT": 9, "NTLANE": 1, "NTLIMIT": 9, "DEFLATIONFT": 0.8011, "AMTOLL": 0.0, "PMTOLL": 0.0, "OPTOLL": 0.0, "AMTOLL_VP": 0.0, "PMTOLL_VP": 0.0, "OPTOLL_VP": 0.0, "AMHTIME": 0.47584, "PMHTIME": 0.47584, "OPHTIME": 0.36613, "MDTOLL": 0.0, "MDTOLL_VP": 0.0, "MDHTIME": 0.36613, "NTTOLL": 0.0, "NTTOLL_VP": 0.0, "NTHTIME": 0.36613, "LINKAB": 2287622871, "TURNPENI": "TURNPEN.PEN", "I4AMSOV": 0.0, "I4AMHV2": 0.0, "I4AMHV3": 0.0, "I4AMCV": 0.0, "I4AMTRK": 0.0, "I4AMAPX": 0.0, "I4AMVOL": 0.0, "I4AMVMT": 0.0, "I4AMFFSPD": 69, "AMHRLKCAP": 2000, "AMHRLNCAP": 2000, "I4AMVC": 0.0, "I4AMVDF": 1.0, "I4AMSPD": 69.0, "COMP": 0, "I4MDSOV": 0.0, "I4MDHV2": 0.0, "I4MDHV3": 0.0, "I4MDCV": 0.0, "I4MDTRK": 0.0, "I4MDAPX": 0.0, "I4MDVOL": 0.0, "I4MDVMT": 0.0, "I4MDFFSPD": 69, "MDHRLKCAP": 2000, "MDHRLNCAP": 2000, "I4MDVC": 0.0, "I4MDVDF": 1.0, "I4MDSPD": 69.0, "I4PMSOV": 0.0, "I4PMHV2": 1882.71448, "I4PMHV3": 0.0, "I4PMCV": 0.0, "I4PMTRK": 0.0, "I4PMAPX": 348.81949, "I4PMVOL": 2231.53394, "I4PMVMT": 714.09088, "I4PMFFSPD": 69, "PMHRLKCAP": 2000, "PMHRLNCAP": 2000, "I4PMVC": 0.32804, "I4PMVDF": 1.01752, "I4PMSPD": 67.81172, "I4NTSOV": 0.0, "I4NTHV2": 0.0, "I4NTHV3": 0.0, "I4NTCV": 0.0, "I4NTTRK": 0.0, "I4NTAPX": 0.0, "I4NTVOL": 0.0, "I4NTVMT": 0.0, "I4NTFFSPD": 69, "NTHRLKCAP": 2000, "NTHRLNCAP": 2000, "I4NTVC": 0.0, "I4NTVDF": 1.0, "I4NTSPD": 69.0, "I424VOL": 2231.53394, "TVOL00": 2, "TVMT00": 0.64, "ID": 0, "AADT_2023": 0, "AWDT_2023": 0, "MD210": 0, "CNT2LOADDIF": 0.0, "ABSNCTDIFF": 0.0, "CNT2LOADPCT": 0.0, "ABSPCTDIFF": 0.0, "MD210U": 0, "LOAD1": 2231.53394, "LOAD2": 0.0, "LOADGRW": -2231.53394, "ABSGRW": 2231.53394, "PRCGRW": -1.0, "PRCANLGRW": -4.5454545 }, "geometry": { "type": "LineString", "coordinates": [ [ -77.131501902687646, 39.031642419101004 ], [ -77.132602619142915, 39.031843019859053 ], [ -77.133562618562564, 39.032003019462515 ], [ -77.134802618862125, 39.032173020446443 ], [ -77.135902616923104, 39.032323019568864 ], [ -77.137112617577998, 39.032443019946001 ], [ -77.137283816849006, 39.032462230986759 ] ] } },
{ "type": "Feature", "properties": { "A": 22877, "B": 22870, "SUBAREA": 0, "FFSNEW": 0, "CPENEW": 0, "CPEFAC": 0, "TIMEPEN": 0, "DISTANCE": 0.18, "SPDCLASS": 13, "CAPCLASS": 13, "JUR": 1, "SCREEN": 0, "FTYPE": 1, "TOLL": 0, "TOLLGRP": 0, "AMLANE": 1, "AMLIMIT": 2, "PMLANE": 1, "PMLIMIT": 9, "OPLANE": 1, "OPLIMIT": 9, "EDGEID": 22900000000, "LINKID": 66778, "NETYEAR": 2020, "SHAPE_LENG": 932.03, "PROJECTID": "NA", "TAZ": 702, "ATYPE": 3, "MDLANE": 1, "MDLIMIT": 9, "NTLANE": 1, "NTLIMIT": 9, "DEFLATIONFT": 0.8011, "AMTOLL": 0.0, "PMTOLL": 0.0, "OPTOLL": 0.0, "AMTOLL_VP": 0.0, "PMTOLL_VP": 0.0, "OPTOLL_VP": 0.0, "AMHTIME": 0.26766, "PMHTIME": 0.26766, "OPHTIME": 0.20595, "MDTOLL": 0.0, "MDTOLL_VP": 0.0, "MDHTIME": 0.20595, "NTTOLL": 0.0, "NTTOLL_VP": 0.0, "NTHTIME": 0.20595, "LINKAB": 2287722870, "TURNPENI": "TURNPEN.PEN", "I4AMSOV": 0.0, "I4AMHV2": 1440.01062, "I4AMHV3": 180.76462, "I4AMCV": 0.0, "I4AMTRK": 0.0, "I4AMAPX": 0.00021, "I4AMVOL": 1620.77539, "I4AMVMT": 291.73956, "I4AMFFSPD": 69, "AMHRLKCAP": 2000, "AMHRLNCAP": 2000, "I4AMVC": 0.33793, "I4AMVDF": 1.01841, "I4AMSPD": 67.75242, "COMP": 0, "I4MDSOV": 0.0, "I4MDHV2": 0.0, "I4MDHV3": 0.0, "I4MDCV": 0.0, "I4MDTRK": 0.0, "I4MDAPX": 0.0, "I4MDVOL": 0.0, "I4MDVMT": 0.0, "I4MDFFSPD": 69, "MDHRLKCAP": 2000, "MDHRLNCAP": 2000, "I4MDVC": 0.0, "I4MDVDF": 1.0, "I4MDSPD": 69.0, "I4PMSOV": 0.0, "I4PMHV2": 0.0, "I4PMHV3": 0.0, "I4PMCV": 0.0, "I4PMTRK": 0.0, "I4PMAPX": 0.0, "I4PMVOL": 0.0, "I4PMVMT": 0.0, "I4PMFFSPD": 69, "PMHRLKCAP": 2000, "PMHRLNCAP": 2000, "I4PMVC": 0.0, "I4PMVDF": 1.0, "I4PMSPD": 69.0, "I4NTSOV": 0.0, "I4NTHV2": 0.0, "I4NTHV3": 0.0, "I4NTCV": 0.0, "I4NTTRK": 0.0, "I4NTAPX": 0.0, "I4NTVOL": 0.0, "I4NTVMT": 0.0, "I4NTFFSPD": 69, "NTHRLKCAP": 2000, "NTHRLNCAP": 2000, "I4NTVC": 0.0, "I4NTVDF": 1.0, "I4NTSPD": 69.0, "I424VOL": 1620.77539, "TVOL00": 2, "TVMT00": 0.36, "ID": 0, "AADT_2023": 0, "AWDT_2023": 0, "MD210": 0, "CNT2LOADDIF": 0.0, "ABSNCTDIFF": 0.0, "CNT2LOADPCT": 0.0, "ABSPCTDIFF": 0.0, "MD210U": 0, "LOAD1": 1620.77539, "LOAD2": 0.0, "LOADGRW": -1620.77539, "ABSGRW": 1620.77539, "PRCGRW": -1.0, "PRCANLGRW": -4.5454545 }, "geometry": { "type": "LineString", "coordinates": [ [ -77.131494659272008, 39.031532599877416 ], [ -77.130023407835836, 39.031241515203334 ], [ -77.128603407869946, 39.0309615152227 ], [ -77.128314696369259, 39.030901876257936 ] ] } },
{ "type": "Feature", "properties": { "A": 22877, "B": 22878, "SUBAREA": 0, "FFSNEW": 0, "CPENEW": 0, "CPEFAC": 0, "TIMEPEN": 0, "DISTANCE": 0.01, "SPDCLASS": 13, "CAPCLASS": 13, "JUR": 1, "SCREEN": 0, "FTYPE": 1, "TOLL": 0, "TOLLGRP": 0, "AMLANE": 1, "AMLIMIT": 0, "PMLANE": 1, "PMLIMIT": 9, "OPLANE": 1, "OPLIMIT": 9, "EDGEID": 22900000000, "LINKID": 66779, "NETYEAR": 2020, "SHAPE_LENG": 9.9, "PROJECTID": "NA", "TAZ": 702, "ATYPE": 3, "MDLANE": 1, "MDLIMIT": 9, "NTLANE": 1, "NTLIMIT": 9, "DEFLATIONFT": 0.8011, "AMTOLL": 0.0, "PMTOLL": 0.0, "OPTOLL": 0.0, "AMTOLL_VP": 0.0, "PMTOLL_VP": 0.0, "OPTOLL_VP": 0.0, "AMHTIME": 0.01487, "PMHTIME": 0.01487, "OPHTIME": 0.01144, "MDTOLL": 0.0, "MDTOLL_VP": 0.0, "MDHTIME": 0.01144, "NTTOLL": 0.0, "NTTOLL_VP": 0.0, "NTHTIME": 0.01144, "LINKAB": 2287722878, "TURNPENI": "TURNPEN.PEN", "I4AMSOV": 0.0, "I4AMHV2": 503.67072, "I4AMHV3": 0.0, "I4AMCV": 0.0, "I4AMTRK": 0.0, "I4AMAPX": 0.0002, "I4AMVOL": 503.6709, "I4AMVMT": 5.03671, "I4AMFFSPD": 69, "AMHRLKCAP": 2000, "AMHRLNCAP": 2000, "I4AMVC": 0.10502, "I4AMVDF": 1.00425, "I4AMSPD": 68.70794, "COMP": 0, "I4MDSOV": 0.0, "I4MDHV2": 0.0, "I4MDHV3": 0.0, "I4MDCV": 0.0, "I4MDTRK": 0.0, "I4MDAPX": 0.0, "I4MDVOL": 0.0, "I4MDVMT": 0.0, "I4MDFFSPD": 69, "MDHRLKCAP": 2000, "MDHRLNCAP": 2000, "I4MDVC": 0.0, "I4MDVDF": 1.0, "I4MDSPD": 69.0, "I4PMSOV": 0.0, "I4PMHV2": 0.0, "I4PMHV3": 0.0, "I4PMCV": 0.0, "I4PMTRK": 0.0, "I4PMAPX": 0.0, "I4PMVOL": 0.0, "I4PMVMT": 0.0, "I4PMFFSPD": 69, "PMHRLKCAP": 2000, "PMHRLNCAP": 2000, "I4PMVC": 0.0, "I4PMVDF": 1.0, "I4PMSPD": 69.0, "I4NTSOV": 0.0, "I4NTHV2": 0.0, "I4NTHV3": 0.0, "I4NTCV": 0.0, "I4NTTRK": 0.0, "I4NTAPX": 0.0, "I4NTVOL": 0.0, "I4NTVMT": 0.0, "I4NTFFSPD": 69, "NTHRLKCAP": 2000, "NTHRLNCAP": 2000, "I4NTVC": 0.0, "I4NTVDF": 1.0, "I4NTSPD": 69.0, "I424VOL": 503.6709, "TVOL00": 1, "TVMT00": 0.01, "ID": 0, "AADT_2023": 0, "AWDT_2023": 0, "MD210": 0, "CNT2LOADDIF": 0.0, "ABSNCTDIFF": 0.0, "CNT2LOADPCT": 0.0, "ABSPCTDIFF": 0.0, "MD210U": 0, "LOAD1": 503.6709, "LOAD2": 0.0, "LOADGRW": -503.6709, "ABSGRW": 503.6709, "PRCGRW": -1.0, "PRCANLGRW": -4.5454545 }, "geometry": { "type": "LineString", "coordinates": [ [ -77.131494659272008, 39.031532599877416 ], [ -77.13151926578368, 39.031513352441429 ] ] } },
{ "type": "Feature", "properties": { "A": 22879, "B": 22898, "SUBAREA": 0, "FFSNEW": 0, "CPENEW": 0, "CPEFAC": 0, "TIMEPEN": 0, "DISTANCE": 0.97, "SPDCLASS": 15, "CAPCLASS": 15, "JUR": 1, "SCREEN": 0, "FTYPE": 1, "TOLL": 0, "TOLLGRP": 0, "AMLANE": 1, "AMLIMIT": 9, "PMLANE": 1, "PMLIMIT": 2, "OPLANE": 1, "OPLIMIT": 9, "EDGEID": 22900000000, "LINKID": 28054, "NETYEAR": 2020, "SHAPE_LENG": 5141.09, "PROJECTID": "NA", "TAZ": 700, "ATYPE": 5, "MDLANE": 1, "MDLIMIT": 9, "NTLANE": 1, "NTLIMIT": 9, "DEFLATIONFT": 0.8011, "AMTOLL": 0.0, "PMTOLL": 0.0, "OPTOLL": 0.0, "AMTOLL_VP": 0.0, "PMTOLL_VP": 0.0, "OPTOLL_VP": 0.0, "AMHTIME": 1.18413, "PMHTIME": 1.18413, "OPHTIME": 0.95425, "MDTOLL": 0.0, "MDTOLL_VP": 0.0, "MDHTIME": 0.95425, "NTTOLL": 0.0, "NTTOLL_VP": 0.0, "NTHTIME": 0.95425, "LINKAB": 2287922898, "TURNPENI": "TURNPEN.PEN", "I4AMSOV": 0.0, "I4AMHV2": 0.0, "I4AMHV3": 0.0, "I4AMCV": 0.0, "I4AMTRK": 0.0, "I4AMAPX": 0.0, "I4AMVOL": 0.0, "I4AMVMT": 0.0, "I4AMFFSPD": 75, "AMHRLKCAP": 2000, "AMHRLNCAP": 2000, "I4AMVC": 0.0, "I4AMVDF": 1.0, "I4AMSPD": 75.0, "COMP": 0, "I4MDSOV": 0.0, "I4MDHV2": 0.0, "I4MDHV3": 0.0, "I4MDCV": 0.0, "I4MDTRK": 0.0, "I4MDAPX": 0.0, "I4MDVOL": 0.0, "I4MDVMT": 0.0, "I4MDFFSPD": 75, "MDHRLKCAP": 2000, "MDHRLNCAP": 2000, "I4MDVC": 0.0, "I4MDVDF": 1.0, "I4MDSPD": 75.0, "I4PMSOV": 0.0, "I4PMHV2": 6328.07324, "I4PMHV3": 791.83917, "I4PMCV": 0.0, "I4PMTRK": 0.0, "I4PMAPX": 1264.60229, "I4PMVOL": 8384.51465, "I4PMVMT": 8132.97949, "I4PMFFSPD": 75, "PMHRLKCAP": 2000, "PMHRLNCAP": 2000, "I4PMVC": 1.23252, "I4PMVDF": 8.0955, "I4PMSPD": 9.26441, "I4NTSOV": 0.0, "I4NTHV2": 0.0, "I4NTHV3": 0.0, "I4NTCV": 0.0, "I4NTTRK": 0.0, "I4NTAPX": 0.0, "I4NTVOL": 0.0, "I4NTVMT": 0.0, "I4NTFFSPD": 75, "NTHRLKCAP": 2000, "NTHRLNCAP": 2000, "I4NTVC": 0.0, "I4NTVDF": 1.0, "I4NTSPD": 75.0, "I424VOL": 8384.51465, "TVOL00": 8, "TVMT00": 7.76, "ID": 0, "AADT_2023": 0, "AWDT_2023": 0, "MD210": 0, "CNT2LOADDIF": 0.0, "ABSNCTDIFF": 0.0, "CNT2LOADPCT": 0.0, "ABSPCTDIFF": 0.0, "MD210U": 0, "LOAD1": 8384.51465, "LOAD2": 0.0, "LOADGRW": -8384.51465, "ABSGRW": 8384.51465, "PRCGRW": -1.0, "PRCANLGRW": -4.5454545 }, "geometry": { "type": "LineString", "coordinates": [ [ -77.144911054307585, 39.036991649911862 ], [ -77.14546261369162, 39.037923016483127 ], [ -77.145468179606837, 39.037933781389469 ], [ -77.146372614303118, 39.039683016618234 ], [ -77.1471326130942, 39.041143015810498 ], [ -77.148532613896577, 39.043813014758491 ], [ -77.149702614425848, 39.04604301412229 ], [ -77.150902613700396, 39.048373013800344 ], [ -77.151602614101591, 39.049713013514847 ], [ -77.151758241974363, 39.050057890150185 ] ] } },
{ "type": "Feature", "properties": { "A": 22880, "B": 22872, "SUBAREA": 0, "FFSNEW": 0, "CPENEW": 0, "CPEFAC": 0, "TIMEPEN": 0, "DISTANCE": 0.32, "SPDCLASS": 13, "CAPCLASS": 13, "JUR": 1, "SCREEN": 0, "FTYPE": 1, "TOLL": 0, "TOLLGRP": 0, "AMLANE": 1, "AMLIMIT": 2, "PMLANE": 1, "PMLIMIT": 9, "OPLANE": 1, "OPLIMIT": 9, "EDGEID": 22900000000, "LINKID": 66780, "NETYEAR": 2020, "SHAPE_LENG": 1675.65, "PROJECTID": "NA", "TAZ": 703, "ATYPE": 3, "MDLANE": 1, "MDLIMIT": 9, "NTLANE": 1, "NTLIMIT": 9, "DEFLATIONFT": 0.8011, "AMTOLL": 0.0, "PMTOLL": 0.0, "OPTOLL": 0.0, "AMTOLL_VP": 0.0, "PMTOLL_VP": 0.0, "OPTOLL_VP": 0.0, "AMHTIME": 0.47584, "PMHTIME": 0.47584, "OPHTIME": 0.36613, "MDTOLL": 0.0, "MDTOLL_VP": 0.0, "MDHTIME": 0.36613, "NTTOLL": 0.0, "NTTOLL_VP": 0.0, "NTHTIME": 0.36613, "LINKAB": 2288022872, "TURNPENI": "TURNPEN.PEN", "I4AMSOV": 0.0, "I4AMHV2": 1943.68127, "I4AMHV3": 180.76462, "I4AMCV": 0.0, "I4AMTRK": 0.0, "I4AMAPX": 0.00041, "I4AMVOL": 2124.44629, "I4AMVMT": 679.82281, "I4AMFFSPD": 69, "AMHRLKCAP": 2000, "AMHRLNCAP": 2000, "I4AMVC": 0.44295, "I4AMVDF": 1.02872, "I4AMSPD": 67.07337, "COMP": 0, "I4MDSOV": 0.0, "I4MDHV2": 0.0, "I4MDHV3": 0.0, "I4MDCV": 0.0, "I4MDTRK": 0.0, "I4MDAPX": 0.0, "I4MDVOL": 0.0, "I4MDVMT": 0.0, "I4MDFFSPD": 69, "MDHRLKCAP": 2000, "MDHRLNCAP": 2000, "I4MDVC": 0.0, "I4MDVDF": 1.0, "I4MDSPD": 69.0, "I4PMSOV": 0.0, "I4PMHV2": 0.0, "I4PMHV3": 0.0, "I4PMCV": 0.0, "I4PMTRK": 0.0, "I4PMAPX": 0.0, "I4PMVOL": 0.0, "I4PMVMT": 0.0, "I4PMFFSPD": 69, "PMHRLKCAP": 2000, "PMHRLNCAP": 2000, "I4PMVC": 0.0, "I4PMVDF": 1.0, "I4PMSPD": 69.0, "I4NTSOV": 0.0, "I4NTHV2": 0.0, "I4NTHV3": 0.0, "I4NTCV": 0.0, "I4NTTRK": 0.0, "I4NTAPX": 0.0, "I4NTVOL": 0.0, "I4NTVMT": 0.0, "I4NTFFSPD": 69, "NTHRLKCAP": 2000, "NTHRLNCAP": 2000, "I4NTVC": 0.0, "I4NTVDF": 1.0, "I4NTSPD": 69.0, "I424VOL": 2124.44629, "TVOL00": 2, "TVMT00": 0.64, "ID": 0, "AADT_2023": 0, "AWDT_2023": 0, "MD210": 0, "CNT2LOADDIF": 0.0, "ABSNCTDIFF": 0.0, "CNT2LOADPCT": 0.0, "ABSPCTDIFF": 0.0, "MD210U": 0, "LOAD1": 2124.44629, "LOAD2": 0.0, "LOADGRW": -2124.44629, "ABSGRW": 2124.44629, "PRCGRW": -1.0, "PRCANLGRW": -4.5454545 }, "geometry": { "type": "LineString", "coordinates": [ [ -77.144252297614827, 39.035051266471143 ], [ -77.14389340600826, 39.034641518693704 ], [ -77.143583405483753, 39.034241518335968 ], [ -77.143123404937469, 39.033811517434266 ], [ -77.142733405060824, 39.033531517453675 ], [ -77.142423405435579, 39.033331517724463 ], [ -77.142350655532951, 39.033286048810481 ], [ -77.142316241107622, 39.033264539682229 ], [ -77.142249823344116, 39.033223028692511 ], [ -77.142183405580681, 39.033181517702758 ], [ -77.141823406247966, 39.033041517262781 ], [ -77.141383406663877, 39.03288151765927 ], [ -77.140683407161987, 39.03269151751185 ], [ -77.140103406238609, 39.032601516779366 ], [ -77.139625021447941, 39.032552814770575 ] ] } },
{ "type": "Feature", "properties": { "A": 22880, "B": 22882, "SUBAREA": 0, "FFSNEW": 0, "CPENEW": 0, "CPEFAC": 0, "TIMEPEN": 0, "DISTANCE": 0.21, "SPDCLASS": 13, "CAPCLASS": 13, "JUR": 1, "SCREEN": 0, "FTYPE": 1, "TOLL": 0, "TOLLGRP": 0, "AMLANE": 1, "AMLIMIT": 2, "PMLANE": 1, "PMLIMIT": 9, "OPLANE": 1, "OPLIMIT": 9, "EDGEID": 22900000000, "LINKID": 66782, "NETYEAR": 2020, "SHAPE_LENG": 1129.34, "PROJECTID": "NA", "TAZ": 703, "ATYPE": 3, "MDLANE": 1, "MDLIMIT": 9, "NTLANE": 1, "NTLIMIT": 9, "DEFLATIONFT": 0.8011, "AMTOLL": 0.0, "PMTOLL": 0.0, "OPTOLL": 0.0, "AMTOLL_VP": 0.0, "PMTOLL_VP": 0.0, "OPTOLL_VP": 0.0, "AMHTIME": 0.31227, "PMHTIME": 0.31227, "OPHTIME": 0.24027, "MDTOLL": 0.0, "MDTOLL_VP": 0.0, "MDHTIME": 0.24027, "NTTOLL": 0.0, "NTTOLL_VP": 0.0, "NTHTIME": 0.24027, "LINKAB": 2288022882, "TURNPENI": "TURNPEN.PEN", "I4AMSOV": 0.0, "I4AMHV2": 2664.13916, "I4AMHV3": 368.58188, "I4AMCV": 0.0, "I4AMTRK": 0.0, "I4AMAPX": 259.29196, "I4AMVOL": 3292.0127, "I4AMVMT": 691.32269, "I4AMFFSPD": 69, "AMHRLKCAP": 2000, "AMHRLNCAP": 2000, "I4AMVC": 0.68638, "I4AMVDF": 1.07805, "I4AMSPD": 64.00436, "COMP": 0, "I4MDSOV": 0.0, "I4MDHV2": 0.0, "I4MDHV3": 0.0, "I4MDCV": 0.0, "I4MDTRK": 0.0, "I4MDAPX": 0.0, "I4MDVOL": 0.0, "I4MDVMT": 0.0, "I4MDFFSPD": 69, "MDHRLKCAP": 2000, "MDHRLNCAP": 2000, "I4MDVC": 0.0, "I4MDVDF": 1.0, "I4MDSPD": 69.0, "I4PMSOV": 0.0, "I4PMHV2": 0.0, "I4PMHV3": 0.0, "I4PMCV": 0.0, "I4PMTRK": 0.0, "I4PMAPX": 0.0, "I4PMVOL": 0.0, "I4PMVMT": 0.0, "I4PMFFSPD": 69, "PMHRLKCAP": 2000, "PMHRLNCAP": 2000, "I4PMVC": 0.0, "I4PMVDF": 1.0, "I4PMSPD": 69.0, "I4NTSOV": 0.0, "I4NTHV2": 0.0, "I4NTHV3": 0.0, "I4NTCV": 0.0, "I4NTTRK": 0.0, "I4NTAPX": 0.0, "I4NTVOL": 0.0, "I4NTVMT": 0.0, "I4NTFFSPD": 69, "NTHRLKCAP": 2000, "NTHRLNCAP": 2000, "I4NTVC": 0.0, "I4NTVDF": 1.0, "I4NTSPD": 69.0, "I424VOL": 3292.0127, "TVOL00": 3, "TVMT00": 0.63, "ID": 0, "AADT_2023": 0, "AWDT_2023": 0, "MD210": 0, "CNT2LOADDIF": 0.0, "ABSNCTDIFF": 0.0, "CNT2LOADPCT": 0.0, "ABSPCTDIFF": 0.0, "MD210U": 0, "LOAD1": 3292.0127, "LOAD2": 0.0, "LOADGRW": -3292.0127, "ABSGRW": 3292.0127, "PRCGRW": -1.0, "PRCANLGRW": -4.5454545 }, "geometry": { "type": "LineString", "coordinates": [ [ -77.144252297614827, 39.035051266471143 ], [ -77.144248611944931, 39.034998786779894 ], [ -77.144233406177491, 39.034831517941825 ], [ -77.144143406344256, 39.034651518275417 ], [ -77.143943405715731, 39.034281518461682 ], [ -77.143543405358002, 39.033541517934793 ], [ -77.143073406129318, 39.032681517930094 ], [ -77.142871748946277, 39.032278204463339 ], [ -77.14281720746169, 39.032170058800972 ] ] } },
{ "type": "Feature", "properties": { "A": 22881, "B": 22879, "SUBAREA": 0, "FFSNEW": 0, "CPENEW": 0, "CPEFAC": 0, "TIMEPEN": 0, "DISTANCE": 0.43, "SPDCLASS": 13, "CAPCLASS": 13, "JUR": 1, "SCREEN": 0, "FTYPE": 1, "TOLL": 0, "TOLLGRP": 0, "AMLANE": 1, "AMLIMIT": 9, "PMLANE": 1, "PMLIMIT": 2, "OPLANE": 1, "OPLIMIT": 9, "EDGEID": 22900000000, "LINKID": 66784, "NETYEAR": 2020, "SHAPE_LENG": 2255.18, "PROJECTID": "NA", "TAZ": 703, "ATYPE": 3, "MDLANE": 1, "MDLIMIT": 9, "NTLANE": 1, "NTLIMIT": 9, "DEFLATIONFT": 0.8011, "AMTOLL": 0.0, "PMTOLL": 0.0, "OPTOLL": 0.0, "AMTOLL_VP": 0.0, "PMTOLL_VP": 0.0, "OPTOLL_VP": 0.0, "AMHTIME": 0.63941, "PMHTIME": 0.63941, "OPHTIME": 0.49199, "MDTOLL": 0.0, "MDTOLL_VP": 0.0, "MDHTIME": 0.49199, "NTTOLL": 0.0, "NTTOLL_VP": 0.0, "NTHTIME": 0.49199, "LINKAB": 2288122879, "TURNPENI": "TURNPEN.PEN", "I4AMSOV": 0.0, "I4AMHV2": 0.0, "I4AMHV3": 0.0, "I4AMCV": 0.0, "I4AMTRK": 0.0, "I4AMAPX": 0.0, "I4AMVOL": 0.0, "I4AMVMT": 0.0, "I4AMFFSPD": 69, "AMHRLKCAP": 2000, "AMHRLNCAP": 2000, "I4AMVC": 0.0, "I4AMVDF": 1.0, "I4AMSPD": 69.0, "COMP": 0, "I4MDSOV": 0.0, "I4MDHV2": 0.0, "I4MDHV3": 0.0, "I4MDCV": 0.0, "I4MDTRK": 0.0, "I4MDAPX": 0.0, "I4MDVOL": 0.0, "I4MDVMT": 0.0, "I4MDFFSPD": 69, "MDHRLKCAP": 2000, "MDHRLNCAP": 2000, "I4MDVC": 0.0, "I4MDVDF": 1.0, "I4MDSPD": 69.0, "I4PMSOV": 0.0, "I4PMHV2": 4445.35889, "I4PMHV3": 791.83917, "I4PMCV": 0.0, "I4PMTRK": 0.0, "I4PMAPX": 915.78284, "I4PMVOL": 6152.98096, "I4PMVMT": 2645.78174, "I4PMFFSPD": 69, "PMHRLKCAP": 2000, "PMHRLNCAP": 2000, "I4PMVC": 0.90449, "I4PMVDF": 1.319, "I4PMSPD": 52.31233, "I4NTSOV": 0.0, "I4NTHV2": 0.0, "I4NTHV3": 0.0, "I4NTCV": 0.0, "I4NTTRK": 0.0, "I4NTAPX": 0.0, "I4NTVOL": 0.0, "I4NTVMT": 0.0, "I4NTFFSPD": 69, "NTHRLKCAP": 2000, "NTHRLNCAP": 2000, "I4NTVC": 0.0, "I4NTVDF": 1.0, "I4NTSPD": 69.0, "I424VOL": 6152.98096, "TVOL00": 6, "TVMT00": 2.58, "ID": 0, "AADT_2023": 0, "AWDT_2023": 0, "MD210": 0, "CNT2LOADDIF": 0.0, "ABSNCTDIFF": 0.0, "CNT2LOADPCT": 0.0, "ABSPCTDIFF": 0.0, "MD210U": 0, "LOAD1": 6152.98096, "LOAD2": 0.0, "LOADGRW": -6152.98096, "ABSGRW": 6152.98096, "PRCGRW": -1.0, "PRCANLGRW": -4.5454545 }, "geometry": { "type": "LineString", "coordinates": [ [ -77.141622312142474, 39.031413701830616 ], [ -77.141702615365205, 39.031883018186114 ], [ -77.141812615261244, 39.032313019087759 ], [ -77.141972613965379, 39.032693018483307 ], [ -77.142232613883152, 39.0331430185485 ], [ -77.14227442794504, 39.033203778665708 ], [ -77.142316241107622, 39.033264539682229 ], [ -77.142326580633778, 39.033279564685614 ], [ -77.142872614095779, 39.034073018323554 ], [ -77.143102614368956, 39.034423018074492 ], [ -77.143572614496975, 39.035033017743146 ], [ -77.144002615398676, 39.035573017641511 ], [ -77.144492613790931, 39.036243017498805 ], [ -77.144911054307585, 39.036991649911862 ] ] } },
{ "type": "Feature", "properties": { "A": 22882, "B": 22884, "SUBAREA": 0, "FFSNEW": 0, "CPENEW": 0, "CPEFAC": 0, "TIMEPEN": 0, "DISTANCE": 0.36, "SPDCLASS": 13, "CAPCLASS": 13, "JUR": 1, "SCREEN": 0, "FTYPE": 1, "TOLL": 0, "TOLLGRP": 0, "AMLANE": 1, "AMLIMIT": 2, "PMLANE": 1, "PMLIMIT": 9, "OPLANE": 1, "OPLIMIT": 9, "EDGEID": 22900000000, "LINKID": 66786, "NETYEAR": 2020, "SHAPE_LENG": 1876.51, "PROJECTID": "NA", "TAZ": 703, "ATYPE": 3, "MDLANE": 1, "MDLIMIT": 9, "NTLANE": 1, "NTLIMIT": 9, "DEFLATIONFT": 0.8011, "AMTOLL": 0.0, "PMTOLL": 0.0, "OPTOLL": 0.0, "AMTOLL_VP": 0.0, "PMTOLL_VP": 0.0, "OPTOLL_VP": 0.0, "AMHTIME": 0.53532, "PMHTIME": 0.53532, "OPHTIME": 0.4119, "MDTOLL": 0.0, "MDTOLL_VP": 0.0, "MDHTIME": 0.4119, "NTTOLL": 0.0, "NTTOLL_VP": 0.0, "NTHTIME": 0.4119, "LINKAB": 2288222884, "TURNPENI": "TURNPEN.PEN", "I4AMSOV": 0.0, "I4AMHV2": 2664.13916, "I4AMHV3": 368.58188, "I4AMCV": 0.0, "I4AMTRK": 0.0, "I4AMAPX": 259.29196, "I4AMVOL": 3292.0127, "I4AMVMT": 1185.12463, "I4AMFFSPD": 69, "AMHRLKCAP": 2000, "AMHRLNCAP": 2000, "I4AMVC": 0.68638, "I4AMVDF": 1.07805, "I4AMSPD": 64.00436, "COMP": 0, "I4MDSOV": 0.0, "I4MDHV2": 0.0, "I4MDHV3": 0.0, "I4MDCV": 0.0, "I4MDTRK": 0.0, "I4MDAPX": 0.0, "I4MDVOL": 0.0, "I4MDVMT": 0.0, "I4MDFFSPD": 69, "MDHRLKCAP": 2000, "MDHRLNCAP": 2000, "I4MDVC": 0.0, "I4MDVDF": 1.0, "I4MDSPD": 69.0, "I4PMSOV": 0.0, "I4PMHV2": 0.0, "I4PMHV3": 0.0, "I4PMCV": 0.0, "I4PMTRK": 0.0, "I4PMAPX": 0.0, "I4PMVOL": 0.0, "I4PMVMT": 0.0, "I4PMFFSPD": 69, "PMHRLKCAP": 2000, "PMHRLNCAP": 2000, "I4PMVC": 0.0, "I4PMVDF": 1.0, "I4PMSPD": 69.0, "I4NTSOV": 0.0, "I4NTHV2": 0.0, "I4NTHV3": 0.0, "I4NTCV": 0.0, "I4NTTRK": 0.0, "I4NTAPX": 0.0, "I4NTVOL": 0.0, "I4NTVMT": 0.0, "I4NTFFSPD": 69, "NTHRLKCAP": 2000, "NTHRLNCAP": 2000, "I4NTVC": 0.0, "I4NTVDF": 1.0, "I4NTSPD": 69.0, "I424VOL": 3292.0127, "TVOL00": 3, "TVMT00": 1.08, "ID": 0, "AADT_2023": 0, "AWDT_2023": 0, "MD210": 0, "CNT2LOADDIF": 0.0, "ABSNCTDIFF": 0.0, "CNT2LOADPCT": 0.0, "ABSPCTDIFF": 0.0, "MD210U": 0, "LOAD1": 3292.0127, "LOAD2": 0.0, "LOADGRW": -3292.0127, "ABSGRW": 3292.0127, "PRCGRW": -1.0, "PRCANLGRW": -4.5454545 }, "geometry": { "type": "LineString", "coordinates": [ [ -77.14281720746169, 39.032170058800972 ], [ -77.14279340614867, 39.032121517968839 ], [ -77.142543406712051, 39.031441517630519 ], [ -77.142423406334899, 39.031051518653193 ], [ -77.142243407567889, 39.030361518733102 ], [ -77.142103408926573, 39.029641518269031 ], [ -77.141973408068353, 39.028861518515775 ], [ -77.141903408298049, 39.027961518385361 ], [ -77.1418434090088, 39.027131518025321 ], [ -77.141842521019569, 39.027091725548239 ] ] } },
{ "type": "Feature", "properties": { "A": 22883, "B": 22881, "SUBAREA": 0, "FFSNEW": 0, "CPENEW": 0, "CPEFAC": 0, "TIMEPEN": 0, "DISTANCE": 0.3, "SPDCLASS": 13, "CAPCLASS": 13, "JUR": 1, "SCREEN": 0, "FTYPE": 1, "TOLL": 0, "TOLLGRP": 0, "AMLANE": 1, "AMLIMIT": 9, "PMLANE": 1, "PMLIMIT": 2, "OPLANE": 1, "OPLIMIT": 9, "EDGEID": 22900000000, "LINKID": 67068, "NETYEAR": 2020, "SHAPE_LENG": 1577.62, "PROJECTID": "NA", "TAZ": 702, "ATYPE": 3, "MDLANE": 1, "MDLIMIT": 9, "NTLANE": 1, "NTLIMIT": 9, "DEFLATIONFT": 0.8011, "AMTOLL": 0.0, "PMTOLL": 0.0, "OPTOLL": 0.0, "AMTOLL_VP": 0.0, "PMTOLL_VP": 0.0, "OPTOLL_VP": 0.0, "AMHTIME": 0.4461, "PMHTIME": 0.4461, "OPHTIME": 0.34325, "MDTOLL": 0.0, "MDTOLL_VP": 0.0, "MDHTIME": 0.34325, "NTTOLL": 0.0, "NTTOLL_VP": 0.0, "NTHTIME": 0.34325, "LINKAB": 2288322881, "TURNPENI": "TURNPEN.PEN", "I4AMSOV": 0.0, "I4AMHV2": 0.0, "I4AMHV3": 0.0, "I4AMCV": 0.0, "I4AMTRK": 0.0, "I4AMAPX": 0.0, "I4AMVOL": 0.0, "I4AMVMT": 0.0, "I4AMFFSPD": 69, "AMHRLKCAP": 2000, "AMHRLNCAP": 2000, "I4AMVC": 0.0, "I4AMVDF": 1.0, "I4AMSPD": 69.0, "COMP": 0, "I4MDSOV": 0.0, "I4MDHV2": 0.0, "I4MDHV3": 0.0, "I4MDCV": 0.0, "I4MDTRK": 0.0, "I4MDAPX": 0.0, "I4MDVOL": 0.0, "I4MDVMT": 0.0, "I4MDFFSPD": 69, "MDHRLKCAP": 2000, "MDHRLNCAP": 2000, "I4MDVC": 0.0, "I4MDVDF": 1.0, "I4MDSPD": 69.0, "I4PMSOV": 0.0, "I4PMHV2": 4445.35889, "I4PMHV3": 791.83917, "I4PMCV": 0.0, "I4PMTRK": 0.0, "I4PMAPX": 915.78284, "I4PMVOL": 6152.98096, "I4PMVMT": 1845.89429, "I4PMFFSPD": 69, "PMHRLKCAP": 2000, "PMHRLNCAP": 2000, "I4PMVC": 0.90449, "I4PMVDF": 1.319, "I4PMSPD": 52.31233, "I4NTSOV": 0.0, "I4NTHV2": 0.0, "I4NTHV3": 0.0, "I4NTCV": 0.0, "I4NTTRK": 0.0, "I4NTAPX": 0.0, "I4NTVOL": 0.0, "I4NTVMT": 0.0, "I4NTFFSPD": 69, "NTHRLKCAP": 2000, "NTHRLNCAP": 2000, "I4NTVC": 0.0, "I4NTVDF": 1.0, "I4NTSPD": 69.0, "I424VOL": 6152.98096, "TVOL00": 6, "TVMT00": 1.8, "ID": 0, "AADT_2023": 0, "AWDT_2023": 0, "MD210": 0, "CNT2LOADDIF": 0.0, "ABSNCTDIFF": 0.0, "CNT2LOADPCT": 0.0, "ABSPCTDIFF": 0.0, "MD210U": 0, "LOAD1": 6152.98096, "LOAD2": 0.0, "LOADGRW": -6152.98096, "ABSGRW": 6152.98096, "PRCGRW": -1.0, "PRCANLGRW": -4.5454545 }, "geometry": { "type": "LineString", "coordinates": [ [ -77.141571459444947, 39.027083816689618 ], [ -77.141552613544846, 39.027913019649404 ], [ -77.141542613963054, 39.029283019907844 ], [ -77.141552614444166, 39.03031301999706 ], [ -77.141592614569845, 39.031083019269289 ], [ -77.141622312142474, 39.031413701830616 ] ] } },
{ "type": "Feature", "properties": { "A": 22884, "B": 22815, "SUBAREA": 0, "FFSNEW": 0, "CPENEW": 0, "CPEFAC": 0, "TIMEPEN": 0, "DISTANCE": 0.04, "SPDCLASS": 13, "CAPCLASS": 13, "JUR": 1, "SCREEN": 0, "FTYPE": 1, "TOLL": 0, "TOLLGRP": 0, "AMLANE": 1, "AMLIMIT": 0, "PMLANE": 1, "PMLIMIT": 9, "OPLANE": 1, "OPLIMIT": 9, "EDGEID": 22900000000, "LINKID": 67069, "NETYEAR": 2020, "SHAPE_LENG": 208.38, "PROJECTID": "NA", "TAZ": 702, "ATYPE": 3, "MDLANE": 1, "MDLIMIT": 9, "NTLANE": 1, "NTLIMIT": 9, "DEFLATIONFT": 0.8011, "AMTOLL": 0.0, "PMTOLL": 0.0, "OPTOLL": 0.0, "AMTOLL_VP": 0.0, "PMTOLL_VP": 0.0, "OPTOLL_VP": 0.0, "AMHTIME": 0.05948, "PMHTIME": 0.05948, "OPHTIME": 0.04577, "MDTOLL": 0.0, "MDTOLL_VP": 0.0, "MDHTIME": 0.04577, "NTTOLL": 0.0, "NTTOLL_VP": 0.0, "NTHTIME": 0.04577, "LINKAB": 2288422815, "TURNPENI": "TURNPEN.PEN", "I4AMSOV": 0.0, "I4AMHV2": 98.47837, "I4AMHV3": 0.0, "I4AMCV": 0.0, "I4AMTRK": 0.0, "I4AMAPX": 4.0000000000000003e-05, "I4AMVOL": 98.4784, "I4AMVMT": 3.93914, "I4AMFFSPD": 69, "AMHRLKCAP": 2000, "AMHRLNCAP": 2000, "I4AMVC": 0.02053, "I4AMVDF": 1.00082, "I4AMSPD": 68.94337, "COMP": 0, "I4MDSOV": 0.0, "I4MDHV2": 0.0, "I4MDHV3": 0.0, "I4MDCV": 0.0, "I4MDTRK": 0.0, "I4MDAPX": 0.0, "I4MDVOL": 0.0, "I4MDVMT": 0.0, "I4MDFFSPD": 69, "MDHRLKCAP": 2000, "MDHRLNCAP": 2000, "I4MDVC": 0.0, "I4MDVDF": 1.0, "I4MDSPD": 69.0, "I4PMSOV": 0.0, "I4PMHV2": 0.0, "I4PMHV3": 0.0, "I4PMCV": 0.0, "I4PMTRK": 0.0, "I4PMAPX": 0.0, "I4PMVOL": 0.0, "I4PMVMT": 0.0, "I4PMFFSPD": 69, "PMHRLKCAP": 2000, "PMHRLNCAP": 2000, "I4PMVC": 0.0, "I4PMVDF": 1.0, "I4PMSPD": 69.0, "I4NTSOV": 0.0, "I4NTHV2": 0.0, "I4NTHV3": 0.0, "I4NTCV": 0.0, "I4NTTRK": 0.0, "I4NTAPX": 0.0, "I4NTVOL": 0.0, "I4NTVMT": 0.0, "I4NTFFSPD": 69, "NTHRLKCAP": 2000, "NTHRLNCAP": 2000, "I4NTVC": 0.0, "I4NTVDF": 1.0, "I4NTSPD": 69.0, "I424VOL": 98.4784, "TVOL00": 0, "TVMT00": 0.0, "ID": 0, "AADT_2023": 0, "AWDT_2023": 0, "MD210": 0, "CNT2LOADDIF": 0.0, "ABSNCTDIFF": 0.0, "CNT2LOADPCT": 0.0, "ABSPCTDIFF": 0.0, "MD210U": 0, "LOAD1": 98.4784, "LOAD2": 0.0, "LOADGRW": -98.4784, "ABSGRW": 98.4784, "PRCGRW": -1.0, "PRCANLGRW": -4.5454545 }, "geometry": { "type": "LineString", "coordinates": [ [ -77.141842521019569, 39.027091725548239 ], [ -77.141710080262513, 39.02658181718779 ], [ -77.141697083633531, 39.026531781500331 ] ] } },
{ "type": "Feature", "properties": { "A": 22884, "B": 22887, "SUBAREA": 0, "FFSNEW": 0, "CPENEW": 0, "CPEFAC": 0, "TIMEPEN": 0, "DISTANCE": 0.04, "SPDCLASS": 13, "CAPCLASS": 13, "JUR": 1, "SCREEN": 0, "FTYPE": 1, "TOLL": 0, "TOLLGRP": 0, "AMLANE": 1, "AMLIMIT": 2, "PMLANE": 1, "PMLIMIT": 9, "OPLANE": 1, "OPLIMIT": 9, "EDGEID": 22900000000, "LINKID": 67071, "NETYEAR": 2020, "SHAPE_LENG": 222.25, "PROJECTID": "NA", "TAZ": 702, "ATYPE": 3, "MDLANE": 1, "MDLIMIT": 9, "NTLANE": 1, "NTLIMIT": 9, "DEFLATIONFT": 0.8011, "AMTOLL": 0.0, "PMTOLL": 0.0, "OPTOLL": 0.0, "AMTOLL_VP": 0.0, "PMTOLL_VP": 0.0, "OPTOLL_VP": 0.0, "AMHTIME": 0.05948, "PMHTIME": 0.05948, "OPHTIME": 0.04577, "MDTOLL": 0.0, "MDTOLL_VP": 0.0, "MDHTIME": 0.04577, "NTTOLL": 0.0, "NTTOLL_VP": 0.0, "NTHTIME": 0.04577, "LINKAB": 2288422887, "TURNPENI": "TURNPEN.PEN", "I4AMSOV": 0.0, "I4AMHV2": 2565.66064, "I4AMHV3": 368.58188, "I4AMCV": 0.0, "I4AMTRK": 0.0, "I4AMAPX": 259.29193, "I4AMVOL": 3193.53442, "I4AMVMT": 127.74138, "I4AMFFSPD": 69, "AMHRLKCAP": 2000, "AMHRLNCAP": 2000, "I4AMVC": 0.66585, "I4AMVDF": 1.0721, "I4AMSPD": 64.35984, "COMP": 0, "I4MDSOV": 0.0, "I4MDHV2": 0.0, "I4MDHV3": 0.0, "I4MDCV": 0.0, "I4MDTRK": 0.0, "I4MDAPX": 0.0, "I4MDVOL": 0.0, "I4MDVMT": 0.0, "I4MDFFSPD": 69, "MDHRLKCAP": 2000, "MDHRLNCAP": 2000, "I4MDVC": 0.0, "I4MDVDF": 1.0, "I4MDSPD": 69.0, "I4PMSOV": 0.0, "I4PMHV2": 0.0, "I4PMHV3": 0.0, "I4PMCV": 0.0, "I4PMTRK": 0.0, "I4PMAPX": 0.0, "I4PMVOL": 0.0, "I4PMVMT": 0.0, "I4PMFFSPD": 69, "PMHRLKCAP": 2000, "PMHRLNCAP": 2000, "I4PMVC": 0.0, "I4PMVDF": 1.0, "I4PMSPD": 69.0, "I4NTSOV": 0.0, "I4NTHV2": 0.0, "I4NTHV3": 0.0, "I4NTCV": 0.0, "I4NTTRK": 0.0, "I4NTAPX": 0.0, "I4NTVOL": 0.0, "I4NTVMT": 0.0, "I4NTFFSPD": 69, "NTHRLKCAP": 2000, "NTHRLNCAP": 2000, "I4NTVC": 0.0, "I4NTVDF": 1.0, "I4NTSPD": 69.0, "I424VOL": 3193.53442, "TVOL00": 3, "TVMT00": 0.12, "ID": 0, "AADT_2023": 0, "AWDT_2023": 0, "MD210": 0, "CNT2LOADDIF": 0.0, "ABSNCTDIFF": 0.0, "CNT2LOADPCT": 0.0, "ABSPCTDIFF": 0.0, "MD210U": 0, "LOAD1": 3193.53442, "LOAD2": 0.0, "LOADGRW": -3193.53442, "ABSGRW": 3193.53442, "PRCGRW": -1.0, "PRCANLGRW": -4.5454545 }, "geometry": { "type": "LineString", "coordinates": [ [ -77.141842521019569, 39.027091725548239 ], [ -77.141832924380367, 39.026951818971732 ], [ -77.141834198720218, 39.026505990833343 ], [ -77.141834266742819, 39.026482192952116 ] ] } },
{ "type": "Feature", "properties": { "A": 22885, "B": 22886, "SUBAREA": 0, "FFSNEW": 0, "CPENEW": 0, "CPEFAC": 0, "TIMEPEN": 0, "DISTANCE": 0.01, "SPDCLASS": 13, "CAPCLASS": 13, "JUR": 1, "SCREEN": 0, "FTYPE": 1, "TOLL": 0, "TOLLGRP": 0, "AMLANE": 1, "AMLIMIT": 9, "PMLANE": 1, "PMLIMIT": 0, "OPLANE": 1, "OPLIMIT": 9, "EDGEID": 22900000000, "LINKID": 68437, "NETYEAR": 2020, "SHAPE_LENG": 9.9, "PROJECTID": "NA", "TAZ": 702, "ATYPE": 3, "MDLANE": 1, "MDLIMIT": 9, "NTLANE": 1, "NTLIMIT": 9, "DEFLATIONFT": 0.8011, "AMTOLL": 0.0, "PMTOLL": 0.0, "OPTOLL": 0.0, "AMTOLL_VP": 0.0, "PMTOLL_VP": 0.0, "OPTOLL_VP": 0.0, "AMHTIME": 0.01487, "PMHTIME": 0.01487, "OPHTIME": 0.01144, "MDTOLL": 0.0, "MDTOLL_VP": 0.0, "MDHTIME": 0.01144, "NTTOLL": 0.0, "NTTOLL_VP": 0.0, "NTHTIME": 0.01144, "LINKAB": 2288522886, "TURNPENI": "TURNPEN.PEN", "I4AMSOV": 0.0, "I4AMHV2": 0.0, "I4AMHV3": 0.0, "I4AMCV": 0.0, "I4AMTRK": 0.0, "I4AMAPX": 0.0, "I4AMVOL": 0.0, "I4AMVMT": 0.0, "I4AMFFSPD": 69, "AMHRLKCAP": 2000, "AMHRLNCAP": 2000, "I4AMVC": 0.0, "I4AMVDF": 1.0, "I4AMSPD": 69.0, "COMP": 0, "I4MDSOV": 0.0, "I4MDHV2": 0.0, "I4MDHV3": 0.0, "I4MDCV": 0.0, "I4MDTRK": 0.0, "I4MDAPX": 0.0, "I4MDVOL": 0.0, "I4MDVMT": 0.0, "I4MDFFSPD": 69, "MDHRLKCAP": 2000, "MDHRLNCAP": 2000, "I4MDVC": 0.0, "I4MDVDF": 1.0, "I4MDSPD": 69.0, "I4PMSOV": 0.0, "I4PMHV2": 0.0, "I4PMHV3": 0.0, "I4PMCV": 0.0, "I4PMTRK": 0.0, "I4PMAPX": 0.0, "I4PMVOL": 0.0, "I4PMVMT": 0.0, "I4PMFFSPD": 69, "PMHRLKCAP": 2000, "PMHRLNCAP": 2000, "I4PMVC": 0.0, "I4PMVDF": 1.0, "I4PMSPD": 69.0, "I4NTSOV": 0.0, "I4NTHV2": 0.0, "I4NTHV3": 0.0, "I4NTCV": 0.0, "I4NTTRK": 0.0, "I4NTAPX": 0.0, "I4NTVOL": 0.0, "I4NTVMT": 0.0, "I4NTFFSPD": 69, "NTHRLKCAP": 2000, "NTHRLNCAP": 2000, "I4NTVC": 0.0, "I4NTVDF": 1.0, "I4NTSPD": 69.0, "I424VOL": 0.0, "TVOL00": 0, "TVMT00": 0.0, "ID": 0, "AADT_2023": 0, "AWDT_2023": 0, "MD210": 0, "CNT2LOADDIF": 0.0, "ABSNCTDIFF": 0.0, "CNT2LOADPCT": 0.0, "ABSPCTDIFF": 0.0, "MD210U": 0, "LOAD1": 0.0, "LOAD2": 0.0, "LOADGRW": -0.0, "ABSGRW": 0.0, "PRCGRW": -1.0, "PRCANLGRW": -4.5454545 }, "geometry": { "type": "LineString", "coordinates": [ [ -77.141566601975398, 39.026411129153047 ], [ -77.141591203994622, 39.026391879578156 ] ] } },
{ "type": "Feature", "properties": { "A": 22886, "B": 22883, "SUBAREA": 0, "FFSNEW": 0, "CPENEW": 0, "CPEFAC": 0, "TIMEPEN": 0, "DISTANCE": 0.05, "SPDCLASS": 13, "CAPCLASS": 13, "JUR": 1, "SCREEN": 0, "FTYPE": 1, "TOLL": 0, "TOLLGRP": 0, "AMLANE": 1, "AMLIMIT": 9, "PMLANE": 1, "PMLIMIT": 2, "OPLANE": 1, "OPLIMIT": 9, "EDGEID": 22900000000, "LINKID": 67073, "NETYEAR": 2020, "SHAPE_LENG": 251.4, "PROJECTID": "NA", "TAZ": 702, "ATYPE": 3, "MDLANE": 1, "MDLIMIT": 9, "NTLANE": 1, "NTLIMIT": 9, "DEFLATIONFT": 0.8011, "AMTOLL": 0.0, "PMTOLL": 0.0, "OPTOLL": 0.0, "AMTOLL_VP": 0.0, "PMTOLL_VP": 0.0, "OPTOLL_VP": 0.0, "AMHTIME": 0.07435, "PMHTIME": 0.07435, "OPHTIME": 0.05721, "MDTOLL": 0.0, "MDTOLL_VP": 0.0, "MDHTIME": 0.05721, "NTTOLL": 0.0, "NTTOLL_VP": 0.0, "NTHTIME": 0.05721, "LINKAB": 2288622883, "TURNPENI": "TURNPEN.PEN", "I4AMSOV": 0.0, "I4AMHV2": 0.0, "I4AMHV3": 0.0, "I4AMCV": 0.0, "I4AMTRK": 0.0, "I4AMAPX": 0.0, "I4AMVOL": 0.0, "I4AMVMT": 0.0, "I4AMFFSPD": 69, "AMHRLKCAP": 2000, "AMHRLNCAP": 2000, "I4AMVC": 0.0, "I4AMVDF": 1.0, "I4AMSPD": 69.0, "COMP": 0, "I4MDSOV": 0.0, "I4MDHV2": 0.0, "I4MDHV3": 0.0, "I4MDCV": 0.0, "I4MDTRK": 0.0, "I4MDAPX": 0.0, "I4MDVOL": 0.0, "I4MDVMT": 0.0, "I4MDFFSPD": 69, "MDHRLKCAP": 2000, "MDHRLNCAP": 2000, "I4MDVC": 0.0, "I4MDVDF": 1.0, "I4MDSPD": 69.0, "I4PMSOV": 0.0, "I4PMHV2": 4284.68457, "I4PMHV3": 791.83917, "I4PMCV": 0.0, "I4PMTRK": 0.0, "I4PMAPX": 871.64862, "I4PMVOL": 5948.17236, "I4PMVMT": 297.4086, "I4PMFFSPD": 69, "PMHRLKCAP": 2000, "PMHRLNCAP": 2000, "I4PMVC": 0.87438, "I4PMVDF": 1.24883, "I4PMSPD": 55.2518, "I4NTSOV": 0.0, "I4NTHV2": 0.0, "I4NTHV3": 0.0, "I4NTCV": 0.0, "I4NTTRK": 0.0, "I4NTAPX": 0.0, "I4NTVOL": 0.0, "I4NTVMT": 0.0, "I4NTFFSPD": 69, "NTHRLKCAP": 2000, "NTHRLNCAP": 2000, "I4NTVC": 0.0, "I4NTVDF": 1.0, "I4NTSPD": 69.0, "I424VOL": 5948.17236, "TVOL00": 6, "TVMT00": 0.3, "ID": 0, "AADT_2023": 0, "AWDT_2023": 0, "MD210": 0, "CNT2LOADDIF": 0.0, "ABSNCTDIFF": 0.0, "CNT2LOADPCT": 0.0, "ABSPCTDIFF": 0.0, "MD210U": 0, "LOAD1": 5948.17236, "LOAD2": 0.0, "LOADGRW": -5948.17236, "ABSGRW": 5948.17236, "PRCGRW": -1.0, "PRCANLGRW": -4.5454545 }, "geometry": { "type": "LineString", "coordinates": [ [ -77.141591203994622, 39.026391879578156 ], [ -77.14159125404629, 39.026512214920089 ], [ -77.141591261931012, 39.026531518825394 ], [ -77.141591282457057, 39.026581772108088 ], [ -77.141591295005966, 39.026612495123423 ], [ -77.141571459444947, 39.027083816689618 ] ] } },
{ "type": "Feature", "properties": { "A": 22887, "B": 22888, "SUBAREA": 0, "FFSNEW": 0, "CPENEW": 0, "CPEFAC": 0, "TIMEPEN": 0, "DISTANCE": 0.01, "SPDCLASS": 13, "CAPCLASS": 13, "JUR": 1, "SCREEN": 0, "FTYPE": 1, "TOLL": 0, "TOLLGRP": 0, "AMLANE": 1, "AMLIMIT": 0, "PMLANE": 1, "PMLIMIT": 9, "OPLANE": 1, "OPLIMIT": 9, "EDGEID": 22900000000, "LINKID": 67075, "NETYEAR": 2020, "SHAPE_LENG": 9.9, "PROJECTID": "NA", "TAZ": 702, "ATYPE": 3, "MDLANE": 1, "MDLIMIT": 9, "NTLANE": 1, "NTLIMIT": 9, "DEFLATIONFT": 0.8011, "AMTOLL": 0.0, "PMTOLL": 0.0, "OPTOLL": 0.0, "AMTOLL_VP": 0.0, "PMTOLL_VP": 0.0, "OPTOLL_VP": 0.0, "AMHTIME": 0.01487, "PMHTIME": 0.01487, "OPHTIME": 0.01144, "MDTOLL": 0.0, "MDTOLL_VP": 0.0, "MDHTIME": 0.01144, "NTTOLL": 0.0, "NTTOLL_VP": 0.0, "NTHTIME": 0.01144, "LINKAB": 2288722888, "TURNPENI": "TURNPEN.PEN", "I4AMSOV": 0.0, "I4AMHV2": 16.16349, "I4AMHV3": 0.0, "I4AMCV": 0.0, "I4AMTRK": 0.0, "I4AMAPX": 0.0, "I4AMVOL": 16.16349, "I4AMVMT": 0.16163, "I4AMFFSPD": 69, "AMHRLKCAP": 2000, "AMHRLNCAP": 2000, "I4AMVC": 0.00337, "I4AMVDF": 1.00013, "I4AMSPD": 68.9907, "COMP": 0, "I4MDSOV": 0.0, "I4MDHV2": 0.0, "I4MDHV3": 0.0, "I4MDCV": 0.0, "I4MDTRK": 0.0, "I4MDAPX": 0.0, "I4MDVOL": 0.0, "I4MDVMT": 0.0, "I4MDFFSPD": 69, "MDHRLKCAP": 2000, "MDHRLNCAP": 2000, "I4MDVC": 0.0, "I4MDVDF": 1.0, "I4MDSPD": 69.0, "I4PMSOV": 0.0, "I4PMHV2": 0.0, "I4PMHV3": 0.0, "I4PMCV": 0.0, "I4PMTRK": 0.0, "I4PMAPX": 0.0, "I4PMVOL": 0.0, "I4PMVMT": 0.0, "I4PMFFSPD": 69, "PMHRLKCAP": 2000, "PMHRLNCAP": 2000, "I4PMVC": 0.0, "I4PMVDF": 1.0, "I4PMSPD": 69.0, "I4NTSOV": 0.0, "I4NTHV2": 0.0, "I4NTHV3": 0.0, "I4NTCV": 0.0, "I4NTTRK": 0.0, "I4NTAPX": 0.0, "I4NTVOL": 0.0, "I4NTVMT": 0.0, "I4NTFFSPD": 69, "NTHRLKCAP": 2000, "NTHRLNCAP": 2000, "I4NTVC": 0.0, "I4NTVDF": 1.0, "I4NTSPD": 69.0, "I424VOL": 16.16349, "TVOL00": 0, "TVMT00": 0.0, "ID": 0, "AADT_2023": 0, "AWDT_2023": 0, "MD210": 0, "CNT2LOADDIF": 0.0, "ABSNCTDIFF": 0.0, "CNT2LOADPCT": 0.0, "ABSPCTDIFF": 0.0, "MD210U": 0, "LOAD1": 16.16349, "LOAD2": 0.0, "LOADGRW": -16.16349, "ABSGRW": 16.16349, "PRCGRW": -1.0, "PRCANLGRW": -4.5454545 }, "geometry": { "type": "LineString", "coordinates": [ [ -77.141834266742819, 39.026482192952116 ], [ -77.141858945294373, 39.026501382854427 ] ] } },
{ "type": "Feature", "properties": { "A": 22887, "B": 22890, "SUBAREA": 0, "FFSNEW": 0, "CPENEW": 0, "CPEFAC": 0, "TIMEPEN": 0, "DISTANCE": 0.12, "SPDCLASS": 13, "CAPCLASS": 13, "JUR": 1, "SCREEN": 0, "FTYPE": 1, "TOLL": 0, "TOLLGRP": 0, "AMLANE": 1, "AMLIMIT": 2, "PMLANE": 1, "PMLIMIT": 9, "OPLANE": 1, "OPLIMIT": 9, "EDGEID": 22900000000, "LINKID": 29073, "NETYEAR": 2020, "SHAPE_LENG": 627.57, "PROJECTID": "NA", "TAZ": 702, "ATYPE": 3, "MDLANE": 1, "MDLIMIT": 9, "NTLANE": 1, "NTLIMIT": 9, "DEFLATIONFT": 0.8011, "AMTOLL": 0.0, "PMTOLL": 0.0, "OPTOLL": 0.0, "AMTOLL_VP": 0.0, "PMTOLL_VP": 0.0, "OPTOLL_VP": 0.0, "AMHTIME": 0.17844, "PMHTIME": 0.17844, "OPHTIME": 0.1373, "MDTOLL": 0.0, "MDTOLL_VP": 0.0, "MDHTIME": 0.1373, "NTTOLL": 0.0, "NTTOLL_VP": 0.0, "NTHTIME": 0.1373, "LINKAB": 2288722890, "TURNPENI": "TURNPEN.PEN", "I4AMSOV": 0.0, "I4AMHV2": 2549.49731, "I4AMHV3": 368.58188, "I4AMCV": 0.0, "I4AMTRK": 0.0, "I4AMAPX": 259.29193, "I4AMVOL": 3177.37085, "I4AMVMT": 381.28452, "I4AMFFSPD": 69, "AMHRLKCAP": 2000, "AMHRLNCAP": 2000, "I4AMVC": 0.66248, "I4AMVDF": 1.07112, "I4AMSPD": 64.41857, "COMP": 0, "I4MDSOV": 0.0, "I4MDHV2": 0.0, "I4MDHV3": 0.0, "I4MDCV": 0.0, "I4MDTRK": 0.0, "I4MDAPX": 0.0, "I4MDVOL": 0.0, "I4MDVMT": 0.0, "I4MDFFSPD": 69, "MDHRLKCAP": 2000, "MDHRLNCAP": 2000, "I4MDVC": 0.0, "I4MDVDF": 1.0, "I4MDSPD": 69.0, "I4PMSOV": 0.0, "I4PMHV2": 0.0, "I4PMHV3": 0.0, "I4PMCV": 0.0, "I4PMTRK": 0.0, "I4PMAPX": 0.0, "I4PMVOL": 0.0, "I4PMVMT": 0.0, "I4PMFFSPD": 69, "PMHRLKCAP": 2000, "PMHRLNCAP": 2000, "I4PMVC": 0.0, "I4PMVDF": 1.0, "I4PMSPD": 69.0, "I4NTSOV": 0.0, "I4NTHV2": 0.0, "I4NTHV3": 0.0, "I4NTCV": 0.0, "I4NTTRK": 0.0, "I4NTAPX": 0.0, "I4NTVOL": 0.0, "I4NTVMT": 0.0, "I4NTFFSPD": 69, "NTHRLKCAP": 2000, "NTHRLNCAP": 2000, "I4NTVC": 0.0, "I4NTVDF": 1.0, "I4NTSPD": 69.0, "I424VOL": 3177.37085, "TVOL00": 3, "TVMT00": 0.36, "ID": 0, "AADT_2023": 0, "AWDT_2023": 0, "MD210": 0, "CNT2LOADDIF": 0.0, "ABSNCTDIFF": 0.0, "CNT2LOADPCT": 0.0, "ABSPCTDIFF": 0.0, "MD210U": 0, "LOAD1": 3177.37085, "LOAD2": 0.0, "LOADGRW": -3177.37085, "ABSGRW": 3177.37085, "PRCGRW": -1.0, "PRCANLGRW": -4.5454545 }, "geometry": { "type": "LineString", "coordinates": [ [ -77.141834266742819, 39.026482192952116 ], [ -77.141833332085199, 39.026403079205672 ], [ -77.141873333110198, 39.025323080308276 ], [ -77.141943481669969, 39.024763259800835 ] ] } },
{ "type": "Feature", "properties": { "A": 22889, "B": 22886, "SUBAREA": 0, "FFSNEW": 0, "CPENEW": 0, "CPEFAC": 0, "TIMEPEN": 0, "DISTANCE": 0.17, "SPDCLASS": 13, "CAPCLASS": 13, "JUR": 1, "SCREEN": 0, "FTYPE": 1, "TOLL": 0, "TOLLGRP": 0, "AMLANE": 1, "AMLIMIT": 9, "PMLANE": 1, "PMLIMIT": 2, "OPLANE": 1, "OPLIMIT": 9, "EDGEID": 22900000000, "LINKID": 67077, "NETYEAR": 2020, "SHAPE_LENG": 919.98, "PROJECTID": "NA", "TAZ": 702, "ATYPE": 3, "MDLANE": 1, "MDLIMIT": 9, "NTLANE": 1, "NTLIMIT": 9, "DEFLATIONFT": 0.8011, "AMTOLL": 0.0, "PMTOLL": 0.0, "OPTOLL": 0.0, "AMTOLL_VP": 0.0, "PMTOLL_VP": 0.0, "OPTOLL_VP": 0.0, "AMHTIME": 0.25279, "PMHTIME": 0.25279, "OPHTIME": 0.19451, "MDTOLL": 0.0, "MDTOLL_VP": 0.0, "MDHTIME": 0.19451, "NTTOLL": 0.0, "NTTOLL_VP": 0.0, "NTHTIME": 0.19451, "LINKAB": 2288922886, "TURNPENI": "TURNPEN.PEN", "I4AMSOV": 0.0, "I4AMHV2": 0.0, "I4AMHV3": 0.0, "I4AMCV": 0.0, "I4AMTRK": 0.0, "I4AMAPX": 0.0, "I4AMVOL": 0.0, "I4AMVMT": 0.0, "I4AMFFSPD": 69, "AMHRLKCAP": 2000, "AMHRLNCAP": 2000, "I4AMVC": 0.0, "I4AMVDF": 1.0, "I4AMSPD": 69.0, "COMP": 0, "I4MDSOV": 0.0, "I4MDHV2": 0.0, "I4MDHV3": 0.0, "I4MDCV": 0.0, "I4MDTRK": 0.0, "I4MDAPX": 0.0, "I4MDVOL": 0.0, "I4MDVMT": 0.0, "I4MDFFSPD": 69, "MDHRLKCAP": 2000, "MDHRLNCAP": 2000, "I4MDVC": 0.0, "I4MDVDF": 1.0, "I4MDSPD": 69.0, "I4PMSOV": 0.0, "I4PMHV2": 4284.68457, "I4PMHV3": 791.83917, "I4PMCV": 0.0, "I4PMTRK": 0.0, "I4PMAPX": 871.64862, "I4PMVOL": 5948.17236, "I4PMVMT": 1011.18927, "I4PMFFSPD": 69, "PMHRLKCAP": 2000, "PMHRLNCAP": 2000, "I4PMVC": 0.87438, "I4PMVDF": 1.24883, "I4PMSPD": 55.2518, "I4NTSOV": 0.0, "I4NTHV2": 0.0, "I4NTHV3": 0.0, "I4NTCV": 0.0, "I4NTTRK": 0.0, "I4NTAPX": 0.0, "I4NTVOL": 0.0, "I4NTVMT": 0.0, "I4NTFFSPD": 69, "NTHRLKCAP": 2000, "NTHRLNCAP": 2000, "I4NTVC": 0.0, "I4NTVDF": 1.0, "I4NTSPD": 69.0, "I424VOL": 5948.17236, "TVOL00": 6, "TVMT00": 1.02, "ID": 0, "AADT_2023": 0, "AWDT_2023": 0, "MD210": 0, "CNT2LOADDIF": 0.0, "ABSNCTDIFF": 0.0, "CNT2LOADPCT": 0.0, "ABSPCTDIFF": 0.0, "MD210U": 0, "LOAD1": 5948.17236, "LOAD2": 0.0, "LOADGRW": -5948.17236, "ABSGRW": 5948.17236, "PRCGRW": -1.0, "PRCANLGRW": -4.5454545 }, "geometry": { "type": "LineString", "coordinates": [ [ -77.141832596703068, 39.023876536735706 ], [ -77.141822612145006, 39.023913020568713 ], [ -77.141752612374717, 39.024273020800756 ], [ -77.141702612667245, 39.02470301990374 ], [ -77.141622612415802, 39.025683020285534 ], [ -77.141591203994622, 39.026391879578156 ] ] } },
{ "type": "Feature", "properties": { "A": 22890, "B": 22892, "SUBAREA": 0, "FFSNEW": 0, "CPENEW": 0, "CPEFAC": 0, "TIMEPEN": 0, "DISTANCE": 0.44, "SPDCLASS": 13, "CAPCLASS": 13, "JUR": 1, "SCREEN": 0, "FTYPE": 1, "TOLL": 0, "TOLLGRP": 0, "AMLANE": 1, "AMLIMIT": 2, "PMLANE": 1, "PMLIMIT": 9, "OPLANE": 1, "OPLIMIT": 9, "EDGEID": 22900000000, "LINKID": 67078, "NETYEAR": 2020, "SHAPE_LENG": 2298.67, "PROJECTID": "NA", "TAZ": 702, "ATYPE": 3, "MDLANE": 1, "MDLIMIT": 9, "NTLANE": 1, "NTLIMIT": 9, "DEFLATIONFT": 0.8011, "AMTOLL": 0.0, "PMTOLL": 0.0, "OPTOLL": 0.0, "AMTOLL_VP": 0.0, "PMTOLL_VP": 0.0, "OPTOLL_VP": 0.0, "AMHTIME": 0.65428, "PMHTIME": 0.65428, "OPHTIME": 0.50343, "MDTOLL": 0.0, "MDTOLL_VP": 0.0, "MDHTIME": 0.50343, "NTTOLL": 0.0, "NTTOLL_VP": 0.0, "NTHTIME": 0.50343, "LINKAB": 2289022892, "TURNPENI": "TURNPEN.PEN", "I4AMSOV": 0.0, "I4AMHV2": 2549.49731, "I4AMHV3": 368.58188, "I4AMCV": 0.0, "I4AMTRK": 0.0, "I4AMAPX": 259.29193, "I4AMVOL": 3177.37085, "I4AMVMT": 1398.04321, "I4AMFFSPD": 69, "AMHRLKCAP": 2000, "AMHRLNCAP": 2000, "I4AMVC": 0.66248, "I4AMVDF": 1.07112, "I4AMSPD": 64.41857, "COMP": 0, "I4MDSOV": 0.0, "I4MDHV2": 0.0, "I4MDHV3": 0.0, "I4MDCV": 0.0, "I4MDTRK": 0.0, "I4MDAPX": 0.0, "I4MDVOL": 0.0, "I4MDVMT": 0.0, "I4MDFFSPD": 69, "MDHRLKCAP": 2000, "MDHRLNCAP": 2000, "I4MDVC": 0.0, "I4MDVDF": 1.0, "I4MDSPD": 69.0, "I4PMSOV": 0.0, "I4PMHV2": 0.0, "I4PMHV3": 0.0, "I4PMCV": 0.0, "I4PMTRK": 0.0, "I4PMAPX": 0.0, "I4PMVOL": 0.0, "I4PMVMT": 0.0, "I4PMFFSPD": 69, "PMHRLKCAP": 2000, "PMHRLNCAP": 2000, "I4PMVC": 0.0, "I4PMVDF": 1.0, "I4PMSPD": 69.0, "I4NTSOV": 0.0, "I4NTHV2": 0.0, "I4NTHV3": 0.0, "I4NTCV": 0.0, "I4NTTRK": 0.0, "I4NTAPX": 0.0, "I4NTVOL": 0.0, "I4NTVMT": 0.0, "I4NTFFSPD": 69, "NTHRLKCAP": 2000, "NTHRLNCAP": 2000, "I4NTVC": 0.0, "I4NTVDF": 1.0, "I4NTSPD": 69.0, "I424VOL": 3177.37085, "TVOL00": 3, "TVMT00": 1.32, "ID": 0, "AADT_2023": 0, "AWDT_2023": 0, "MD210": 0, "CNT2LOADDIF": 0.0, "ABSNCTDIFF": 0.0, "CNT2LOADPCT": 0.0, "ABSPCTDIFF": 0.0, "MD210U": 0, "LOAD1": 3177.37085, "LOAD2": 0.0, "LOADGRW": -3177.37085, "ABSGRW": 3177.37085, "PRCGRW": -1.0, "PRCANLGRW": -4.5454545 }, "geometry": { "type": "LineString", "coordinates": [ [ -77.141943481669969, 39.024763259800835 ], [ -77.141973333424474, 39.024253080093246 ], [ -77.142133333927305, 39.023593080717092 ], [ -77.142353333719313, 39.022883079834848 ], [ -77.142603334055309, 39.02227308016613 ], [ -77.142673333825655, 39.022143080207222 ], [ -77.142913333680553, 39.02168308056028 ], [ -77.143030697240192, 39.021529605551194 ], [ -77.143043333639469, 39.021513081374998 ], [ -77.143833333873829, 39.020463082122205 ], [ -77.144383332454652, 39.019833081491342 ], [ -77.1447833337117, 39.019483081740375 ], [ -77.145195005986452, 39.019133351276906 ] ] } },
{ "type": "Feature", "properties": { "A": 22891, "B": 22889, "SUBAREA": 0, "FFSNEW": 0, "CPENEW": 0, "CPEFAC": 0, "TIMEPEN": 0, "DISTANCE": 0.36, "SPDCLASS": 12, "CAPCLASS": 12, "JUR": 1, "SCREEN": 0, "FTYPE": 1, "TOLL": 0, "TOLLGRP": 0, "AMLANE": 1, "AMLIMIT": 9, "PMLANE": 1, "PMLIMIT": 2, "OPLANE": 1, "OPLIMIT": 9, "EDGEID": 22900000000, "LINKID": 67080, "NETYEAR": 2020, "SHAPE_LENG": 1912.87, "PROJECTID": "NA", "TAZ": 655, "ATYPE": 2, "MDLANE": 1, "MDLIMIT": 9, "NTLANE": 1, "NTLIMIT": 9, "DEFLATIONFT": 0.8011, "AMTOLL": 0.0, "PMTOLL": 0.0, "OPTOLL": 0.0, "AMTOLL_VP": 0.0, "PMTOLL_VP": 0.0, "OPTOLL_VP": 0.0, "AMHTIME": 0.69386, "PMHTIME": 0.69386, "OPHTIME": 0.47798, "MDTOLL": 0.0, "MDTOLL_VP": 0.0, "MDHTIME": 0.47798, "NTTOLL": 0.0, "NTTOLL_VP": 0.0, "NTHTIME": 0.47798, "LINKAB": 2289122889, "TURNPENI": "TURNPEN.PEN", "I4AMSOV": 0.0, "I4AMHV2": 0.0, "I4AMHV3": 0.0, "I4AMCV": 0.0, "I4AMTRK": 0.0, "I4AMAPX": 0.0, "I4AMVOL": 0.0, "I4AMVMT": 0.0, "I4AMFFSPD": 63, "AMHRLKCAP": 1900, "AMHRLNCAP": 1900, "I4AMVC": 0.0, "I4AMVDF": 1.0, "I4AMSPD": 63.0, "COMP": 0, "I4MDSOV": 0.0, "I4MDHV2": 0.0, "I4MDHV3": 0.0, "I4MDCV": 0.0, "I4MDTRK": 0.0, "I4MDAPX": 0.0, "I4MDVOL": 0.0, "I4MDVMT": 0.0, "I4MDFFSPD": 63, "MDHRLKCAP": 1900, "MDHRLNCAP": 1900, "I4MDVC": 0.0, "I4MDVDF": 1.0, "I4MDSPD": 63.0, "I4PMSOV": 0.0, "I4PMHV2": 4284.68457, "I4PMHV3": 791.83917, "I4PMCV": 0.0, "I4PMTRK": 0.0, "I4PMAPX": 871.64862, "I4PMVOL": 5948.17236, "I4PMVMT": 2141.34204, "I4PMFFSPD": 63, "PMHRLKCAP": 1900, "PMHRLNCAP": 1900, "I4PMVC": 0.9204, "I4PMVDF": 1.43246, "I4PMSPD": 43.98023, "I4NTSOV": 0.0, "I4NTHV2": 0.0, "I4NTHV3": 0.0, "I4NTCV": 0.0, "I4NTTRK": 0.0, "I4NTAPX": 0.0, "I4NTVOL": 0.0, "I4NTVMT": 0.0, "I4NTFFSPD": 63, "NTHRLKCAP": 1900, "NTHRLNCAP": 1900, "I4NTVC": 0.0, "I4NTVDF": 1.0, "I4NTSPD": 63.0, "I424VOL": 5948.17236, "TVOL00": 6, "TVMT00": 2.16, "ID": 0, "AADT_2023": 0, "AWDT_2023": 0, "MD210": 0, "CNT2LOADDIF": 0.0, "ABSNCTDIFF": 0.0, "CNT2LOADPCT": 0.0, "ABSPCTDIFF": 0.0, "MD210U": 0, "LOAD1": 5948.17236, "LOAD2": 0.0, "LOADGRW": -5948.17236, "ABSGRW": 5948.17236, "PRCGRW": -1.0, "PRCANLGRW": -4.5454545 }, "geometry": { "type": "LineString", "coordinates": [ [ -77.144818663303596, 39.01926286514481 ], [ -77.144307285630831, 39.019722210150519 ], [ -77.143937287615714, 39.020072209901421 ], [ -77.143507287613318, 39.020582210155219 ], [ -77.143147287381282, 39.021052210283223 ], [ -77.142887288362886, 39.021412210515273 ], [ -77.142837287756095, 39.021512209930208 ], [ -77.142835560155007, 39.021515666031711 ], [ -77.142807288111442, 39.021572210118791 ], [ -77.142737288341152, 39.021692210495907 ], [ -77.142537287712642, 39.022082209473211 ], [ -77.14214728963465, 39.022902210251488 ], [ -77.141997289612902, 39.023372209480243 ], [ -77.141862820913843, 39.023874225536957 ], [ -77.141832596703068, 39.023876536735706 ] ] } },
{ "type": "Feature", "properties": { "A": 22892, "B": 22895, "SUBAREA": 0, "FFSNEW": 0, "CPENEW": 0, "CPEFAC": 0, "TIMEPEN": 0, "DISTANCE": 0.25, "SPDCLASS": 13, "CAPCLASS": 13, "JUR": 1, "SCREEN": 0, "FTYPE": 1, "TOLL": 0, "TOLLGRP": 0, "AMLANE": 1, "AMLIMIT": 2, "PMLANE": 1, "PMLIMIT": 9, "OPLANE": 1, "OPLIMIT": 9, "EDGEID": 22900000000, "LINKID": 67082, "NETYEAR": 2020, "SHAPE_LENG": 1308.19, "PROJECTID": "NA", "TAZ": 654, "ATYPE": 3, "MDLANE": 1, "MDLIMIT": 9, "NTLANE": 1, "NTLIMIT": 9, "DEFLATIONFT": 0.8011, "AMTOLL": 0.0, "PMTOLL": 0.0, "OPTOLL": 0.0, "AMTOLL_VP": 0.0, "PMTOLL_VP": 0.0, "OPTOLL_VP": 0.0, "AMHTIME": 0.37175, "PMHTIME": 0.37175, "OPHTIME": 0.28604, "MDTOLL": 0.0, "MDTOLL_VP": 0.0, "MDHTIME": 0.28604, "NTTOLL": 0.0, "NTTOLL_VP": 0.0, "NTHTIME": 0.28604, "LINKAB": 2289222895, "TURNPENI": "TURNPEN.PEN", "I4AMSOV": 0.0, "I4AMHV2": 2549.49731, "I4AMHV3": 368.58188, "I4AMCV": 0.0, "I4AMTRK": 0.0, "I4AMAPX": 259.29193, "I4AMVOL": 3177.37085, "I4AMVMT": 794.34271, "I4AMFFSPD": 69, "AMHRLKCAP": 2000, "AMHRLNCAP": 2000, "I4AMVC": 0.66248, "I4AMVDF": 1.07112, "I4AMSPD": 64.41857, "COMP": 0, "I4MDSOV": 0.0, "I4MDHV2": 0.0, "I4MDHV3": 0.0, "I4MDCV": 0.0, "I4MDTRK": 0.0, "I4MDAPX": 0.0, "I4MDVOL": 0.0, "I4MDVMT": 0.0, "I4MDFFSPD": 69, "MDHRLKCAP": 2000, "MDHRLNCAP": 2000, "I4MDVC": 0.0, "I4MDVDF": 1.0, "I4MDSPD": 69.0, "I4PMSOV": 0.0, "I4PMHV2": 0.0, "I4PMHV3": 0.0, "I4PMCV": 0.0, "I4PMTRK": 0.0, "I4PMAPX": 0.0, "I4PMVOL": 0.0, "I4PMVMT": 0.0, "I4PMFFSPD": 69, "PMHRLKCAP": 2000, "PMHRLNCAP": 2000, "I4PMVC": 0.0, "I4PMVDF": 1.0, "I4PMSPD": 69.0, "I4NTSOV": 0.0, "I4NTHV2": 0.0, "I4NTHV3": 0.0, "I4NTCV": 0.0, "I4NTTRK": 0.0, "I4NTAPX": 0.0, "I4NTVOL": 0.0, "I4NTVMT": 0.0, "I4NTFFSPD": 69, "NTHRLKCAP": 2000, "NTHRLNCAP": 2000, "I4NTVC": 0.0, "I4NTVDF": 1.0, "I4NTSPD": 69.0, "I424VOL": 3177.37085, "TVOL00": 3, "TVMT00": 0.75, "ID": 0, "AADT_2023": 0, "AWDT_2023": 0, "MD210": 0, "CNT2LOADDIF": 0.0, "ABSNCTDIFF": 0.0, "CNT2LOADPCT": 0.0, "ABSPCTDIFF": 0.0, "MD210U": 0, "LOAD1": 3177.37085, "LOAD2": 0.0, "LOADGRW": -3177.37085, "ABSGRW": 3177.37085, "PRCGRW": -1.0, "PRCANLGRW": -4.5454545 }, "geometry": { "type": "LineString", "coordinates": [ [ -77.145195005986452, 39.019133351276906 ], [ -77.146733333094872, 39.017903082170996 ], [ -77.147403332952138, 39.017353082690839 ], [ -77.147803332410547, 39.016953083232444 ], [ -77.148244510016895, 39.016452477159312 ] ] } },
{ "type": "Feature", "properties": { "A": 22894, "B": 22891, "SUBAREA": 0, "FFSNEW": 0, "CPENEW": 0, "CPEFAC": 0, "TIMEPEN": 0, "DISTANCE": 0.26, "SPDCLASS": 13, "CAPCLASS": 13, "JUR": 1, "SCREEN": 0, "FTYPE": 1, "TOLL": 0, "TOLLGRP": 0, "AMLANE": 1, "AMLIMIT": 9, "PMLANE": 1, "PMLIMIT": 2, "OPLANE": 1, "OPLIMIT": 9, "EDGEID": 22900000000, "LINKID": 67083, "NETYEAR": 2020, "SHAPE_LENG": 1396.47, "PROJECTID": "NA", "TAZ": 654, "ATYPE": 3, "MDLANE": 1, "MDLIMIT": 9, "NTLANE": 1, "NTLIMIT": 9, "DEFLATIONFT": 0.8011, "AMTOLL": 0.0, "PMTOLL": 0.0, "OPTOLL": 0.0, "AMTOLL_VP": 0.0, "PMTOLL_VP": 0.0, "OPTOLL_VP": 0.0, "AMHTIME": 0.38662, "PMHTIME": 0.38662, "OPHTIME": 0.29748, "MDTOLL": 0.0, "MDTOLL_VP": 0.0, "MDHTIME": 0.29748, "NTTOLL": 0.0, "NTTOLL_VP": 0.0, "NTHTIME": 0.29748, "LINKAB": 2289422891, "TURNPENI": "TURNPEN.PEN", "I4AMSOV": 0.0, "I4AMHV2": 0.0, "I4AMHV3": 0.0, "I4AMCV": 0.0, "I4AMTRK": 0.0, "I4AMAPX": 0.0, "I4AMVOL": 0.0, "I4AMVMT": 0.0, "I4AMFFSPD": 69, "AMHRLKCAP": 2000, "AMHRLNCAP": 2000, "I4AMVC": 0.0, "I4AMVDF": 1.0, "I4AMSPD": 69.0, "COMP": 0, "I4MDSOV": 0.0, "I4MDHV2": 0.0, "I4MDHV3": 0.0, "I4MDCV": 0.0, "I4MDTRK": 0.0, "I4MDAPX": 0.0, "I4MDVOL": 0.0, "I4MDVMT": 0.0, "I4MDFFSPD": 69, "MDHRLKCAP": 2000, "MDHRLNCAP": 2000, "I4MDVC": 0.0, "I4MDVDF": 1.0, "I4MDSPD": 69.0, "I4PMSOV": 0.0, "I4PMHV2": 4284.68457, "I4PMHV3": 791.83917, "I4PMCV": 0.0, "I4PMTRK": 0.0, "I4PMAPX": 871.64862, "I4PMVOL": 5948.17236, "I4PMVMT": 1546.52478, "I4PMFFSPD": 69, "PMHRLKCAP": 2000, "PMHRLNCAP": 2000, "I4PMVC": 0.87438, "I4PMVDF": 1.24883, "I4PMSPD": 55.2518, "I4NTSOV": 0.0, "I4NTHV2": 0.0, "I4NTHV3": 0.0, "I4NTCV": 0.0, "I4NTTRK": 0.0, "I4NTAPX": 0.0, "I4NTVOL": 0.0, "I4NTVMT": 0.0, "I4NTFFSPD": 69, "NTHRLKCAP": 2000, "NTHRLNCAP": 2000, "I4NTVC": 0.0, "I4NTVDF": 1.0, "I4NTSPD": 69.0, "I424VOL": 5948.17236, "TVOL00": 6, "TVMT00": 1.56, "ID": 0, "AADT_2023": 0, "AWDT_2023": 0, "MD210": 0, "CNT2LOADDIF": 0.0, "ABSNCTDIFF": 0.0, "CNT2LOADPCT": 0.0, "ABSPCTDIFF": 0.0, "MD210U": 0, "LOAD1": 5948.17236, "LOAD2": 0.0, "LOADGRW": -5948.17236, "ABSGRW": 5948.17236, "PRCGRW": -1.0, "PRCANLGRW": -4.5454545 }, "geometry": { "type": "LineString", "coordinates": [ [ -77.148040228228922, 39.016381347737166 ], [ -77.147662687155389, 39.01686146101904 ], [ -77.147162687382718, 39.017341459829588 ], [ -77.146712686418198, 39.017741459287997 ], [ -77.14580268670602, 39.018471460233123 ], [ -77.145472687017957, 39.018731460150853 ], [ -77.145132687748116, 39.019001459650383 ], [ -77.144818663303596, 39.01926286514481 ] ] } },
{ "type": "Feature", "properties": { "A": 22895, "B": 23555, "SUBAREA": 0, "FFSNEW": 0, "CPENEW": 0, "CPEFAC": 0, "TIMEPEN": 0, "DISTANCE": 0.27, "SPDCLASS": 13, "CAPCLASS": 13, "JUR": 1, "SCREEN": 0, "FTYPE": 1, "TOLL": 0, "TOLLGRP": 0, "AMLANE": 1, "AMLIMIT": 2, "PMLANE": 1, "PMLIMIT": 9, "OPLANE": 1, "OPLIMIT": 9, "EDGEID": 22900000000, "LINKID": 84525, "NETYEAR": 2001, "SHAPE_LENG": 1428.65, "PROJECTID": "0", "TAZ": 654, "ATYPE": 3, "MDLANE": 1, "MDLIMIT": 9, "NTLANE": 1, "NTLIMIT": 9, "DEFLATIONFT": 0.8011, "AMTOLL": 0.0, "PMTOLL": 0.0, "OPTOLL": 0.0, "AMTOLL_VP": 0.0, "PMTOLL_VP": 0.0, "OPTOLL_VP": 0.0, "AMHTIME": 0.40149, "PMHTIME": 0.40149, "OPHTIME": 0.30892, "MDTOLL": 0.0, "MDTOLL_VP": 0.0, "MDHTIME": 0.30892, "NTTOLL": 0.0, "NTTOLL_VP": 0.0, "NTHTIME": 0.30892, "LINKAB": 2289523555, "TURNPENI": "TURNPEN.PEN", "I4AMSOV": 0.0, "I4AMHV2": 2549.49731, "I4AMHV3": 368.58188, "I4AMCV": 0.0, "I4AMTRK": 0.0, "I4AMAPX": 259.29193, "I4AMVOL": 3177.37085, "I4AMVMT": 857.89014, "I4AMFFSPD": 69, "AMHRLKCAP": 2000, "AMHRLNCAP": 2000, "I4AMVC": 0.66248, "I4AMVDF": 1.07112, "I4AMSPD": 64.41857, "COMP": 0, "I4MDSOV": 0.0, "I4MDHV2": 0.0, "I4MDHV3": 0.0, "I4MDCV": 0.0, "I4MDTRK": 0.0, "I4MDAPX": 0.0, "I4MDVOL": 0.0, "I4MDVMT": 0.0, "I4MDFFSPD": 69, "MDHRLKCAP": 2000, "MDHRLNCAP": 2000, "I4MDVC": 0.0, "I4MDVDF": 1.0, "I4MDSPD": 69.0, "I4PMSOV": 0.0, "I4PMHV2": 0.0, "I4PMHV3": 0.0, "I4PMCV": 0.0, "I4PMTRK": 0.0, "I4PMAPX": 0.0, "I4PMVOL": 0.0, "I4PMVMT": 0.0, "I4PMFFSPD": 69, "PMHRLKCAP": 2000, "PMHRLNCAP": 2000, "I4PMVC": 0.0, "I4PMVDF": 1.0, "I4PMSPD": 69.0, "I4NTSOV": 0.0, "I4NTHV2": 0.0, "I4NTHV3": 0.0, "I4NTCV": 0.0, "I4NTTRK": 0.0, "I4NTAPX": 0.0, "I4NTVOL": 0.0, "I4NTVMT": 0.0, "I4NTFFSPD": 69, "NTHRLKCAP": 2000, "NTHRLNCAP": 2000, "I4NTVC": 0.0, "I4NTVDF": 1.0, "I4NTSPD": 69.0, "I424VOL": 3177.37085, "TVOL00": 3, "TVMT00": 0.81, "ID": 0, "AADT_2023": 0, "AWDT_2023": 0, "MD210": 0, "CNT2LOADDIF": 0.0, "ABSNCTDIFF": 0.0, "CNT2LOADPCT": 0.0, "ABSPCTDIFF": 0.0, "MD210U": 0, "LOAD1": 3177.37085, "LOAD2": 0.0, "LOADGRW": -3177.37085, "ABSGRW": 3177.37085, "PRCGRW": -1.0, "PRCANLGRW": -4.5454545 }, "geometry": { "type": "LineString", "coordinates": [ [ -77.148244510016895, 39.016452477159312 ], [ -77.149728979268943, 39.012732916109343 ] ] } },
{ "type": "Feature", "properties": { "A": 22898, "B": 22897, "SUBAREA": 0, "FFSNEW": 0, "CPENEW": 0, "CPEFAC": 0, "TIMEPEN": 0, "DISTANCE": 0.01, "SPDCLASS": 13, "CAPCLASS": 13, "JUR": 1, "SCREEN": 0, "FTYPE": 1, "TOLL": 0, "TOLLGRP": 0, "AMLANE": 1, "AMLIMIT": 9, "PMLANE": 1, "PMLIMIT": 0, "OPLANE": 1, "OPLIMIT": 9, "EDGEID": 22900000000, "LINKID": 67369, "NETYEAR": 2020, "SHAPE_LENG": 9.9, "PROJECTID": "NA", "TAZ": 699, "ATYPE": 3, "MDLANE": 1, "MDLIMIT": 9, "NTLANE": 1, "NTLIMIT": 9, "DEFLATIONFT": 0.8011, "AMTOLL": 0.0, "PMTOLL": 0.0, "OPTOLL": 0.0, "AMTOLL_VP": 0.0, "PMTOLL_VP": 0.0, "OPTOLL_VP": 0.0, "AMHTIME": 0.01487, "PMHTIME": 0.01487, "OPHTIME": 0.01144, "MDTOLL": 0.0, "MDTOLL_VP": 0.0, "MDHTIME": 0.01144, "NTTOLL": 0.0, "NTTOLL_VP": 0.0, "NTHTIME": 0.01144, "LINKAB": 2289822897, "TURNPENI": "TURNPEN.PEN", "I4AMSOV": 0.0, "I4AMHV2": 0.0, "I4AMHV3": 0.0, "I4AMCV": 0.0, "I4AMTRK": 0.0, "I4AMAPX": 0.0, "I4AMVOL": 0.0, "I4AMVMT": 0.0, "I4AMFFSPD": 69, "AMHRLKCAP": 2000, "AMHRLNCAP": 2000, "I4AMVC": 0.0, "I4AMVDF": 1.0, "I4AMSPD": 69.0, "COMP": 0, "I4MDSOV": 0.0, "I4MDHV2": 0.0, "I4MDHV3": 0.0, "I4MDCV": 0.0, "I4MDTRK": 0.0, "I4MDAPX": 0.0, "I4MDVOL": 0.0, "I4MDVMT": 0.0, "I4MDFFSPD": 69, "MDHRLKCAP": 2000, "MDHRLNCAP": 2000, "I4MDVC": 0.0, "I4MDVDF": 1.0, "I4MDSPD": 69.0, "I4PMSOV": 0.0, "I4PMHV2": 821.43066, "I4PMHV3": 460.1348, "I4PMCV": 0.0, "I4PMTRK": 0.0, "I4PMAPX": 142.22646, "I4PMVOL": 1423.79199, "I4PMVMT": 14.23792, "I4PMFFSPD": 69, "PMHRLKCAP": 2000, "PMHRLNCAP": 2000, "I4PMVC": 0.2093, "I4PMVDF": 1.00956, "I4PMSPD": 68.34676, "I4NTSOV": 0.0, "I4NTHV2": 0.0, "I4NTHV3": 0.0, "I4NTCV": 0.0, "I4NTTRK": 0.0, "I4NTAPX": 0.0, "I4NTVOL": 0.0, "I4NTVMT": 0.0, "I4NTFFSPD": 69, "NTHRLKCAP": 2000, "NTHRLNCAP": 2000, "I4NTVC": 0.0, "I4NTVDF": 1.0, "I4NTSPD": 69.0, "I424VOL": 1423.79199, "TVOL00": 1, "TVMT00": 0.01, "ID": 0, "AADT_2023": 0, "AWDT_2023": 0, "MD210": 0, "CNT2LOADDIF": 0.0, "ABSNCTDIFF": 0.0, "CNT2LOADPCT": 0.0, "ABSPCTDIFF": 0.0, "MD210U": 0, "LOAD1": 1423.79199, "LOAD2": 0.0, "LOADGRW": -1423.79199, "ABSGRW": 1423.79199, "PRCGRW": -1.0, "PRCANLGRW": -4.5454545 }, "geometry": { "type": "LineString", "coordinates": [ [ -77.151758241974363, 39.050057890150185 ], [ -77.1517336345253, 39.050077141761342 ] ] } },
{ "type": "Feature", "properties": { "A": 22898, "B": 22901, "SUBAREA": 0, "FFSNEW": 0, "CPENEW": 0, "CPEFAC": 0, "TIMEPEN": 0, "DISTANCE": 0.21, "SPDCLASS": 13, "CAPCLASS": 13, "JUR": 1, "SCREEN": 0, "FTYPE": 1, "TOLL": 0, "TOLLGRP": 0, "AMLANE": 1, "AMLIMIT": 9, "PMLANE": 1, "PMLIMIT": 2, "OPLANE": 1, "OPLIMIT": 9, "EDGEID": 22900000000, "LINKID": 67371, "NETYEAR": 2020, "SHAPE_LENG": 1112.84, "PROJECTID": "NA", "TAZ": 699, "ATYPE": 3, "MDLANE": 1, "MDLIMIT": 9, "NTLANE": 1, "NTLIMIT": 9, "DEFLATIONFT": 0.8011, "AMTOLL": 0.0, "PMTOLL": 0.0, "OPTOLL": 0.0, "AMTOLL_VP": 0.0, "PMTOLL_VP": 0.0, "OPTOLL_VP": 0.0, "AMHTIME": 0.31227, "PMHTIME": 0.31227, "OPHTIME": 0.24027, "MDTOLL": 0.0, "MDTOLL_VP": 0.0, "MDHTIME": 0.24027, "NTTOLL": 0.0, "NTTOLL_VP": 0.0, "NTHTIME": 0.24027, "LINKAB": 2289822901, "TURNPENI": "TURNPEN.PEN", "I4AMSOV": 0.0, "I4AMHV2": 0.0, "I4AMHV3": 0.0, "I4AMCV": 0.0, "I4AMTRK": 0.0, "I4AMAPX": 0.0, "I4AMVOL": 0.0, "I4AMVMT": 0.0, "I4AMFFSPD": 69, "AMHRLKCAP": 2000, "AMHRLNCAP": 2000, "I4AMVC": 0.0, "I4AMVDF": 1.0, "I4AMSPD": 69.0, "COMP": 0, "I4MDSOV": 0.0, "I4MDHV2": 0.0, "I4MDHV3": 0.0, "I4MDCV": 0.0, "I4MDTRK": 0.0, "I4MDAPX": 0.0, "I4MDVOL": 0.0, "I4MDVMT": 0.0, "I4MDFFSPD": 69, "MDHRLKCAP": 2000, "MDHRLNCAP": 2000, "I4MDVC": 0.0, "I4MDVDF": 1.0, "I4MDSPD": 69.0, "I4PMSOV": 0.0, "I4PMHV2": 5506.64258, "I4PMHV3": 331.70438, "I4PMCV": 0.0, "I4PMTRK": 0.0, "I4PMAPX": 1122.37585, "I4PMVOL": 6960.72314, "I4PMVMT": 1461.75183, "I4PMFFSPD": 69, "PMHRLKCAP": 2000, "PMHRLNCAP": 2000, "I4PMVC": 1.02323, "I4PMVDF": 2.53118, "I4PMSPD": 27.25996, "I4NTSOV": 0.0, "I4NTHV2": 0.0, "I4NTHV3": 0.0, "I4NTCV": 0.0, "I4NTTRK": 0.0, "I4NTAPX": 0.0, "I4NTVOL": 0.0, "I4NTVMT": 0.0, "I4NTFFSPD": 69, "NTHRLKCAP": 2000, "NTHRLNCAP": 2000, "I4NTVC": 0.0, "I4NTVDF": 1.0, "I4NTSPD": 69.0, "I424VOL": 6960.72314, "TVOL00": 7, "TVMT00": 1.47, "ID": 0, "AADT_2023": 0, "AWDT_2023": 0, "MD210": 0, "CNT2LOADDIF": 0.0, "ABSNCTDIFF": 0.0, "CNT2LOADPCT": 0.0, "ABSPCTDIFF": 0.0, "MD210U": 0, "LOAD1": 6960.72314, "LOAD2": 0.0, "LOADGRW": -6960.72314, "ABSGRW": 6960.72314, "PRCGRW": -1.0, "PRCANLGRW": -4.5454545 }, "geometry": { "type": "LineString", "coordinates": [ [ -77.151758241974363, 39.050057890150185 ], [ -77.152242614314218, 39.051133012581396 ], [ -77.152602613646934, 39.051933013296889 ], [ -77.153010974249355, 39.052952944478299 ] ] } },
{ "type": "Feature", "properties": { "A": 22899, "B": 22880, "SUBAREA": 0, "FFSNEW": 0, "CPENEW": 0, "CPEFAC": 0, "TIMEPEN": 0, "DISTANCE": 0.99, "SPDCLASS": 15, "CAPCLASS": 15, "JUR": 1, "SCREEN": 0, "FTYPE": 1, "TOLL": 0, "TOLLGRP": 0, "AMLANE": 1, "AMLIMIT": 2, "PMLANE": 1, "PMLIMIT": 9, "OPLANE": 1, "OPLIMIT": 9, "EDGEID": 22900000000, "LINKID": 28056, "NETYEAR": 2020, "SHAPE_LENG": 5212.03, "PROJECTID": "NA", "TAZ": 700, "ATYPE": 5, "MDLANE": 1, "MDLIMIT": 9, "NTLANE": 1, "NTLIMIT": 9, "DEFLATIONFT": 0.8011, "AMTOLL": 0.0, "PMTOLL": 0.0, "OPTOLL": 0.0, "AMTOLL_VP": 0.0, "PMTOLL_VP": 0.0, "OPTOLL_VP": 0.0, "AMHTIME": 1.20855, "PMHTIME": 1.20855, "OPHTIME": 0.97393, "MDTOLL": 0.0, "MDTOLL_VP": 0.0, "MDHTIME": 0.97393, "NTTOLL": 0.0, "NTTOLL_VP": 0.0, "NTHTIME": 0.97393, "LINKAB": 2289922880, "TURNPENI": "TURNPEN.PEN", "I4AMSOV": 0.0, "I4AMHV2": 4607.82031, "I4AMHV3": 549.3465, "I4AMCV": 0.0, "I4AMTRK": 0.0, "I4AMAPX": 259.29239, "I4AMVOL": 5416.45947, "I4AMVMT": 5362.29492, "I4AMFFSPD": 75, "AMHRLKCAP": 2000, "AMHRLNCAP": 2000, "I4AMVC": 1.12933, "I4AMVDF": 5.12325, "I4AMSPD": 14.63915, "COMP": 0, "I4MDSOV": 0.0, "I4MDHV2": 0.0, "I4MDHV3": 0.0, "I4MDCV": 0.0, "I4MDTRK": 0.0, "I4MDAPX": 0.0, "I4MDVOL": 0.0, "I4MDVMT": 0.0, "I4MDFFSPD": 75, "MDHRLKCAP": 2000, "MDHRLNCAP": 2000, "I4MDVC": 0.0, "I4MDVDF": 1.0, "I4MDSPD": 75.0, "I4PMSOV": 0.0, "I4PMHV2": 0.0, "I4PMHV3": 0.0, "I4PMCV": 0.0, "I4PMTRK": 0.0, "I4PMAPX": 0.0, "I4PMVOL": 0.0, "I4PMVMT": 0.0, "I4PMFFSPD": 75, "PMHRLKCAP": 2000, "PMHRLNCAP": 2000, "I4PMVC": 0.0, "I4PMVDF": 1.0, "I4PMSPD": 75.0, "I4NTSOV": 0.0, "I4NTHV2": 0.0, "I4NTHV3": 0.0, "I4NTCV": 0.0, "I4NTTRK": 0.0, "I4NTAPX": 0.0, "I4NTVOL": 0.0, "I4NTVMT": 0.0, "I4NTFFSPD": 75, "NTHRLKCAP": 2000, "NTHRLNCAP": 2000, "I4NTVC": 0.0, "I4NTVDF": 1.0, "I4NTSPD": 75.0, "I424VOL": 5416.45947, "TVOL00": 5, "TVMT00": 4.95, "ID": 0, "AADT_2023": 0, "AWDT_2023": 0, "MD210": 0, "CNT2LOADDIF": 0.0, "ABSNCTDIFF": 0.0, "CNT2LOADPCT": 0.0, "ABSPCTDIFF": 0.0, "MD210U": 0, "LOAD1": 5416.45947, "LOAD2": 0.0, "LOADGRW": -5416.45947, "ABSGRW": 5416.45947, "PRCGRW": -1.0, "PRCANLGRW": -4.5454545 }, "geometry": { "type": "LineString", "coordinates": [ [ -77.151152408260586, 39.048312425091126 ], [ -77.14773340278748, 39.041731518042162 ], [ -77.146643404308307, 39.039631517737888 ], [ -77.146213403406591, 39.038791516896744 ], [ -77.145733404596115, 39.037871517602866 ], [ -77.14572749513917, 39.037860848924119 ], [ -77.145373404364079, 39.037221516909135 ], [ -77.145203404279528, 39.036881517639273 ], [ -77.144993404968545, 39.036481518180871 ], [ -77.144913403817839, 39.036311518995589 ], [ -77.144252297614827, 39.035051266471143 ] ] } },
{ "type": "Feature", "properties": { "A": 22900, "B": 22899, "SUBAREA": 0, "FFSNEW": 0, "CPENEW": 0, "CPEFAC": 0, "TIMEPEN": 0, "DISTANCE": 0.01, "SPDCLASS": 13, "CAPCLASS": 13, "JUR": 1, "SCREEN": 0, "FTYPE": 1, "TOLL": 0, "TOLLGRP": 0, "AMLANE": 1, "AMLIMIT": 0, "PMLANE": 1, "PMLIMIT": 9, "OPLANE": 1, "OPLIMIT": 9, "EDGEID": 22900000000, "LINKID": 67373, "NETYEAR": 2020, "SHAPE_LENG": 9.9, "PROJECTID": "NA", "TAZ": 699, "ATYPE": 3, "MDLANE": 1, "MDLIMIT": 9, "NTLANE": 1, "NTLIMIT": 9, "DEFLATIONFT": 0.8011, "AMTOLL": 0.0, "PMTOLL": 0.0, "OPTOLL": 0.0, "AMTOLL_VP": 0.0, "PMTOLL_VP": 0.0, "OPTOLL_VP": 0.0, "AMHTIME": 0.01487, "PMHTIME": 0.01487, "OPHTIME": 0.01144, "MDTOLL": 0.0, "MDTOLL_VP": 0.0, "MDHTIME": 0.01144, "NTTOLL": 0.0, "NTTOLL_VP": 0.0, "NTHTIME": 0.01144, "LINKAB": 2290022899, "TURNPENI": "TURNPEN.PEN", "I4AMSOV": 0.0, "I4AMHV2": 558.25879, "I4AMHV3": 156.72795, "I4AMCV": 0.0, "I4AMTRK": 0.0, "I4AMAPX": 55.65646, "I4AMVOL": 770.64319, "I4AMVMT": 7.70643, "I4AMFFSPD": 69, "AMHRLKCAP": 2000, "AMHRLNCAP": 2000, "I4AMVC": 0.16068, "I4AMVDF": 1.00703, "I4AMSPD": 68.51804, "COMP": 0, "I4MDSOV": 0.0, "I4MDHV2": 0.0, "I4MDHV3": 0.0, "I4MDCV": 0.0, "I4MDTRK": 0.0, "I4MDAPX": 0.0, "I4MDVOL": 0.0, "I4MDVMT": 0.0, "I4MDFFSPD": 69, "MDHRLKCAP": 2000, "MDHRLNCAP": 2000, "I4MDVC": 0.0, "I4MDVDF": 1.0, "I4MDSPD": 69.0, "I4PMSOV": 0.0, "I4PMHV2": 0.0, "I4PMHV3": 0.0, "I4PMCV": 0.0, "I4PMTRK": 0.0, "I4PMAPX": 0.0, "I4PMVOL": 0.0, "I4PMVMT": 0.0, "I4PMFFSPD": 69, "PMHRLKCAP": 2000, "PMHRLNCAP": 2000, "I4PMVC": 0.0, "I4PMVDF": 1.0, "I4PMSPD": 69.0, "I4NTSOV": 0.0, "I4NTHV2": 0.0, "I4NTHV3": 0.0, "I4NTCV": 0.0, "I4NTTRK": 0.0, "I4NTAPX": 0.0, "I4NTVOL": 0.0, "I4NTVMT": 0.0, "I4NTFFSPD": 69, "NTHRLKCAP": 2000, "NTHRLNCAP": 2000, "I4NTVC": 0.0, "I4NTVDF": 1.0, "I4NTSPD": 69.0, "I424VOL": 770.64319, "TVOL00": 1, "TVMT00": 0.01, "ID": 0, "AADT_2023": 0, "AWDT_2023": 0, "MD210": 0, "CNT2LOADDIF": 0.0, "ABSNCTDIFF": 0.0, "CNT2LOADPCT": 0.0, "ABSPCTDIFF": 0.0, "MD210U": 0, "LOAD1": 770.64319, "LOAD2": 0.0, "LOADGRW": -770.64319, "ABSGRW": 770.64319, "PRCGRW": -1.0, "PRCANLGRW": -4.5454545 }, "geometry": { "type": "LineString", "coordinates": [ [ -77.151177015256792, 39.048293173594487 ], [ -77.151152408260586, 39.048312425091126 ] ] } },
{ "type": "Feature", "properties": { "A": 22901, "B": 22903, "SUBAREA": 0, "FFSNEW": 0, "CPENEW": 0, "CPEFAC": 0, "TIMEPEN": 0, "DISTANCE": 0.59, "SPDCLASS": 13, "CAPCLASS": 13, "JUR": 1, "SCREEN": 0, "FTYPE": 1, "TOLL": 0, "TOLLGRP": 0, "AMLANE": 1, "AMLIMIT": 9, "PMLANE": 1, "PMLIMIT": 2, "OPLANE": 1, "OPLIMIT": 9, "EDGEID": 22900000000, "LINKID": 67374, "NETYEAR": 2020, "SHAPE_LENG": 3122.04, "PROJECTID": "NA", "TAZ": 698, "ATYPE": 3, "MDLANE": 1, "MDLIMIT": 9, "NTLANE": 1, "NTLIMIT": 9, "DEFLATIONFT": 0.8011, "AMTOLL": 0.0, "PMTOLL": 0.0, "OPTOLL": 0.0, "AMTOLL_VP": 0.0, "PMTOLL_VP": 0.0, "OPTOLL_VP": 0.0, "AMHTIME": 0.87732, "PMHTIME": 0.87732, "OPHTIME": 0.67506, "MDTOLL": 0.0, "MDTOLL_VP": 0.0, "MDHTIME": 0.67506, "NTTOLL": 0.0, "NTTOLL_VP": 0.0, "NTHTIME": 0.67506, "LINKAB": 2290122903, "TURNPENI": "TURNPEN.PEN", "I4AMSOV": 0.0, "I4AMHV2": 0.0, "I4AMHV3": 0.0, "I4AMCV": 0.0, "I4AMTRK": 0.0, "I4AMAPX": 0.0, "I4AMVOL": 0.0, "I4AMVMT": 0.0, "I4AMFFSPD": 69, "AMHRLKCAP": 2000, "AMHRLNCAP": 2000, "I4AMVC": 0.0, "I4AMVDF": 1.0, "I4AMSPD": 69.0, "COMP": 0, "I4MDSOV": 0.0, "I4MDHV2": 0.0, "I4MDHV3": 0.0, "I4MDCV": 0.0, "I4MDTRK": 0.0, "I4MDAPX": 0.0, "I4MDVOL": 0.0, "I4MDVMT": 0.0, "I4MDFFSPD": 69, "MDHRLKCAP": 2000, "MDHRLNCAP": 2000, "I4MDVC": 0.0, "I4MDVDF": 1.0, "I4MDSPD": 69.0, "I4PMSOV": 0.0, "I4PMHV2": 5506.64258, "I4PMHV3": 331.70438, "I4PMCV": 0.0, "I4PMTRK": 0.0, "I4PMAPX": 1122.37585, "I4PMVOL": 6960.72314, "I4PMVMT": 4106.82666, "I4PMFFSPD": 69, "PMHRLKCAP": 2000, "PMHRLNCAP": 2000, "I4PMVC": 1.02323, "I4PMVDF": 2.53118, "I4PMSPD": 27.25996, "I4NTSOV": 0.0, "I4NTHV2": 0.0, "I4NTHV3": 0.0, "I4NTCV": 0.0, "I4NTTRK": 0.0, "I4NTAPX": 0.0, "I4NTVOL": 0.0, "I4NTVMT": 0.0, "I4NTFFSPD": 69, "NTHRLKCAP": 2000, "NTHRLNCAP": 2000, "I4NTVC": 0.0, "I4NTVDF": 1.0, "I4NTSPD": 69.0, "I424VOL": 6960.72314, "TVOL00": 7, "TVMT00": 4.13, "ID": 0, "AADT_2023": 0, "AWDT_2023": 0, "MD210": 0, "CNT2LOADDIF": 0.0, "ABSNCTDIFF": 0.0, "CNT2LOADPCT": 0.0, "ABSPCTDIFF": 0.0, "MD210U": 0, "LOAD1": 6960.72314, "LOAD2": 0.0, "LOADGRW": -6960.72314, "ABSGRW": 6960.72314, "PRCGRW": -1.0, "PRCANLGRW": -4.5454545 }, "geometry": { "type": "LineString", "coordinates": [ [ -77.153010974249355, 39.052952944478299 ], [ -77.153572614446944, 39.054433012160239 ], [ -77.154232613823126, 39.056293011710224 ], [ -77.154240548557368, 39.05631787531641 ], [ -77.154682614787646, 39.057703012094407 ], [ -77.155082614246069, 39.059133010742734 ], [ -77.155222614686011, 39.059623010034308 ], [ -77.155422615314535, 39.06028301120913 ], [ -77.155502615565922, 39.060583010353263 ], [ -77.155691296471261, 39.061263298248903 ] ] } },
{ "type": "Feature", "properties": { "A": 22902, "B": 22899, "SUBAREA": 0, "FFSNEW": 0, "CPENEW": 0, "CPEFAC": 0, "TIMEPEN": 0, "DISTANCE": 0.34, "SPDCLASS": 13, "CAPCLASS": 13, "JUR": 1, "SCREEN": 0, "FTYPE": 1, "TOLL": 0, "TOLLGRP": 0, "AMLANE": 1, "AMLIMIT": 2, "PMLANE": 1, "PMLIMIT": 9, "OPLANE": 1, "OPLIMIT": 9, "EDGEID": 22900000000, "LINKID": 67375, "NETYEAR": 2020, "SHAPE_LENG": 1804.28, "PROJECTID": "NA", "TAZ": 699, "ATYPE": 3, "MDLANE": 1, "MDLIMIT": 9, "NTLANE": 1, "NTLIMIT": 9, "DEFLATIONFT": 0.8011, "AMTOLL": 0.0, "PMTOLL": 0.0, "OPTOLL": 0.0, "AMTOLL_VP": 0.0, "PMTOLL_VP": 0.0, "OPTOLL_VP": 0.0, "AMHTIME": 0.50558, "PMHTIME": 0.50558, "OPHTIME": 0.38902, "MDTOLL": 0.0, "MDTOLL_VP": 0.0, "MDHTIME": 0.38902, "NTTOLL": 0.0, "NTTOLL_VP": 0.0, "NTHTIME": 0.38902, "LINKAB": 2290222899, "TURNPENI": "TURNPEN.PEN", "I4AMSOV": 0.0, "I4AMHV2": 4049.56152, "I4AMHV3": 392.61856, "I4AMCV": 0.0, "I4AMTRK": 0.0, "I4AMAPX": 203.63593, "I4AMVOL": 4645.81592, "I4AMVMT": 1579.57739, "I4AMFFSPD": 69, "AMHRLKCAP": 2000, "AMHRLNCAP": 2000, "I4AMVC": 0.96865, "I4AMVDF": 1.77649, "I4AMSPD": 38.84057, "COMP": 0, "I4MDSOV": 0.0, "I4MDHV2": 0.0, "I4MDHV3": 0.0, "I4MDCV": 0.0, "I4MDTRK": 0.0, "I4MDAPX": 0.0, "I4MDVOL": 0.0, "I4MDVMT": 0.0, "I4MDFFSPD": 69, "MDHRLKCAP": 2000, "MDHRLNCAP": 2000, "I4MDVC": 0.0, "I4MDVDF": 1.0, "I4MDSPD": 69.0, "I4PMSOV": 0.0, "I4PMHV2": 0.0, "I4PMHV3": 0.0, "I4PMCV": 0.0, "I4PMTRK": 0.0, "I4PMAPX": 0.0, "I4PMVOL": 0.0, "I4PMVMT": 0.0, "I4PMFFSPD": 69, "PMHRLKCAP": 2000, "PMHRLNCAP": 2000, "I4PMVC": 0.0, "I4PMVDF": 1.0, "I4PMSPD": 69.0, "I4NTSOV": 0.0, "I4NTHV2": 0.0, "I4NTHV3": 0.0, "I4NTCV": 0.0, "I4NTTRK": 0.0, "I4NTAPX": 0.0, "I4NTVOL": 0.0, "I4NTVMT": 0.0, "I4NTFFSPD": 69, "NTHRLKCAP": 2000, "NTHRLNCAP": 2000, "I4NTVC": 0.0, "I4NTVDF": 1.0, "I4NTSPD": 69.0, "I424VOL": 4645.81592, "TVOL00": 5, "TVMT00": 1.7, "ID": 0, "AADT_2023": 0, "AWDT_2023": 0, "MD210": 0, "CNT2LOADDIF": 0.0, "ABSNCTDIFF": 0.0, "CNT2LOADPCT": 0.0, "ABSPCTDIFF": 0.0, "MD210U": 0, "LOAD1": 4645.81592, "LOAD2": 0.0, "LOADGRW": -4645.81592, "ABSGRW": 4645.81592, "PRCGRW": -1.0, "PRCANLGRW": -4.5454545 }, "geometry": { "type": "LineString", "coordinates": [ [ -77.15323290177929, 39.052991093636592 ], [ -77.152623397920138, 39.051511516401405 ], [ -77.152533398086973, 39.051281517027611 ], [ -77.151793399358723, 39.04968151649603 ], [ -77.151152408260586, 39.048312425091126 ] ] } },
{ "type": "Feature", "properties": { "A": 22903, "B": 22906, "SUBAREA": 0, "FFSNEW": 0, "CPENEW": 0, "CPEFAC": 0, "TIMEPEN": 0, "DISTANCE": 0.66, "SPDCLASS": 13, "CAPCLASS": 13, "JUR": 1, "SCREEN": 0, "FTYPE": 1, "TOLL": 0, "TOLLGRP": 0, "AMLANE": 1, "AMLIMIT": 9, "PMLANE": 1, "PMLIMIT": 2, "OPLANE": 1, "OPLIMIT": 9, "EDGEID": 22900000000, "LINKID": 67377, "NETYEAR": 2020, "SHAPE_LENG": 3489.32, "PROJECTID": "NA", "TAZ": 698, "ATYPE": 3, "MDLANE": 1, "MDLIMIT": 9, "NTLANE": 1, "NTLIMIT": 9, "DEFLATIONFT": 0.8011, "AMTOLL": 0.0, "PMTOLL": 0.0, "OPTOLL": 0.0, "AMTOLL_VP": 0.0, "PMTOLL_VP": 0.0, "OPTOLL_VP": 0.0, "AMHTIME": 0.98141, "PMHTIME": 0.98141, "OPHTIME": 0.75515, "MDTOLL": 0.0, "MDTOLL_VP": 0.0, "MDHTIME": 0.75515, "NTTOLL": 0.0, "NTTOLL_VP": 0.0, "NTHTIME": 0.75515, "LINKAB": 2290322906, "TURNPENI": "TURNPEN.PEN", "I4AMSOV": 0.0, "I4AMHV2": 0.0, "I4AMHV3": 0.0, "I4AMCV": 0.0, "I4AMTRK": 0.0, "I4AMAPX": 0.0, "I4AMVOL": 0.0, "I4AMVMT": 0.0, "I4AMFFSPD": 69, "AMHRLKCAP": 2000, "AMHRLNCAP": 2000, "I4AMVC": 0.0, "I4AMVDF": 1.0, "I4AMSPD": 69.0, "COMP": 0, "I4MDSOV": 0.0, "I4MDHV2": 0.0, "I4MDHV3": 0.0, "I4MDCV": 0.0, "I4MDTRK": 0.0, "I4MDAPX": 0.0, "I4MDVOL": 0.0, "I4MDVMT": 0.0, "I4MDFFSPD": 69, "MDHRLKCAP": 2000, "MDHRLNCAP": 2000, "I4MDVC": 0.0, "I4MDVDF": 1.0, "I4MDSPD": 69.0, "I4PMSOV": 0.0, "I4PMHV2": 5506.64258, "I4PMHV3": 331.70438, "I4PMCV": 0.0, "I4PMTRK": 0.0, "I4PMAPX": 1122.37585, "I4PMVOL": 6960.72314, "I4PMVMT": 4594.07715, "I4PMFFSPD": 69, "PMHRLKCAP": 2000, "PMHRLNCAP": 2000, "I4PMVC": 1.02323, "I4PMVDF": 2.53118, "I4PMSPD": 27.25996, "I4NTSOV": 0.0, "I4NTHV2": 0.0, "I4NTHV3": 0.0, "I4NTCV": 0.0, "I4NTTRK": 0.0, "I4NTAPX": 0.0, "I4NTVOL": 0.0, "I4NTVMT": 0.0, "I4NTFFSPD": 69, "NTHRLKCAP": 2000, "NTHRLNCAP": 2000, "I4NTVC": 0.0, "I4NTVDF": 1.0, "I4NTSPD": 69.0, "I424VOL": 6960.72314, "TVOL00": 7, "TVMT00": 4.62, "ID": 0, "AADT_2023": 0, "AWDT_2023": 0, "MD210": 0, "CNT2LOADDIF": 0.0, "ABSNCTDIFF": 0.0, "CNT2LOADPCT": 0.0, "ABSPCTDIFF": 0.0, "MD210U": 0, "LOAD1": 6960.72314, "LOAD2": 0.0, "LOADGRW": -6960.72314, "ABSGRW": 6960.72314, "PRCGRW": -1.0, "PRCANLGRW": -4.5454545 }, "geometry": { "type": "LineString", "coordinates": [ [ -77.155691296471261, 39.061263298248903 ], [ -77.156102614753536, 39.062683010657537 ], [ -77.156422613960558, 39.063773010036051 ], [ -77.156592615843806, 39.064403009767588 ], [ -77.156952615176465, 39.065413009794028 ], [ -77.157222615575336, 39.066033009943773 ], [ -77.157652615577675, 39.066933009174868 ], [ -77.157662616058758, 39.066953009237743 ], [ -77.157663543261677, 39.0669545551754 ], [ -77.157722616247327, 39.067053009552019 ], [ -77.157742615410825, 39.067083009196587 ], [ -77.157782615536576, 39.067163009448059 ], [ -77.158052615935404, 39.067623009094973 ], [ -77.158382614724133, 39.068113009285916 ], [ -77.158822615207612, 39.068743008118112 ], [ -77.159152615794994, 39.069173007221131 ], [ -77.159993725828301, 39.07014246844286 ] ] } },
{ "type": "Feature", "properties": { "A": 22904, "B": 22902, "SUBAREA": 0, "FFSNEW": 0, "CPENEW": 0, "CPEFAC": 0, "TIMEPEN": 0, "DISTANCE": 0.54, "SPDCLASS": 13, "CAPCLASS": 13, "JUR": 1, "SCREEN": 0, "FTYPE": 1, "TOLL": 0, "TOLLGRP": 0, "AMLANE": 1, "AMLIMIT": 2, "PMLANE": 1, "PMLIMIT": 9, "OPLANE": 1, "OPLIMIT": 9, "EDGEID": 22900000000, "LINKID": 29074, "NETYEAR": 2020, "SHAPE_LENG": 2853.05, "PROJECTID": "NA", "TAZ": 698, "ATYPE": 3, "MDLANE": 1, "MDLIMIT": 9, "NTLANE": 1, "NTLIMIT": 9, "DEFLATIONFT": 0.8011, "AMTOLL": 0.0, "PMTOLL": 0.0, "OPTOLL": 0.0, "AMTOLL_VP": 0.0, "PMTOLL_VP": 0.0, "OPTOLL_VP": 0.0, "AMHTIME": 0.80297, "PMHTIME": 0.80297, "OPHTIME": 0.61785, "MDTOLL": 0.0, "MDTOLL_VP": 0.0, "MDHTIME": 0.61785, "NTTOLL": 0.0, "NTTOLL_VP": 0.0, "NTHTIME": 0.61785, "LINKAB": 2290422902, "TURNPENI": "TURNPEN.PEN", "I4AMSOV": 0.0, "I4AMHV2": 4049.56152, "I4AMHV3": 392.61856, "I4AMCV": 0.0, "I4AMTRK": 0.0, "I4AMAPX": 203.63593, "I4AMVOL": 4645.81592, "I4AMVMT": 2508.74048, "I4AMFFSPD": 69, "AMHRLKCAP": 2000, "AMHRLNCAP": 2000, "I4AMVC": 0.96865, "I4AMVDF": 1.77649, "I4AMSPD": 38.84057, "COMP": 0, "I4MDSOV": 0.0, "I4MDHV2": 0.0, "I4MDHV3": 0.0, "I4MDCV": 0.0, "I4MDTRK": 0.0, "I4MDAPX": 0.0, "I4MDVOL": 0.0, "I4MDVMT": 0.0, "I4MDFFSPD": 69, "MDHRLKCAP": 2000, "MDHRLNCAP": 2000, "I4MDVC": 0.0, "I4MDVDF": 1.0, "I4MDSPD": 69.0, "I4PMSOV": 0.0, "I4PMHV2": 0.0, "I4PMHV3": 0.0, "I4PMCV": 0.0, "I4PMTRK": 0.0, "I4PMAPX": 0.0, "I4PMVOL": 0.0, "I4PMVMT": 0.0, "I4PMFFSPD": 69, "PMHRLKCAP": 2000, "PMHRLNCAP": 2000, "I4PMVC": 0.0, "I4PMVDF": 1.0, "I4PMSPD": 69.0, "I4NTSOV": 0.0, "I4NTHV2": 0.0, "I4NTHV3": 0.0, "I4NTCV": 0.0, "I4NTTRK": 0.0, "I4NTAPX": 0.0, "I4NTVOL": 0.0, "I4NTVMT": 0.0, "I4NTFFSPD": 69, "NTHRLKCAP": 2000, "NTHRLNCAP": 2000, "I4NTVC": 0.0, "I4NTVDF": 1.0, "I4NTSPD": 69.0, "I424VOL": 4645.81592, "TVOL00": 5, "TVMT00": 2.7, "ID": 0, "AADT_2023": 0, "AWDT_2023": 0, "MD210": 0, "CNT2LOADDIF": 0.0, "ABSNCTDIFF": 0.0, "CNT2LOADPCT": 0.0, "ABSPCTDIFF": 0.0, "MD210U": 0, "LOAD1": 4645.81592, "LOAD2": 0.0, "LOADGRW": -4645.81592, "ABSGRW": 4645.81592, "PRCGRW": -1.0, "PRCANLGRW": -4.5454545 }, "geometry": { "type": "LineString", "coordinates": [ [ -77.155703893811719, 39.060582356041081 ], [ -77.155643394820345, 39.060371514567443 ], [ -77.155173395591646, 39.0587315157088 ], [ -77.154473396089784, 39.056381515967843 ], [ -77.154464811144408, 39.05635654084557 ], [ -77.15425339629769, 39.055741515755223 ], [ -77.153533397632316, 39.0537615158281 ], [ -77.153353397965986, 39.053291515700025 ], [ -77.15323290177929, 39.052991093636592 ] ] } },
{ "type": "Feature", "properties": { "A": 22906, "B": 22905, "SUBAREA": 0, "FFSNEW": 0, "CPENEW": 0, "CPEFAC": 0, "TIMEPEN": 0, "DISTANCE": 0.01, "SPDCLASS": 13, "CAPCLASS": 13, "JUR": 1, "SCREEN": 0, "FTYPE": 1, "TOLL": 0, "TOLLGRP": 0, "AMLANE": 1, "AMLIMIT": 9, "PMLANE": 1, "PMLIMIT": 0, "OPLANE": 1, "OPLIMIT": 9, "EDGEID": 22900000000, "LINKID": 37941, "NETYEAR": 2020, "SHAPE_LENG": 9.9, "PROJECTID": "NA", "TAZ": 711, "ATYPE": 3, "MDLANE": 1, "MDLIMIT": 9, "NTLANE": 1, "NTLIMIT": 9, "DEFLATIONFT": 0.8011, "AMTOLL": 0.0, "PMTOLL": 0.0, "OPTOLL": 0.0, "AMTOLL_VP": 0.0, "PMTOLL_VP": 0.0, "OPTOLL_VP": 0.0, "AMHTIME": 0.01487, "PMHTIME": 0.01487, "OPHTIME": 0.01144, "MDTOLL": 0.0, "MDTOLL_VP": 0.0, "MDHTIME": 0.01144, "NTTOLL": 0.0, "NTTOLL_VP": 0.0, "NTHTIME": 0.01144, "LINKAB": 2290622905, "TURNPENI": "TURNPEN.PEN", "I4AMSOV": 0.0, "I4AMHV2": 0.0, "I4AMHV3": 0.0, "I4AMCV": 0.0, "I4AMTRK": 0.0, "I4AMAPX": 0.0, "I4AMVOL": 0.0, "I4AMVMT": 0.0, "I4AMFFSPD": 69, "AMHRLKCAP": 2000, "AMHRLNCAP": 2000, "I4AMVC": 0.0, "I4AMVDF": 1.0, "I4AMSPD": 69.0, "COMP": 0, "I4MDSOV": 0.0, "I4MDHV2": 0.0, "I4MDHV3": 0.0, "I4MDCV": 0.0, "I4MDTRK": 0.0, "I4MDAPX": 0.0, "I4MDVOL": 0.0, "I4MDVMT": 0.0, "I4MDFFSPD": 69, "MDHRLKCAP": 2000, "MDHRLNCAP": 2000, "I4MDVC": 0.0, "I4MDVDF": 1.0, "I4MDSPD": 69.0, "I4PMSOV": 0.0, "I4PMHV2": 231.65594, "I4PMHV3": 0.0, "I4PMCV": 0.0, "I4PMTRK": 0.0, "I4PMAPX": 51.64442, "I4PMVOL": 283.30035, "I4PMVMT": 2.833, "I4PMFFSPD": 69, "PMHRLKCAP": 2000, "PMHRLNCAP": 2000, "I4PMVC": 0.04165, "I4PMVDF": 1.00167, "I4PMSPD": 68.88525, "I4NTSOV": 0.0, "I4NTHV2": 0.0, "I4NTHV3": 0.0, "I4NTCV": 0.0, "I4NTTRK": 0.0, "I4NTAPX": 0.0, "I4NTVOL": 0.0, "I4NTVMT": 0.0, "I4NTFFSPD": 69, "NTHRLKCAP": 2000, "NTHRLNCAP": 2000, "I4NTVC": 0.0, "I4NTVDF": 1.0, "I4NTSPD": 69.0, "I424VOL": 283.30035, "TVOL00": 0, "TVMT00": 0.0, "ID": 0, "AADT_2023": 0, "AWDT_2023": 0, "MD210": 0, "CNT2LOADDIF": 0.0, "ABSNCTDIFF": 0.0, "CNT2LOADPCT": 0.0, "ABSPCTDIFF": 0.0, "MD210U": 0, "LOAD1": 283.30035, "LOAD2": 0.0, "LOADGRW": -283.30035, "ABSGRW": 283.30035, "PRCGRW": -1.0, "PRCANLGRW": -4.5454545 }, "geometry": { "type": "LineString", "coordinates": [ [ -77.159993725828301, 39.07014246844286 ], [ -77.159969113662157, 39.070161721696806 ] ] } },
{ "type": "Feature", "properties": { "A": 22906, "B": 22909, "SUBAREA": 0, "FFSNEW": 0, "CPENEW": 0, "CPEFAC": 0, "TIMEPEN": 0, "DISTANCE": 0.23, "SPDCLASS": 13, "CAPCLASS": 13, "JUR": 1, "SCREEN": 0, "FTYPE": 1, "TOLL": 0, "TOLLGRP": 0, "AMLANE": 1, "AMLIMIT": 9, "PMLANE": 1, "PMLIMIT": 2, "OPLANE": 1, "OPLIMIT": 9, "EDGEID": 22900000000, "LINKID": 28057, "NETYEAR": 2020, "SHAPE_LENG": 1192.84, "PROJECTID": "NA", "TAZ": 711, "ATYPE": 3, "MDLANE": 1, "MDLIMIT": 9, "NTLANE": 1, "NTLIMIT": 9, "DEFLATIONFT": 0.8011, "AMTOLL": 0.0, "PMTOLL": 0.0, "OPTOLL": 0.0, "AMTOLL_VP": 0.0, "PMTOLL_VP": 0.0, "OPTOLL_VP": 0.0, "AMHTIME": 0.34201, "PMHTIME": 0.34201, "OPHTIME": 0.26316, "MDTOLL": 0.0, "MDTOLL_VP": 0.0, "MDHTIME": 0.26316, "NTTOLL": 0.0, "NTTOLL_VP": 0.0, "NTHTIME": 0.26316, "LINKAB": 2290622909, "TURNPENI": "TURNPEN.PEN", "I4AMSOV": 0.0, "I4AMHV2": 0.0, "I4AMHV3": 0.0, "I4AMCV": 0.0, "I4AMTRK": 0.0, "I4AMAPX": 0.0, "I4AMVOL": 0.0, "I4AMVMT": 0.0, "I4AMFFSPD": 69, "AMHRLKCAP": 2000, "AMHRLNCAP": 2000, "I4AMVC": 0.0, "I4AMVDF": 1.0, "I4AMSPD": 69.0, "COMP": 0, "I4MDSOV": 0.0, "I4MDHV2": 0.0, "I4MDHV3": 0.0, "I4MDCV": 0.0, "I4MDTRK": 0.0, "I4MDAPX": 0.0, "I4MDVOL": 0.0, "I4MDVMT": 0.0, "I4MDFFSPD": 69, "MDHRLKCAP": 2000, "MDHRLNCAP": 2000, "I4MDVC": 0.0, "I4MDVDF": 1.0, "I4MDSPD": 69.0, "I4PMSOV": 0.0, "I4PMHV2": 5274.98682, "I4PMHV3": 331.70438, "I4PMCV": 0.0, "I4PMTRK": 0.0, "I4PMAPX": 1070.73145, "I4PMVOL": 6677.42285, "I4PMVMT": 1535.80725, "I4PMFFSPD": 69, "PMHRLKCAP": 2000, "PMHRLNCAP": 2000, "I4PMVC": 0.98158, "I4PMVDF": 1.86867, "I4PMSPD": 36.92459, "I4NTSOV": 0.0, "I4NTHV2": 0.0, "I4NTHV3": 0.0, "I4NTCV": 0.0, "I4NTTRK": 0.0, "I4NTAPX": 0.0, "I4NTVOL": 0.0, "I4NTVMT": 0.0, "I4NTFFSPD": 69, "NTHRLKCAP": 2000, "NTHRLNCAP": 2000, "I4NTVC": 0.0, "I4NTVDF": 1.0, "I4NTSPD": 69.0, "I424VOL": 6677.42285, "TVOL00": 7, "TVMT00": 1.61, "ID": 0, "AADT_2023": 0, "AWDT_2023": 0, "MD210": 0, "CNT2LOADDIF": 0.0, "ABSNCTDIFF": 0.0, "CNT2LOADPCT": 0.0, "ABSPCTDIFF": 0.0, "MD210U": 0, "LOAD1": 6677.42285, "LOAD2": 0.0, "LOADGRW": -6677.42285, "ABSGRW": 6677.42285, "PRCGRW": -1.0, "PRCANLGRW": -4.5454545 }, "geometry": { "type": "LineString", "coordinates": [ [ -77.159993725828301, 39.07014246844286 ], [ -77.16030261536207, 39.07043300758356 ], [ -77.160972614319974, 39.07110300744079 ], [ -77.161542614762311, 39.071603008112767 ], [ -77.162112614305272, 39.07203300721585 ], [ -77.16279944290352, 39.072574002882739 ] ] } },
{ "type": "Feature", "properties": { "A": 22907, "B": 22904, "SUBAREA": 0, "FFSNEW": 0, "CPENEW": 0, "CPEFAC": 0, "TIMEPEN": 0, "DISTANCE": 0.7, "SPDCLASS": 13, "CAPCLASS": 13, "JUR": 1, "SCREEN": 0, "FTYPE": 1, "TOLL": 0, "TOLLGRP": 0, "AMLANE": 1, "AMLIMIT": 2, "PMLANE": 1, "PMLIMIT": 9, "OPLANE": 1, "OPLIMIT": 9, "EDGEID": 22900000000, "LINKID": 19193, "NETYEAR": 2020, "SHAPE_LENG": 3678.78, "PROJECTID": "NA", "TAZ": 698, "ATYPE": 3, "MDLANE": 1, "MDLIMIT": 9, "NTLANE": 1, "NTLIMIT": 9, "DEFLATIONFT": 0.8011, "AMTOLL": 0.0, "PMTOLL": 0.0, "OPTOLL": 0.0, "AMTOLL_VP": 0.0, "PMTOLL_VP": 0.0, "OPTOLL_VP": 0.0, "AMHTIME": 1.04089, "PMHTIME": 1.04089, "OPHTIME": 0.80092, "MDTOLL": 0.0, "MDTOLL_VP": 0.0, "MDHTIME": 0.80092, "NTTOLL": 0.0, "NTTOLL_VP": 0.0, "NTHTIME": 0.80092, "LINKAB": 2290722904, "TURNPENI": "TURNPEN.PEN", "I4AMSOV": 0.0, "I4AMHV2": 4049.56152, "I4AMHV3": 392.61856, "I4AMCV": 0.0, "I4AMTRK": 0.0, "I4AMAPX": 203.63593, "I4AMVOL": 4645.81592, "I4AMVMT": 3252.07104, "I4AMFFSPD": 69, "AMHRLKCAP": 2000, "AMHRLNCAP": 2000, "I4AMVC": 0.96865, "I4AMVDF": 1.77649, "I4AMSPD": 38.84057, "COMP": 0, "I4MDSOV": 0.0, "I4MDHV2": 0.0, "I4MDHV3": 0.0, "I4MDCV": 0.0, "I4MDTRK": 0.0, "I4MDAPX": 0.0, "I4MDVOL": 0.0, "I4MDVMT": 0.0, "I4MDFFSPD": 69, "MDHRLKCAP": 2000, "MDHRLNCAP": 2000, "I4MDVC": 0.0, "I4MDVDF": 1.0, "I4MDSPD": 69.0, "I4PMSOV": 0.0, "I4PMHV2": 0.0, "I4PMHV3": 0.0, "I4PMCV": 0.0, "I4PMTRK": 0.0, "I4PMAPX": 0.0, "I4PMVOL": 0.0, "I4PMVMT": 0.0, "I4PMFFSPD": 69, "PMHRLKCAP": 2000, "PMHRLNCAP": 2000, "I4PMVC": 0.0, "I4PMVDF": 1.0, "I4PMSPD": 69.0, "I4NTSOV": 0.0, "I4NTHV2": 0.0, "I4NTHV3": 0.0, "I4NTCV": 0.0, "I4NTTRK": 0.0, "I4NTAPX": 0.0, "I4NTVOL": 0.0, "I4NTVMT": 0.0, "I4NTFFSPD": 69, "NTHRLKCAP": 2000, "NTHRLNCAP": 2000, "I4NTVC": 0.0, "I4NTVDF": 1.0, "I4NTSPD": 69.0, "I424VOL": 4645.81592, "TVOL00": 5, "TVMT00": 3.5, "ID": 0, "AADT_2023": 0, "AWDT_2023": 0, "MD210": 0, "CNT2LOADDIF": 0.0, "ABSNCTDIFF": 0.0, "CNT2LOADPCT": 0.0, "ABSPCTDIFF": 0.0, "MD210U": 0, "LOAD1": 4645.81592, "LOAD2": 0.0, "LOADGRW": -4645.81592, "ABSGRW": 4645.81592, "PRCGRW": -1.0, "PRCANLGRW": -4.5454545 }, "geometry": { "type": "LineString", "coordinates": [ [ -77.160084963207979, 39.069991332367707 ], [ -77.159743390617962, 39.069601514345919 ], [ -77.15935339074133, 39.06915151428074 ], [ -77.158843390487633, 39.068471514841676 ], [ -77.158393391321738, 39.067801514984446 ], [ -77.158053392951217, 39.06724151502322 ], [ -77.157993392762648, 39.06713151422786 ], [ -77.157983392281565, 39.067111515064347 ], [ -77.157943392155858, 39.067041515294001 ], [ -77.157913392511205, 39.066991514687224 ], [ -77.157902222009852, 39.066969953398193 ], [ -77.157483392508894, 39.066161515226476 ], [ -77.156993392317986, 39.065001514278975 ], [ -77.1567633929442, 39.064301514777121 ], [ -77.156613393821772, 39.063751515296957 ], [ -77.155903394738132, 39.061271515597163 ], [ -77.155703893811719, 39.060582356041081 ] ] } },
{ "type": "Feature", "properties": { "A": 22908, "B": 22907, "SUBAREA": 0, "FFSNEW": 0, "CPENEW": 0, "CPEFAC": 0, "TIMEPEN": 0, "DISTANCE": 0.01, "SPDCLASS": 13, "CAPCLASS": 13, "JUR": 1, "SCREEN": 0, "FTYPE": 1, "TOLL": 0, "TOLLGRP": 0, "AMLANE": 1, "AMLIMIT": 0, "PMLANE": 1, "PMLIMIT": 9, "OPLANE": 1, "OPLIMIT": 9, "EDGEID": 22900000000, "LINKID": 67381, "NETYEAR": 2020, "SHAPE_LENG": 9.9, "PROJECTID": "NA", "TAZ": 711, "ATYPE": 3, "MDLANE": 1, "MDLIMIT": 9, "NTLANE": 1, "NTLIMIT": 9, "DEFLATIONFT": 0.8011, "AMTOLL": 0.0, "PMTOLL": 0.0, "OPTOLL": 0.0, "AMTOLL_VP": 0.0, "PMTOLL_VP": 0.0, "OPTOLL_VP": 0.0, "AMHTIME": 0.01487, "PMHTIME": 0.01487, "OPHTIME": 0.01144, "MDTOLL": 0.0, "MDTOLL_VP": 0.0, "MDHTIME": 0.01144, "NTTOLL": 0.0, "NTTOLL_VP": 0.0, "NTHTIME": 0.01144, "LINKAB": 2290822907, "TURNPENI": "TURNPEN.PEN", "I4AMSOV": 0.0, "I4AMHV2": 160.56433, "I4AMHV3": 0.0, "I4AMCV": 0.0, "I4AMTRK": 0.0, "I4AMAPX": 12.48066, "I4AMVOL": 173.04498, "I4AMVMT": 1.73045, "I4AMFFSPD": 69, "AMHRLKCAP": 2000, "AMHRLNCAP": 2000, "I4AMVC": 0.03608, "I4AMVDF": 1.00144, "I4AMSPD": 68.90057, "COMP": 0, "I4MDSOV": 0.0, "I4MDHV2": 0.0, "I4MDHV3": 0.0, "I4MDCV": 0.0, "I4MDTRK": 0.0, "I4MDAPX": 0.0, "I4MDVOL": 0.0, "I4MDVMT": 0.0, "I4MDFFSPD": 69, "MDHRLKCAP": 2000, "MDHRLNCAP": 2000, "I4MDVC": 0.0, "I4MDVDF": 1.0, "I4MDSPD": 69.0, "I4PMSOV": 0.0, "I4PMHV2": 0.0, "I4PMHV3": 0.0, "I4PMCV": 0.0, "I4PMTRK": 0.0, "I4PMAPX": 0.0, "I4PMVOL": 0.0, "I4PMVMT": 0.0, "I4PMFFSPD": 69, "PMHRLKCAP": 2000, "PMHRLNCAP": 2000, "I4PMVC": 0.0, "I4PMVDF": 1.0, "I4PMSPD": 69.0, "I4NTSOV": 0.0, "I4NTHV2": 0.0, "I4NTHV3": 0.0, "I4NTCV": 0.0, "I4NTTRK": 0.0, "I4NTAPX": 0.0, "I4NTVOL": 0.0, "I4NTVMT": 0.0, "I4NTFFSPD": 69, "NTHRLKCAP": 2000, "NTHRLNCAP": 2000, "I4NTVC": 0.0, "I4NTVDF": 1.0, "I4NTSPD": 69.0, "I424VOL": 173.04498, "TVOL00": 0, "TVMT00": 0.0, "ID": 0, "AADT_2023": 0, "AWDT_2023": 0, "MD210": 0, "CNT2LOADDIF": 0.0, "ABSNCTDIFF": 0.0, "CNT2LOADPCT": 0.0, "ABSPCTDIFF": 0.0, "MD210U": 0, "LOAD1": 173.04498, "LOAD2": 0.0, "LOADGRW": -173.04498, "ABSGRW": 173.04498, "PRCGRW": -1.0, "PRCANLGRW": -4.5454545 }, "geometry": { "type": "LineString", "coordinates": [ [ -77.16010957528384, 39.069972079088643 ], [ -77.160084963207979, 39.069991332367707 ] ] } },
{ "type": "Feature", "properties": { "A": 22909, "B": 22911, "SUBAREA": 0, "FFSNEW": 0, "CPENEW": 0, "CPEFAC": 0, "TIMEPEN": 0, "DISTANCE": 0.33, "SPDCLASS": 12, "CAPCLASS": 12, "JUR": 1, "SCREEN": 0, "FTYPE": 1, "TOLL": 0, "TOLLGRP": 0, "AMLANE": 1, "AMLIMIT": 9, "PMLANE": 1, "PMLIMIT": 2, "OPLANE": 1, "OPLIMIT": 9, "EDGEID": 22900000000, "LINKID": 67668, "NETYEAR": 2020, "SHAPE_LENG": 1725.19, "PROJECTID": "NA", "TAZ": 712, "ATYPE": 2, "MDLANE": 1, "MDLIMIT": 9, "NTLANE": 1, "NTLIMIT": 9, "DEFLATIONFT": 0.8011, "AMTOLL": 0.0, "PMTOLL": 0.0, "OPTOLL": 0.0, "AMTOLL_VP": 0.0, "PMTOLL_VP": 0.0, "OPTOLL_VP": 0.0, "AMHTIME": 0.63604, "PMHTIME": 0.63604, "OPHTIME": 0.43815, "MDTOLL": 0.0, "MDTOLL_VP": 0.0, "MDHTIME": 0.43815, "NTTOLL": 0.0, "NTTOLL_VP": 0.0, "NTHTIME": 0.43815, "LINKAB": 2290922911, "TURNPENI": "TURNPEN.PEN", "I4AMSOV": 0.0, "I4AMHV2": 0.0, "I4AMHV3": 0.0, "I4AMCV": 0.0, "I4AMTRK": 0.0, "I4AMAPX": 0.0, "I4AMVOL": 0.0, "I4AMVMT": 0.0, "I4AMFFSPD": 63, "AMHRLKCAP": 1900, "AMHRLNCAP": 1900, "I4AMVC": 0.0, "I4AMVDF": 1.0, "I4AMSPD": 63.0, "COMP": 0, "I4MDSOV": 0.0, "I4MDHV2": 0.0, "I4MDHV3": 0.0, "I4MDCV": 0.0, "I4MDTRK": 0.0, "I4MDAPX": 0.0, "I4MDVOL": 0.0, "I4MDVMT": 0.0, "I4MDFFSPD": 63, "MDHRLKCAP": 1900, "MDHRLNCAP": 1900, "I4MDVC": 0.0, "I4MDVDF": 1.0, "I4MDSPD": 63.0, "I4PMSOV": 0.0, "I4PMHV2": 5274.98682, "I4PMHV3": 331.70438, "I4PMCV": 0.0, "I4PMTRK": 0.0, "I4PMAPX": 1070.73145, "I4PMVOL": 6677.42285, "I4PMVMT": 2203.54956, "I4PMFFSPD": 63, "PMHRLKCAP": 1900, "PMHRLNCAP": 1900, "I4PMVC": 1.03324, "I4PMVDF": 2.76027, "I4PMSPD": 22.82382, "I4NTSOV": 0.0, "I4NTHV2": 0.0, "I4NTHV3": 0.0, "I4NTCV": 0.0, "I4NTTRK": 0.0, "I4NTAPX": 0.0, "I4NTVOL": 0.0, "I4NTVMT": 0.0, "I4NTFFSPD": 63, "NTHRLKCAP": 1900, "NTHRLNCAP": 1900, "I4NTVC": 0.0, "I4NTVDF": 1.0, "I4NTSPD": 63.0, "I424VOL": 6677.42285, "TVOL00": 7, "TVMT00": 2.31, "ID": 0, "AADT_2023": 0, "AWDT_2023": 0, "MD210": 0, "CNT2LOADDIF": 0.0, "ABSNCTDIFF": 0.0, "CNT2LOADPCT": 0.0, "ABSPCTDIFF": 0.0, "MD210U": 0, "LOAD1": 6677.42285, "LOAD2": 0.0, "LOADGRW": -6677.42285, "ABSGRW": 6677.42285, "PRCGRW": -1.0, "PRCANLGRW": -4.5454545 }, "geometry": { "type": "LineString", "coordinates": [ [ -77.16279944290352, 39.072574002882739 ], [ -77.163242613809544, 39.072923006865132 ], [ -77.163872613541059, 39.073443006700643 ], [ -77.164442613084034, 39.07387300670301 ], [ -77.164469405739865, 39.073890868173748 ], [ -77.164472613627993, 39.073893006765843 ], [ -77.164532612917242, 39.0739430064733 ], [ -77.164562613461158, 39.073973007017273 ], [ -77.165042613170954, 39.074353006412807 ], [ -77.165542613842945, 39.074743006289431 ], [ -77.16612261386706, 39.075203005936402 ], [ -77.166482612300399, 39.075513005561646 ], [ -77.167041232659358, 39.075961664374688 ] ] } },
{ "type": "Feature", "properties": { "A": 22910, "B": 22907, "SUBAREA": 0, "FFSNEW": 0, "CPENEW": 0, "CPEFAC": 0, "TIMEPEN": 0, "DISTANCE": 0.25, "SPDCLASS": 13, "CAPCLASS": 13, "JUR": 1, "SCREEN": 0, "FTYPE": 1, "TOLL": 0, "TOLLGRP": 0, "AMLANE": 1, "AMLIMIT": 2, "PMLANE": 1, "PMLIMIT": 9, "OPLANE": 1, "OPLIMIT": 9, "EDGEID": 22900000000, "LINKID": 58033, "NETYEAR": 2020, "SHAPE_LENG": 1315.03, "PROJECTID": "NA", "TAZ": 711, "ATYPE": 3, "MDLANE": 1, "MDLIMIT": 9, "NTLANE": 1, "NTLIMIT": 9, "DEFLATIONFT": 0.8011, "AMTOLL": 0.0, "PMTOLL": 0.0, "OPTOLL": 0.0, "AMTOLL_VP": 0.0, "PMTOLL_VP": 0.0, "OPTOLL_VP": 0.0, "AMHTIME": 0.37175, "PMHTIME": 0.37175, "OPHTIME": 0.28604, "MDTOLL": 0.0, "MDTOLL_VP": 0.0, "MDHTIME": 0.28604, "NTTOLL": 0.0, "NTTOLL_VP": 0.0, "NTHTIME": 0.28604, "LINKAB": 2291022907, "TURNPENI": "TURNPEN.PEN", "I4AMSOV": 0.0, "I4AMHV2": 3888.99731, "I4AMHV3": 392.61856, "I4AMCV": 0.0, "I4AMTRK": 0.0, "I4AMAPX": 191.15527, "I4AMVOL": 4472.771, "I4AMVMT": 1118.19275, "I4AMFFSPD": 69, "AMHRLKCAP": 2000, "AMHRLNCAP": 2000, "I4AMVC": 0.93257, "I4AMVDF": 1.51924, "I4AMSPD": 45.41733, "COMP": 0, "I4MDSOV": 0.0, "I4MDHV2": 0.0, "I4MDHV3": 0.0, "I4MDCV": 0.0, "I4MDTRK": 0.0, "I4MDAPX": 0.0, "I4MDVOL": 0.0, "I4MDVMT": 0.0, "I4MDFFSPD": 69, "MDHRLKCAP": 2000, "MDHRLNCAP": 2000, "I4MDVC": 0.0, "I4MDVDF": 1.0, "I4MDSPD": 69.0, "I4PMSOV": 0.0, "I4PMHV2": 0.0, "I4PMHV3": 0.0, "I4PMCV": 0.0, "I4PMTRK": 0.0, "I4PMAPX": 0.0, "I4PMVOL": 0.0, "I4PMVMT": 0.0, "I4PMFFSPD": 69, "PMHRLKCAP": 2000, "PMHRLNCAP": 2000, "I4PMVC": 0.0, "I4PMVDF": 1.0, "I4PMSPD": 69.0, "I4NTSOV": 0.0, "I4NTHV2": 0.0, "I4NTHV3": 0.0, "I4NTCV": 0.0, "I4NTTRK": 0.0, "I4NTAPX": 0.0, "I4NTVOL": 0.0, "I4NTVMT": 0.0, "I4NTFFSPD": 69, "NTHRLKCAP": 2000, "NTHRLNCAP": 2000, "I4NTVC": 0.0, "I4NTVDF": 1.0, "I4NTSPD": 69.0, "I424VOL": 4472.771, "TVOL00": 4, "TVMT00": 1.0, "ID": 0, "AADT_2023": 0, "AWDT_2023": 0, "MD210": 0, "CNT2LOADDIF": 0.0, "ABSNCTDIFF": 0.0, "CNT2LOADPCT": 0.0, "ABSPCTDIFF": 0.0, "MD210U": 0, "LOAD1": 4472.771, "LOAD2": 0.0, "LOADGRW": -4472.771, "ABSGRW": 4472.771, "PRCGRW": -1.0, "PRCANLGRW": -4.5454545 }, "geometry": { "type": "LineString", "coordinates": [ [ -77.16319414378988, 39.072661314658966 ], [ -77.163183389737412, 39.072651514488022 ], [ -77.162093390358905, 39.071811514546177 ], [ -77.161583390105136, 39.071391515024949 ], [ -77.1611733901657, 39.071041514374706 ], [ -77.160593391040891, 39.070491513995229 ], [ -77.160084963207979, 39.069991332367707 ] ] } },
{ "type": "Feature", "properties": { "A": 22911, "B": 22914, "SUBAREA": 0, "FFSNEW": 0, "CPENEW": 0, "CPEFAC": 0, "TIMEPEN": 0, "DISTANCE": 0.13, "SPDCLASS": 12, "CAPCLASS": 12, "JUR": 1, "SCREEN": 0, "FTYPE": 1, "TOLL": 0, "TOLLGRP": 0, "AMLANE": 1, "AMLIMIT": 9, "PMLANE": 1, "PMLIMIT": 2, "OPLANE": 1, "OPLIMIT": 9, "EDGEID": 22900000000, "LINKID": 38287, "NETYEAR": 2020, "SHAPE_LENG": 672.14, "PROJECTID": "NA", "TAZ": 712, "ATYPE": 2, "MDLANE": 1, "MDLIMIT": 9, "NTLANE": 1, "NTLIMIT": 9, "DEFLATIONFT": 0.8011, "AMTOLL": 0.0, "PMTOLL": 0.0, "OPTOLL": 0.0, "AMTOLL_VP": 0.0, "PMTOLL_VP": 0.0, "OPTOLL_VP": 0.0, "AMHTIME": 0.25056, "PMHTIME": 0.25056, "OPHTIME": 0.1726, "MDTOLL": 0.0, "MDTOLL_VP": 0.0, "MDHTIME": 0.1726, "NTTOLL": 0.0, "NTTOLL_VP": 0.0, "NTHTIME": 0.1726, "LINKAB": 2291122914, "TURNPENI": "TURNPEN.PEN", "I4AMSOV": 0.0, "I4AMHV2": 0.0, "I4AMHV3": 0.0, "I4AMCV": 0.0, "I4AMTRK": 0.0, "I4AMAPX": 0.0, "I4AMVOL": 0.0, "I4AMVMT": 0.0, "I4AMFFSPD": 63, "AMHRLKCAP": 1900, "AMHRLNCAP": 1900, "I4AMVC": 0.0, "I4AMVDF": 1.0, "I4AMSPD": 63.0, "COMP": 0, "I4MDSOV": 0.0, "I4MDHV2": 0.0, "I4MDHV3": 0.0, "I4MDCV": 0.0, "I4MDTRK": 0.0, "I4MDAPX": 0.0, "I4MDVOL": 0.0, "I4MDVMT": 0.0, "I4MDFFSPD": 63, "MDHRLKCAP": 1900, "MDHRLNCAP": 1900, "I4MDVC": 0.0, "I4MDVDF": 1.0, "I4MDSPD": 63.0, "I4PMSOV": 0.0, "I4PMHV2": 5274.98682, "I4PMHV3": 331.70438, "I4PMCV": 0.0, "I4PMTRK": 0.0, "I4PMAPX": 1070.73145, "I4PMVOL": 6677.42285, "I4PMVMT": 868.06494, "I4PMFFSPD": 63, "PMHRLKCAP": 1900, "PMHRLNCAP": 1900, "I4PMVC": 1.03324, "I4PMVDF": 2.76027, "I4PMSPD": 22.82382, "I4NTSOV": 0.0, "I4NTHV2": 0.0, "I4NTHV3": 0.0, "I4NTCV": 0.0, "I4NTTRK": 0.0, "I4NTAPX": 0.0, "I4NTVOL": 0.0, "I4NTVMT": 0.0, "I4NTFFSPD": 63, "NTHRLKCAP": 1900, "NTHRLNCAP": 1900, "I4NTVC": 0.0, "I4NTVDF": 1.0, "I4NTSPD": 63.0, "I424VOL": 6677.42285, "TVOL00": 7, "TVMT00": 0.91, "ID": 0, "AADT_2023": 0, "AWDT_2023": 0, "MD210": 0, "CNT2LOADDIF": 0.0, "ABSNCTDIFF": 0.0, "CNT2LOADPCT": 0.0, "ABSPCTDIFF": 0.0, "MD210U": 0, "LOAD1": 6677.42285, "LOAD2": 0.0, "LOADGRW": -6677.42285, "ABSGRW": 6677.42285, "PRCGRW": -1.0, "PRCANLGRW": -4.5454545 }, "geometry": { "type": "LineString", "coordinates": [ [ -77.167041232659358, 39.075961664374688 ], [ -77.167502612807951, 39.076403005210942 ], [ -77.168232611954409, 39.077163004901337 ], [ -77.168471329267888, 39.077434034198767 ] ] } },
{ "type": "Feature", "properties": { "A": 22912, "B": 22910, "SUBAREA": 0, "FFSNEW": 0, "CPENEW": 0, "CPEFAC": 0, "TIMEPEN": 0, "DISTANCE": 0.31, "SPDCLASS": 12, "CAPCLASS": 12, "JUR": 1, "SCREEN": 0, "FTYPE": 1, "TOLL": 0, "TOLLGRP": 0, "AMLANE": 1, "AMLIMIT": 2, "PMLANE": 1, "PMLIMIT": 9, "OPLANE": 1, "OPLIMIT": 9, "EDGEID": 22900000000, "LINKID": 67671, "NETYEAR": 2020, "SHAPE_LENG": 1621.83, "PROJECTID": "NA", "TAZ": 712, "ATYPE": 2, "MDLANE": 1, "MDLIMIT": 9, "NTLANE": 1, "NTLIMIT": 9, "DEFLATIONFT": 0.8011, "AMTOLL": 0.0, "PMTOLL": 0.0, "OPTOLL": 0.0, "AMTOLL_VP": 0.0, "PMTOLL_VP": 0.0, "OPTOLL_VP": 0.0, "AMHTIME": 0.59749, "PMHTIME": 0.59749, "OPHTIME": 0.4116, "MDTOLL": 0.0, "MDTOLL_VP": 0.0, "MDHTIME": 0.4116, "NTTOLL": 0.0, "NTTOLL_VP": 0.0, "NTHTIME": 0.4116, "LINKAB": 2291222910, "TURNPENI": "TURNPEN.PEN", "I4AMSOV": 0.0, "I4AMHV2": 3888.99731, "I4AMHV3": 392.61856, "I4AMCV": 0.0, "I4AMTRK": 0.0, "I4AMAPX": 191.15527, "I4AMVOL": 4472.771, "I4AMVMT": 1386.55908, "I4AMFFSPD": 63, "AMHRLKCAP": 1900, "AMHRLNCAP": 1900, "I4AMVC": 0.98166, "I4AMVDF": 1.8692, "I4AMSPD": 33.70418, "COMP": 0, "I4MDSOV": 0.0, "I4MDHV2": 0.0, "I4MDHV3": 0.0, "I4MDCV": 0.0, "I4MDTRK": 0.0, "I4MDAPX": 0.0, "I4MDVOL": 0.0, "I4MDVMT": 0.0, "I4MDFFSPD": 63, "MDHRLKCAP": 1900, "MDHRLNCAP": 1900, "I4MDVC": 0.0, "I4MDVDF": 1.0, "I4MDSPD": 63.0, "I4PMSOV": 0.0, "I4PMHV2": 0.0, "I4PMHV3": 0.0, "I4PMCV": 0.0, "I4PMTRK": 0.0, "I4PMAPX": 0.0, "I4PMVOL": 0.0, "I4PMVMT": 0.0, "I4PMFFSPD": 63, "PMHRLKCAP": 1900, "PMHRLNCAP": 1900, "I4PMVC": 0.0, "I4PMVDF": 1.0, "I4PMSPD": 63.0, "I4NTSOV": 0.0, "I4NTHV2": 0.0, "I4NTHV3": 0.0, "I4NTCV": 0.0, "I4NTTRK": 0.0, "I4NTAPX": 0.0, "I4NTVOL": 0.0, "I4NTVMT": 0.0, "I4NTFFSPD": 63, "NTHRLKCAP": 1900, "NTHRLNCAP": 1900, "I4NTVC": 0.0, "I4NTVDF": 1.0, "I4NTSPD": 63.0, "I424VOL": 4472.771, "TVOL00": 4, "TVMT00": 1.24, "ID": 0, "AADT_2023": 0, "AWDT_2023": 0, "MD210": 0, "CNT2LOADDIF": 0.0, "ABSNCTDIFF": 0.0, "CNT2LOADPCT": 0.0, "ABSPCTDIFF": 0.0, "MD210U": 0, "LOAD1": 4472.771, "LOAD2": 0.0, "LOADGRW": -4472.771, "ABSGRW": 4472.771, "PRCGRW": -1.0, "PRCANLGRW": -4.5454545 }, "geometry": { "type": "LineString", "coordinates": [ [ -77.167164287369118, 39.075862645101395 ], [ -77.16643338870945, 39.075221514920351 ], [ -77.165473388390467, 39.074471515711025 ], [ -77.164663388093246, 39.073831515498398 ], [ -77.164613388385774, 39.073801514954411 ], [ -77.164575659052801, 39.073773217729844 ], [ -77.164573388260067, 39.073771515309808 ], [ -77.16454338951479, 39.07375151524694 ], [ -77.164213388927351, 39.073481515747439 ], [ -77.163863389176484, 39.073201514867463 ], [ -77.16319414378988, 39.072661314658966 ] ] } },
{ "type": "Feature", "properties": { "A": 22913, "B": 22914, "SUBAREA": 0, "FFSNEW": 0, "CPENEW": 0, "CPEFAC": 0, "TIMEPEN": 0, "DISTANCE": 0.01, "SPDCLASS": 12, "CAPCLASS": 12, "JUR": 1, "SCREEN": 0, "FTYPE": 1, "TOLL": 0, "TOLLGRP": 0, "AMLANE": 1, "AMLIMIT": 9, "PMLANE": 1, "PMLIMIT": 0, "OPLANE": 1, "OPLIMIT": 9, "EDGEID": 22900000000, "LINKID": 59875, "NETYEAR": 2020, "SHAPE_LENG": 9.9, "PROJECTID": "NA", "TAZ": 712, "ATYPE": 2, "MDLANE": 1, "MDLIMIT": 9, "NTLANE": 1, "NTLIMIT": 9, "DEFLATIONFT": 0.8011, "AMTOLL": 0.0, "PMTOLL": 0.0, "OPTOLL": 0.0, "AMTOLL_VP": 0.0, "PMTOLL_VP": 0.0, "OPTOLL_VP": 0.0, "AMHTIME": 0.01927, "PMHTIME": 0.01927, "OPHTIME": 0.01328, "MDTOLL": 0.0, "MDTOLL_VP": 0.0, "MDHTIME": 0.01328, "NTTOLL": 0.0, "NTTOLL_VP": 0.0, "NTHTIME": 0.01328, "LINKAB": 2291322914, "TURNPENI": "TURNPEN.PEN", "I4AMSOV": 0.0, "I4AMHV2": 0.0, "I4AMHV3": 0.0, "I4AMCV": 0.0, "I4AMTRK": 0.0, "I4AMAPX": 0.0, "I4AMVOL": 0.0, "I4AMVMT": 0.0, "I4AMFFSPD": 63, "AMHRLKCAP": 1900, "AMHRLNCAP": 1900, "I4AMVC": 0.0, "I4AMVDF": 1.0, "I4AMSPD": 63.0, "COMP": 0, "I4MDSOV": 0.0, "I4MDHV2": 0.0, "I4MDHV3": 0.0, "I4MDCV": 0.0, "I4MDTRK": 0.0, "I4MDAPX": 0.0, "I4MDVOL": 0.0, "I4MDVMT": 0.0, "I4MDFFSPD": 63, "MDHRLKCAP": 1900, "MDHRLNCAP": 1900, "I4MDVC": 0.0, "I4MDVDF": 1.0, "I4MDSPD": 63.0, "I4PMSOV": 0.0, "I4PMHV2": 329.13962, "I4PMHV3": 0.0, "I4PMCV": 0.0, "I4PMTRK": 0.0, "I4PMAPX": 57.71701, "I4PMVOL": 386.85666, "I4PMVMT": 3.86857, "I4PMFFSPD": 63, "PMHRLKCAP": 1900, "PMHRLNCAP": 1900, "I4PMVC": 0.05986, "I4PMVDF": 1.00239, "I4PMSPD": 62.84951, "I4NTSOV": 0.0, "I4NTHV2": 0.0, "I4NTHV3": 0.0, "I4NTCV": 0.0, "I4NTTRK": 0.0, "I4NTAPX": 0.0, "I4NTVOL": 0.0, "I4NTVMT": 0.0, "I4NTFFSPD": 63, "NTHRLKCAP": 1900, "NTHRLNCAP": 1900, "I4NTVC": 0.0, "I4NTVDF": 1.0, "I4NTSPD": 63.0, "I424VOL": 386.85666, "TVOL00": 0, "TVMT00": 0.0, "ID": 0, "AADT_2023": 0, "AWDT_2023": 0, "MD210": 0, "CNT2LOADDIF": 0.0, "ABSNCTDIFF": 0.0, "CNT2LOADPCT": 0.0, "ABSPCTDIFF": 0.0, "MD210U": 0, "LOAD1": 386.85666, "LOAD2": 0.0, "LOADGRW": -386.85666, "ABSGRW": 386.85666, "PRCGRW": -1.0, "PRCANLGRW": -4.5454545 }, "geometry": { "type": "LineString", "coordinates": [ [ -77.168446716873618, 39.077453289201763 ], [ -77.168471329267888, 39.077434034198767 ] ] } },
{ "type": "Feature", "properties": { "A": 22914, "B": 22918, "SUBAREA": 0, "FFSNEW": 0, "CPENEW": 0, "CPEFAC": 0, "TIMEPEN": 0, "DISTANCE": 0.27, "SPDCLASS": 12, "CAPCLASS": 12, "JUR": 1, "SCREEN": 0, "FTYPE": 1, "TOLL": 0, "TOLLGRP": 0, "AMLANE": 1, "AMLIMIT": 9, "PMLANE": 1, "PMLIMIT": 2, "OPLANE": 1, "OPLIMIT": 9, "EDGEID": 22900000000, "LINKID": 68721, "NETYEAR": 2020, "SHAPE_LENG": 1427.6, "PROJECTID": "NA", "TAZ": 712, "ATYPE": 2, "MDLANE": 1, "MDLIMIT": 9, "NTLANE": 1, "NTLIMIT": 9, "DEFLATIONFT": 0.8011, "AMTOLL": 0.0, "PMTOLL": 0.0, "OPTOLL": 0.0, "AMTOLL_VP": 0.0, "PMTOLL_VP": 0.0, "OPTOLL_VP": 0.0, "AMHTIME": 0.5204, "PMHTIME": 0.5204, "OPHTIME": 0.35849, "MDTOLL": 0.0, "MDTOLL_VP": 0.0, "MDHTIME": 0.35849, "NTTOLL": 0.0, "NTTOLL_VP": 0.0, "NTHTIME": 0.35849, "LINKAB": 2291422918, "TURNPENI": "TURNPEN.PEN", "I4AMSOV": 0.0, "I4AMHV2": 0.0, "I4AMHV3": 0.0, "I4AMCV": 0.0, "I4AMTRK": 0.0, "I4AMAPX": 0.0, "I4AMVOL": 0.0, "I4AMVMT": 0.0, "I4AMFFSPD": 63, "AMHRLKCAP": 1900, "AMHRLNCAP": 1900, "I4AMVC": 0.0, "I4AMVDF": 1.0, "I4AMSPD": 63.0, "COMP": 0, "I4MDSOV": 0.0, "I4MDHV2": 0.0, "I4MDHV3": 0.0, "I4MDCV": 0.0, "I4MDTRK": 0.0, "I4MDAPX": 0.0, "I4MDVOL": 0.0, "I4MDVMT": 0.0, "I4MDFFSPD": 63, "MDHRLKCAP": 1900, "MDHRLNCAP": 1900, "I4MDVC": 0.0, "I4MDVDF": 1.0, "I4MDSPD": 63.0, "I4PMSOV": 0.0, "I4PMHV2": 5604.12646, "I4PMHV3": 331.70438, "I4PMCV": 0.0, "I4PMTRK": 0.0, "I4PMAPX": 1128.44849, "I4PMVOL": 7064.2793, "I4PMVMT": 1907.35535, "I4PMFFSPD": 63, "PMHRLKCAP": 1900, "PMHRLNCAP": 1900, "I4PMVC": 1.0931, "I4PMVDF": 4.12929, "I4PMSPD": 15.25685, "I4NTSOV": 0.0, "I4NTHV2": 0.0, "I4NTHV3": 0.0, "I4NTCV": 0.0, "I4NTTRK": 0.0, "I4NTAPX": 0.0, "I4NTVOL": 0.0, "I4NTVMT": 0.0, "I4NTFFSPD": 63, "NTHRLKCAP": 1900, "NTHRLNCAP": 1900, "I4NTVC": 0.0, "I4NTVDF": 1.0, "I4NTSPD": 63.0, "I424VOL": 7064.2793, "TVOL00": 7, "TVMT00": 1.89, "ID": 0, "AADT_2023": 0, "AWDT_2023": 0, "MD210": 0, "CNT2LOADDIF": 0.0, "ABSNCTDIFF": 0.0, "CNT2LOADPCT": 0.0, "ABSPCTDIFF": 0.0, "MD210U": 0, "LOAD1": 7064.2793, "LOAD2": 0.0, "LOADGRW": -7064.2793, "ABSGRW": 7064.2793, "PRCGRW": -1.0, "PRCANLGRW": -4.5454545 }, "geometry": { "type": "LineString", "coordinates": [ [ -77.168471329267888, 39.077434034198767 ], [ -77.16918261089296, 39.078273005242053 ], [ -77.169732612171742, 39.078993004806797 ], [ -77.170532611987881, 39.080093004666359 ], [ -77.171012176845124, 39.080813000477036 ] ] } },
{ "type": "Feature", "properties": { "A": 22915, "B": 22912, "SUBAREA": 0, "FFSNEW": 0, "CPENEW": 0, "CPEFAC": 0, "TIMEPEN": 0, "DISTANCE": 0.13, "SPDCLASS": 12, "CAPCLASS": 12, "JUR": 1, "SCREEN": 0, "FTYPE": 1, "TOLL": 0, "TOLLGRP": 0, "AMLANE": 1, "AMLIMIT": 2, "PMLANE": 1, "PMLIMIT": 9, "OPLANE": 1, "OPLIMIT": 9, "EDGEID": 22900000000, "LINKID": 65625, "NETYEAR": 2020, "SHAPE_LENG": 706.15, "PROJECTID": "NA", "TAZ": 712, "ATYPE": 2, "MDLANE": 1, "MDLIMIT": 9, "NTLANE": 1, "NTLIMIT": 9, "DEFLATIONFT": 0.8011, "AMTOLL": 0.0, "PMTOLL": 0.0, "OPTOLL": 0.0, "AMTOLL_VP": 0.0, "PMTOLL_VP": 0.0, "OPTOLL_VP": 0.0, "AMHTIME": 0.25056, "PMHTIME": 0.25056, "OPHTIME": 0.1726, "MDTOLL": 0.0, "MDTOLL_VP": 0.0, "MDHTIME": 0.1726, "NTTOLL": 0.0, "NTTOLL_VP": 0.0, "NTHTIME": 0.1726, "LINKAB": 2291522912, "TURNPENI": "TURNPEN.PEN", "I4AMSOV": 0.0, "I4AMHV2": 3888.99731, "I4AMHV3": 392.61856, "I4AMCV": 0.0, "I4AMTRK": 0.0, "I4AMAPX": 191.15527, "I4AMVOL": 4472.771, "I4AMVMT": 581.46027, "I4AMFFSPD": 63, "AMHRLKCAP": 1900, "AMHRLNCAP": 1900, "I4AMVC": 0.98166, "I4AMVDF": 1.8692, "I4AMSPD": 33.70418, "COMP": 0, "I4MDSOV": 0.0, "I4MDHV2": 0.0, "I4MDHV3": 0.0, "I4MDCV": 0.0, "I4MDTRK": 0.0, "I4MDAPX": 0.0, "I4MDVOL": 0.0, "I4MDVMT": 0.0, "I4MDFFSPD": 63, "MDHRLKCAP": 1900, "MDHRLNCAP": 1900, "I4MDVC": 0.0, "I4MDVDF": 1.0, "I4MDSPD": 63.0, "I4PMSOV": 0.0, "I4PMHV2": 0.0, "I4PMHV3": 0.0, "I4PMCV": 0.0, "I4PMTRK": 0.0, "I4PMAPX": 0.0, "I4PMVOL": 0.0, "I4PMVMT": 0.0, "I4PMFFSPD": 63, "PMHRLKCAP": 1900, "PMHRLNCAP": 1900, "I4PMVC": 0.0, "I4PMVDF": 1.0, "I4PMSPD": 63.0, "I4NTSOV": 0.0, "I4NTHV2": 0.0, "I4NTHV3": 0.0, "I4NTCV": 0.0, "I4NTTRK": 0.0, "I4NTAPX": 0.0, "I4NTVOL": 0.0, "I4NTVMT": 0.0, "I4NTFFSPD": 63, "NTHRLKCAP": 1900, "NTHRLNCAP": 1900, "I4NTVC": 0.0, "I4NTVDF": 1.0, "I4NTSPD": 63.0, "I424VOL": 4472.771, "TVOL00": 4, "TVMT00": 0.52, "ID": 0, "AADT_2023": 0, "AWDT_2023": 0, "MD210": 0, "CNT2LOADDIF": 0.0, "ABSNCTDIFF": 0.0, "CNT2LOADPCT": 0.0, "ABSPCTDIFF": 0.0, "MD210U": 0, "LOAD1": 4472.771, "LOAD2": 0.0, "LOADGRW": -4472.771, "ABSGRW": 4472.771, "PRCGRW": -1.0, "PRCANLGRW": -4.5454545 }, "geometry": { "type": "LineString", "coordinates": [ [ -77.168672036867335, 39.077400797428297 ], [ -77.168093387630904, 39.076771515744419 ], [ -77.167164287369118, 39.075862645101395 ] ] } },
{ "type": "Feature", "properties": { "A": 22915, "B": 22916, "SUBAREA": 0, "FFSNEW": 0, "CPENEW": 0, "CPEFAC": 0, "TIMEPEN": 0, "DISTANCE": 0.01, "SPDCLASS": 12, "CAPCLASS": 12, "JUR": 1, "SCREEN": 0, "FTYPE": 1, "TOLL": 0, "TOLLGRP": 0, "AMLANE": 1, "AMLIMIT": 0, "PMLANE": 1, "PMLIMIT": 9, "OPLANE": 1, "OPLIMIT": 9, "EDGEID": 22900000000, "LINKID": 67675, "NETYEAR": 2020, "SHAPE_LENG": 9.9, "PROJECTID": "NA", "TAZ": 712, "ATYPE": 2, "MDLANE": 1, "MDLIMIT": 9, "NTLANE": 1, "NTLIMIT": 9, "DEFLATIONFT": 0.8011, "AMTOLL": 0.0, "PMTOLL": 0.0, "OPTOLL": 0.0, "AMTOLL_VP": 0.0, "PMTOLL_VP": 0.0, "OPTOLL_VP": 0.0, "AMHTIME": 0.01927, "PMHTIME": 0.01927, "OPHTIME": 0.01328, "MDTOLL": 0.0, "MDTOLL_VP": 0.0, "MDHTIME": 0.01328, "NTTOLL": 0.0, "NTTOLL_VP": 0.0, "NTHTIME": 0.01328, "LINKAB": 2291522916, "TURNPENI": "TURNPEN.PEN", "I4AMSOV": 0.0, "I4AMHV2": 445.98428, "I4AMHV3": 79.8774, "I4AMCV": 0.0, "I4AMTRK": 0.0, "I4AMAPX": 1.0000000000000001e-05, "I4AMVOL": 525.86169, "I4AMVMT": 5.25862, "I4AMFFSPD": 63, "AMHRLKCAP": 1900, "AMHRLNCAP": 1900, "I4AMVC": 0.11541, "I4AMVDF": 1.00477, "I4AMSPD": 62.70088, "COMP": 0, "I4MDSOV": 0.0, "I4MDHV2": 0.0, "I4MDHV3": 0.0, "I4MDCV": 0.0, "I4MDTRK": 0.0, "I4MDAPX": 0.0, "I4MDVOL": 0.0, "I4MDVMT": 0.0, "I4MDFFSPD": 63, "MDHRLKCAP": 1900, "MDHRLNCAP": 1900, "I4MDVC": 0.0, "I4MDVDF": 1.0, "I4MDSPD": 63.0, "I4PMSOV": 0.0, "I4PMHV2": 0.0, "I4PMHV3": 0.0, "I4PMCV": 0.0, "I4PMTRK": 0.0, "I4PMAPX": 0.0, "I4PMVOL": 0.0, "I4PMVMT": 0.0, "I4PMFFSPD": 63, "PMHRLKCAP": 1900, "PMHRLNCAP": 1900, "I4PMVC": 0.0, "I4PMVDF": 1.0, "I4PMSPD": 63.0, "I4NTSOV": 0.0, "I4NTHV2": 0.0, "I4NTHV3": 0.0, "I4NTCV": 0.0, "I4NTTRK": 0.0, "I4NTAPX": 0.0, "I4NTVOL": 0.0, "I4NTVMT": 0.0, "I4NTFFSPD": 63, "NTHRLKCAP": 1900, "NTHRLNCAP": 1900, "I4NTVC": 0.0, "I4NTVDF": 1.0, "I4NTSPD": 63.0, "I424VOL": 525.86169, "TVOL00": 1, "TVMT00": 0.01, "ID": 0, "AADT_2023": 0, "AWDT_2023": 0, "MD210": 0, "CNT2LOADDIF": 0.0, "ABSNCTDIFF": 0.0, "CNT2LOADPCT": 0.0, "ABSPCTDIFF": 0.0, "MD210U": 0, "LOAD1": 525.86169, "LOAD2": 0.0, "LOADGRW": -525.86169, "ABSGRW": 525.86169, "PRCGRW": -1.0, "PRCANLGRW": -4.5454545 }, "geometry": { "type": "LineString", "coordinates": [ [ -77.168672036867335, 39.077400797428297 ], [ -77.168696649182479, 39.077381542377736 ] ] } },
{ "type": "Feature", "properties": { "A": 22918, "B": 22917, "SUBAREA": 0, "FFSNEW": 0, "CPENEW": 0, "CPEFAC": 0, "TIMEPEN": 0, "DISTANCE": 0.01, "SPDCLASS": 12, "CAPCLASS": 12, "JUR": 1, "SCREEN": 0, "FTYPE": 1, "TOLL": 0, "TOLLGRP": 0, "AMLANE": 1, "AMLIMIT": 9, "PMLANE": 1, "PMLIMIT": 0, "OPLANE": 1, "OPLIMIT": 9, "EDGEID": 22900000000, "LINKID": 29075, "NETYEAR": 2020, "SHAPE_LENG": 9.9, "PROJECTID": "NA", "TAZ": 712, "ATYPE": 2, "MDLANE": 1, "MDLIMIT": 9, "NTLANE": 1, "NTLIMIT": 9, "DEFLATIONFT": 0.8011, "AMTOLL": 0.0, "PMTOLL": 0.0, "OPTOLL": 0.0, "AMTOLL_VP": 0.0, "PMTOLL_VP": 0.0, "OPTOLL_VP": 0.0, "AMHTIME": 0.01927, "PMHTIME": 0.01927, "OPHTIME": 0.01328, "MDTOLL": 0.0, "MDTOLL_VP": 0.0, "MDHTIME": 0.01328, "NTTOLL": 0.0, "NTTOLL_VP": 0.0, "NTHTIME": 0.01328, "LINKAB": 2291822917, "TURNPENI": "TURNPEN.PEN", "I4AMSOV": 0.0, "I4AMHV2": 0.0, "I4AMHV3": 0.0, "I4AMCV": 0.0, "I4AMTRK": 0.0, "I4AMAPX": 0.0, "I4AMVOL": 0.0, "I4AMVMT": 0.0, "I4AMFFSPD": 63, "AMHRLKCAP": 1900, "AMHRLNCAP": 1900, "I4AMVC": 0.0, "I4AMVDF": 1.0, "I4AMSPD": 63.0, "COMP": 0, "I4MDSOV": 0.0, "I4MDHV2": 0.0, "I4MDHV3": 0.0, "I4MDCV": 0.0, "I4MDTRK": 0.0, "I4MDAPX": 0.0, "I4MDVOL": 0.0, "I4MDVMT": 0.0, "I4MDFFSPD": 63, "MDHRLKCAP": 1900, "MDHRLNCAP": 1900, "I4MDVC": 0.0, "I4MDVDF": 1.0, "I4MDSPD": 63.0, "I4PMSOV": 0.0, "I4PMHV2": 753.32703, "I4PMHV3": 32.77333, "I4PMCV": 0.0, "I4PMTRK": 0.0, "I4PMAPX": 105.38025, "I4PMVOL": 891.48059, "I4PMVMT": 8.91481, "I4PMFFSPD": 63, "PMHRLKCAP": 1900, "PMHRLNCAP": 1900, "I4PMVC": 0.13794, "I4PMVDF": 1.0059, "I4PMSPD": 62.63065, "I4NTSOV": 0.0, "I4NTHV2": 0.0, "I4NTHV3": 0.0, "I4NTCV": 0.0, "I4NTTRK": 0.0, "I4NTAPX": 0.0, "I4NTVOL": 0.0, "I4NTVMT": 0.0, "I4NTFFSPD": 63, "NTHRLKCAP": 1900, "NTHRLNCAP": 1900, "I4NTVC": 0.0, "I4NTVDF": 1.0, "I4NTSPD": 63.0, "I424VOL": 891.48059, "TVOL00": 1, "TVMT00": 0.01, "ID": 0, "AADT_2023": 0, "AWDT_2023": 0, "MD210": 0, "CNT2LOADDIF": 0.0, "ABSNCTDIFF": 0.0, "CNT2LOADPCT": 0.0, "ABSPCTDIFF": 0.0, "MD210U": 0, "LOAD1": 891.48059, "LOAD2": 0.0, "LOADGRW": -891.48059, "ABSGRW": 891.48059, "PRCGRW": -1.0, "PRCANLGRW": -4.5454545 }, "geometry": { "type": "LineString", "coordinates": [ [ -77.171012176845124, 39.080813000477036 ], [ -77.170987563969632, 39.080832255998736 ] ] } },
{ "type": "Feature", "properties": { "A": 22918, "B": 22921, "SUBAREA": 0, "FFSNEW": 0, "CPENEW": 0, "CPEFAC": 0, "TIMEPEN": 0, "DISTANCE": 0.38, "SPDCLASS": 12, "CAPCLASS": 12, "JUR": 1, "SCREEN": 0, "FTYPE": 1, "TOLL": 0, "TOLLGRP": 0, "AMLANE": 1, "AMLIMIT": 9, "PMLANE": 1, "PMLIMIT": 2, "OPLANE": 1, "OPLIMIT": 9, "EDGEID": 22900000000, "LINKID": 67677, "NETYEAR": 2020, "SHAPE_LENG": 1986.84, "PROJECTID": "NA", "TAZ": 712, "ATYPE": 2, "MDLANE": 1, "MDLIMIT": 9, "NTLANE": 1, "NTLIMIT": 9, "DEFLATIONFT": 0.8011, "AMTOLL": 0.0, "PMTOLL": 0.0, "OPTOLL": 0.0, "AMTOLL_VP": 0.0, "PMTOLL_VP": 0.0, "OPTOLL_VP": 0.0, "AMHTIME": 0.73241, "PMHTIME": 0.73241, "OPHTIME": 0.50454, "MDTOLL": 0.0, "MDTOLL_VP": 0.0, "MDHTIME": 0.50454, "NTTOLL": 0.0, "NTTOLL_VP": 0.0, "NTHTIME": 0.50454, "LINKAB": 2291822921, "TURNPENI": "TURNPEN.PEN", "I4AMSOV": 0.0, "I4AMHV2": 0.0, "I4AMHV3": 0.0, "I4AMCV": 0.0, "I4AMTRK": 0.0, "I4AMAPX": 0.0, "I4AMVOL": 0.0, "I4AMVMT": 0.0, "I4AMFFSPD": 63, "AMHRLKCAP": 1900, "AMHRLNCAP": 1900, "I4AMVC": 0.0, "I4AMVDF": 1.0, "I4AMSPD": 63.0, "COMP": 0, "I4MDSOV": 0.0, "I4MDHV2": 0.0, "I4MDHV3": 0.0, "I4MDCV": 0.0, "I4MDTRK": 0.0, "I4MDAPX": 0.0, "I4MDVOL": 0.0, "I4MDVMT": 0.0, "I4MDFFSPD": 63, "MDHRLKCAP": 1900, "MDHRLNCAP": 1900, "I4MDVC": 0.0, "I4MDVDF": 1.0, "I4MDSPD": 63.0, "I4PMSOV": 0.0, "I4PMHV2": 4850.79932, "I4PMHV3": 298.93103, "I4PMCV": 0.0, "I4PMTRK": 0.0, "I4PMAPX": 1023.06824, "I4PMVOL": 6172.79883, "I4PMVMT": 2345.66357, "I4PMFFSPD": 63, "PMHRLKCAP": 1900, "PMHRLNCAP": 1900, "I4PMVC": 0.95516, "I4PMVDF": 1.68029, "I4PMSPD": 37.49361, "I4NTSOV": 0.0, "I4NTHV2": 0.0, "I4NTHV3": 0.0, "I4NTCV": 0.0, "I4NTTRK": 0.0, "I4NTAPX": 0.0, "I4NTVOL": 0.0, "I4NTVMT": 0.0, "I4NTFFSPD": 63, "NTHRLKCAP": 1900, "NTHRLNCAP": 1900, "I4NTVC": 0.0, "I4NTVDF": 1.0, "I4NTSPD": 63.0, "I424VOL": 6172.79883, "TVOL00": 6, "TVMT00": 2.28, "ID": 0, "AADT_2023": 0, "AWDT_2023": 0, "MD210": 0, "CNT2LOADDIF": 0.0, "ABSNCTDIFF": 0.0, "CNT2LOADPCT": 0.0, "ABSPCTDIFF": 0.0, "MD210U": 0, "LOAD1": 6172.79883, "LOAD2": 0.0, "LOADGRW": -6172.79883, "ABSGRW": 6172.79883, "PRCGRW": -1.0, "PRCANLGRW": -4.5454545 }, "geometry": { "type": "LineString", "coordinates": [ [ -77.171012176845124, 39.080813000477036 ], [ -77.171422611637183, 39.081453003544404 ], [ -77.172002611661242, 39.08250300369653 ], [ -77.172452611726442, 39.083483003178998 ], [ -77.172712611644215, 39.084163002618034 ], [ -77.173242612860179, 39.085783001413859 ], [ -77.173293335682658, 39.085952257215595 ] ] } },
{ "type": "Feature", "properties": { "A": 22919, "B": 22915, "SUBAREA": 0, "FFSNEW": 0, "CPENEW": 0, "CPEFAC": 0, "TIMEPEN": 0, "DISTANCE": 0.28, "SPDCLASS": 12, "CAPCLASS": 12, "JUR": 1, "SCREEN": 0, "FTYPE": 1, "TOLL": 0, "TOLLGRP": 0, "AMLANE": 1, "AMLIMIT": 2, "PMLANE": 1, "PMLIMIT": 9, "OPLANE": 1, "OPLIMIT": 9, "EDGEID": 22900000000, "LINKID": 67679, "NETYEAR": 2020, "SHAPE_LENG": 1488.99, "PROJECTID": "NA", "TAZ": 712, "ATYPE": 2, "MDLANE": 1, "MDLIMIT": 9, "NTLANE": 1, "NTLIMIT": 9, "DEFLATIONFT": 0.8011, "AMTOLL": 0.0, "PMTOLL": 0.0, "OPTOLL": 0.0, "AMTOLL_VP": 0.0, "PMTOLL_VP": 0.0, "OPTOLL_VP": 0.0, "AMHTIME": 0.53967, "PMHTIME": 0.53967, "OPHTIME": 0.37176, "MDTOLL": 0.0, "MDTOLL_VP": 0.0, "MDHTIME": 0.37176, "NTTOLL": 0.0, "NTTOLL_VP": 0.0, "NTHTIME": 0.37176, "LINKAB": 2291922915, "TURNPENI": "TURNPEN.PEN", "I4AMSOV": 0.0, "I4AMHV2": 4334.98145, "I4AMHV3": 472.49594, "I4AMCV": 0.0, "I4AMTRK": 0.0, "I4AMAPX": 191.15527, "I4AMVOL": 4998.63281, "I4AMVMT": 1399.61719, "I4AMFFSPD": 63, "AMHRLKCAP": 1900, "AMHRLNCAP": 1900, "I4AMVC": 1.09707, "I4AMVDF": 4.21995, "I4AMSPD": 14.92908, "COMP": 0, "I4MDSOV": 0.0, "I4MDHV2": 0.0, "I4MDHV3": 0.0, "I4MDCV": 0.0, "I4MDTRK": 0.0, "I4MDAPX": 0.0, "I4MDVOL": 0.0, "I4MDVMT": 0.0, "I4MDFFSPD": 63, "MDHRLKCAP": 1900, "MDHRLNCAP": 1900, "I4MDVC": 0.0, "I4MDVDF": 1.0, "I4MDSPD": 63.0, "I4PMSOV": 0.0, "I4PMHV2": 0.0, "I4PMHV3": 0.0, "I4PMCV": 0.0, "I4PMTRK": 0.0, "I4PMAPX": 0.0, "I4PMVOL": 0.0, "I4PMVMT": 0.0, "I4PMFFSPD": 63, "PMHRLKCAP": 1900, "PMHRLNCAP": 1900, "I4PMVC": 0.0, "I4PMVDF": 1.0, "I4PMSPD": 63.0, "I4NTSOV": 0.0, "I4NTHV2": 0.0, "I4NTHV3": 0.0, "I4NTCV": 0.0, "I4NTTRK": 0.0, "I4NTAPX": 0.0, "I4NTVOL": 0.0, "I4NTVMT": 0.0, "I4NTFFSPD": 63, "NTHRLKCAP": 1900, "NTHRLNCAP": 1900, "I4NTVC": 0.0, "I4NTVDF": 1.0, "I4NTSPD": 63.0, "I424VOL": 4998.63281, "TVOL00": 5, "TVMT00": 1.4, "ID": 0, "AADT_2023": 0, "AWDT_2023": 0, "MD210": 0, "CNT2LOADDIF": 0.0, "ABSNCTDIFF": 0.0, "CNT2LOADPCT": 0.0, "ABSPCTDIFF": 0.0, "MD210U": 0, "LOAD1": 4998.63281, "LOAD2": 0.0, "LOADGRW": -4998.63281, "ABSGRW": 4998.63281, "PRCGRW": -1.0, "PRCANLGRW": -4.5454545 }, "geometry": { "type": "LineString", "coordinates": [ [ -77.17131189258572, 39.080930625663441 ], [ -77.170583386912497, 39.079851515531217 ], [ -77.170103386303367, 39.079191516155035 ], [ -77.169463386090754, 39.078361515794981 ], [ -77.168672036867335, 39.077400797428297 ] ] } },
{ "type": "Feature", "properties": { "A": 22920, "B": 22919, "SUBAREA": 0, "FFSNEW": 0, "CPENEW": 0, "CPEFAC": 0, "TIMEPEN": 0, "DISTANCE": 0.01, "SPDCLASS": 12, "CAPCLASS": 12, "JUR": 1, "SCREEN": 0, "FTYPE": 1, "TOLL": 0, "TOLLGRP": 0, "AMLANE": 1, "AMLIMIT": 0, "PMLANE": 1, "PMLIMIT": 9, "OPLANE": 1, "OPLIMIT": 9, "EDGEID": 22900000000, "LINKID": 32167, "NETYEAR": 2020, "SHAPE_LENG": 9.9, "PROJECTID": "NA", "TAZ": 712, "ATYPE": 2, "MDLANE": 1, "MDLIMIT": 9, "NTLANE": 1, "NTLIMIT": 9, "DEFLATIONFT": 0.8011, "AMTOLL": 0.0, "PMTOLL": 0.0, "OPTOLL": 0.0, "AMTOLL_VP": 0.0, "PMTOLL_VP": 0.0, "OPTOLL_VP": 0.0, "AMHTIME": 0.01927, "PMHTIME": 0.01927, "OPHTIME": 0.01328, "MDTOLL": 0.0, "MDTOLL_VP": 0.0, "MDHTIME": 0.01328, "NTTOLL": 0.0, "NTTOLL_VP": 0.0, "NTHTIME": 0.01328, "LINKAB": 2292022919, "TURNPENI": "TURNPEN.PEN", "I4AMSOV": 0.0, "I4AMHV2": 692.07404, "I4AMHV3": 0.0, "I4AMCV": 0.0, "I4AMTRK": 0.0, "I4AMAPX": 44.34078, "I4AMVOL": 736.41486, "I4AMVMT": 7.36415, "I4AMFFSPD": 63, "AMHRLKCAP": 1900, "AMHRLNCAP": 1900, "I4AMVC": 0.16162, "I4AMVDF": 1.00708, "I4AMSPD": 62.55702, "COMP": 0, "I4MDSOV": 0.0, "I4MDHV2": 0.0, "I4MDHV3": 0.0, "I4MDCV": 0.0, "I4MDTRK": 0.0, "I4MDAPX": 0.0, "I4MDVOL": 0.0, "I4MDVMT": 0.0, "I4MDFFSPD": 63, "MDHRLKCAP": 1900, "MDHRLNCAP": 1900, "I4MDVC": 0.0, "I4MDVDF": 1.0, "I4MDSPD": 63.0, "I4PMSOV": 0.0, "I4PMHV2": 0.0, "I4PMHV3": 0.0, "I4PMCV": 0.0, "I4PMTRK": 0.0, "I4PMAPX": 0.0, "I4PMVOL": 0.0, "I4PMVMT": 0.0, "I4PMFFSPD": 63, "PMHRLKCAP": 1900, "PMHRLNCAP": 1900, "I4PMVC": 0.0, "I4PMVDF": 1.0, "I4PMSPD": 63.0, "I4NTSOV": 0.0, "I4NTHV2": 0.0, "I4NTHV3": 0.0, "I4NTCV": 0.0, "I4NTTRK": 0.0, "I4NTAPX": 0.0, "I4NTVOL": 0.0, "I4NTVMT": 0.0, "I4NTFFSPD": 63, "NTHRLKCAP": 1900, "NTHRLNCAP": 1900, "I4NTVC": 0.0, "I4NTVDF": 1.0, "I4NTSPD": 63.0, "I424VOL": 736.41486, "TVOL00": 1, "TVMT00": 0.01, "ID": 0, "AADT_2023": 0, "AWDT_2023": 0, "MD210": 0, "CNT2LOADDIF": 0.0, "ABSNCTDIFF": 0.0, "CNT2LOADPCT": 0.0, "ABSPCTDIFF": 0.0, "MD210U": 0, "LOAD1": 736.41486, "LOAD2": 0.0, "LOADGRW": -736.41486, "ABSGRW": 736.41486, "PRCGRW": -1.0, "PRCANLGRW": -4.5454545 }, "geometry": { "type": "LineString", "coordinates": [ [ -77.171336505407453, 39.080911370073999 ], [ -77.17131189258572, 39.080930625663441 ] ] } },
{ "type": "Feature", "properties": { "A": 22921, "B": 22923, "SUBAREA": 0, "FFSNEW": 0, "CPENEW": 0, "CPEFAC": 0, "TIMEPEN": 0, "DISTANCE": 0.09, "SPDCLASS": 13, "CAPCLASS": 13, "JUR": 1, "SCREEN": 0, "FTYPE": 1, "TOLL": 0, "TOLLGRP": 0, "AMLANE": 1, "AMLIMIT": 9, "PMLANE": 1, "PMLIMIT": 2, "OPLANE": 1, "OPLIMIT": 9, "EDGEID": 22900000000, "LINKID": 68723, "NETYEAR": 2020, "SHAPE_LENG": 474.14, "PROJECTID": "NA", "TAZ": 723, "ATYPE": 3, "MDLANE": 1, "MDLIMIT": 9, "NTLANE": 1, "NTLIMIT": 9, "DEFLATIONFT": 0.8011, "AMTOLL": 0.0, "PMTOLL": 0.0, "OPTOLL": 0.0, "AMTOLL_VP": 0.0, "PMTOLL_VP": 0.0, "OPTOLL_VP": 0.0, "AMHTIME": 0.13383, "PMHTIME": 0.13383, "OPHTIME": 0.10297, "MDTOLL": 0.0, "MDTOLL_VP": 0.0, "MDHTIME": 0.10297, "NTTOLL": 0.0, "NTTOLL_VP": 0.0, "NTHTIME": 0.10297, "LINKAB": 2292122923, "TURNPENI": "TURNPEN.PEN", "I4AMSOV": 0.0, "I4AMHV2": 0.0, "I4AMHV3": 0.0, "I4AMCV": 0.0, "I4AMTRK": 0.0, "I4AMAPX": 0.0, "I4AMVOL": 0.0, "I4AMVMT": 0.0, "I4AMFFSPD": 69, "AMHRLKCAP": 2000, "AMHRLNCAP": 2000, "I4AMVC": 0.0, "I4AMVDF": 1.0, "I4AMSPD": 69.0, "COMP": 0, "I4MDSOV": 0.0, "I4MDHV2": 0.0, "I4MDHV3": 0.0, "I4MDCV": 0.0, "I4MDTRK": 0.0, "I4MDAPX": 0.0, "I4MDVOL": 0.0, "I4MDVMT": 0.0, "I4MDFFSPD": 69, "MDHRLKCAP": 2000, "MDHRLNCAP": 2000, "I4MDVC": 0.0, "I4MDVDF": 1.0, "I4MDSPD": 69.0, "I4PMSOV": 0.0, "I4PMHV2": 4850.79932, "I4PMHV3": 298.93103, "I4PMCV": 0.0, "I4PMTRK": 0.0, "I4PMAPX": 1023.06824, "I4PMVOL": 6172.79883, "I4PMVMT": 555.55188, "I4PMFFSPD": 69, "PMHRLKCAP": 2000, "PMHRLNCAP": 2000, "I4PMVC": 0.9074, "I4PMVDF": 1.33977, "I4PMSPD": 51.5013, "I4NTSOV": 0.0, "I4NTHV2": 0.0, "I4NTHV3": 0.0, "I4NTCV": 0.0, "I4NTTRK": 0.0, "I4NTAPX": 0.0, "I4NTVOL": 0.0, "I4NTVMT": 0.0, "I4NTFFSPD": 69, "NTHRLKCAP": 2000, "NTHRLNCAP": 2000, "I4NTVC": 0.0, "I4NTVDF": 1.0, "I4NTSPD": 69.0, "I424VOL": 6172.79883, "TVOL00": 6, "TVMT00": 0.54, "ID": 0, "AADT_2023": 0, "AWDT_2023": 0, "MD210": 0, "CNT2LOADDIF": 0.0, "ABSNCTDIFF": 0.0, "CNT2LOADPCT": 0.0, "ABSPCTDIFF": 0.0, "MD210U": 0, "LOAD1": 6172.79883, "LOAD2": 0.0, "LOADGRW": -6172.79883, "ABSGRW": 6172.79883, "PRCGRW": -1.0, "PRCANLGRW": -4.5454545 }, "geometry": { "type": "LineString", "coordinates": [ [ -77.173293335682658, 39.085952257215595 ], [ -77.173301556343176, 39.085979835523112 ], [ -77.173712124103844, 39.087211891061841 ] ] } },
{ "type": "Feature", "properties": { "A": 22922, "B": 22919, "SUBAREA": 0, "FFSNEW": 0, "CPENEW": 0, "CPEFAC": 0, "TIMEPEN": 0, "DISTANCE": 0.37, "SPDCLASS": 12, "CAPCLASS": 12, "JUR": 1, "SCREEN": 0, "FTYPE": 1, "TOLL": 0, "TOLLGRP": 0, "AMLANE": 1, "AMLIMIT": 2, "PMLANE": 1, "PMLIMIT": 9, "OPLANE": 1, "OPLIMIT": 9, "EDGEID": 22900000000, "LINKID": 67682, "NETYEAR": 2020, "SHAPE_LENG": 1978.95, "PROJECTID": "NA", "TAZ": 712, "ATYPE": 2, "MDLANE": 1, "MDLIMIT": 9, "NTLANE": 1, "NTLIMIT": 9, "DEFLATIONFT": 0.8011, "AMTOLL": 0.0, "PMTOLL": 0.0, "OPTOLL": 0.0, "AMTOLL_VP": 0.0, "PMTOLL_VP": 0.0, "OPTOLL_VP": 0.0, "AMHTIME": 0.71314, "PMHTIME": 0.71314, "OPHTIME": 0.49126, "MDTOLL": 0.0, "MDTOLL_VP": 0.0, "MDHTIME": 0.49126, "NTTOLL": 0.0, "NTTOLL_VP": 0.0, "NTHTIME": 0.49126, "LINKAB": 2292222919, "TURNPENI": "TURNPEN.PEN", "I4AMSOV": 0.0, "I4AMHV2": 3642.90747, "I4AMHV3": 472.49594, "I4AMCV": 0.0, "I4AMTRK": 0.0, "I4AMAPX": 146.8145, "I4AMVOL": 4262.21777, "I4AMVMT": 1577.02063, "I4AMFFSPD": 63, "AMHRLKCAP": 1900, "AMHRLNCAP": 1900, "I4AMVC": 0.93544, "I4AMVDF": 1.53972, "I4AMSPD": 40.91652, "COMP": 0, "I4MDSOV": 0.0, "I4MDHV2": 0.0, "I4MDHV3": 0.0, "I4MDCV": 0.0, "I4MDTRK": 0.0, "I4MDAPX": 0.0, "I4MDVOL": 0.0, "I4MDVMT": 0.0, "I4MDFFSPD": 63, "MDHRLKCAP": 1900, "MDHRLNCAP": 1900, "I4MDVC": 0.0, "I4MDVDF": 1.0, "I4MDSPD": 63.0, "I4PMSOV": 0.0, "I4PMHV2": 0.0, "I4PMHV3": 0.0, "I4PMCV": 0.0, "I4PMTRK": 0.0, "I4PMAPX": 0.0, "I4PMVOL": 0.0, "I4PMVMT": 0.0, "I4PMFFSPD": 63, "PMHRLKCAP": 1900, "PMHRLNCAP": 1900, "I4PMVC": 0.0, "I4PMVDF": 1.0, "I4PMSPD": 63.0, "I4NTSOV": 0.0, "I4NTHV2": 0.0, "I4NTHV3": 0.0, "I4NTCV": 0.0, "I4NTTRK": 0.0, "I4NTAPX": 0.0, "I4NTVOL": 0.0, "I4NTVMT": 0.0, "I4NTFFSPD": 63, "NTHRLKCAP": 1900, "NTHRLNCAP": 1900, "I4NTVC": 0.0, "I4NTVDF": 1.0, "I4NTSPD": 63.0, "I424VOL": 4262.21777, "TVOL00": 4, "TVMT00": 1.48, "ID": 0, "AADT_2023": 0, "AWDT_2023": 0, "MD210": 0, "CNT2LOADDIF": 0.0, "ABSNCTDIFF": 0.0, "CNT2LOADPCT": 0.0, "ABSPCTDIFF": 0.0, "MD210U": 0, "LOAD1": 4262.21777, "LOAD2": 0.0, "LOADGRW": -4262.21777, "ABSGRW": 4262.21777, "PRCGRW": -1.0, "PRCANLGRW": -4.5454545 }, "geometry": { "type": "LineString", "coordinates": [ [ -77.17355430393394, 39.086061696921455 ], [ -77.173543218148552, 39.08603440469502 ], [ -77.173493383916707, 39.085901514309334 ], [ -77.173043384750827, 39.084571514176616 ], [ -77.172653383974819, 39.083451515153449 ], [ -77.172153384202147, 39.082361514875615 ], [ -77.171753384743795, 39.081631514829823 ], [ -77.17131189258572, 39.080930625663441 ] ] } },
{ "type": "Feature", "properties": { "A": 22923, "B": 22926, "SUBAREA": 0, "FFSNEW": 0, "CPENEW": 0, "CPEFAC": 0, "TIMEPEN": 0, "DISTANCE": 0.7, "SPDCLASS": 13, "CAPCLASS": 13, "JUR": 1, "SCREEN": 8, "FTYPE": 1, "TOLL": 0, "TOLLGRP": 0, "AMLANE": 1, "AMLIMIT": 9, "PMLANE": 1, "PMLIMIT": 2, "OPLANE": 1, "OPLIMIT": 9, "EDGEID": 22900000000, "LINKID": 29076, "NETYEAR": 2020, "SHAPE_LENG": 3694.11, "PROJECTID": "NA", "TAZ": 723, "ATYPE": 3, "MDLANE": 1, "MDLIMIT": 9, "NTLANE": 1, "NTLIMIT": 9, "DEFLATIONFT": 0.8011, "AMTOLL": 0.0, "PMTOLL": 0.0, "OPTOLL": 0.0, "AMTOLL_VP": 0.0, "PMTOLL_VP": 0.0, "OPTOLL_VP": 0.0, "AMHTIME": 1.04089, "PMHTIME": 1.04089, "OPHTIME": 0.80092, "MDTOLL": 0.0, "MDTOLL_VP": 0.0, "MDHTIME": 0.80092, "NTTOLL": 0.0, "NTTOLL_VP": 0.0, "NTHTIME": 0.80092, "LINKAB": 2292322926, "TURNPENI": "TURNPEN.PEN", "I4AMSOV": 0.0, "I4AMHV2": 0.0, "I4AMHV3": 0.0, "I4AMCV": 0.0, "I4AMTRK": 0.0, "I4AMAPX": 0.0, "I4AMVOL": 0.0, "I4AMVMT": 0.0, "I4AMFFSPD": 69, "AMHRLKCAP": 2000, "AMHRLNCAP": 2000, "I4AMVC": 0.0, "I4AMVDF": 1.0, "I4AMSPD": 69.0, "COMP": 0, "I4MDSOV": 0.0, "I4MDHV2": 0.0, "I4MDHV3": 0.0, "I4MDCV": 0.0, "I4MDTRK": 0.0, "I4MDAPX": 0.0, "I4MDVOL": 0.0, "I4MDVMT": 0.0, "I4MDFFSPD": 69, "MDHRLKCAP": 2000, "MDHRLNCAP": 2000, "I4MDVC": 0.0, "I4MDVDF": 1.0, "I4MDSPD": 69.0, "I4PMSOV": 0.0, "I4PMHV2": 4850.79932, "I4PMHV3": 298.93103, "I4PMCV": 0.0, "I4PMTRK": 0.0, "I4PMAPX": 1023.06824, "I4PMVOL": 6172.79883, "I4PMVMT": 4320.95898, "I4PMFFSPD": 69, "PMHRLKCAP": 2000, "PMHRLNCAP": 2000, "I4PMVC": 0.9074, "I4PMVDF": 1.33977, "I4PMSPD": 51.5013, "I4NTSOV": 0.0, "I4NTHV2": 0.0, "I4NTHV3": 0.0, "I4NTCV": 0.0, "I4NTTRK": 0.0, "I4NTAPX": 0.0, "I4NTVOL": 0.0, "I4NTVMT": 0.0, "I4NTFFSPD": 69, "NTHRLKCAP": 2000, "NTHRLNCAP": 2000, "I4NTVC": 0.0, "I4NTVDF": 1.0, "I4NTSPD": 69.0, "I424VOL": 6172.79883, "TVOL00": 6, "TVMT00": 4.2, "ID": 0, "AADT_2023": 0, "AWDT_2023": 0, "MD210": 0, "CNT2LOADDIF": 0.0, "ABSNCTDIFF": 0.0, "CNT2LOADPCT": 0.0, "ABSPCTDIFF": 0.0, "MD210U": 0, "LOAD1": 6172.79883, "LOAD2": 0.0, "LOADGRW": -6172.79883, "ABSGRW": 6172.79883, "PRCGRW": -1.0, "PRCANLGRW": -4.5454545 }, "geometry": { "type": "LineString", "coordinates": [ [ -77.173712124103844, 39.087211891061841 ], [ -77.174092611484411, 39.088333002682631 ], [ -77.174242611506159, 39.088813001493108 ], [ -77.17494261280666, 39.090843001127723 ], [ -77.175122613372366, 39.091383001026067 ], [ -77.175542612893608, 39.092483000885679 ], [ -77.176192612687998, 39.09403300081047 ], [ -77.176852612064195, 39.09563300044276 ], [ -77.177410912393697, 39.096934179754896 ] ] } },
{ "type": "Feature", "properties": { "A": 22924, "B": 22922, "SUBAREA": 0, "FFSNEW": 0, "CPENEW": 0, "CPEFAC": 0, "TIMEPEN": 0, "DISTANCE": 0.09, "SPDCLASS": 13, "CAPCLASS": 13, "JUR": 1, "SCREEN": 0, "FTYPE": 1, "TOLL": 0, "TOLLGRP": 0, "AMLANE": 1, "AMLIMIT": 2, "PMLANE": 1, "PMLIMIT": 9, "OPLANE": 1, "OPLIMIT": 9, "EDGEID": 22900000000, "LINKID": 67967, "NETYEAR": 2020, "SHAPE_LENG": 476.97, "PROJECTID": "NA", "TAZ": 723, "ATYPE": 3, "MDLANE": 1, "MDLIMIT": 9, "NTLANE": 1, "NTLIMIT": 9, "DEFLATIONFT": 0.8011, "AMTOLL": 0.0, "PMTOLL": 0.0, "OPTOLL": 0.0, "AMTOLL_VP": 0.0, "PMTOLL_VP": 0.0, "OPTOLL_VP": 0.0, "AMHTIME": 0.13383, "PMHTIME": 0.13383, "OPHTIME": 0.10297, "MDTOLL": 0.0, "MDTOLL_VP": 0.0, "MDHTIME": 0.10297, "NTTOLL": 0.0, "NTTOLL_VP": 0.0, "NTHTIME": 0.10297, "LINKAB": 2292422922, "TURNPENI": "TURNPEN.PEN", "I4AMSOV": 0.0, "I4AMHV2": 3642.90747, "I4AMHV3": 472.49594, "I4AMCV": 0.0, "I4AMTRK": 0.0, "I4AMAPX": 146.8145, "I4AMVOL": 4262.21777, "I4AMVMT": 383.59961, "I4AMFFSPD": 69, "AMHRLKCAP": 2000, "AMHRLNCAP": 2000, "I4AMVC": 0.88867, "I4AMVDF": 1.27012, "I4AMSPD": 54.32549, "COMP": 0, "I4MDSOV": 0.0, "I4MDHV2": 0.0, "I4MDHV3": 0.0, "I4MDCV": 0.0, "I4MDTRK": 0.0, "I4MDAPX": 0.0, "I4MDVOL": 0.0, "I4MDVMT": 0.0, "I4MDFFSPD": 69, "MDHRLKCAP": 2000, "MDHRLNCAP": 2000, "I4MDVC": 0.0, "I4MDVDF": 1.0, "I4MDSPD": 69.0, "I4PMSOV": 0.0, "I4PMHV2": 0.0, "I4PMHV3": 0.0, "I4PMCV": 0.0, "I4PMTRK": 0.0, "I4PMAPX": 0.0, "I4PMVOL": 0.0, "I4PMVMT": 0.0, "I4PMFFSPD": 69, "PMHRLKCAP": 2000, "PMHRLNCAP": 2000, "I4PMVC": 0.0, "I4PMVDF": 1.0, "I4PMSPD": 69.0, "I4NTSOV": 0.0, "I4NTHV2": 0.0, "I4NTHV3": 0.0, "I4NTCV": 0.0, "I4NTTRK": 0.0, "I4NTAPX": 0.0, "I4NTVOL": 0.0, "I4NTVMT": 0.0, "I4NTFFSPD": 69, "NTHRLKCAP": 2000, "NTHRLNCAP": 2000, "I4NTVC": 0.0, "I4NTVDF": 1.0, "I4NTSPD": 69.0, "I424VOL": 4262.21777, "TVOL00": 4, "TVMT00": 0.36, "ID": 0, "AADT_2023": 0, "AWDT_2023": 0, "MD210": 0, "CNT2LOADDIF": 0.0, "ABSNCTDIFF": 0.0, "CNT2LOADPCT": 0.0, "ABSPCTDIFF": 0.0, "MD210U": 0, "LOAD1": 4262.21777, "LOAD2": 0.0, "LOADGRW": -4262.21777, "ABSGRW": 4262.21777, "PRCGRW": -1.0, "PRCANLGRW": -4.5454545 }, "geometry": { "type": "LineString", "coordinates": [ [ -77.173962555338406, 39.087332328064583 ], [ -77.17355430393394, 39.086061696921455 ] ] } },
{ "type": "Feature", "properties": { "A": 22925, "B": 22926, "SUBAREA": 0, "FFSNEW": 0, "CPENEW": 0, "CPEFAC": 0, "TIMEPEN": 0, "DISTANCE": 0.01, "SPDCLASS": 12, "CAPCLASS": 12, "JUR": 1, "SCREEN": 0, "FTYPE": 1, "TOLL": 0, "TOLLGRP": 0, "AMLANE": 1, "AMLIMIT": 9, "PMLANE": 1, "PMLIMIT": 0, "OPLANE": 1, "OPLIMIT": 9, "EDGEID": 22900000000, "LINKID": 28059, "NETYEAR": 2020, "SHAPE_LENG": 9.9, "PROJECTID": "NA", "TAZ": 721, "ATYPE": 2, "MDLANE": 1, "MDLIMIT": 9, "NTLANE": 1, "NTLIMIT": 9, "DEFLATIONFT": 0.8011, "AMTOLL": 0.0, "PMTOLL": 0.0, "OPTOLL": 0.0, "AMTOLL_VP": 0.0, "PMTOLL_VP": 0.0, "OPTOLL_VP": 0.0, "AMHTIME": 0.01927, "PMHTIME": 0.01927, "OPHTIME": 0.01328, "MDTOLL": 0.0, "MDTOLL_VP": 0.0, "MDHTIME": 0.01328, "NTTOLL": 0.0, "NTTOLL_VP": 0.0, "NTHTIME": 0.01328, "LINKAB": 2292522926, "TURNPENI": "TURNPEN.PEN", "I4AMSOV": 0.0, "I4AMHV2": 0.0, "I4AMHV3": 0.0, "I4AMCV": 0.0, "I4AMTRK": 0.0, "I4AMAPX": 0.0, "I4AMVOL": 0.0, "I4AMVMT": 0.0, "I4AMFFSPD": 63, "AMHRLKCAP": 1900, "AMHRLNCAP": 1900, "I4AMVC": 0.0, "I4AMVDF": 1.0, "I4AMSPD": 63.0, "COMP": 0, "I4MDSOV": 0.0, "I4MDHV2": 0.0, "I4MDHV3": 0.0, "I4MDCV": 0.0, "I4MDTRK": 0.0, "I4MDAPX": 0.0, "I4MDVOL": 0.0, "I4MDVMT": 0.0, "I4MDFFSPD": 63, "MDHRLKCAP": 1900, "MDHRLNCAP": 1900, "I4MDVC": 0.0, "I4MDVDF": 1.0, "I4MDSPD": 63.0, "I4PMSOV": 0.0, "I4PMHV2": 504.01553, "I4PMHV3": 0.0, "I4PMCV": 0.0, "I4PMTRK": 0.0, "I4PMAPX": 95.49653, "I4PMVOL": 599.51208, "I4PMVMT": 5.99512, "I4PMFFSPD": 63, "PMHRLKCAP": 1900, "PMHRLNCAP": 1900, "I4PMVC": 0.09277, "I4PMVDF": 1.00371, "I4PMSPD": 62.76709, "I4NTSOV": 0.0, "I4NTHV2": 0.0, "I4NTHV3": 0.0, "I4NTCV": 0.0, "I4NTTRK": 0.0, "I4NTAPX": 0.0, "I4NTVOL": 0.0, "I4NTVMT": 0.0, "I4NTFFSPD": 63, "NTHRLKCAP": 1900, "NTHRLNCAP": 1900, "I4NTVC": 0.0, "I4NTVDF": 1.0, "I4NTSPD": 63.0, "I424VOL": 599.51208, "TVOL00": 1, "TVMT00": 0.01, "ID": 0, "AADT_2023": 0, "AWDT_2023": 0, "MD210": 0, "CNT2LOADDIF": 0.0, "ABSNCTDIFF": 0.0, "CNT2LOADPCT": 0.0, "ABSPCTDIFF": 0.0, "MD210U": 0, "LOAD1": 599.51208, "LOAD2": 0.0, "LOADGRW": -599.51208, "ABSGRW": 599.51208, "PRCGRW": -1.0, "PRCANLGRW": -4.5454545 }, "geometry": { "type": "LineString", "coordinates": [ [ -77.177386295672363, 39.096953436547722 ], [ -77.177410912393697, 39.096934179754896 ] ] } },
{ "type": "Feature", "properties": { "A": 22926, "B": 22930, "SUBAREA": 0, "FFSNEW": 0, "CPENEW": 0, "CPEFAC": 0, "TIMEPEN": 0, "DISTANCE": 0.75, "SPDCLASS": 12, "CAPCLASS": 12, "JUR": 1, "SCREEN": 0, "FTYPE": 1, "TOLL": 0, "TOLLGRP": 0, "AMLANE": 1, "AMLIMIT": 9, "PMLANE": 1, "PMLIMIT": 2, "OPLANE": 1, "OPLIMIT": 9, "EDGEID": 22900000000, "LINKID": 67968, "NETYEAR": 2020, "SHAPE_LENG": 3941.69, "PROJECTID": "NA", "TAZ": 722, "ATYPE": 2, "MDLANE": 1, "MDLIMIT": 9, "NTLANE": 1, "NTLIMIT": 9, "DEFLATIONFT": 0.8011, "AMTOLL": 0.0, "PMTOLL": 0.0, "OPTOLL": 0.0, "AMTOLL_VP": 0.0, "PMTOLL_VP": 0.0, "OPTOLL_VP": 0.0, "AMHTIME": 1.44555, "PMHTIME": 1.44555, "OPHTIME": 0.9958, "MDTOLL": 0.0, "MDTOLL_VP": 0.0, "MDHTIME": 0.9958, "NTTOLL": 0.0, "NTTOLL_VP": 0.0, "NTHTIME": 0.9958, "LINKAB": 2292622930, "TURNPENI": "TURNPEN.PEN", "I4AMSOV": 0.0, "I4AMHV2": 0.0, "I4AMHV3": 0.0, "I4AMCV": 0.0, "I4AMTRK": 0.0, "I4AMAPX": 0.0, "I4AMVOL": 0.0, "I4AMVMT": 0.0, "I4AMFFSPD": 63, "AMHRLKCAP": 1900, "AMHRLNCAP": 1900, "I4AMVC": 0.0, "I4AMVDF": 1.0, "I4AMSPD": 63.0, "COMP": 0, "I4MDSOV": 0.0, "I4MDHV2": 0.0, "I4MDHV3": 0.0, "I4MDCV": 0.0, "I4MDTRK": 0.0, "I4MDAPX": 0.0, "I4MDVOL": 0.0, "I4MDVMT": 0.0, "I4MDFFSPD": 63, "MDHRLKCAP": 1900, "MDHRLNCAP": 1900, "I4MDVC": 0.0, "I4MDVDF": 1.0, "I4MDSPD": 63.0, "I4PMSOV": 0.0, "I4PMHV2": 5354.81494, "I4PMHV3": 298.93103, "I4PMCV": 0.0, "I4PMTRK": 0.0, "I4PMAPX": 1118.5647, "I4PMVOL": 6772.31055, "I4PMVMT": 5079.23291, "I4PMFFSPD": 63, "PMHRLKCAP": 1900, "PMHRLNCAP": 1900, "I4PMVC": 1.04793, "I4PMVDF": 3.09607, "I4PMSPD": 20.3484, "I4NTSOV": 0.0, "I4NTHV2": 0.0, "I4NTHV3": 0.0, "I4NTCV": 0.0, "I4NTTRK": 0.0, "I4NTAPX": 0.0, "I4NTVOL": 0.0, "I4NTVMT": 0.0, "I4NTFFSPD": 63, "NTHRLKCAP": 1900, "NTHRLNCAP": 1900, "I4NTVC": 0.0, "I4NTVDF": 1.0, "I4NTSPD": 63.0, "I424VOL": 6772.31055, "TVOL00": 7, "TVMT00": 5.25, "ID": 0, "AADT_2023": 0, "AWDT_2023": 0, "MD210": 0, "CNT2LOADDIF": 0.0, "ABSNCTDIFF": 0.0, "CNT2LOADPCT": 0.0, "ABSPCTDIFF": 0.0, "MD210U": 0, "LOAD1": 6772.31055, "LOAD2": 0.0, "LOADGRW": -6772.31055, "ABSGRW": 6772.31055, "PRCGRW": -1.0, "PRCANLGRW": -4.5454545 }, "geometry": { "type": "LineString", "coordinates": [ [ -77.177410912393697, 39.096934179754896 ], [ -77.178272612929391, 39.098972998348565 ], [ -77.179192612223346, 39.101032999426458 ], [ -77.179242612830137, 39.101132998841415 ], [ -77.179247608574101, 39.101142385084266 ], [ -77.1795726125182, 39.10175299719252 ], [ -77.180232612793702, 39.10280299824398 ], [ -77.181222611857947, 39.104232996892371 ], [ -77.181832612425978, 39.105012996645648 ], [ -77.182182612176916, 39.105432997066188 ], [ -77.182882612578112, 39.106232996882319 ], [ -77.18328154685382, 39.106672172861046 ] ] } },
{ "type": "Feature", "properties": { "A": 22927, "B": 22924, "SUBAREA": 0, "FFSNEW": 0, "CPENEW": 0, "CPEFAC": 0, "TIMEPEN": 0, "DISTANCE": 0.69, "SPDCLASS": 13, "CAPCLASS": 13, "JUR": 1, "SCREEN": 8, "FTYPE": 1, "TOLL": 0, "TOLLGRP": 0, "AMLANE": 1, "AMLIMIT": 2, "PMLANE": 1, "PMLIMIT": 9, "OPLANE": 1, "OPLIMIT": 9, "EDGEID": 22900000000, "LINKID": 67970, "NETYEAR": 2020, "SHAPE_LENG": 3661.11, "PROJECTID": "NA", "TAZ": 723, "ATYPE": 3, "MDLANE": 1, "MDLIMIT": 9, "NTLANE": 1, "NTLIMIT": 9, "DEFLATIONFT": 0.8011, "AMTOLL": 0.0, "PMTOLL": 0.0, "OPTOLL": 0.0, "AMTOLL_VP": 0.0, "PMTOLL_VP": 0.0, "OPTOLL_VP": 0.0, "AMHTIME": 1.02602, "PMHTIME": 1.02602, "OPHTIME": 0.78947, "MDTOLL": 0.0, "MDTOLL_VP": 0.0, "MDHTIME": 0.78947, "NTTOLL": 0.0, "NTTOLL_VP": 0.0, "NTHTIME": 0.78947, "LINKAB": 2292722924, "TURNPENI": "TURNPEN.PEN", "I4AMSOV": 0.0, "I4AMHV2": 3642.90747, "I4AMHV3": 472.49594, "I4AMCV": 0.0, "I4AMTRK": 0.0, "I4AMAPX": 146.8145, "I4AMVOL": 4262.21777, "I4AMVMT": 2940.93042, "I4AMFFSPD": 69, "AMHRLKCAP": 2000, "AMHRLNCAP": 2000, "I4AMVC": 0.88867, "I4AMVDF": 1.27012, "I4AMSPD": 54.32549, "COMP": 0, "I4MDSOV": 0.0, "I4MDHV2": 0.0, "I4MDHV3": 0.0, "I4MDCV": 0.0, "I4MDTRK": 0.0, "I4MDAPX": 0.0, "I4MDVOL": 0.0, "I4MDVMT": 0.0, "I4MDFFSPD": 69, "MDHRLKCAP": 2000, "MDHRLNCAP": 2000, "I4MDVC": 0.0, "I4MDVDF": 1.0, "I4MDSPD": 69.0, "I4PMSOV": 0.0, "I4PMHV2": 0.0, "I4PMHV3": 0.0, "I4PMCV": 0.0, "I4PMTRK": 0.0, "I4PMAPX": 0.0, "I4PMVOL": 0.0, "I4PMVMT": 0.0, "I4PMFFSPD": 69, "PMHRLKCAP": 2000, "PMHRLNCAP": 2000, "I4PMVC": 0.0, "I4PMVDF": 1.0, "I4PMSPD": 69.0, "I4NTSOV": 0.0, "I4NTHV2": 0.0, "I4NTHV3": 0.0, "I4NTCV": 0.0, "I4NTTRK": 0.0, "I4NTAPX": 0.0, "I4NTVOL": 0.0, "I4NTVMT": 0.0, "I4NTFFSPD": 69, "NTHRLKCAP": 2000, "NTHRLNCAP": 2000, "I4NTVC": 0.0, "I4NTVDF": 1.0, "I4NTSPD": 69.0, "I424VOL": 4262.21777, "TVOL00": 4, "TVMT00": 2.76, "ID": 0, "AADT_2023": 0, "AWDT_2023": 0, "MD210": 0, "CNT2LOADDIF": 0.0, "ABSNCTDIFF": 0.0, "CNT2LOADPCT": 0.0, "ABSPCTDIFF": 0.0, "MD210U": 0, "LOAD1": 4262.21777, "LOAD2": 0.0, "LOADGRW": -4262.21777, "ABSGRW": 4262.21777, "PRCGRW": -1.0, "PRCANLGRW": -4.5454545 }, "geometry": { "type": "LineString", "coordinates": [ [ -77.177643533356431, 39.096961283703344 ], [ -77.176293380125514, 39.093781513892161 ], [ -77.175773381189288, 39.092531513111524 ], [ -77.175363382149158, 39.091471513377648 ], [ -77.175153381039536, 39.090891514252903 ], [ -77.174453382436994, 39.08878151436685 ], [ -77.173962555338406, 39.087332328064583 ] ] } },
{ "type": "Feature", "properties": { "A": 22927, "B": 22928, "SUBAREA": 0, "FFSNEW": 0, "CPENEW": 0, "CPEFAC": 0, "TIMEPEN": 0, "DISTANCE": 0.01, "SPDCLASS": 12, "CAPCLASS": 12, "JUR": 1, "SCREEN": 0, "FTYPE": 1, "TOLL": 0, "TOLLGRP": 0, "AMLANE": 1, "AMLIMIT": 0, "PMLANE": 1, "PMLIMIT": 9, "OPLANE": 1, "OPLIMIT": 9, "EDGEID": 22900000000, "LINKID": 65627, "NETYEAR": 2020, "SHAPE_LENG": 9.9, "PROJECTID": "NA", "TAZ": 721, "ATYPE": 2, "MDLANE": 1, "MDLIMIT": 9, "NTLANE": 1, "NTLIMIT": 9, "DEFLATIONFT": 0.8011, "AMTOLL": 0.0, "PMTOLL": 0.0, "OPTOLL": 0.0, "AMTOLL_VP": 0.0, "PMTOLL_VP": 0.0, "OPTOLL_VP": 0.0, "AMHTIME": 0.01927, "PMHTIME": 0.01927, "OPHTIME": 0.01328, "MDTOLL": 0.0, "MDTOLL_VP": 0.0, "MDHTIME": 0.01328, "NTTOLL": 0.0, "NTTOLL_VP": 0.0, "NTHTIME": 0.01328, "LINKAB": 2292722928, "TURNPENI": "TURNPEN.PEN", "I4AMSOV": 0.0, "I4AMHV2": 130.15866, "I4AMHV3": 0.0, "I4AMCV": 0.0, "I4AMTRK": 0.0, "I4AMAPX": 0.32272, "I4AMVOL": 130.48138, "I4AMVMT": 1.30481, "I4AMFFSPD": 63, "AMHRLKCAP": 1900, "AMHRLNCAP": 1900, "I4AMVC": 0.02864, "I4AMVDF": 1.00115, "I4AMSPD": 62.92792, "COMP": 0, "I4MDSOV": 0.0, "I4MDHV2": 0.0, "I4MDHV3": 0.0, "I4MDCV": 0.0, "I4MDTRK": 0.0, "I4MDAPX": 0.0, "I4MDVOL": 0.0, "I4MDVMT": 0.0, "I4MDFFSPD": 63, "MDHRLKCAP": 1900, "MDHRLNCAP": 1900, "I4MDVC": 0.0, "I4MDVDF": 1.0, "I4MDSPD": 63.0, "I4PMSOV": 0.0, "I4PMHV2": 0.0, "I4PMHV3": 0.0, "I4PMCV": 0.0, "I4PMTRK": 0.0, "I4PMAPX": 0.0, "I4PMVOL": 0.0, "I4PMVMT": 0.0, "I4PMFFSPD": 63, "PMHRLKCAP": 1900, "PMHRLNCAP": 1900, "I4PMVC": 0.0, "I4PMVDF": 1.0, "I4PMSPD": 63.0, "I4NTSOV": 0.0, "I4NTHV2": 0.0, "I4NTHV3": 0.0, "I4NTCV": 0.0, "I4NTTRK": 0.0, "I4NTAPX": 0.0, "I4NTVOL": 0.0, "I4NTVMT": 0.0, "I4NTFFSPD": 63, "NTHRLKCAP": 1900, "NTHRLNCAP": 1900, "I4NTVC": 0.0, "I4NTVDF": 1.0, "I4NTSPD": 63.0, "I424VOL": 130.48138, "TVOL00": 0, "TVMT00": 0.0, "ID": 0, "AADT_2023": 0, "AWDT_2023": 0, "MD210": 0, "CNT2LOADDIF": 0.0, "ABSNCTDIFF": 0.0, "CNT2LOADPCT": 0.0, "ABSPCTDIFF": 0.0, "MD210U": 0, "LOAD1": 130.48138, "LOAD2": 0.0, "LOADGRW": -130.48138, "ABSGRW": 130.48138, "PRCGRW": -1.0, "PRCANLGRW": -4.5454545 }, "geometry": { "type": "LineString", "coordinates": [ [ -77.177643533356431, 39.096961283703344 ], [ -77.177668150010831, 39.096942026856517 ] ] } },
{ "type": "Feature", "properties": { "A": 22930, "B": 22929, "SUBAREA": 0, "FFSNEW": 0, "CPENEW": 0, "CPEFAC": 0, "TIMEPEN": 0, "DISTANCE": 0.01, "SPDCLASS": 12, "CAPCLASS": 12, "JUR": 1, "SCREEN": 0, "FTYPE": 1, "TOLL": 0, "TOLLGRP": 0, "AMLANE": 1, "AMLIMIT": 9, "PMLANE": 1, "PMLIMIT": 0, "OPLANE": 1, "OPLIMIT": 9, "EDGEID": 22900000000, "LINKID": 58036, "NETYEAR": 2020, "SHAPE_LENG": 9.9, "PROJECTID": "NA", "TAZ": 735, "ATYPE": 2, "MDLANE": 1, "MDLIMIT": 9, "NTLANE": 1, "NTLIMIT": 9, "DEFLATIONFT": 0.8011, "AMTOLL": 0.0, "PMTOLL": 0.0, "OPTOLL": 0.0, "AMTOLL_VP": 0.0, "PMTOLL_VP": 0.0, "OPTOLL_VP": 0.0, "AMHTIME": 0.01927, "PMHTIME": 0.01927, "OPHTIME": 0.01328, "MDTOLL": 0.0, "MDTOLL_VP": 0.0, "MDHTIME": 0.01328, "NTTOLL": 0.0, "NTTOLL_VP": 0.0, "NTHTIME": 0.01328, "LINKAB": 2293022929, "TURNPENI": "TURNPEN.PEN", "I4AMSOV": 0.0, "I4AMHV2": 0.0, "I4AMHV3": 0.0, "I4AMCV": 0.0, "I4AMTRK": 0.0, "I4AMAPX": 0.0, "I4AMVOL": 0.0, "I4AMVMT": 0.0, "I4AMFFSPD": 63, "AMHRLKCAP": 1900, "AMHRLNCAP": 1900, "I4AMVC": 0.0, "I4AMVDF": 1.0, "I4AMSPD": 63.0, "COMP": 0, "I4MDSOV": 0.0, "I4MDHV2": 0.0, "I4MDHV3": 0.0, "I4MDCV": 0.0, "I4MDTRK": 0.0, "I4MDAPX": 0.0, "I4MDVOL": 0.0, "I4MDVMT": 0.0, "I4MDFFSPD": 63, "MDHRLKCAP": 1900, "MDHRLNCAP": 1900, "I4MDVC": 0.0, "I4MDVDF": 1.0, "I4MDSPD": 63.0, "I4PMSOV": 0.0, "I4PMHV2": 828.90112, "I4PMHV3": 59.73293, "I4PMCV": 0.0, "I4PMTRK": 0.0, "I4PMAPX": 207.08887, "I4PMVOL": 1095.7229, "I4PMVMT": 10.95723, "I4PMFFSPD": 63, "PMHRLKCAP": 1900, "PMHRLNCAP": 1900, "I4PMVC": 0.16955, "I4PMVDF": 1.00748, "I4PMSPD": 62.53242, "I4NTSOV": 0.0, "I4NTHV2": 0.0, "I4NTHV3": 0.0, "I4NTCV": 0.0, "I4NTTRK": 0.0, "I4NTAPX": 0.0, "I4NTVOL": 0.0, "I4NTVMT": 0.0, "I4NTFFSPD": 63, "NTHRLKCAP": 1900, "NTHRLNCAP": 1900, "I4NTVC": 0.0, "I4NTVDF": 1.0, "I4NTSPD": 63.0, "I424VOL": 1095.7229, "TVOL00": 1, "TVMT00": 0.01, "ID": 0, "AADT_2023": 0, "AWDT_2023": 0, "MD210": 0, "CNT2LOADDIF": 0.0, "ABSNCTDIFF": 0.0, "CNT2LOADPCT": 0.0, "ABSPCTDIFF": 0.0, "MD210U": 0, "LOAD1": 1095.7229, "LOAD2": 0.0, "LOADGRW": -1095.7229, "ABSGRW": 1095.7229, "PRCGRW": -1.0, "PRCANLGRW": -4.5454545 }, "geometry": { "type": "LineString", "coordinates": [ [ -77.18328154685382, 39.106672172861046 ], [ -77.183256928351625, 39.106691430842254 ] ] } },
{ "type": "Feature", "properties": { "A": 22930, "B": 22933, "SUBAREA": 0, "FFSNEW": 0, "CPENEW": 0, "CPEFAC": 0, "TIMEPEN": 0, "DISTANCE": 0.16, "SPDCLASS": 12, "CAPCLASS": 12, "JUR": 1, "SCREEN": 0, "FTYPE": 1, "TOLL": 0, "TOLLGRP": 0, "AMLANE": 1, "AMLIMIT": 9, "PMLANE": 1, "PMLIMIT": 2, "OPLANE": 1, "OPLIMIT": 9, "EDGEID": 22900000000, "LINKID": 67972, "NETYEAR": 2020, "SHAPE_LENG": 843.5, "PROJECTID": "NA", "TAZ": 734, "ATYPE": 2, "MDLANE": 1, "MDLIMIT": 9, "NTLANE": 1, "NTLIMIT": 9, "DEFLATIONFT": 0.8011, "AMTOLL": 0.0, "PMTOLL": 0.0, "OPTOLL": 0.0, "AMTOLL_VP": 0.0, "PMTOLL_VP": 0.0, "OPTOLL_VP": 0.0, "AMHTIME": 0.30838, "PMHTIME": 0.30838, "OPHTIME": 0.21244, "MDTOLL": 0.0, "MDTOLL_VP": 0.0, "MDHTIME": 0.21244, "NTTOLL": 0.0, "NTTOLL_VP": 0.0, "NTHTIME": 0.21244, "LINKAB": 2293022933, "TURNPENI": "TURNPEN.PEN", "I4AMSOV": 0.0, "I4AMHV2": 0.0, "I4AMHV3": 0.0, "I4AMCV": 0.0, "I4AMTRK": 0.0, "I4AMAPX": 0.0, "I4AMVOL": 0.0, "I4AMVMT": 0.0, "I4AMFFSPD": 63, "AMHRLKCAP": 1900, "AMHRLNCAP": 1900, "I4AMVC": 0.0, "I4AMVDF": 1.0, "I4AMSPD": 63.0, "COMP": 0, "I4MDSOV": 0.0, "I4MDHV2": 0.0, "I4MDHV3": 0.0, "I4MDCV": 0.0, "I4MDTRK": 0.0, "I4MDAPX": 0.0, "I4MDVOL": 0.0, "I4MDVMT": 0.0, "I4MDFFSPD": 63, "MDHRLKCAP": 1900, "MDHRLNCAP": 1900, "I4MDVC": 0.0, "I4MDVDF": 1.0, "I4MDSPD": 63.0, "I4PMSOV": 0.0, "I4PMHV2": 4525.91357, "I4PMHV3": 239.1981, "I4PMCV": 0.0, "I4PMTRK": 0.0, "I4PMAPX": 911.47589, "I4PMVOL": 5676.58789, "I4PMVMT": 908.25403, "I4PMFFSPD": 63, "PMHRLKCAP": 1900, "PMHRLNCAP": 1900, "I4PMVC": 0.87838, "I4PMVDF": 1.25478, "I4PMSPD": 50.20792, "I4NTSOV": 0.0, "I4NTHV2": 0.0, "I4NTHV3": 0.0, "I4NTCV": 0.0, "I4NTTRK": 0.0, "I4NTAPX": 0.0, "I4NTVOL": 0.0, "I4NTVMT": 0.0, "I4NTFFSPD": 63, "NTHRLKCAP": 1900, "NTHRLNCAP": 1900, "I4NTVC": 0.0, "I4NTVDF": 1.0, "I4NTSPD": 63.0, "I424VOL": 5676.58789, "TVOL00": 6, "TVMT00": 0.96, "ID": 0, "AADT_2023": 0, "AWDT_2023": 0, "MD210": 0, "CNT2LOADDIF": 0.0, "ABSNCTDIFF": 0.0, "CNT2LOADPCT": 0.0, "ABSPCTDIFF": 0.0, "MD210U": 0, "LOAD1": 5676.58789, "LOAD2": 0.0, "LOADGRW": -5676.58789, "ABSGRW": 5676.58789, "PRCGRW": -1.0, "PRCANLGRW": -4.5454545 }, "geometry": { "type": "LineString", "coordinates": [ [ -77.18328154685382, 39.106672172861046 ], [ -77.183872611642357, 39.107262996072336 ], [ -77.184322611707557, 39.107682995593542 ], [ -77.18515396434799, 39.108473113565509 ] ] } },
{ "type": "Feature", "properties": { "A": 22931, "B": 22927, "SUBAREA": 0, "FFSNEW": 0, "CPENEW": 0, "CPEFAC": 0, "TIMEPEN": 0, "DISTANCE": 0.74, "SPDCLASS": 12, "CAPCLASS": 12, "JUR": 1, "SCREEN": 0, "FTYPE": 1, "TOLL": 0, "TOLLGRP": 0, "AMLANE": 1, "AMLIMIT": 2, "PMLANE": 1, "PMLIMIT": 9, "OPLANE": 1, "OPLIMIT": 9, "EDGEID": 22900000000, "LINKID": 28061, "NETYEAR": 2020, "SHAPE_LENG": 3905.69, "PROJECTID": "NA", "TAZ": 722, "ATYPE": 2, "MDLANE": 1, "MDLIMIT": 9, "NTLANE": 1, "NTLIMIT": 9, "DEFLATIONFT": 0.8011, "AMTOLL": 0.0, "PMTOLL": 0.0, "OPTOLL": 0.0, "AMTOLL_VP": 0.0, "PMTOLL_VP": 0.0, "OPTOLL_VP": 0.0, "AMHTIME": 1.42628, "PMHTIME": 1.42628, "OPHTIME": 0.98252, "MDTOLL": 0.0, "MDTOLL_VP": 0.0, "MDHTIME": 0.98252, "NTTOLL": 0.0, "NTTOLL_VP": 0.0, "NTHTIME": 0.98252, "LINKAB": 2293122927, "TURNPENI": "TURNPEN.PEN", "I4AMSOV": 0.0, "I4AMHV2": 3773.06616, "I4AMHV3": 472.49594, "I4AMCV": 0.0, "I4AMTRK": 0.0, "I4AMAPX": 147.13722, "I4AMVOL": 4392.69922, "I4AMVMT": 3250.59741, "I4AMFFSPD": 63, "AMHRLKCAP": 1900, "AMHRLNCAP": 1900, "I4AMVC": 0.96408, "I4AMVDF": 1.7439, "I4AMSPD": 36.12584, "COMP": 0, "I4MDSOV": 0.0, "I4MDHV2": 0.0, "I4MDHV3": 0.0, "I4MDCV": 0.0, "I4MDTRK": 0.0, "I4MDAPX": 0.0, "I4MDVOL": 0.0, "I4MDVMT": 0.0, "I4MDFFSPD": 63, "MDHRLKCAP": 1900, "MDHRLNCAP": 1900, "I4MDVC": 0.0, "I4MDVDF": 1.0, "I4MDSPD": 63.0, "I4PMSOV": 0.0, "I4PMHV2": 0.0, "I4PMHV3": 0.0, "I4PMCV": 0.0, "I4PMTRK": 0.0, "I4PMAPX": 0.0, "I4PMVOL": 0.0, "I4PMVMT": 0.0, "I4PMFFSPD": 63, "PMHRLKCAP": 1900, "PMHRLNCAP": 1900, "I4PMVC": 0.0, "I4PMVDF": 1.0, "I4PMSPD": 63.0, "I4NTSOV": 0.0, "I4NTHV2": 0.0, "I4NTHV3": 0.0, "I4NTCV": 0.0, "I4NTTRK": 0.0, "I4NTAPX": 0.0, "I4NTVOL": 0.0, "I4NTVMT": 0.0, "I4NTFFSPD": 63, "NTHRLKCAP": 1900, "NTHRLNCAP": 1900, "I4NTVC": 0.0, "I4NTVDF": 1.0, "I4NTSPD": 63.0, "I424VOL": 4392.69922, "TVOL00": 4, "TVMT00": 2.96, "ID": 0, "AADT_2023": 0, "AWDT_2023": 0, "MD210": 0, "CNT2LOADDIF": 0.0, "ABSNCTDIFF": 0.0, "CNT2LOADPCT": 0.0, "ABSPCTDIFF": 0.0, "MD210U": 0, "LOAD1": 4392.69922, "LOAD2": 0.0, "LOADGRW": -4392.69922, "ABSGRW": 4392.69922, "PRCGRW": -1.0, "PRCANLGRW": -4.5454545 }, "geometry": { "type": "LineString", "coordinates": [ [ -77.183464639206534, 39.10661148225185 ], [ -77.183083375833249, 39.106211512935133 ], [ -77.182643376249132, 39.105741512807114 ], [ -77.182043376162198, 39.105001512280225 ], [ -77.18169337641126, 39.104571512277836 ], [ -77.180983376428287, 39.103581513213577 ], [ -77.180513376300269, 39.102851512268515 ], [ -77.1800733776155, 39.1021815124112 ], [ -77.179463377946774, 39.101081513450978 ], [ -77.179458276981961, 39.101072162281675 ], [ -77.179403376858886, 39.100971512655605 ], [ -77.179283377381125, 39.100721513218964 ], [ -77.178693376875913, 39.099451513274737 ], [ -77.178483377565001, 39.098951512602738 ], [ -77.177643533356431, 39.096961283703344 ] ] } },
{ "type": "Feature", "properties": { "A": 22932, "B": 22931, "SUBAREA": 0, "FFSNEW": 0, "CPENEW": 0, "CPEFAC": 0, "TIMEPEN": 0, "DISTANCE": 0.01, "SPDCLASS": 12, "CAPCLASS": 12, "JUR": 1, "SCREEN": 0, "FTYPE": 1, "TOLL": 0, "TOLLGRP": 0, "AMLANE": 1, "AMLIMIT": 0, "PMLANE": 1, "PMLIMIT": 9, "OPLANE": 1, "OPLIMIT": 9, "EDGEID": 22900000000, "LINKID": 67975, "NETYEAR": 2020, "SHAPE_LENG": 9.9, "PROJECTID": "NA", "TAZ": 735, "ATYPE": 2, "MDLANE": 1, "MDLIMIT": 9, "NTLANE": 1, "NTLIMIT": 9, "DEFLATIONFT": 0.8011, "AMTOLL": 0.0, "PMTOLL": 0.0, "OPTOLL": 0.0, "AMTOLL_VP": 0.0, "PMTOLL_VP": 0.0, "OPTOLL_VP": 0.0, "AMHTIME": 0.01927, "PMHTIME": 0.01927, "OPHTIME": 0.01328, "MDTOLL": 0.0, "MDTOLL_VP": 0.0, "MDHTIME": 0.01328, "NTTOLL": 0.0, "NTTOLL_VP": 0.0, "NTHTIME": 0.01328, "LINKAB": 2293222931, "TURNPENI": "TURNPEN.PEN", "I4AMSOV": 0.0, "I4AMHV2": 236.30592, "I4AMHV3": 49.29232, "I4AMCV": 0.0, "I4AMTRK": 0.0, "I4AMAPX": 18.86589, "I4AMVOL": 304.46414, "I4AMVMT": 3.04464, "I4AMFFSPD": 63, "AMHRLKCAP": 1900, "AMHRLNCAP": 1900, "I4AMVC": 0.06682, "I4AMVDF": 1.00267, "I4AMSPD": 62.83206, "COMP": 0, "I4MDSOV": 0.0, "I4MDHV2": 0.0, "I4MDHV3": 0.0, "I4MDCV": 0.0, "I4MDTRK": 0.0, "I4MDAPX": 0.0, "I4MDVOL": 0.0, "I4MDVMT": 0.0, "I4MDFFSPD": 63, "MDHRLKCAP": 1900, "MDHRLNCAP": 1900, "I4MDVC": 0.0, "I4MDVDF": 1.0, "I4MDSPD": 63.0, "I4PMSOV": 0.0, "I4PMHV2": 0.0, "I4PMHV3": 0.0, "I4PMCV": 0.0, "I4PMTRK": 0.0, "I4PMAPX": 0.0, "I4PMVOL": 0.0, "I4PMVMT": 0.0, "I4PMFFSPD": 63, "PMHRLKCAP": 1900, "PMHRLNCAP": 1900, "I4PMVC": 0.0, "I4PMVDF": 1.0, "I4PMSPD": 63.0, "I4NTSOV": 0.0, "I4NTHV2": 0.0, "I4NTHV3": 0.0, "I4NTCV": 0.0, "I4NTTRK": 0.0, "I4NTAPX": 0.0, "I4NTVOL": 0.0, "I4NTVMT": 0.0, "I4NTFFSPD": 63, "NTHRLKCAP": 1900, "NTHRLNCAP": 1900, "I4NTVC": 0.0, "I4NTVDF": 1.0, "I4NTSPD": 63.0, "I424VOL": 304.46414, "TVOL00": 0, "TVMT00": 0.0, "ID": 0, "AADT_2023": 0, "AWDT_2023": 0, "MD210": 0, "CNT2LOADDIF": 0.0, "ABSNCTDIFF": 0.0, "CNT2LOADPCT": 0.0, "ABSPCTDIFF": 0.0, "MD210U": 0, "LOAD1": 304.46414, "LOAD2": 0.0, "LOADGRW": -304.46414, "ABSGRW": 304.46414, "PRCGRW": -1.0, "PRCANLGRW": -4.5454545 }, "geometry": { "type": "LineString", "coordinates": [ [ -77.183489257624814, 39.106592224226624 ], [ -77.183464639206534, 39.10661148225185 ] ] } },
{ "type": "Feature", "properties": { "A": 22933, "B": 22935, "SUBAREA": 0, "FFSNEW": 0, "CPENEW": 0, "CPEFAC": 0, "TIMEPEN": 0, "DISTANCE": 0.34, "SPDCLASS": 12, "CAPCLASS": 12, "JUR": 1, "SCREEN": 0, "FTYPE": 1, "TOLL": 0, "TOLLGRP": 0, "AMLANE": 1, "AMLIMIT": 9, "PMLANE": 1, "PMLIMIT": 2, "OPLANE": 1, "OPLIMIT": 9, "EDGEID": 22900000000, "LINKID": 67977, "NETYEAR": 2020, "SHAPE_LENG": 1775.23, "PROJECTID": "NA", "TAZ": 734, "ATYPE": 2, "MDLANE": 1, "MDLIMIT": 9, "NTLANE": 1, "NTLIMIT": 9, "DEFLATIONFT": 0.8011, "AMTOLL": 0.0, "PMTOLL": 0.0, "OPTOLL": 0.0, "AMTOLL_VP": 0.0, "PMTOLL_VP": 0.0, "OPTOLL_VP": 0.0, "AMHTIME": 0.65532, "PMHTIME": 0.65532, "OPHTIME": 0.45143, "MDTOLL": 0.0, "MDTOLL_VP": 0.0, "MDHTIME": 0.45143, "NTTOLL": 0.0, "NTTOLL_VP": 0.0, "NTHTIME": 0.45143, "LINKAB": 2293322935, "TURNPENI": "TURNPEN.PEN", "I4AMSOV": 0.0, "I4AMHV2": 0.0, "I4AMHV3": 0.0, "I4AMCV": 0.0, "I4AMTRK": 0.0, "I4AMAPX": 0.0, "I4AMVOL": 0.0, "I4AMVMT": 0.0, "I4AMFFSPD": 63, "AMHRLKCAP": 1900, "AMHRLNCAP": 1900, "I4AMVC": 0.0, "I4AMVDF": 1.0, "I4AMSPD": 63.0, "COMP": 0, "I4MDSOV": 0.0, "I4MDHV2": 0.0, "I4MDHV3": 0.0, "I4MDCV": 0.0, "I4MDTRK": 0.0, "I4MDAPX": 0.0, "I4MDVOL": 0.0, "I4MDVMT": 0.0, "I4MDFFSPD": 63, "MDHRLKCAP": 1900, "MDHRLNCAP": 1900, "I4MDVC": 0.0, "I4MDVDF": 1.0, "I4MDSPD": 63.0, "I4PMSOV": 0.0, "I4PMHV2": 4525.91357, "I4PMHV3": 239.1981, "I4PMCV": 0.0, "I4PMTRK": 0.0, "I4PMAPX": 911.47589, "I4PMVOL": 5676.58789, "I4PMVMT": 1930.03979, "I4PMFFSPD": 63, "PMHRLKCAP": 1900, "PMHRLNCAP": 1900, "I4PMVC": 0.87838, "I4PMVDF": 1.25478, "I4PMSPD": 50.20792, "I4NTSOV": 0.0, "I4NTHV2": 0.0, "I4NTHV3": 0.0, "I4NTCV": 0.0, "I4NTTRK": 0.0, "I4NTAPX": 0.0, "I4NTVOL": 0.0, "I4NTVMT": 0.0, "I4NTFFSPD": 63, "NTHRLKCAP": 1900, "NTHRLNCAP": 1900, "I4NTVC": 0.0, "I4NTVDF": 1.0, "I4NTSPD": 63.0, "I424VOL": 5676.58789, "TVOL00": 6, "TVMT00": 2.04, "ID": 0, "AADT_2023": 0, "AWDT_2023": 0, "MD210": 0, "CNT2LOADDIF": 0.0, "ABSNCTDIFF": 0.0, "CNT2LOADPCT": 0.0, "ABSPCTDIFF": 0.0, "MD210U": 0, "LOAD1": 5676.58789, "LOAD2": 0.0, "LOADGRW": -5676.58789, "ABSGRW": 5676.58789, "PRCGRW": -1.0, "PRCANLGRW": -4.5454545 }, "geometry": { "type": "LineString", "coordinates": [ [ -77.18515396434799, 39.108473113565509 ], [ -77.186442611175323, 39.109692995165339 ], [ -77.187392611013195, 39.11056299475176 ], [ -77.187411185647761, 39.110581570285653 ], [ -77.187510730004831, 39.110681115542079 ], [ -77.187522610072733, 39.110692995609988 ], [ -77.187682610575564, 39.110862995694539 ], [ -77.18793261091156, 39.111092995068354 ], [ -77.18838261007744, 39.111522994171416 ], [ -77.189163769242299, 39.112211757640537 ] ] } },
{ "type": "Feature", "properties": { "A": 22934, "B": 22931, "SUBAREA": 0, "FFSNEW": 0, "CPENEW": 0, "CPEFAC": 0, "TIMEPEN": 0, "DISTANCE": 0.16, "SPDCLASS": 12, "CAPCLASS": 12, "JUR": 1, "SCREEN": 0, "FTYPE": 1, "TOLL": 0, "TOLLGRP": 0, "AMLANE": 1, "AMLIMIT": 2, "PMLANE": 1, "PMLIMIT": 9, "OPLANE": 1, "OPLIMIT": 9, "EDGEID": 22900000000, "LINKID": 67978, "NETYEAR": 2020, "SHAPE_LENG": 827.8, "PROJECTID": "NA", "TAZ": 734, "ATYPE": 2, "MDLANE": 1, "MDLIMIT": 9, "NTLANE": 1, "NTLIMIT": 9, "DEFLATIONFT": 0.8011, "AMTOLL": 0.0, "PMTOLL": 0.0, "OPTOLL": 0.0, "AMTOLL_VP": 0.0, "PMTOLL_VP": 0.0, "OPTOLL_VP": 0.0, "AMHTIME": 0.30838, "PMHTIME": 0.30838, "OPHTIME": 0.21244, "MDTOLL": 0.0, "MDTOLL_VP": 0.0, "MDHTIME": 0.21244, "NTTOLL": 0.0, "NTTOLL_VP": 0.0, "NTHTIME": 0.21244, "LINKAB": 2293422931, "TURNPENI": "TURNPEN.PEN", "I4AMSOV": 0.0, "I4AMHV2": 3536.76025, "I4AMHV3": 423.20361, "I4AMCV": 0.0, "I4AMTRK": 0.0, "I4AMAPX": 128.27133, "I4AMVOL": 4088.23511, "I4AMVMT": 654.11761, "I4AMFFSPD": 63, "AMHRLKCAP": 1900, "AMHRLNCAP": 1900, "I4AMVC": 0.89726, "I4AMVDF": 1.28292, "I4AMSPD": 49.10682, "COMP": 0, "I4MDSOV": 0.0, "I4MDHV2": 0.0, "I4MDHV3": 0.0, "I4MDCV": 0.0, "I4MDTRK": 0.0, "I4MDAPX": 0.0, "I4MDVOL": 0.0, "I4MDVMT": 0.0, "I4MDFFSPD": 63, "MDHRLKCAP": 1900, "MDHRLNCAP": 1900, "I4MDVC": 0.0, "I4MDVDF": 1.0, "I4MDSPD": 63.0, "I4PMSOV": 0.0, "I4PMHV2": 0.0, "I4PMHV3": 0.0, "I4PMCV": 0.0, "I4PMTRK": 0.0, "I4PMAPX": 0.0, "I4PMVOL": 0.0, "I4PMVMT": 0.0, "I4PMFFSPD": 63, "PMHRLKCAP": 1900, "PMHRLNCAP": 1900, "I4PMVC": 0.0, "I4PMVDF": 1.0, "I4PMSPD": 63.0, "I4NTSOV": 0.0, "I4NTHV2": 0.0, "I4NTHV3": 0.0, "I4NTCV": 0.0, "I4NTTRK": 0.0, "I4NTAPX": 0.0, "I4NTVOL": 0.0, "I4NTVMT": 0.0, "I4NTFFSPD": 63, "NTHRLKCAP": 1900, "NTHRLNCAP": 1900, "I4NTVC": 0.0, "I4NTVDF": 1.0, "I4NTSPD": 63.0, "I424VOL": 4088.23511, "TVOL00": 4, "TVMT00": 0.64, "ID": 0, "AADT_2023": 0, "AWDT_2023": 0, "MD210": 0, "CNT2LOADDIF": 0.0, "ABSNCTDIFF": 0.0, "CNT2LOADPCT": 0.0, "ABSPCTDIFF": 0.0, "MD210U": 0, "LOAD1": 4088.23511, "LOAD2": 0.0, "LOADGRW": -4088.23511, "ABSGRW": 4088.23511, "PRCGRW": -1.0, "PRCANLGRW": -4.5454545 }, "geometry": { "type": "LineString", "coordinates": [ [ -77.185294691984339, 39.108382285045479 ], [ -77.183464639206534, 39.10661148225185 ] ] } },
{ "type": "Feature", "properties": { "A": 22935, "B": 22938, "SUBAREA": 0, "FFSNEW": 0, "CPENEW": 0, "CPEFAC": 0, "TIMEPEN": 0, "DISTANCE": 0.12, "SPDCLASS": 12, "CAPCLASS": 12, "JUR": 1, "SCREEN": 0, "FTYPE": 1, "TOLL": 0, "TOLLGRP": 0, "AMLANE": 1, "AMLIMIT": 9, "PMLANE": 1, "PMLIMIT": 2, "OPLANE": 1, "OPLIMIT": 9, "EDGEID": 22900000000, "LINKID": 67979, "NETYEAR": 2020, "SHAPE_LENG": 628.26, "PROJECTID": "NA", "TAZ": 733, "ATYPE": 2, "MDLANE": 1, "MDLIMIT": 9, "NTLANE": 1, "NTLIMIT": 9, "DEFLATIONFT": 0.8011, "AMTOLL": 0.0, "PMTOLL": 0.0, "OPTOLL": 0.0, "AMTOLL_VP": 0.0, "PMTOLL_VP": 0.0, "OPTOLL_VP": 0.0, "AMHTIME": 0.23129, "PMHTIME": 0.23129, "OPHTIME": 0.15933, "MDTOLL": 0.0, "MDTOLL_VP": 0.0, "MDHTIME": 0.15933, "NTTOLL": 0.0, "NTTOLL_VP": 0.0, "NTHTIME": 0.15933, "LINKAB": 2293522938, "TURNPENI": "TURNPEN.PEN", "I4AMSOV": 0.0, "I4AMHV2": 0.0, "I4AMHV3": 0.0, "I4AMCV": 0.0, "I4AMTRK": 0.0, "I4AMAPX": 0.0, "I4AMVOL": 0.0, "I4AMVMT": 0.0, "I4AMFFSPD": 63, "AMHRLKCAP": 1900, "AMHRLNCAP": 1900, "I4AMVC": 0.0, "I4AMVDF": 1.0, "I4AMSPD": 63.0, "COMP": 0, "I4MDSOV": 0.0, "I4MDHV2": 0.0, "I4MDHV3": 0.0, "I4MDCV": 0.0, "I4MDTRK": 0.0, "I4MDAPX": 0.0, "I4MDVOL": 0.0, "I4MDVMT": 0.0, "I4MDFFSPD": 63, "MDHRLKCAP": 1900, "MDHRLNCAP": 1900, "I4MDVC": 0.0, "I4MDVDF": 1.0, "I4MDSPD": 63.0, "I4PMSOV": 0.0, "I4PMHV2": 4525.91357, "I4PMHV3": 239.1981, "I4PMCV": 0.0, "I4PMTRK": 0.0, "I4PMAPX": 911.47589, "I4PMVOL": 5676.58789, "I4PMVMT": 681.19055, "I4PMFFSPD": 63, "PMHRLKCAP": 1900, "PMHRLNCAP": 1900, "I4PMVC": 0.87838, "I4PMVDF": 1.25478, "I4PMSPD": 50.20792, "I4NTSOV": 0.0, "I4NTHV2": 0.0, "I4NTHV3": 0.0, "I4NTCV": 0.0, "I4NTTRK": 0.0, "I4NTAPX": 0.0, "I4NTVOL": 0.0, "I4NTVMT": 0.0, "I4NTFFSPD": 63, "NTHRLKCAP": 1900, "NTHRLNCAP": 1900, "I4NTVC": 0.0, "I4NTVDF": 1.0, "I4NTSPD": 63.0, "I424VOL": 5676.58789, "TVOL00": 6, "TVMT00": 0.72, "ID": 0, "AADT_2023": 0, "AWDT_2023": 0, "MD210": 0, "CNT2LOADDIF": 0.0, "ABSNCTDIFF": 0.0, "CNT2LOADPCT": 0.0, "ABSPCTDIFF": 0.0, "MD210U": 0, "LOAD1": 5676.58789, "LOAD2": 0.0, "LOADGRW": -5676.58789, "ABSGRW": 5676.58789, "PRCGRW": -1.0, "PRCANLGRW": -4.5454545 }, "geometry": { "type": "LineString", "coordinates": [ [ -77.189163769242299, 39.112211757640537 ], [ -77.19057353142648, 39.113543852170913 ] ] } },
{ "type": "Feature", "properties": { "A": 22936, "B": 22934, "SUBAREA": 0, "FFSNEW": 0, "CPENEW": 0, "CPEFAC": 0, "TIMEPEN": 0, "DISTANCE": 0.34, "SPDCLASS": 12, "CAPCLASS": 12, "JUR": 1, "SCREEN": 0, "FTYPE": 1, "TOLL": 0, "TOLLGRP": 0, "AMLANE": 1, "AMLIMIT": 2, "PMLANE": 1, "PMLIMIT": 9, "OPLANE": 1, "OPLIMIT": 9, "EDGEID": 22900000000, "LINKID": 67981, "NETYEAR": 2020, "SHAPE_LENG": 1777.82, "PROJECTID": "NA", "TAZ": 734, "ATYPE": 2, "MDLANE": 1, "MDLIMIT": 9, "NTLANE": 1, "NTLIMIT": 9, "DEFLATIONFT": 0.8011, "AMTOLL": 0.0, "PMTOLL": 0.0, "OPTOLL": 0.0, "AMTOLL_VP": 0.0, "PMTOLL_VP": 0.0, "OPTOLL_VP": 0.0, "AMHTIME": 0.65532, "PMHTIME": 0.65532, "OPHTIME": 0.45143, "MDTOLL": 0.0, "MDTOLL_VP": 0.0, "MDHTIME": 0.45143, "NTTOLL": 0.0, "NTTOLL_VP": 0.0, "NTHTIME": 0.45143, "LINKAB": 2293622934, "TURNPENI": "TURNPEN.PEN", "I4AMSOV": 0.0, "I4AMHV2": 3536.76025, "I4AMHV3": 423.20361, "I4AMCV": 0.0, "I4AMTRK": 0.0, "I4AMAPX": 128.27133, "I4AMVOL": 4088.23511, "I4AMVMT": 1389.99988, "I4AMFFSPD": 63, "AMHRLKCAP": 1900, "AMHRLNCAP": 1900, "I4AMVC": 0.89726, "I4AMVDF": 1.28292, "I4AMSPD": 49.10682, "COMP": 0, "I4MDSOV": 0.0, "I4MDHV2": 0.0, "I4MDHV3": 0.0, "I4MDCV": 0.0, "I4MDTRK": 0.0, "I4MDAPX": 0.0, "I4MDVOL": 0.0, "I4MDVMT": 0.0, "I4MDFFSPD": 63, "MDHRLKCAP": 1900, "MDHRLNCAP": 1900, "I4MDVC": 0.0, "I4MDVDF": 1.0, "I4MDSPD": 63.0, "I4PMSOV": 0.0, "I4PMHV2": 0.0, "I4PMHV3": 0.0, "I4PMCV": 0.0, "I4PMTRK": 0.0, "I4PMAPX": 0.0, "I4PMVOL": 0.0, "I4PMVMT": 0.0, "I4PMFFSPD": 63, "PMHRLKCAP": 1900, "PMHRLNCAP": 1900, "I4PMVC": 0.0, "I4PMVDF": 1.0, "I4PMSPD": 63.0, "I4NTSOV": 0.0, "I4NTHV2": 0.0, "I4NTHV3": 0.0, "I4NTCV": 0.0, "I4NTTRK": 0.0, "I4NTAPX": 0.0, "I4NTVOL": 0.0, "I4NTVMT": 0.0, "I4NTFFSPD": 63, "NTHRLKCAP": 1900, "NTHRLNCAP": 1900, "I4NTVC": 0.0, "I4NTVDF": 1.0, "I4NTSPD": 63.0, "I424VOL": 4088.23511, "TVOL00": 4, "TVMT00": 1.36, "ID": 0, "AADT_2023": 0, "AWDT_2023": 0, "MD210": 0, "CNT2LOADDIF": 0.0, "ABSNCTDIFF": 0.0, "CNT2LOADPCT": 0.0, "ABSPCTDIFF": 0.0, "MD210U": 0, "LOAD1": 4088.23511, "LOAD2": 0.0, "LOADGRW": -4088.23511, "ABSGRW": 4088.23511, "PRCGRW": -1.0, "PRCANLGRW": -4.5454545 }, "geometry": { "type": "LineString", "coordinates": [ [ -77.189304528388448, 39.112131906883619 ], [ -77.188463372955496, 39.111341512419358 ], [ -77.187723373327927, 39.110651513398572 ], [ -77.18769337368326, 39.110621513753969 ], [ -77.187642933307146, 39.110578833643217 ], [ -77.187575808675092, 39.110522035946872 ], [ -77.187563373724402, 39.11051151295861 ], [ -77.187433372866167, 39.110381512999751 ], [ -77.186543373216878, 39.109531512576815 ], [ -77.185294691984339, 39.108382285045479 ] ] } },
{ "type": "Feature", "properties": { "A": 22937, "B": 22938, "SUBAREA": 0, "FFSNEW": 0, "CPENEW": 0, "CPEFAC": 0, "TIMEPEN": 0, "DISTANCE": 0.01, "SPDCLASS": 12, "CAPCLASS": 12, "JUR": 1, "SCREEN": 0, "FTYPE": 1, "TOLL": 0, "TOLLGRP": 0, "AMLANE": 1, "AMLIMIT": 9, "PMLANE": 1, "PMLIMIT": 0, "OPLANE": 1, "OPLIMIT": 9, "EDGEID": 22900000000, "LINKID": 28366, "NETYEAR": 2020, "SHAPE_LENG": 9.9, "PROJECTID": "NA", "TAZ": 739, "ATYPE": 2, "MDLANE": 1, "MDLIMIT": 9, "NTLANE": 1, "NTLIMIT": 9, "DEFLATIONFT": 0.8011, "AMTOLL": 0.0, "PMTOLL": 0.0, "OPTOLL": 0.0, "AMTOLL_VP": 0.0, "PMTOLL_VP": 0.0, "OPTOLL_VP": 0.0, "AMHTIME": 0.01927, "PMHTIME": 0.01927, "OPHTIME": 0.01328, "MDTOLL": 0.0, "MDTOLL_VP": 0.0, "MDHTIME": 0.01328, "NTTOLL": 0.0, "NTTOLL_VP": 0.0, "NTHTIME": 0.01328, "LINKAB": 2293722938, "TURNPENI": "TURNPEN.PEN", "I4AMSOV": 0.0, "I4AMHV2": 0.0, "I4AMHV3": 0.0, "I4AMCV": 0.0, "I4AMTRK": 0.0, "I4AMAPX": 0.0, "I4AMVOL": 0.0, "I4AMVMT": 0.0, "I4AMFFSPD": 63, "AMHRLKCAP": 1900, "AMHRLNCAP": 1900, "I4AMVC": 0.0, "I4AMVDF": 1.0, "I4AMSPD": 63.0, "COMP": 0, "I4MDSOV": 0.0, "I4MDHV2": 0.0, "I4MDHV3": 0.0, "I4MDCV": 0.0, "I4MDTRK": 0.0, "I4MDAPX": 0.0, "I4MDVOL": 0.0, "I4MDVMT": 0.0, "I4MDFFSPD": 63, "MDHRLKCAP": 1900, "MDHRLNCAP": 1900, "I4MDVC": 0.0, "I4MDVDF": 1.0, "I4MDSPD": 63.0, "I4PMSOV": 0.0, "I4PMHV2": 548.00488, "I4PMHV3": 165.19412, "I4PMCV": 0.0, "I4PMTRK": 0.0, "I4PMAPX": 86.68916, "I4PMVOL": 799.88818, "I4PMVMT": 7.99888, "I4PMFFSPD": 63, "PMHRLKCAP": 1900, "PMHRLNCAP": 1900, "I4PMVC": 0.12377, "I4PMVDF": 1.00519, "I4PMSPD": 62.6748, "I4NTSOV": 0.0, "I4NTHV2": 0.0, "I4NTHV3": 0.0, "I4NTCV": 0.0, "I4NTTRK": 0.0, "I4NTAPX": 0.0, "I4NTVOL": 0.0, "I4NTVMT": 0.0, "I4NTFFSPD": 63, "NTHRLKCAP": 1900, "NTHRLNCAP": 1900, "I4NTVC": 0.0, "I4NTVDF": 1.0, "I4NTSPD": 63.0, "I424VOL": 799.88818, "TVOL00": 1, "TVMT00": 0.01, "ID": 0, "AADT_2023": 0, "AWDT_2023": 0, "MD210": 0, "CNT2LOADDIF": 0.0, "ABSNCTDIFF": 0.0, "CNT2LOADPCT": 0.0, "ABSPCTDIFF": 0.0, "MD210U": 0, "LOAD1": 799.88818, "LOAD2": 0.0, "LOADGRW": -799.88818, "ABSGRW": 799.88818, "PRCGRW": -1.0, "PRCANLGRW": -4.5454545 }, "geometry": { "type": "LineString", "coordinates": [ [ -77.190548912520214, 39.113563111651999 ], [ -77.19057353142648, 39.113543852170913 ] ] } },
{ "type": "Feature", "properties": { "A": 22938, "B": 22942, "SUBAREA": 0, "FFSNEW": 0, "CPENEW": 0, "CPEFAC": 0, "TIMEPEN": 0, "DISTANCE": 0.4, "SPDCLASS": 12, "CAPCLASS": 12, "JUR": 1, "SCREEN": 0, "FTYPE": 1, "TOLL": 0, "TOLLGRP": 0, "AMLANE": 1, "AMLIMIT": 9, "PMLANE": 1, "PMLIMIT": 2, "OPLANE": 1, "OPLIMIT": 9, "EDGEID": 22900000000, "LINKID": 68265, "NETYEAR": 2020, "SHAPE_LENG": 2109.9, "PROJECTID": "NA", "TAZ": 741, "ATYPE": 2, "MDLANE": 1, "MDLIMIT": 9, "NTLANE": 1, "NTLIMIT": 9, "DEFLATIONFT": 0.8011, "AMTOLL": 0.0, "PMTOLL": 0.0, "OPTOLL": 0.0, "AMTOLL_VP": 0.0, "PMTOLL_VP": 0.0, "OPTOLL_VP": 0.0, "AMHTIME": 0.77096, "PMHTIME": 0.77096, "OPHTIME": 0.53109, "MDTOLL": 0.0, "MDTOLL_VP": 0.0, "MDHTIME": 0.53109, "NTTOLL": 0.0, "NTTOLL_VP": 0.0, "NTHTIME": 0.53109, "LINKAB": 2293822942, "TURNPENI": "TURNPEN.PEN", "I4AMSOV": 0.0, "I4AMHV2": 0.0, "I4AMHV3": 0.0, "I4AMCV": 0.0, "I4AMTRK": 0.0, "I4AMAPX": 0.0, "I4AMVOL": 0.0, "I4AMVMT": 0.0, "I4AMFFSPD": 63, "AMHRLKCAP": 1900, "AMHRLNCAP": 1900, "I4AMVC": 0.0, "I4AMVDF": 1.0, "I4AMSPD": 63.0, "COMP": 0, "I4MDSOV": 0.0, "I4MDHV2": 0.0, "I4MDHV3": 0.0, "I4MDCV": 0.0, "I4MDTRK": 0.0, "I4MDAPX": 0.0, "I4MDVOL": 0.0, "I4MDVMT": 0.0, "I4MDFFSPD": 63, "MDHRLKCAP": 1900, "MDHRLNCAP": 1900, "I4MDVC": 0.0, "I4MDVDF": 1.0, "I4MDSPD": 63.0, "I4PMSOV": 0.0, "I4PMHV2": 5073.91846, "I4PMHV3": 404.39224, "I4PMCV": 0.0, "I4PMTRK": 0.0, "I4PMAPX": 998.16504, "I4PMVOL": 6476.47559, "I4PMVMT": 2590.59033, "I4PMFFSPD": 63, "PMHRLKCAP": 1900, "PMHRLNCAP": 1900, "I4PMVC": 1.00215, "I4PMVDF": 2.04916, "I4PMSPD": 30.74435, "I4NTSOV": 0.0, "I4NTHV2": 0.0, "I4NTHV3": 0.0, "I4NTCV": 0.0, "I4NTTRK": 0.0, "I4NTAPX": 0.0, "I4NTVOL": 0.0, "I4NTVMT": 0.0, "I4NTFFSPD": 63, "NTHRLKCAP": 1900, "NTHRLNCAP": 1900, "I4NTVC": 0.0, "I4NTVDF": 1.0, "I4NTSPD": 63.0, "I424VOL": 6476.47559, "TVOL00": 6, "TVMT00": 2.4, "ID": 0, "AADT_2023": 0, "AWDT_2023": 0, "MD210": 0, "CNT2LOADDIF": 0.0, "ABSNCTDIFF": 0.0, "CNT2LOADPCT": 0.0, "ABSPCTDIFF": 0.0, "MD210U": 0, "LOAD1": 6476.47559, "LOAD2": 0.0, "LOADGRW": -6476.47559, "ABSGRW": 6476.47559, "PRCGRW": -1.0, "PRCANLGRW": -4.5454545 }, "geometry": { "type": "LineString", "coordinates": [ [ -77.19057353142648, 39.113543852170913 ], [ -77.192012608445012, 39.114892993520506 ], [ -77.193192608555989, 39.116002992961896 ], [ -77.194662608229407, 39.117402992864903 ], [ -77.195301399590662, 39.118014196464387 ] ] } },
{ "type": "Feature", "properties": { "A": 22939, "B": 22936, "SUBAREA": 0, "FFSNEW": 0, "CPENEW": 0, "CPEFAC": 0, "TIMEPEN": 0, "DISTANCE": 0.12, "SPDCLASS": 12, "CAPCLASS": 12, "JUR": 1, "SCREEN": 0, "FTYPE": 1, "TOLL": 0, "TOLLGRP": 0, "AMLANE": 1, "AMLIMIT": 2, "PMLANE": 1, "PMLIMIT": 9, "OPLANE": 1, "OPLIMIT": 9, "EDGEID": 22900000000, "LINKID": 68266, "NETYEAR": 2020, "SHAPE_LENG": 627.28, "PROJECTID": "NA", "TAZ": 733, "ATYPE": 2, "MDLANE": 1, "MDLIMIT": 9, "NTLANE": 1, "NTLIMIT": 9, "DEFLATIONFT": 0.8011, "AMTOLL": 0.0, "PMTOLL": 0.0, "OPTOLL": 0.0, "AMTOLL_VP": 0.0, "PMTOLL_VP": 0.0, "OPTOLL_VP": 0.0, "AMHTIME": 0.23129, "PMHTIME": 0.23129, "OPHTIME": 0.15933, "MDTOLL": 0.0, "MDTOLL_VP": 0.0, "MDHTIME": 0.15933, "NTTOLL": 0.0, "NTTOLL_VP": 0.0, "NTHTIME": 0.15933, "LINKAB": 2293922936, "TURNPENI": "TURNPEN.PEN", "I4AMSOV": 0.0, "I4AMHV2": 3536.76025, "I4AMHV3": 423.20361, "I4AMCV": 0.0, "I4AMTRK": 0.0, "I4AMAPX": 128.27133, "I4AMVOL": 4088.23511, "I4AMVMT": 490.58823, "I4AMFFSPD": 63, "AMHRLKCAP": 1900, "AMHRLNCAP": 1900, "I4AMVC": 0.89726, "I4AMVDF": 1.28292, "I4AMSPD": 49.10682, "COMP": 0, "I4MDSOV": 0.0, "I4MDHV2": 0.0, "I4MDHV3": 0.0, "I4MDCV": 0.0, "I4MDTRK": 0.0, "I4MDAPX": 0.0, "I4MDVOL": 0.0, "I4MDVMT": 0.0, "I4MDFFSPD": 63, "MDHRLKCAP": 1900, "MDHRLNCAP": 1900, "I4MDVC": 0.0, "I4MDVDF": 1.0, "I4MDSPD": 63.0, "I4PMSOV": 0.0, "I4PMHV2": 0.0, "I4PMHV3": 0.0, "I4PMCV": 0.0, "I4PMTRK": 0.0, "I4PMAPX": 0.0, "I4PMVOL": 0.0, "I4PMVMT": 0.0, "I4PMFFSPD": 63, "PMHRLKCAP": 1900, "PMHRLNCAP": 1900, "I4PMVC": 0.0, "I4PMVDF": 1.0, "I4PMSPD": 63.0, "I4NTSOV": 0.0, "I4NTHV2": 0.0, "I4NTHV3": 0.0, "I4NTCV": 0.0, "I4NTTRK": 0.0, "I4NTAPX": 0.0, "I4NTVOL": 0.0, "I4NTVMT": 0.0, "I4NTFFSPD": 63, "NTHRLKCAP": 1900, "NTHRLNCAP": 1900, "I4NTVC": 0.0, "I4NTVDF": 1.0, "I4NTSPD": 63.0, "I424VOL": 4088.23511, "TVOL00": 4, "TVMT00": 0.48, "ID": 0, "AADT_2023": 0, "AWDT_2023": 0, "MD210": 0, "CNT2LOADDIF": 0.0, "ABSNCTDIFF": 0.0, "CNT2LOADPCT": 0.0, "ABSPCTDIFF": 0.0, "MD210U": 0, "LOAD1": 4088.23511, "LOAD2": 0.0, "LOADGRW": -4088.23511, "ABSGRW": 4088.23511, "PRCGRW": -1.0, "PRCANLGRW": -4.5454545 }, "geometry": { "type": "LineString", "coordinates": [ [ -77.190724827827339, 39.113450254422496 ], [ -77.189304528388448, 39.112131906883619 ] ] } },
{ "type": "Feature", "properties": { "A": 22939, "B": 22940, "SUBAREA": 0, "FFSNEW": 0, "CPENEW": 0, "CPEFAC": 0, "TIMEPEN": 0, "DISTANCE": 0.01, "SPDCLASS": 12, "CAPCLASS": 12, "JUR": 1, "SCREEN": 0, "FTYPE": 1, "TOLL": 0, "TOLLGRP": 0, "AMLANE": 1, "AMLIMIT": 0, "PMLANE": 1, "PMLIMIT": 9, "OPLANE": 1, "OPLIMIT": 9, "EDGEID": 22900000000, "LINKID": 68724, "NETYEAR": 2020, "SHAPE_LENG": 9.9, "PROJECTID": "NA", "TAZ": 741, "ATYPE": 2, "MDLANE": 1, "MDLIMIT": 9, "NTLANE": 1, "NTLIMIT": 9, "DEFLATIONFT": 0.8011, "AMTOLL": 0.0, "PMTOLL": 0.0, "OPTOLL": 0.0, "AMTOLL_VP": 0.0, "PMTOLL_VP": 0.0, "OPTOLL_VP": 0.0, "AMHTIME": 0.01927, "PMHTIME": 0.01927, "OPHTIME": 0.01328, "MDTOLL": 0.0, "MDTOLL_VP": 0.0, "MDHTIME": 0.01328, "NTTOLL": 0.0, "NTTOLL_VP": 0.0, "NTHTIME": 0.01328, "LINKAB": 2293922940, "TURNPENI": "TURNPEN.PEN", "I4AMSOV": 0.0, "I4AMHV2": 360.62268, "I4AMHV3": 180.38124, "I4AMCV": 0.0, "I4AMTRK": 0.0, "I4AMAPX": 2.82714, "I4AMVOL": 543.83105, "I4AMVMT": 5.43831, "I4AMFFSPD": 63, "AMHRLKCAP": 1900, "AMHRLNCAP": 1900, "I4AMVC": 0.11936, "I4AMVDF": 1.00497, "I4AMSPD": 62.68857, "COMP": 0, "I4MDSOV": 0.0, "I4MDHV2": 0.0, "I4MDHV3": 0.0, "I4MDCV": 0.0, "I4MDTRK": 0.0, "I4MDAPX": 0.0, "I4MDVOL": 0.0, "I4MDVMT": 0.0, "I4MDFFSPD": 63, "MDHRLKCAP": 1900, "MDHRLNCAP": 1900, "I4MDVC": 0.0, "I4MDVDF": 1.0, "I4MDSPD": 63.0, "I4PMSOV": 0.0, "I4PMHV2": 0.0, "I4PMHV3": 0.0, "I4PMCV": 0.0, "I4PMTRK": 0.0, "I4PMAPX": 0.0, "I4PMVOL": 0.0, "I4PMVMT": 0.0, "I4PMFFSPD": 63, "PMHRLKCAP": 1900, "PMHRLNCAP": 1900, "I4PMVC": 0.0, "I4PMVDF": 1.0, "I4PMSPD": 63.0, "I4NTSOV": 0.0, "I4NTHV2": 0.0, "I4NTHV3": 0.0, "I4NTCV": 0.0, "I4NTTRK": 0.0, "I4NTAPX": 0.0, "I4NTVOL": 0.0, "I4NTVMT": 0.0, "I4NTFFSPD": 63, "NTHRLKCAP": 1900, "NTHRLNCAP": 1900, "I4NTVC": 0.0, "I4NTVDF": 1.0, "I4NTSPD": 63.0, "I424VOL": 543.83105, "TVOL00": 1, "TVMT00": 0.01, "ID": 0, "AADT_2023": 0, "AWDT_2023": 0, "MD210": 0, "CNT2LOADDIF": 0.0, "ABSNCTDIFF": 0.0, "CNT2LOADPCT": 0.0, "ABSPCTDIFF": 0.0, "MD210U": 0, "LOAD1": 543.83105, "LOAD2": 0.0, "LOADGRW": -543.83105, "ABSGRW": 543.83105, "PRCGRW": -1.0, "PRCANLGRW": -4.5454545 }, "geometry": { "type": "LineString", "coordinates": [ [ -77.190724827827339, 39.113450254422496 ], [ -77.19074944664689, 39.113430994903922 ] ] } },
{ "type": "Feature", "properties": { "A": 22942, "B": 22941, "SUBAREA": 0, "FFSNEW": 0, "CPENEW": 0, "CPEFAC": 0, "TIMEPEN": 0, "DISTANCE": 0.01, "SPDCLASS": 12, "CAPCLASS": 12, "JUR": 1, "SCREEN": 0, "FTYPE": 1, "TOLL": 0, "TOLLGRP": 0, "AMLANE": 1, "AMLIMIT": 9, "PMLANE": 1, "PMLIMIT": 0, "OPLANE": 1, "OPLIMIT": 9, "EDGEID": 22900000000, "LINKID": 68270, "NETYEAR": 2020, "SHAPE_LENG": 9.9, "PROJECTID": "NA", "TAZ": 741, "ATYPE": 2, "MDLANE": 1, "MDLIMIT": 9, "NTLANE": 1, "NTLIMIT": 9, "DEFLATIONFT": 0.8011, "AMTOLL": 0.0, "PMTOLL": 0.0, "OPTOLL": 0.0, "AMTOLL_VP": 0.0, "PMTOLL_VP": 0.0, "OPTOLL_VP": 0.0, "AMHTIME": 0.01927, "PMHTIME": 0.01927, "OPHTIME": 0.01328, "MDTOLL": 0.0, "MDTOLL_VP": 0.0, "MDHTIME": 0.01328, "NTTOLL": 0.0, "NTTOLL_VP": 0.0, "NTHTIME": 0.01328, "LINKAB": 2294222941, "TURNPENI": "TURNPEN.PEN", "I4AMSOV": 0.0, "I4AMHV2": 0.0, "I4AMHV3": 0.0, "I4AMCV": 0.0, "I4AMTRK": 0.0, "I4AMAPX": 0.0, "I4AMVOL": 0.0, "I4AMVMT": 0.0, "I4AMFFSPD": 63, "AMHRLKCAP": 1900, "AMHRLNCAP": 1900, "I4AMVC": 0.0, "I4AMVDF": 1.0, "I4AMSPD": 63.0, "COMP": 0, "I4MDSOV": 0.0, "I4MDHV2": 0.0, "I4MDHV3": 0.0, "I4MDCV": 0.0, "I4MDTRK": 0.0, "I4MDAPX": 0.0, "I4MDVOL": 0.0, "I4MDVMT": 0.0, "I4MDFFSPD": 63, "MDHRLKCAP": 1900, "MDHRLNCAP": 1900, "I4MDVC": 0.0, "I4MDVDF": 1.0, "I4MDSPD": 63.0, "I4PMSOV": 0.0, "I4PMHV2": 624.09509, "I4PMHV3": 116.32082, "I4PMCV": 0.0, "I4PMTRK": 0.0, "I4PMAPX": 238.03677, "I4PMVOL": 978.4527, "I4PMVMT": 9.78453, "I4PMFFSPD": 63, "PMHRLKCAP": 1900, "PMHRLNCAP": 1900, "I4PMVC": 0.1514, "I4PMVDF": 1.00657, "I4PMSPD": 62.58878, "I4NTSOV": 0.0, "I4NTHV2": 0.0, "I4NTHV3": 0.0, "I4NTCV": 0.0, "I4NTTRK": 0.0, "I4NTAPX": 0.0, "I4NTVOL": 0.0, "I4NTVMT": 0.0, "I4NTFFSPD": 63, "NTHRLKCAP": 1900, "NTHRLNCAP": 1900, "I4NTVC": 0.0, "I4NTVDF": 1.0, "I4NTSPD": 63.0, "I424VOL": 978.4527, "TVOL00": 1, "TVMT00": 0.01, "ID": 0, "AADT_2023": 0, "AWDT_2023": 0, "MD210": 0, "CNT2LOADDIF": 0.0, "ABSNCTDIFF": 0.0, "CNT2LOADPCT": 0.0, "ABSPCTDIFF": 0.0, "MD210U": 0, "LOAD1": 978.4527, "LOAD2": 0.0, "LOADGRW": -978.4527, "ABSGRW": 978.4527, "PRCGRW": -1.0, "PRCANLGRW": -4.5454545 }, "geometry": { "type": "LineString", "coordinates": [ [ -77.195301399590662, 39.118014196464387 ], [ -77.195276780417259, 39.118033456917665 ] ] } },
{ "type": "Feature", "properties": { "A": 22942, "B": 22945, "SUBAREA": 0, "FFSNEW": 0, "CPENEW": 0, "CPEFAC": 0, "TIMEPEN": 0, "DISTANCE": 0.28, "SPDCLASS": 12, "CAPCLASS": 12, "JUR": 1, "SCREEN": 0, "FTYPE": 1, "TOLL": 0, "TOLLGRP": 0, "AMLANE": 1, "AMLIMIT": 9, "PMLANE": 1, "PMLIMIT": 2, "OPLANE": 1, "OPLIMIT": 9, "EDGEID": 22900000000, "LINKID": 68272, "NETYEAR": 2020, "SHAPE_LENG": 1477.46, "PROJECTID": "NA", "TAZ": 741, "ATYPE": 2, "MDLANE": 1, "MDLIMIT": 9, "NTLANE": 1, "NTLIMIT": 9, "DEFLATIONFT": 0.8011, "AMTOLL": 0.0, "PMTOLL": 0.0, "OPTOLL": 0.0, "AMTOLL_VP": 0.0, "PMTOLL_VP": 0.0, "OPTOLL_VP": 0.0, "AMHTIME": 0.53967, "PMHTIME": 0.53967, "OPHTIME": 0.37176, "MDTOLL": 0.0, "MDTOLL_VP": 0.0, "MDHTIME": 0.37176, "NTTOLL": 0.0, "NTTOLL_VP": 0.0, "NTHTIME": 0.37176, "LINKAB": 2294222945, "TURNPENI": "TURNPEN.PEN", "I4AMSOV": 0.0, "I4AMHV2": 0.0, "I4AMHV3": 0.0, "I4AMCV": 0.0, "I4AMTRK": 0.0, "I4AMAPX": 0.0, "I4AMVOL": 0.0, "I4AMVMT": 0.0, "I4AMFFSPD": 63, "AMHRLKCAP": 1900, "AMHRLNCAP": 1900, "I4AMVC": 0.0, "I4AMVDF": 1.0, "I4AMSPD": 63.0, "COMP": 0, "I4MDSOV": 0.0, "I4MDHV2": 0.0, "I4MDHV3": 0.0, "I4MDCV": 0.0, "I4MDTRK": 0.0, "I4MDAPX": 0.0, "I4MDVOL": 0.0, "I4MDVMT": 0.0, "I4MDFFSPD": 63, "MDHRLKCAP": 1900, "MDHRLNCAP": 1900, "I4MDVC": 0.0, "I4MDVDF": 1.0, "I4MDSPD": 63.0, "I4PMSOV": 0.0, "I4PMHV2": 4449.82324, "I4PMHV3": 288.07141, "I4PMCV": 0.0, "I4PMTRK": 0.0, "I4PMAPX": 760.12823, "I4PMVOL": 5498.02295, "I4PMVMT": 1539.44641, "I4PMFFSPD": 63, "PMHRLKCAP": 1900, "PMHRLNCAP": 1900, "I4PMVC": 0.85075, "I4PMVDF": 1.21361, "I4PMSPD": 51.91113, "I4NTSOV": 0.0, "I4NTHV2": 0.0, "I4NTHV3": 0.0, "I4NTCV": 0.0, "I4NTTRK": 0.0, "I4NTAPX": 0.0, "I4NTVOL": 0.0, "I4NTVMT": 0.0, "I4NTFFSPD": 63, "NTHRLKCAP": 1900, "NTHRLNCAP": 1900, "I4NTVC": 0.0, "I4NTVDF": 1.0, "I4NTSPD": 63.0, "I424VOL": 5498.02295, "TVOL00": 5, "TVMT00": 1.4, "ID": 0, "AADT_2023": 0, "AWDT_2023": 0, "MD210": 0, "CNT2LOADDIF": 0.0, "ABSNCTDIFF": 0.0, "CNT2LOADPCT": 0.0, "ABSPCTDIFF": 0.0, "MD210U": 0, "LOAD1": 5498.02295, "LOAD2": 0.0, "LOADGRW": -5498.02295, "ABSGRW": 5498.02295, "PRCGRW": -1.0, "PRCANLGRW": -4.5454545 }, "geometry": { "type": "LineString", "coordinates": [ [ -77.195301399590662, 39.118014196464387 ], [ -77.195532607815849, 39.118232993225014 ], [ -77.196202608572435, 39.118952992789715 ], [ -77.196312608468418, 39.119072992267554 ], [ -77.196682608282231, 39.119472991725928 ], [ -77.197382606884787, 39.120312990768468 ], [ -77.198211490403935, 39.12137270887802 ] ] } },
{ "type": "Feature", "properties": { "A": 22943, "B": 22939, "SUBAREA": 0, "FFSNEW": 0, "CPENEW": 0, "CPEFAC": 0, "TIMEPEN": 0, "DISTANCE": 0.35, "SPDCLASS": 12, "CAPCLASS": 12, "JUR": 1, "SCREEN": 0, "FTYPE": 1, "TOLL": 0, "TOLLGRP": 0, "AMLANE": 1, "AMLIMIT": 2, "PMLANE": 1, "PMLIMIT": 9, "OPLANE": 1, "OPLIMIT": 9, "EDGEID": 22900000000, "LINKID": 68274, "NETYEAR": 2020, "SHAPE_LENG": 1821.98, "PROJECTID": "NA", "TAZ": 741, "ATYPE": 2, "MDLANE": 1, "MDLIMIT": 9, "NTLANE": 1, "NTLIMIT": 9, "DEFLATIONFT": 0.8011, "AMTOLL": 0.0, "PMTOLL": 0.0, "OPTOLL": 0.0, "AMTOLL_VP": 0.0, "PMTOLL_VP": 0.0, "OPTOLL_VP": 0.0, "AMHTIME": 0.67459, "PMHTIME": 0.67459, "OPHTIME": 0.4647, "MDTOLL": 0.0, "MDTOLL_VP": 0.0, "MDHTIME": 0.4647, "NTTOLL": 0.0, "NTTOLL_VP": 0.0, "NTHTIME": 0.4647, "LINKAB": 2294322939, "TURNPENI": "TURNPEN.PEN", "I4AMSOV": 0.0, "I4AMHV2": 3897.38281, "I4AMHV3": 603.58484, "I4AMCV": 0.0, "I4AMTRK": 0.0, "I4AMAPX": 131.09846, "I4AMVOL": 4632.06641, "I4AMVMT": 1621.22314, "I4AMFFSPD": 63, "AMHRLKCAP": 1900, "AMHRLNCAP": 1900, "I4AMVC": 1.01662, "I4AMVDF": 2.38002, "I4AMSPD": 26.47034, "COMP": 0, "I4MDSOV": 0.0, "I4MDHV2": 0.0, "I4MDHV3": 0.0, "I4MDCV": 0.0, "I4MDTRK": 0.0, "I4MDAPX": 0.0, "I4MDVOL": 0.0, "I4MDVMT": 0.0, "I4MDFFSPD": 63, "MDHRLKCAP": 1900, "MDHRLNCAP": 1900, "I4MDVC": 0.0, "I4MDVDF": 1.0, "I4MDSPD": 63.0, "I4PMSOV": 0.0, "I4PMHV2": 0.0, "I4PMHV3": 0.0, "I4PMCV": 0.0, "I4PMTRK": 0.0, "I4PMAPX": 0.0, "I4PMVOL": 0.0, "I4PMVMT": 0.0, "I4PMFFSPD": 63, "PMHRLKCAP": 1900, "PMHRLNCAP": 1900, "I4PMVC": 0.0, "I4PMVDF": 1.0, "I4PMSPD": 63.0, "I4NTSOV": 0.0, "I4NTHV2": 0.0, "I4NTHV3": 0.0, "I4NTCV": 0.0, "I4NTTRK": 0.0, "I4NTAPX": 0.0, "I4NTVOL": 0.0, "I4NTVMT": 0.0, "I4NTFFSPD": 63, "NTHRLKCAP": 1900, "NTHRLNCAP": 1900, "I4NTVC": 0.0, "I4NTVDF": 1.0, "I4NTSPD": 63.0, "I424VOL": 4632.06641, "TVOL00": 5, "TVMT00": 1.75, "ID": 0, "AADT_2023": 0, "AWDT_2023": 0, "MD210": 0, "CNT2LOADDIF": 0.0, "ABSNCTDIFF": 0.0, "CNT2LOADPCT": 0.0, "ABSPCTDIFF": 0.0, "MD210U": 0, "LOAD1": 4632.06641, "LOAD2": 0.0, "LOADGRW": -4632.06641, "ABSGRW": 4632.06641, "PRCGRW": -1.0, "PRCANLGRW": -4.5454545 }, "geometry": { "type": "LineString", "coordinates": [ [ -77.19482362770124, 39.117301127276399 ], [ -77.19473336972699, 39.117211513329778 ], [ -77.194573370123521, 39.117061513308023 ], [ -77.193753371143842, 39.116291513136559 ], [ -77.190724827827339, 39.113450254422496 ] ] } },
{ "type": "Feature", "properties": { "A": 22944, "B": 22943, "SUBAREA": 0, "FFSNEW": 0, "CPENEW": 0, "CPEFAC": 0, "TIMEPEN": 0, "DISTANCE": 0.01, "SPDCLASS": 12, "CAPCLASS": 12, "JUR": 1, "SCREEN": 0, "FTYPE": 1, "TOLL": 0, "TOLLGRP": 0, "AMLANE": 1, "AMLIMIT": 0, "PMLANE": 1, "PMLIMIT": 0, "OPLANE": 1, "OPLIMIT": 0, "EDGEID": 22900000000, "LINKID": 68275, "NETYEAR": 2020, "SHAPE_LENG": 9.9, "PROJECTID": "NA", "TAZ": 741, "ATYPE": 2, "MDLANE": 1, "MDLIMIT": 0, "NTLANE": 1, "NTLIMIT": 0, "DEFLATIONFT": 0.8011, "AMTOLL": 0.0, "PMTOLL": 0.0, "OPTOLL": 0.0, "AMTOLL_VP": 0.0, "PMTOLL_VP": 0.0, "OPTOLL_VP": 0.0, "AMHTIME": 0.01927, "PMHTIME": 0.01927, "OPHTIME": 0.01328, "MDTOLL": 0.0, "MDTOLL_VP": 0.0, "MDHTIME": 0.01328, "NTTOLL": 0.0, "NTTOLL_VP": 0.0, "NTHTIME": 0.01328, "LINKAB": 2294422943, "TURNPENI": "TURNPEN.PEN", "I4AMSOV": 0.0, "I4AMHV2": 969.09204, "I4AMHV3": 101.32396, "I4AMCV": 0.0, "I4AMTRK": 0.0, "I4AMAPX": 56.85089, "I4AMVOL": 1127.26685, "I4AMVMT": 11.27267, "I4AMFFSPD": 63, "AMHRLKCAP": 1900, "AMHRLNCAP": 1900, "I4AMVC": 0.24741, "I4AMVDF": 1.01184, "I4AMSPD": 62.26254, "COMP": 0, "I4MDSOV": 0.0, "I4MDHV2": 0.0, "I4MDHV3": 0.0, "I4MDCV": 0.0, "I4MDTRK": 0.0, "I4MDAPX": 0.0, "I4MDVOL": 0.0, "I4MDVMT": 0.0, "I4MDFFSPD": 63, "MDHRLKCAP": 1900, "MDHRLNCAP": 1900, "I4MDVC": 0.0, "I4MDVDF": 1.0, "I4MDSPD": 63.0, "I4PMSOV": 0.0, "I4PMHV2": 0.0, "I4PMHV3": 0.0, "I4PMCV": 0.0, "I4PMTRK": 0.0, "I4PMAPX": 0.0, "I4PMVOL": 0.0, "I4PMVMT": 0.0, "I4PMFFSPD": 63, "PMHRLKCAP": 1900, "PMHRLNCAP": 1900, "I4PMVC": 0.0, "I4PMVDF": 1.0, "I4PMSPD": 63.0, "I4NTSOV": 0.0, "I4NTHV2": 0.0, "I4NTHV3": 0.0, "I4NTCV": 0.0, "I4NTTRK": 0.0, "I4NTAPX": 0.0, "I4NTVOL": 0.0, "I4NTVMT": 0.0, "I4NTFFSPD": 63, "NTHRLKCAP": 1900, "NTHRLNCAP": 1900, "I4NTVC": 0.0, "I4NTVDF": 1.0, "I4NTSPD": 63.0, "I424VOL": 1127.26685, "TVOL00": 1, "TVMT00": 0.01, "ID": 0, "AADT_2023": 0, "AWDT_2023": 0, "MD210": 0, "CNT2LOADDIF": 0.0, "ABSNCTDIFF": 0.0, "CNT2LOADPCT": 0.0, "ABSPCTDIFF": 0.0, "MD210U": 0, "LOAD1": 1127.26685, "LOAD2": 0.0, "LOADGRW": -1127.26685, "ABSGRW": 1127.26685, "PRCGRW": -1.0, "PRCANLGRW": -4.5454545 }, "geometry": { "type": "LineString", "coordinates": [ [ -77.194848246743831, 39.117281866914865 ], [ -77.19482362770124, 39.117301127276399 ] ] } },
{ "type": "Feature", "properties": { "A": 22945, "B": 22947, "SUBAREA": 0, "FFSNEW": 0, "CPENEW": 0, "CPEFAC": 0, "TIMEPEN": 0, "DISTANCE": 0.2, "SPDCLASS": 12, "CAPCLASS": 12, "JUR": 1, "SCREEN": 0, "FTYPE": 1, "TOLL": 0, "TOLLGRP": 0, "AMLANE": 1, "AMLIMIT": 9, "PMLANE": 1, "PMLIMIT": 2, "OPLANE": 1, "OPLIMIT": 9, "EDGEID": 22900000000, "LINKID": 68277, "NETYEAR": 2020, "SHAPE_LENG": 1051.93, "PROJECTID": "NA", "TAZ": 741, "ATYPE": 2, "MDLANE": 1, "MDLIMIT": 9, "NTLANE": 1, "NTLIMIT": 9, "DEFLATIONFT": 0.8011, "AMTOLL": 0.0, "PMTOLL": 0.0, "OPTOLL": 0.0, "AMTOLL_VP": 0.0, "PMTOLL_VP": 0.0, "OPTOLL_VP": 0.0, "AMHTIME": 0.38548, "PMHTIME": 0.38548, "OPHTIME": 0.26555, "MDTOLL": 0.0, "MDTOLL_VP": 0.0, "MDHTIME": 0.26555, "NTTOLL": 0.0, "NTTOLL_VP": 0.0, "NTHTIME": 0.26555, "LINKAB": 2294522947, "TURNPENI": "TURNPEN.PEN", "I4AMSOV": 0.0, "I4AMHV2": 0.0, "I4AMHV3": 0.0, "I4AMCV": 0.0, "I4AMTRK": 0.0, "I4AMAPX": 0.0, "I4AMVOL": 0.0, "I4AMVMT": 0.0, "I4AMFFSPD": 63, "AMHRLKCAP": 1900, "AMHRLNCAP": 1900, "I4AMVC": 0.0, "I4AMVDF": 1.0, "I4AMSPD": 63.0, "COMP": 0, "I4MDSOV": 0.0, "I4MDHV2": 0.0, "I4MDHV3": 0.0, "I4MDCV": 0.0, "I4MDTRK": 0.0, "I4MDAPX": 0.0, "I4MDVOL": 0.0, "I4MDVMT": 0.0, "I4MDFFSPD": 63, "MDHRLKCAP": 1900, "MDHRLNCAP": 1900, "I4MDVC": 0.0, "I4MDVDF": 1.0, "I4MDSPD": 63.0, "I4PMSOV": 0.0, "I4PMHV2": 4449.82324, "I4PMHV3": 288.07141, "I4PMCV": 0.0, "I4PMTRK": 0.0, "I4PMAPX": 760.12823, "I4PMVOL": 5498.02295, "I4PMVMT": 1099.60461, "I4PMFFSPD": 63, "PMHRLKCAP": 1900, "PMHRLNCAP": 1900, "I4PMVC": 0.85075, "I4PMVDF": 1.21361, "I4PMSPD": 51.91113, "I4NTSOV": 0.0, "I4NTHV2": 0.0, "I4NTHV3": 0.0, "I4NTCV": 0.0, "I4NTTRK": 0.0, "I4NTAPX": 0.0, "I4NTVOL": 0.0, "I4NTVMT": 0.0, "I4NTFFSPD": 63, "NTHRLKCAP": 1900, "NTHRLNCAP": 1900, "I4NTVC": 0.0, "I4NTVDF": 1.0, "I4NTSPD": 63.0, "I424VOL": 5498.02295, "TVOL00": 5, "TVMT00": 1.0, "ID": 0, "AADT_2023": 0, "AWDT_2023": 0, "MD210": 0, "CNT2LOADDIF": 0.0, "ABSNCTDIFF": 0.0, "CNT2LOADPCT": 0.0, "ABSPCTDIFF": 0.0, "MD210U": 0, "LOAD1": 5498.02295, "LOAD2": 0.0, "LOADGRW": -5498.02295, "ABSGRW": 5498.02295, "PRCGRW": -1.0, "PRCANLGRW": -4.5454545 }, "geometry": { "type": "LineString", "coordinates": [ [ -77.198211490403935, 39.12137270887802 ], [ -77.198219857593642, 39.12138205298865 ], [ -77.198372607747672, 39.121572991130833 ], [ -77.198442608417338, 39.121662990964055 ], [ -77.19844951792237, 39.121673055297137 ], [ -77.198902608064259, 39.122332990821263 ], [ -77.200016207850609, 39.12389562175477 ] ] } },
{ "type": "Feature", "properties": { "A": 22946, "B": 22943, "SUBAREA": 0, "FFSNEW": 0, "CPENEW": 0, "CPEFAC": 0, "TIMEPEN": 0, "DISTANCE": 0.14, "SPDCLASS": 12, "CAPCLASS": 12, "JUR": 1, "SCREEN": 0, "FTYPE": 1, "TOLL": 0, "TOLLGRP": 0, "AMLANE": 1, "AMLIMIT": 2, "PMLANE": 1, "PMLIMIT": 9, "OPLANE": 1, "OPLIMIT": 9, "EDGEID": 22900000000, "LINKID": 68725, "NETYEAR": 2020, "SHAPE_LENG": 761.6, "PROJECTID": "MI2SHOV", "TAZ": 741, "ATYPE": 2, "MDLANE": 1, "MDLIMIT": 9, "NTLANE": 1, "NTLIMIT": 9, "DEFLATIONFT": 0.8011, "AMTOLL": 0.0, "PMTOLL": 0.0, "OPTOLL": 0.0, "AMTOLL_VP": 0.0, "PMTOLL_VP": 0.0, "OPTOLL_VP": 0.0, "AMHTIME": 0.26984, "PMHTIME": 0.26984, "OPHTIME": 0.18588, "MDTOLL": 0.0, "MDTOLL_VP": 0.0, "MDHTIME": 0.18588, "NTTOLL": 0.0, "NTTOLL_VP": 0.0, "NTHTIME": 0.18588, "LINKAB": 2294622943, "TURNPENI": "TURNPEN.PEN", "I4AMSOV": 0.0, "I4AMHV2": 2928.29077, "I4AMHV3": 502.26089, "I4AMCV": 0.0, "I4AMTRK": 0.0, "I4AMAPX": 74.24758, "I4AMVOL": 3504.79932, "I4AMVMT": 490.67191, "I4AMFFSPD": 63, "AMHRLKCAP": 1900, "AMHRLNCAP": 1900, "I4AMVC": 0.76921, "I4AMVDF": 1.12076, "I4AMSPD": 56.21194, "COMP": 0, "I4MDSOV": 0.0, "I4MDHV2": 0.0, "I4MDHV3": 0.0, "I4MDCV": 0.0, "I4MDTRK": 0.0, "I4MDAPX": 0.0, "I4MDVOL": 0.0, "I4MDVMT": 0.0, "I4MDFFSPD": 63, "MDHRLKCAP": 1900, "MDHRLNCAP": 1900, "I4MDVC": 0.0, "I4MDVDF": 1.0, "I4MDSPD": 63.0, "I4PMSOV": 0.0, "I4PMHV2": 0.0, "I4PMHV3": 0.0, "I4PMCV": 0.0, "I4PMTRK": 0.0, "I4PMAPX": 0.0, "I4PMVOL": 0.0, "I4PMVMT": 0.0, "I4PMFFSPD": 63, "PMHRLKCAP": 1900, "PMHRLNCAP": 1900, "I4PMVC": 0.0, "I4PMVDF": 1.0, "I4PMSPD": 63.0, "I4NTSOV": 0.0, "I4NTHV2": 0.0, "I4NTHV3": 0.0, "I4NTCV": 0.0, "I4NTTRK": 0.0, "I4NTAPX": 0.0, "I4NTVOL": 0.0, "I4NTVMT": 0.0, "I4NTFFSPD": 63, "NTHRLKCAP": 1900, "NTHRLNCAP": 1900, "I4NTVC": 0.0, "I4NTVDF": 1.0, "I4NTSPD": 63.0, "I424VOL": 3504.79932, "TVOL00": 4, "TVMT00": 0.56, "ID": 0, "AADT_2023": 0, "AWDT_2023": 0, "MD210": 0, "CNT2LOADDIF": 0.0, "ABSNCTDIFF": 0.0, "CNT2LOADPCT": 0.0, "ABSPCTDIFF": 0.0, "MD210U": 0, "LOAD1": 3504.79932, "LOAD2": 0.0, "LOADGRW": -3504.79932, "ABSGRW": 3504.79932, "PRCGRW": -1.0, "PRCANLGRW": -4.5454545 }, "geometry": { "type": "LineString", "coordinates": [ [ -77.196453031868771, 39.118962260220812 ], [ -77.196223369463212, 39.118691513484265 ], [ -77.195803369042679, 39.118251513000793 ], [ -77.195473370253922, 39.117931512894529 ], [ -77.19482362770124, 39.117301127276399 ] ] } },
{ "type": "Feature", "properties": { "A": 22947, "B": 22950, "SUBAREA": 0, "FFSNEW": 0, "CPENEW": 0, "CPEFAC": 0, "TIMEPEN": 0, "DISTANCE": 0.16, "SPDCLASS": 12, "CAPCLASS": 12, "JUR": 1, "SCREEN": 0, "FTYPE": 1, "TOLL": 0, "TOLLGRP": 0, "AMLANE": 1, "AMLIMIT": 9, "PMLANE": 1, "PMLIMIT": 2, "OPLANE": 1, "OPLIMIT": 9, "EDGEID": 22900000000, "LINKID": 68279, "NETYEAR": 2001, "SHAPE_LENG": 864.96, "PROJECTID": "TOD2001", "TAZ": 747, "ATYPE": 2, "MDLANE": 1, "MDLIMIT": 9, "NTLANE": 1, "NTLIMIT": 9, "DEFLATIONFT": 0.8011, "AMTOLL": 0.0, "PMTOLL": 0.0, "OPTOLL": 0.0, "AMTOLL_VP": 0.0, "PMTOLL_VP": 0.0, "OPTOLL_VP": 0.0, "AMHTIME": 0.30838, "PMHTIME": 0.30838, "OPHTIME": 0.21244, "MDTOLL": 0.0, "MDTOLL_VP": 0.0, "MDHTIME": 0.21244, "NTTOLL": 0.0, "NTTOLL_VP": 0.0, "NTHTIME": 0.21244, "LINKAB": 2294722950, "TURNPENI": "TURNPEN.PEN", "I4AMSOV": 0.0, "I4AMHV2": 0.0, "I4AMHV3": 0.0, "I4AMCV": 0.0, "I4AMTRK": 0.0, "I4AMAPX": 0.0, "I4AMVOL": 0.0, "I4AMVMT": 0.0, "I4AMFFSPD": 63, "AMHRLKCAP": 1900, "AMHRLNCAP": 1900, "I4AMVC": 0.0, "I4AMVDF": 1.0, "I4AMSPD": 63.0, "COMP": 0, "I4MDSOV": 0.0, "I4MDHV2": 0.0, "I4MDHV3": 0.0, "I4MDCV": 0.0, "I4MDTRK": 0.0, "I4MDAPX": 0.0, "I4MDVOL": 0.0, "I4MDVMT": 0.0, "I4MDFFSPD": 63, "MDHRLKCAP": 1900, "MDHRLNCAP": 1900, "I4MDVC": 0.0, "I4MDVDF": 1.0, "I4MDSPD": 63.0, "I4PMSOV": 0.0, "I4PMHV2": 4449.82324, "I4PMHV3": 288.07141, "I4PMCV": 0.0, "I4PMTRK": 0.0, "I4PMAPX": 760.12823, "I4PMVOL": 5498.02295, "I4PMVMT": 879.68372, "I4PMFFSPD": 63, "PMHRLKCAP": 1900, "PMHRLNCAP": 1900, "I4PMVC": 0.85075, "I4PMVDF": 1.21361, "I4PMSPD": 51.91113, "I4NTSOV": 0.0, "I4NTHV2": 0.0, "I4NTHV3": 0.0, "I4NTCV": 0.0, "I4NTTRK": 0.0, "I4NTAPX": 0.0, "I4NTVOL": 0.0, "I4NTVMT": 0.0, "I4NTFFSPD": 63, "NTHRLKCAP": 1900, "NTHRLNCAP": 1900, "I4NTVC": 0.0, "I4NTVDF": 1.0, "I4NTSPD": 63.0, "I424VOL": 5498.02295, "TVOL00": 5, "TVMT00": 0.8, "ID": 0, "AADT_2023": 0, "AWDT_2023": 0, "MD210": 0, "CNT2LOADDIF": 0.0, "ABSNCTDIFF": 0.0, "CNT2LOADPCT": 0.0, "ABSPCTDIFF": 0.0, "MD210U": 0, "LOAD1": 5498.02295, "LOAD2": 0.0, "LOADGRW": -5498.02295, "ABSGRW": 5498.02295, "PRCGRW": -1.0, "PRCANLGRW": -4.5454545 }, "geometry": { "type": "LineString", "coordinates": [ [ -77.200016207850609, 39.12389562175477 ], [ -77.200092606857709, 39.1240029902239 ], [ -77.20084260696639, 39.12508298912131 ], [ -77.201495486958066, 39.125971528208169 ] ] } },
{ "type": "Feature", "properties": { "A": 22948, "B": 22946, "SUBAREA": 0, "FFSNEW": 0, "CPENEW": 0, "CPEFAC": 0, "TIMEPEN": 0, "DISTANCE": 0.39, "SPDCLASS": 12, "CAPCLASS": 12, "JUR": 1, "SCREEN": 0, "FTYPE": 1, "TOLL": 0, "TOLLGRP": 0, "AMLANE": 1, "AMLIMIT": 2, "PMLANE": 1, "PMLIMIT": 9, "OPLANE": 1, "OPLIMIT": 9, "EDGEID": 22900000000, "LINKID": 58037, "NETYEAR": 2020, "SHAPE_LENG": 2080.87, "PROJECTID": "MI2SHOV", "TAZ": 741, "ATYPE": 2, "MDLANE": 1, "MDLIMIT": 9, "NTLANE": 1, "NTLIMIT": 9, "DEFLATIONFT": 0.8011, "AMTOLL": 0.0, "PMTOLL": 0.0, "OPTOLL": 0.0, "AMTOLL_VP": 0.0, "PMTOLL_VP": 0.0, "OPTOLL_VP": 0.0, "AMHTIME": 0.75169, "PMHTIME": 0.75169, "OPHTIME": 0.51781, "MDTOLL": 0.0, "MDTOLL_VP": 0.0, "MDHTIME": 0.51781, "NTTOLL": 0.0, "NTTOLL_VP": 0.0, "NTHTIME": 0.51781, "LINKAB": 2294822946, "TURNPENI": "TURNPEN.PEN", "I4AMSOV": 0.0, "I4AMHV2": 2928.29077, "I4AMHV3": 502.26089, "I4AMCV": 0.0, "I4AMTRK": 0.0, "I4AMAPX": 74.24758, "I4AMVOL": 3504.79932, "I4AMVMT": 1366.8717, "I4AMFFSPD": 63, "AMHRLKCAP": 1900, "AMHRLNCAP": 1900, "I4AMVC": 0.76921, "I4AMVDF": 1.12076, "I4AMSPD": 56.21194, "COMP": 0, "I4MDSOV": 0.0, "I4MDHV2": 0.0, "I4MDHV3": 0.0, "I4MDCV": 0.0, "I4MDTRK": 0.0, "I4MDAPX": 0.0, "I4MDVOL": 0.0, "I4MDVMT": 0.0, "I4MDFFSPD": 63, "MDHRLKCAP": 1900, "MDHRLNCAP": 1900, "I4MDVC": 0.0, "I4MDVDF": 1.0, "I4MDSPD": 63.0, "I4PMSOV": 0.0, "I4PMHV2": 0.0, "I4PMHV3": 0.0, "I4PMCV": 0.0, "I4PMTRK": 0.0, "I4PMAPX": 0.0, "I4PMVOL": 0.0, "I4PMVMT": 0.0, "I4PMFFSPD": 63, "PMHRLKCAP": 1900, "PMHRLNCAP": 1900, "I4PMVC": 0.0, "I4PMVDF": 1.0, "I4PMSPD": 63.0, "I4NTSOV": 0.0, "I4NTHV2": 0.0, "I4NTHV3": 0.0, "I4NTCV": 0.0, "I4NTTRK": 0.0, "I4NTAPX": 0.0, "I4NTVOL": 0.0, "I4NTVMT": 0.0, "I4NTFFSPD": 63, "NTHRLKCAP": 1900, "NTHRLNCAP": 1900, "I4NTVC": 0.0, "I4NTVDF": 1.0, "I4NTSPD": 63.0, "I424VOL": 3504.79932, "TVOL00": 4, "TVMT00": 1.56, "ID": 0, "AADT_2023": 0, "AWDT_2023": 0, "MD210": 0, "CNT2LOADDIF": 0.0, "ABSNCTDIFF": 0.0, "CNT2LOADPCT": 0.0, "ABSPCTDIFF": 0.0, "MD210U": 0, "LOAD1": 3504.79932, "LOAD2": 0.0, "LOADGRW": -3504.79932, "ABSGRW": 3504.79932, "PRCGRW": -1.0, "PRCANLGRW": -4.5454545 }, "geometry": { "type": "LineString", "coordinates": [ [ -77.200202940150731, 39.12386510100125 ], [ -77.199593367013676, 39.122991513507685 ], [ -77.199073368077507, 39.122231512917949 ], [ -77.198663368138014, 39.121671512956752 ], [ -77.198633369392738, 39.121631512830994 ], [ -77.198625934682539, 39.121621600483699 ], [ -77.198603368848822, 39.121591513604614 ], [ -77.198553369141351, 39.121531513416059 ], [ -77.198413367802004, 39.121331513686897 ], [ -77.198405711858186, 39.121322580703172 ], [ -77.198353367613436, 39.121261513017238 ], [ -77.197383367712746, 39.120031513198789 ], [ -77.196563369632429, 39.119091513842022 ], [ -77.196453031868771, 39.118962260220812 ] ] } },
{ "type": "Feature", "properties": { "A": 22949, "B": 22950, "SUBAREA": 0, "FFSNEW": 0, "CPENEW": 0, "CPEFAC": 0, "TIMEPEN": 0, "DISTANCE": 0.01, "SPDCLASS": 12, "CAPCLASS": 12, "JUR": 1, "SCREEN": 0, "FTYPE": 1, "TOLL": 0, "TOLLGRP": 0, "AMLANE": 1, "AMLIMIT": 9, "PMLANE": 1, "PMLIMIT": 0, "OPLANE": 1, "OPLIMIT": 9, "EDGEID": 22900000000, "LINKID": 19195, "NETYEAR": 2001, "SHAPE_LENG": 9.9, "PROJECTID": "TOD2001", "TAZ": 747, "ATYPE": 2, "MDLANE": 1, "MDLIMIT": 9, "NTLANE": 1, "NTLIMIT": 9, "DEFLATIONFT": 0.8011, "AMTOLL": 0.0, "PMTOLL": 0.0, "OPTOLL": 0.0, "AMTOLL_VP": 0.0, "PMTOLL_VP": 0.0, "OPTOLL_VP": 0.0, "AMHTIME": 0.01927, "PMHTIME": 0.01927, "OPHTIME": 0.01328, "MDTOLL": 0.0, "MDTOLL_VP": 0.0, "MDHTIME": 0.01328, "NTTOLL": 0.0, "NTTOLL_VP": 0.0, "NTHTIME": 0.01328, "LINKAB": 2294922950, "TURNPENI": "TURNPEN.PEN", "I4AMSOV": 0.0, "I4AMHV2": 0.0, "I4AMHV3": 0.0, "I4AMCV": 0.0, "I4AMTRK": 0.0, "I4AMAPX": 0.0, "I4AMVOL": 0.0, "I4AMVMT": 0.0, "I4AMFFSPD": 63, "AMHRLKCAP": 1900, "AMHRLNCAP": 1900, "I4AMVC": 0.0, "I4AMVDF": 1.0, "I4AMSPD": 63.0, "COMP": 0, "I4MDSOV": 0.0, "I4MDHV2": 0.0, "I4MDHV3": 0.0, "I4MDCV": 0.0, "I4MDTRK": 0.0, "I4MDAPX": 0.0, "I4MDVOL": 0.0, "I4MDVMT": 0.0, "I4MDFFSPD": 63, "MDHRLKCAP": 1900, "MDHRLNCAP": 1900, "I4MDVC": 0.0, "I4MDVDF": 1.0, "I4MDSPD": 63.0, "I4PMSOV": 0.0, "I4PMHV2": 955.84161, "I4PMHV3": 35.62265, "I4PMCV": 0.0, "I4PMTRK": 0.0, "I4PMAPX": 307.74573, "I4PMVOL": 1299.20996, "I4PMVMT": 12.9921, "I4PMFFSPD": 63, "PMHRLKCAP": 1900, "PMHRLNCAP": 1900, "I4PMVC": 0.20104, "I4PMVDF": 1.00906, "I4PMSPD": 62.43421, "I4NTSOV": 0.0, "I4NTHV2": 0.0, "I4NTHV3": 0.0, "I4NTCV": 0.0, "I4NTTRK": 0.0, "I4NTAPX": 0.0, "I4NTVOL": 0.0, "I4NTVMT": 0.0, "I4NTFFSPD": 63, "NTHRLKCAP": 1900, "NTHRLNCAP": 1900, "I4NTVC": 0.0, "I4NTVDF": 1.0, "I4NTSPD": 63.0, "I424VOL": 1299.20996, "TVOL00": 1, "TVMT00": 0.01, "ID": 0, "AADT_2023": 0, "AWDT_2023": 0, "MD210": 0, "CNT2LOADDIF": 0.0, "ABSNCTDIFF": 0.0, "CNT2LOADPCT": 0.0, "ABSPCTDIFF": 0.0, "MD210U": 0, "LOAD1": 1299.20996, "LOAD2": 0.0, "LOADGRW": -1299.20996, "ABSGRW": 1299.20996, "PRCGRW": -1.0, "PRCANLGRW": -4.5454545 }, "geometry": { "type": "LineString", "coordinates": [ [ -77.20147086670741, 39.12599078992482 ], [ -77.201495486958066, 39.125971528208169 ] ] } },
{ "type": "Feature", "properties": { "A": 22950, "B": 22954, "SUBAREA": 0, "FFSNEW": 0, "CPENEW": 0, "CPEFAC": 0, "TIMEPEN": 0, "DISTANCE": 0.89, "SPDCLASS": 12, "CAPCLASS": 12, "JUR": 1, "SCREEN": 22, "FTYPE": 1, "TOLL": 0, "TOLLGRP": 0, "AMLANE": 1, "AMLIMIT": 9, "PMLANE": 1, "PMLIMIT": 2, "OPLANE": 1, "OPLIMIT": 9, "EDGEID": 23000000000, "LINKID": 68726, "NETYEAR": 2001, "SHAPE_LENG": 4714.14, "PROJECTID": "TOD2001", "TAZ": 745, "ATYPE": 2, "MDLANE": 1, "MDLIMIT": 9, "NTLANE": 1, "NTLIMIT": 9, "DEFLATIONFT": 0.8011, "AMTOLL": 0.0, "PMTOLL": 0.0, "OPTOLL": 0.0, "AMTOLL_VP": 0.0, "PMTOLL_VP": 0.0, "OPTOLL_VP": 0.0, "AMHTIME": 1.71539, "PMHTIME": 1.71539, "OPHTIME": 1.18168, "MDTOLL": 0.0, "MDTOLL_VP": 0.0, "MDHTIME": 1.18168, "NTTOLL": 0.0, "NTTOLL_VP": 0.0, "NTHTIME": 1.18168, "LINKAB": 2295022954, "TURNPENI": "TURNPEN.PEN", "I4AMSOV": 0.0, "I4AMHV2": 0.0, "I4AMHV3": 0.0, "I4AMCV": 0.0, "I4AMTRK": 0.0, "I4AMAPX": 0.0, "I4AMVOL": 0.0, "I4AMVMT": 0.0, "I4AMFFSPD": 63, "AMHRLKCAP": 1900, "AMHRLNCAP": 1900, "I4AMVC": 0.0, "I4AMVDF": 1.0, "I4AMSPD": 63.0, "COMP": 0, "I4MDSOV": 0.0, "I4MDHV2": 0.0, "I4MDHV3": 0.0, "I4MDCV": 0.0, "I4MDTRK": 0.0, "I4MDAPX": 0.0, "I4MDVOL": 0.0, "I4MDVMT": 0.0, "I4MDFFSPD": 63, "MDHRLKCAP": 1900, "MDHRLNCAP": 1900, "I4MDVC": 0.0, "I4MDVDF": 1.0, "I4MDSPD": 63.0, "I4PMSOV": 0.0, "I4PMHV2": 5405.66504, "I4PMHV3": 323.69406, "I4PMCV": 0.0, "I4PMTRK": 0.0, "I4PMAPX": 1067.87402, "I4PMVOL": 6797.23291, "I4PMVMT": 6049.5376, "I4PMFFSPD": 63, "PMHRLKCAP": 1900, "PMHRLNCAP": 1900, "I4PMVC": 1.05178, "I4PMVDF": 3.18426, "I4PMSPD": 19.7848, "I4NTSOV": 0.0, "I4NTHV2": 0.0, "I4NTHV3": 0.0, "I4NTCV": 0.0, "I4NTTRK": 0.0, "I4NTAPX": 0.0, "I4NTVOL": 0.0, "I4NTVMT": 0.0, "I4NTFFSPD": 63, "NTHRLKCAP": 1900, "NTHRLNCAP": 1900, "I4NTVC": 0.0, "I4NTVDF": 1.0, "I4NTSPD": 63.0, "I424VOL": 6797.23291, "TVOL00": 7, "TVMT00": 6.23, "ID": 0, "AADT_2023": 0, "AWDT_2023": 0, "MD210": 0, "CNT2LOADDIF": 0.0, "ABSNCTDIFF": 0.0, "CNT2LOADPCT": 0.0, "ABSPCTDIFF": 0.0, "MD210U": 0, "LOAD1": 6797.23291, "LOAD2": 0.0, "LOADGRW": -6797.23291, "ABSGRW": 6797.23291, "PRCGRW": -1.0, "PRCANLGRW": -4.5454545 }, "geometry": { "type": "LineString", "coordinates": [ [ -77.201495486958066, 39.125971528208169 ], [ -77.201562606531127, 39.126062988603785 ], [ -77.202252606451225, 39.126942988671289 ], [ -77.202672605972452, 39.127432988862203 ], [ -77.203332606247955, 39.128192989451954 ], [ -77.203942606815986, 39.128862988409907 ], [ -77.205432606552222, 39.130422988815774 ], [ -77.206202605824387, 39.131232986415043 ], [ -77.206402605553592, 39.131432987942894 ], [ -77.20646260664148, 39.131492987232129 ], [ -77.20660260618213, 39.131652986835583 ], [ -77.206648955534149, 39.131699337086928 ], [ -77.206662605471365, 39.131712987024166 ], [ -77.206882606162765, 39.131962987360168 ], [ -77.207282606520508, 39.132382986881446 ], [ -77.20787260522701, 39.133032986675843 ], [ -77.208402604644277, 39.133652987724915 ], [ -77.208872604772353, 39.13427298697539 ], [ -77.209612605299242, 39.135272986520732 ], [ -77.209982605113012, 39.135842986063693 ], [ -77.210242605030786, 39.136202987195077 ], [ -77.210604292854583, 39.136773273624442 ] ] } },
{ "type": "Feature", "properties": { "A": 22951, "B": 22948, "SUBAREA": 0, "FFSNEW": 0, "CPENEW": 0, "CPEFAC": 0, "TIMEPEN": 0, "DISTANCE": 0.34, "SPDCLASS": 12, "CAPCLASS": 12, "JUR": 1, "SCREEN": 0, "FTYPE": 1, "TOLL": 0, "TOLLGRP": 0, "AMLANE": 1, "AMLIMIT": 2, "PMLANE": 1, "PMLIMIT": 9, "OPLANE": 1, "OPLIMIT": 9, "EDGEID": 23000000000, "LINKID": 68561, "NETYEAR": 2001, "SHAPE_LENG": 1810.58, "PROJECTID": "TOD2001", "TAZ": 747, "ATYPE": 2, "MDLANE": 1, "MDLIMIT": 9, "NTLANE": 1, "NTLIMIT": 9, "DEFLATIONFT": 0.8011, "AMTOLL": 0.0, "PMTOLL": 0.0, "OPTOLL": 0.0, "AMTOLL_VP": 0.0, "PMTOLL_VP": 0.0, "OPTOLL_VP": 0.0, "AMHTIME": 0.65532, "PMHTIME": 0.65532, "OPHTIME": 0.45143, "MDTOLL": 0.0, "MDTOLL_VP": 0.0, "MDHTIME": 0.45143, "NTTOLL": 0.0, "NTTOLL_VP": 0.0, "NTHTIME": 0.45143, "LINKAB": 2295122948, "TURNPENI": "TURNPEN.PEN", "I4AMSOV": 0.0, "I4AMHV2": 2928.29077, "I4AMHV3": 502.26089, "I4AMCV": 0.0, "I4AMTRK": 0.0, "I4AMAPX": 74.24758, "I4AMVOL": 3504.79932, "I4AMVMT": 1191.63171, "I4AMFFSPD": 63, "AMHRLKCAP": 1900, "AMHRLNCAP": 1900, "I4AMVC": 0.76921, "I4AMVDF": 1.12076, "I4AMSPD": 56.21194, "COMP": 0, "I4MDSOV": 0.0, "I4MDHV2": 0.0, "I4MDHV3": 0.0, "I4MDCV": 0.0, "I4MDTRK": 0.0, "I4MDAPX": 0.0, "I4MDVOL": 0.0, "I4MDVMT": 0.0, "I4MDFFSPD": 63, "MDHRLKCAP": 1900, "MDHRLNCAP": 1900, "I4MDVC": 0.0, "I4MDVDF": 1.0, "I4MDSPD": 63.0, "I4PMSOV": 0.0, "I4PMHV2": 0.0, "I4PMHV3": 0.0, "I4PMCV": 0.0, "I4PMTRK": 0.0, "I4PMAPX": 0.0, "I4PMVOL": 0.0, "I4PMVMT": 0.0, "I4PMFFSPD": 63, "PMHRLKCAP": 1900, "PMHRLNCAP": 1900, "I4PMVC": 0.0, "I4PMVDF": 1.0, "I4PMSPD": 63.0, "I4NTSOV": 0.0, "I4NTHV2": 0.0, "I4NTHV3": 0.0, "I4NTCV": 0.0, "I4NTTRK": 0.0, "I4NTAPX": 0.0, "I4NTVOL": 0.0, "I4NTVMT": 0.0, "I4NTFFSPD": 63, "NTHRLKCAP": 1900, "NTHRLNCAP": 1900, "I4NTVC": 0.0, "I4NTVDF": 1.0, "I4NTSPD": 63.0, "I424VOL": 3504.79932, "TVOL00": 4, "TVMT00": 1.36, "ID": 0, "AADT_2023": 0, "AWDT_2023": 0, "MD210": 0, "CNT2LOADDIF": 0.0, "ABSNCTDIFF": 0.0, "CNT2LOADPCT": 0.0, "ABSPCTDIFF": 0.0, "MD210U": 0, "LOAD1": 3504.79932, "LOAD2": 0.0, "LOADGRW": -3504.79932, "ABSGRW": 3504.79932, "PRCGRW": -1.0, "PRCANLGRW": -4.5454545 }, "geometry": { "type": "LineString", "coordinates": [ [ -77.203493248553471, 39.128120647914422 ], [ -77.202883365212088, 39.127451513134631 ], [ -77.202453365209749, 39.126911512336939 ], [ -77.201593367003696, 39.125821512059119 ], [ -77.201123366875663, 39.125171513164034 ], [ -77.200353366704135, 39.124081512886214 ], [ -77.200202940150731, 39.12386510100125 ] ] } },
{ "type": "Feature", "properties": { "A": 22952, "B": 22951, "SUBAREA": 0, "FFSNEW": 0, "CPENEW": 0, "CPEFAC": 0, "TIMEPEN": 0, "DISTANCE": 0.01, "SPDCLASS": 12, "CAPCLASS": 12, "JUR": 1, "SCREEN": 0, "FTYPE": 1, "TOLL": 0, "TOLLGRP": 0, "AMLANE": 1, "AMLIMIT": 0, "PMLANE": 1, "PMLIMIT": 0, "OPLANE": 1, "OPLIMIT": 0, "EDGEID": 23000000000, "LINKID": 17095, "NETYEAR": 2000, "SHAPE_LENG": 9.9, "PROJECTID": "NA", "TAZ": 743, "ATYPE": 2, "MDLANE": 1, "MDLIMIT": 0, "NTLANE": 1, "NTLIMIT": 0, "DEFLATIONFT": 0.8011, "AMTOLL": 0.0, "PMTOLL": 0.0, "OPTOLL": 0.0, "AMTOLL_VP": 0.0, "PMTOLL_VP": 0.0, "OPTOLL_VP": 0.0, "AMHTIME": 0.01927, "PMHTIME": 0.01927, "OPHTIME": 0.01328, "MDTOLL": 0.0, "MDTOLL_VP": 0.0, "MDHTIME": 0.01328, "NTTOLL": 0.0, "NTTOLL_VP": 0.0, "NTHTIME": 0.01328, "LINKAB": 2295222951, "TURNPENI": "TURNPEN.PEN", "I4AMSOV": 0.0, "I4AMHV2": 2928.29077, "I4AMHV3": 502.26089, "I4AMCV": 0.0, "I4AMTRK": 0.0, "I4AMAPX": 74.24758, "I4AMVOL": 3504.79932, "I4AMVMT": 35.04799, "I4AMFFSPD": 63, "AMHRLKCAP": 1900, "AMHRLNCAP": 1900, "I4AMVC": 0.76921, "I4AMVDF": 1.12076, "I4AMSPD": 56.21194, "COMP": 0, "I4MDSOV": 0.0, "I4MDHV2": 0.0, "I4MDHV3": 0.0, "I4MDCV": 0.0, "I4MDTRK": 0.0, "I4MDAPX": 0.0, "I4MDVOL": 0.0, "I4MDVMT": 0.0, "I4MDFFSPD": 63, "MDHRLKCAP": 1900, "MDHRLNCAP": 1900, "I4MDVC": 0.0, "I4MDVDF": 1.0, "I4MDSPD": 63.0, "I4PMSOV": 0.0, "I4PMHV2": 0.0, "I4PMHV3": 0.0, "I4PMCV": 0.0, "I4PMTRK": 0.0, "I4PMAPX": 0.0, "I4PMVOL": 0.0, "I4PMVMT": 0.0, "I4PMFFSPD": 63, "PMHRLKCAP": 1900, "PMHRLNCAP": 1900, "I4PMVC": 0.0, "I4PMVDF": 1.0, "I4PMSPD": 63.0, "I4NTSOV": 0.0, "I4NTHV2": 0.0, "I4NTHV3": 0.0, "I4NTCV": 0.0, "I4NTTRK": 0.0, "I4NTAPX": 0.0, "I4NTVOL": 0.0, "I4NTVMT": 0.0, "I4NTFFSPD": 63, "NTHRLKCAP": 1900, "NTHRLNCAP": 1900, "I4NTVC": 0.0, "I4NTVDF": 1.0, "I4NTSPD": 63.0, "I424VOL": 3504.79932, "TVOL00": 4, "TVMT00": 0.04, "ID": 0, "AADT_2023": 0, "AWDT_2023": 0, "MD210": 0, "CNT2LOADDIF": 0.0, "ABSNCTDIFF": 0.0, "CNT2LOADPCT": 0.0, "ABSPCTDIFF": 0.0, "MD210U": 0, "LOAD1": 3504.79932, "LOAD2": 0.0, "LOADGRW": -3504.79932, "ABSGRW": 3504.79932, "PRCGRW": -1.0, "PRCANLGRW": -4.5454545 }, "geometry": { "type": "LineString", "coordinates": [ [ -77.203517868993728, 39.128101385783118 ], [ -77.203493248553471, 39.128120647914422 ] ] } },
{ "type": "Feature", "properties": { "A": 22954, "B": 22953, "SUBAREA": 0, "FFSNEW": 0, "CPENEW": 0, "CPEFAC": 0, "TIMEPEN": 0, "DISTANCE": 0.01, "SPDCLASS": 12, "CAPCLASS": 12, "JUR": 1, "SCREEN": 0, "FTYPE": 1, "TOLL": 0, "TOLLGRP": 0, "AMLANE": 1, "AMLIMIT": 9, "PMLANE": 1, "PMLIMIT": 0, "OPLANE": 1, "OPLIMIT": 9, "EDGEID": 23000000000, "LINKID": 68564, "NETYEAR": 2001, "SHAPE_LENG": 9.9, "PROJECTID": "TOD2001", "TAZ": 745, "ATYPE": 2, "MDLANE": 1, "MDLIMIT": 9, "NTLANE": 1, "NTLIMIT": 9, "DEFLATIONFT": 0.8011, "AMTOLL": 0.0, "PMTOLL": 0.0, "OPTOLL": 0.0, "AMTOLL_VP": 0.0, "PMTOLL_VP": 0.0, "OPTOLL_VP": 0.0, "AMHTIME": 0.01927, "PMHTIME": 0.01927, "OPHTIME": 0.01328, "MDTOLL": 0.0, "MDTOLL_VP": 0.0, "MDHTIME": 0.01328, "NTTOLL": 0.0, "NTTOLL_VP": 0.0, "NTHTIME": 0.01328, "LINKAB": 2295422953, "TURNPENI": "TURNPEN.PEN", "I4AMSOV": 0.0, "I4AMHV2": 0.0, "I4AMHV3": 0.0, "I4AMCV": 0.0, "I4AMTRK": 0.0, "I4AMAPX": 0.0, "I4AMVOL": 0.0, "I4AMVMT": 0.0, "I4AMFFSPD": 63, "AMHRLKCAP": 1900, "AMHRLNCAP": 1900, "I4AMVC": 0.0, "I4AMVDF": 1.0, "I4AMSPD": 63.0, "COMP": 0, "I4MDSOV": 0.0, "I4MDHV2": 0.0, "I4MDHV3": 0.0, "I4MDCV": 0.0, "I4MDTRK": 0.0, "I4MDAPX": 0.0, "I4MDVOL": 0.0, "I4MDVMT": 0.0, "I4MDFFSPD": 63, "MDHRLKCAP": 1900, "MDHRLNCAP": 1900, "I4MDVC": 0.0, "I4MDVDF": 1.0, "I4MDSPD": 63.0, "I4PMSOV": 0.0, "I4PMHV2": 374.08417, "I4PMHV3": 0.0, "I4PMCV": 0.0, "I4PMTRK": 0.0, "I4PMAPX": 68.26183, "I4PMVOL": 442.34601, "I4PMVMT": 4.42346, "I4PMFFSPD": 63, "PMHRLKCAP": 1900, "PMHRLNCAP": 1900, "I4PMVC": 0.06845, "I4PMVDF": 1.00274, "I4PMSPD": 62.82798, "I4NTSOV": 0.0, "I4NTHV2": 0.0, "I4NTHV3": 0.0, "I4NTCV": 0.0, "I4NTTRK": 0.0, "I4NTAPX": 0.0, "I4NTVOL": 0.0, "I4NTVMT": 0.0, "I4NTFFSPD": 63, "NTHRLKCAP": 1900, "NTHRLNCAP": 1900, "I4NTVC": 0.0, "I4NTVDF": 1.0, "I4NTSPD": 63.0, "I424VOL": 442.34601, "TVOL00": 0, "TVMT00": 0.0, "ID": 0, "AADT_2023": 0, "AWDT_2023": 0, "MD210": 0, "CNT2LOADDIF": 0.0, "ABSNCTDIFF": 0.0, "CNT2LOADPCT": 0.0, "ABSPCTDIFF": 0.0, "MD210U": 0, "LOAD1": 442.34601, "LOAD2": 0.0, "LOADGRW": -442.34601, "ABSGRW": 442.34601, "PRCGRW": -1.0, "PRCANLGRW": -4.5454545 }, "geometry": { "type": "LineString", "coordinates": [ [ -77.210604292854583, 39.136773273624442 ], [ -77.210579671331246, 39.136792537202538 ] ] } },
{ "type": "Feature", "properties": { "A": 22954, "B": 22957, "SUBAREA": 0, "FFSNEW": 0, "CPENEW": 0, "CPEFAC": 0, "TIMEPEN": 0, "DISTANCE": 0.27, "SPDCLASS": 12, "CAPCLASS": 12, "JUR": 1, "SCREEN": 0, "FTYPE": 1, "TOLL": 0, "TOLLGRP": 0, "AMLANE": 1, "AMLIMIT": 9, "PMLANE": 1, "PMLIMIT": 2, "OPLANE": 1, "OPLIMIT": 9, "EDGEID": 23000000000, "LINKID": 68565, "NETYEAR": 2001, "SHAPE_LENG": 1450.03, "PROJECTID": "TOD2001", "TAZ": 745, "ATYPE": 2, "MDLANE": 1, "MDLIMIT": 9, "NTLANE": 1, "NTLIMIT": 9, "DEFLATIONFT": 0.8011, "AMTOLL": 0.0, "PMTOLL": 0.0, "OPTOLL": 0.0, "AMTOLL_VP": 0.0, "PMTOLL_VP": 0.0, "OPTOLL_VP": 0.0, "AMHTIME": 0.5204, "PMHTIME": 0.5204, "OPHTIME": 0.35849, "MDTOLL": 0.0, "MDTOLL_VP": 0.0, "MDHTIME": 0.35849, "NTTOLL": 0.0, "NTTOLL_VP": 0.0, "NTHTIME": 0.35849, "LINKAB": 2295422957, "TURNPENI": "TURNPEN.PEN", "I4AMSOV": 0.0, "I4AMHV2": 0.0, "I4AMHV3": 0.0, "I4AMCV": 0.0, "I4AMTRK": 0.0, "I4AMAPX": 0.0, "I4AMVOL": 0.0, "I4AMVMT": 0.0, "I4AMFFSPD": 63, "AMHRLKCAP": 1900, "AMHRLNCAP": 1900, "I4AMVC": 0.0, "I4AMVDF": 1.0, "I4AMSPD": 63.0, "COMP": 0, "I4MDSOV": 0.0, "I4MDHV2": 0.0, "I4MDHV3": 0.0, "I4MDCV": 0.0, "I4MDTRK": 0.0, "I4MDAPX": 0.0, "I4MDVOL": 0.0, "I4MDVMT": 0.0, "I4MDFFSPD": 63, "MDHRLKCAP": 1900, "MDHRLNCAP": 1900, "I4MDVC": 0.0, "I4MDVDF": 1.0, "I4MDSPD": 63.0, "I4PMSOV": 0.0, "I4PMHV2": 5031.58105, "I4PMHV3": 323.69406, "I4PMCV": 0.0, "I4PMTRK": 0.0, "I4PMAPX": 999.61212, "I4PMVOL": 6354.88672, "I4PMVMT": 1715.81946, "I4PMFFSPD": 63, "PMHRLKCAP": 1900, "PMHRLNCAP": 1900, "I4PMVC": 0.98334, "I4PMVDF": 1.88118, "I4PMSPD": 33.48963, "I4NTSOV": 0.0, "I4NTHV2": 0.0, "I4NTHV3": 0.0, "I4NTCV": 0.0, "I4NTTRK": 0.0, "I4NTAPX": 0.0, "I4NTVOL": 0.0, "I4NTVMT": 0.0, "I4NTFFSPD": 63, "NTHRLKCAP": 1900, "NTHRLNCAP": 1900, "I4NTVC": 0.0, "I4NTVDF": 1.0, "I4NTSPD": 63.0, "I424VOL": 6354.88672, "TVOL00": 6, "TVMT00": 1.62, "ID": 0, "AADT_2023": 0, "AWDT_2023": 0, "MD210": 0, "CNT2LOADDIF": 0.0, "ABSNCTDIFF": 0.0, "CNT2LOADPCT": 0.0, "ABSPCTDIFF": 0.0, "MD210U": 0, "LOAD1": 6354.88672, "LOAD2": 0.0, "LOADGRW": -6354.88672, "ABSGRW": 6354.88672, "PRCGRW": -1.0, "PRCANLGRW": -4.5454545 }, "geometry": { "type": "LineString", "coordinates": [ [ -77.210604292854583, 39.136773273624442 ], [ -77.21086260428126, 39.137222985004584 ], [ -77.211012605202313, 39.137482985821663 ], [ -77.211332604409279, 39.138042985782931 ], [ -77.21172260518523, 39.138802985473347 ], [ -77.211952605458407, 39.139212984513506 ], [ -77.21217260525043, 39.13969298512265 ], [ -77.212512046460361, 39.14046268857242 ] ] } },
{ "type": "Feature", "properties": { "A": 22957, "B": 22960, "SUBAREA": 0, "FFSNEW": 0, "CPENEW": 0, "CPEFAC": 0, "TIMEPEN": 0, "DISTANCE": 0.43, "SPDCLASS": 12, "CAPCLASS": 12, "JUR": 1, "SCREEN": 0, "FTYPE": 1, "TOLL": 0, "TOLLGRP": 0, "AMLANE": 1, "AMLIMIT": 9, "PMLANE": 1, "PMLIMIT": 2, "OPLANE": 1, "OPLIMIT": 9, "EDGEID": 23000000000, "LINKID": 68570, "NETYEAR": 2001, "SHAPE_LENG": 2254.12, "PROJECTID": "TOD2001", "TAZ": 412, "ATYPE": 2, "MDLANE": 1, "MDLIMIT": 9, "NTLANE": 1, "NTLIMIT": 9, "DEFLATIONFT": 0.8011, "AMTOLL": 0.0, "PMTOLL": 0.0, "OPTOLL": 0.0, "AMTOLL_VP": 0.0, "PMTOLL_VP": 0.0, "OPTOLL_VP": 0.0, "AMHTIME": 0.82878, "PMHTIME": 0.82878, "OPHTIME": 0.57092, "MDTOLL": 0.0, "MDTOLL_VP": 0.0, "MDHTIME": 0.57092, "NTTOLL": 0.0, "NTTOLL_VP": 0.0, "NTHTIME": 0.57092, "LINKAB": 2295722960, "TURNPENI": "TURNPEN.PEN", "I4AMSOV": 0.0, "I4AMHV2": 0.0, "I4AMHV3": 0.0, "I4AMCV": 0.0, "I4AMTRK": 0.0, "I4AMAPX": 0.0, "I4AMVOL": 0.0, "I4AMVMT": 0.0, "I4AMFFSPD": 63, "AMHRLKCAP": 1900, "AMHRLNCAP": 1900, "I4AMVC": 0.0, "I4AMVDF": 1.0, "I4AMSPD": 63.0, "COMP": 0, "I4MDSOV": 0.0, "I4MDHV2": 0.0, "I4MDHV3": 0.0, "I4MDCV": 0.0, "I4MDTRK": 0.0, "I4MDAPX": 0.0, "I4MDVOL": 0.0, "I4MDVMT": 0.0, "I4MDFFSPD": 63, "MDHRLKCAP": 1900, "MDHRLNCAP": 1900, "I4MDVC": 0.0, "I4MDVDF": 1.0, "I4MDSPD": 63.0, "I4PMSOV": 0.0, "I4PMHV2": 5031.58105, "I4PMHV3": 323.69406, "I4PMCV": 0.0, "I4PMTRK": 0.0, "I4PMAPX": 999.61212, "I4PMVOL": 6354.88672, "I4PMVMT": 2732.60132, "I4PMFFSPD": 63, "PMHRLKCAP": 1900, "PMHRLNCAP": 1900, "I4PMVC": 0.98334, "I4PMVDF": 1.88118, "I4PMSPD": 33.48963, "I4NTSOV": 0.0, "I4NTHV2": 0.0, "I4NTHV3": 0.0, "I4NTCV": 0.0, "I4NTTRK": 0.0, "I4NTAPX": 0.0, "I4NTVOL": 0.0, "I4NTVMT": 0.0, "I4NTFFSPD": 63, "NTHRLKCAP": 1900, "NTHRLNCAP": 1900, "I4NTVC": 0.0, "I4NTVDF": 1.0, "I4NTSPD": 63.0, "I424VOL": 6354.88672, "TVOL00": 6, "TVMT00": 2.58, "ID": 0, "AADT_2023": 0, "AWDT_2023": 0, "MD210": 0, "CNT2LOADDIF": 0.0, "ABSNCTDIFF": 0.0, "CNT2LOADPCT": 0.0, "ABSPCTDIFF": 0.0, "MD210U": 0, "LOAD1": 6354.88672, "LOAD2": 0.0, "LOADGRW": -6354.88672, "ABSGRW": 6354.88672, "PRCGRW": -1.0, "PRCANLGRW": -4.5454545 }, "geometry": { "type": "LineString", "coordinates": [ [ -77.212512046460361, 39.14046268857242 ], [ -77.212522604102048, 39.140482985357004 ], [ -77.21252334154758, 39.14048468777704 ], [ -77.212782604019822, 39.141082984544653 ], [ -77.21302260387472, 39.141722983857939 ], [ -77.213412604650671, 39.142762983528996 ], [ -77.213832605071275, 39.143782984036456 ], [ -77.214012604737604, 39.144222983620608 ], [ -77.214545986511851, 39.145320672217949 ], [ -77.21454637322114, 39.145321467220221 ], [ -77.214557645346133, 39.145344665278628 ], [ -77.214702605557093, 39.145642983586505 ], [ -77.214952604993712, 39.146112982815218 ], [ -77.215082345525929, 39.146311654697733 ] ] } },
{ "type": "Feature", "properties": { "A": 22960, "B": 22959, "SUBAREA": 0, "FFSNEW": 0, "CPENEW": 0, "CPEFAC": 0, "TIMEPEN": 0, "DISTANCE": 0.01, "SPDCLASS": 12, "CAPCLASS": 12, "JUR": 1, "SCREEN": 0, "FTYPE": 1, "TOLL": 0, "TOLLGRP": 0, "AMLANE": 1, "AMLIMIT": 9, "PMLANE": 1, "PMLIMIT": 0, "OPLANE": 1, "OPLIMIT": 9, "EDGEID": 23000000000, "LINKID": 68572, "NETYEAR": 2001, "SHAPE_LENG": 9.9, "PROJECTID": "TOD2001", "TAZ": 412, "ATYPE": 2, "MDLANE": 1, "MDLIMIT": 9, "NTLANE": 1, "NTLIMIT": 9, "DEFLATIONFT": 0.8011, "AMTOLL": 0.0, "PMTOLL": 0.0, "OPTOLL": 0.0, "AMTOLL_VP": 0.0, "PMTOLL_VP": 0.0, "OPTOLL_VP": 0.0, "AMHTIME": 0.01927, "PMHTIME": 0.01927, "OPHTIME": 0.01328, "MDTOLL": 0.0, "MDTOLL_VP": 0.0, "MDHTIME": 0.01328, "NTTOLL": 0.0, "NTTOLL_VP": 0.0, "NTHTIME": 0.01328, "LINKAB": 2296022959, "TURNPENI": "TURNPEN.PEN", "I4AMSOV": 0.0, "I4AMHV2": 0.0, "I4AMHV3": 0.0, "I4AMCV": 0.0, "I4AMTRK": 0.0, "I4AMAPX": 0.0, "I4AMVOL": 0.0, "I4AMVMT": 0.0, "I4AMFFSPD": 63, "AMHRLKCAP": 1900, "AMHRLNCAP": 1900, "I4AMVC": 0.0, "I4AMVDF": 1.0, "I4AMSPD": 63.0, "COMP": 0, "I4MDSOV": 0.0, "I4MDHV2": 0.0, "I4MDHV3": 0.0, "I4MDCV": 0.0, "I4MDTRK": 0.0, "I4MDAPX": 0.0, "I4MDVOL": 0.0, "I4MDVMT": 0.0, "I4MDFFSPD": 63, "MDHRLKCAP": 1900, "MDHRLNCAP": 1900, "I4MDVC": 0.0, "I4MDVDF": 1.0, "I4MDSPD": 63.0, "I4PMSOV": 0.0, "I4PMHV2": 177.14607, "I4PMHV3": 0.0, "I4PMCV": 0.0, "I4PMTRK": 0.0, "I4PMAPX": 26.49427, "I4PMVOL": 203.64035, "I4PMVMT": 2.0364, "I4PMFFSPD": 63, "PMHRLKCAP": 1900, "PMHRLNCAP": 1900, "I4PMVC": 0.03151, "I4PMVDF": 1.00126, "I4PMSPD": 62.92069, "I4NTSOV": 0.0, "I4NTHV2": 0.0, "I4NTHV3": 0.0, "I4NTCV": 0.0, "I4NTTRK": 0.0, "I4NTAPX": 0.0, "I4NTVOL": 0.0, "I4NTVMT": 0.0, "I4NTFFSPD": 63, "NTHRLKCAP": 1900, "NTHRLNCAP": 1900, "I4NTVC": 0.0, "I4NTVDF": 1.0, "I4NTSPD": 63.0, "I424VOL": 203.64035, "TVOL00": 0, "TVMT00": 0.0, "ID": 0, "AADT_2023": 0, "AWDT_2023": 0, "MD210": 0, "CNT2LOADDIF": 0.0, "ABSNCTDIFF": 0.0, "CNT2LOADPCT": 0.0, "ABSPCTDIFF": 0.0, "MD210U": 0, "LOAD1": 203.64035, "LOAD2": 0.0, "LOADGRW": -203.64035, "ABSGRW": 203.64035, "PRCGRW": -1.0, "PRCANLGRW": -4.5454545 }, "geometry": { "type": "LineString", "coordinates": [ [ -77.215082345525929, 39.146311654697733 ], [ -77.215057721912345, 39.146330919169941 ] ] } },
{ "type": "Feature", "properties": { "A": 22960, "B": 22963, "SUBAREA": 0, "FFSNEW": 0, "CPENEW": 0, "CPEFAC": 0, "TIMEPEN": 0, "DISTANCE": 0.2, "SPDCLASS": 12, "CAPCLASS": 12, "JUR": 1, "SCREEN": 0, "FTYPE": 1, "TOLL": 0, "TOLLGRP": 0, "AMLANE": 1, "AMLIMIT": 9, "PMLANE": 1, "PMLIMIT": 2, "OPLANE": 1, "OPLIMIT": 9, "EDGEID": 23000000000, "LINKID": 19197, "NETYEAR": 2001, "SHAPE_LENG": 1034.71, "PROJECTID": "TOD2001", "TAZ": 412, "ATYPE": 2, "MDLANE": 1, "MDLIMIT": 9, "NTLANE": 1, "NTLIMIT": 9, "DEFLATIONFT": 0.8011, "AMTOLL": 0.0, "PMTOLL": 0.0, "OPTOLL": 0.0, "AMTOLL_VP": 0.0, "PMTOLL_VP": 0.0, "OPTOLL_VP": 0.0, "AMHTIME": 0.38548, "PMHTIME": 0.38548, "OPHTIME": 0.26555, "MDTOLL": 0.0, "MDTOLL_VP": 0.0, "MDHTIME": 0.26555, "NTTOLL": 0.0, "NTTOLL_VP": 0.0, "NTHTIME": 0.26555, "LINKAB": 2296022963, "TURNPENI": "TURNPEN.PEN", "I4AMSOV": 0.0, "I4AMHV2": 0.0, "I4AMHV3": 0.0, "I4AMCV": 0.0, "I4AMTRK": 0.0, "I4AMAPX": 0.0, "I4AMVOL": 0.0, "I4AMVMT": 0.0, "I4AMFFSPD": 63, "AMHRLKCAP": 1900, "AMHRLNCAP": 1900, "I4AMVC": 0.0, "I4AMVDF": 1.0, "I4AMSPD": 63.0, "COMP": 0, "I4MDSOV": 0.0, "I4MDHV2": 0.0, "I4MDHV3": 0.0, "I4MDCV": 0.0, "I4MDTRK": 0.0, "I4MDAPX": 0.0, "I4MDVOL": 0.0, "I4MDVMT": 0.0, "I4MDFFSPD": 63, "MDHRLKCAP": 1900, "MDHRLNCAP": 1900, "I4MDVC": 0.0, "I4MDVDF": 1.0, "I4MDSPD": 63.0, "I4PMSOV": 0.0, "I4PMHV2": 4854.43457, "I4PMHV3": 323.69406, "I4PMCV": 0.0, "I4PMTRK": 0.0, "I4PMAPX": 973.11786, "I4PMVOL": 6151.24658, "I4PMVMT": 1230.24939, "I4PMFFSPD": 63, "PMHRLKCAP": 1900, "PMHRLNCAP": 1900, "I4PMVC": 0.95182, "I4PMVDF": 1.65651, "I4PMSPD": 38.0318, "I4NTSOV": 0.0, "I4NTHV2": 0.0, "I4NTHV3": 0.0, "I4NTCV": 0.0, "I4NTTRK": 0.0, "I4NTAPX": 0.0, "I4NTVOL": 0.0, "I4NTVMT": 0.0, "I4NTFFSPD": 63, "NTHRLKCAP": 1900, "NTHRLNCAP": 1900, "I4NTVC": 0.0, "I4NTVDF": 1.0, "I4NTSPD": 63.0, "I424VOL": 6151.24658, "TVOL00": 6, "TVMT00": 1.2, "ID": 0, "AADT_2023": 0, "AWDT_2023": 0, "MD210": 0, "CNT2LOADDIF": 0.0, "ABSNCTDIFF": 0.0, "CNT2LOADPCT": 0.0, "ABSPCTDIFF": 0.0, "MD210U": 0, "LOAD1": 6151.24658, "LOAD2": 0.0, "LOADGRW": -6151.24658, "ABSGRW": 6151.24658, "PRCGRW": -1.0, "PRCANLGRW": -4.5454545 }, "geometry": { "type": "LineString", "coordinates": [ [ -77.215082345525929, 39.146311654697733 ], [ -77.215282604681818, 39.146612983487202 ], [ -77.215509763990966, 39.146960677371823 ], [ -77.215772604872711, 39.147362982696556 ], [ -77.216342605315063, 39.148202982638381 ], [ -77.216665113635543, 39.148621557630676 ], [ -77.21681418001188, 39.148812464126465 ] ] } },
{ "type": "Feature", "properties": { "A": 22963, "B": 22965, "SUBAREA": 0, "FFSNEW": 0, "CPENEW": 0, "CPEFAC": 0, "TIMEPEN": 0, "DISTANCE": 0.08, "SPDCLASS": 12, "CAPCLASS": 12, "JUR": 1, "SCREEN": 0, "FTYPE": 1, "TOLL": 0, "TOLLGRP": 0, "AMLANE": 1, "AMLIMIT": 9, "PMLANE": 1, "PMLIMIT": 2, "OPLANE": 1, "OPLIMIT": 9, "EDGEID": 23000000000, "LINKID": 38290, "NETYEAR": 2001, "SHAPE_LENG": 418.43, "PROJECTID": "TOD2001", "TAZ": 412, "ATYPE": 2, "MDLANE": 1, "MDLIMIT": 9, "NTLANE": 1, "NTLIMIT": 9, "DEFLATIONFT": 0.8011, "AMTOLL": 0.0, "PMTOLL": 0.0, "OPTOLL": 0.0, "AMTOLL_VP": 0.0, "PMTOLL_VP": 0.0, "OPTOLL_VP": 0.0, "AMHTIME": 0.15419, "PMHTIME": 0.15419, "OPHTIME": 0.10622, "MDTOLL": 0.0, "MDTOLL_VP": 0.0, "MDHTIME": 0.10622, "NTTOLL": 0.0, "NTTOLL_VP": 0.0, "NTHTIME": 0.10622, "LINKAB": 2296322965, "TURNPENI": "TURNPEN.PEN", "I4AMSOV": 0.0, "I4AMHV2": 0.0, "I4AMHV3": 0.0, "I4AMCV": 0.0, "I4AMTRK": 0.0, "I4AMAPX": 0.0, "I4AMVOL": 0.0, "I4AMVMT": 0.0, "I4AMFFSPD": 63, "AMHRLKCAP": 1900, "AMHRLNCAP": 1900, "I4AMVC": 0.0, "I4AMVDF": 1.0, "I4AMSPD": 63.0, "COMP": 0, "I4MDSOV": 0.0, "I4MDHV2": 0.0, "I4MDHV3": 0.0, "I4MDCV": 0.0, "I4MDTRK": 0.0, "I4MDAPX": 0.0, "I4MDVOL": 0.0, "I4MDVMT": 0.0, "I4MDFFSPD": 63, "MDHRLKCAP": 1900, "MDHRLNCAP": 1900, "I4MDVC": 0.0, "I4MDVDF": 1.0, "I4MDSPD": 63.0, "I4PMSOV": 0.0, "I4PMHV2": 4854.43457, "I4PMHV3": 323.69406, "I4PMCV": 0.0, "I4PMTRK": 0.0, "I4PMAPX": 973.11786, "I4PMVOL": 6151.24658, "I4PMVMT": 492.09973, "I4PMFFSPD": 63, "PMHRLKCAP": 1900, "PMHRLNCAP": 1900, "I4PMVC": 0.95182, "I4PMVDF": 1.65651, "I4PMSPD": 38.0318, "I4NTSOV": 0.0, "I4NTHV2": 0.0, "I4NTHV3": 0.0, "I4NTCV": 0.0, "I4NTTRK": 0.0, "I4NTAPX": 0.0, "I4NTVOL": 0.0, "I4NTVMT": 0.0, "I4NTFFSPD": 63, "NTHRLKCAP": 1900, "NTHRLNCAP": 1900, "I4NTVC": 0.0, "I4NTVDF": 1.0, "I4NTSPD": 63.0, "I424VOL": 6151.24658, "TVOL00": 6, "TVMT00": 0.48, "ID": 0, "AADT_2023": 0, "AWDT_2023": 0, "MD210": 0, "CNT2LOADDIF": 0.0, "ABSNCTDIFF": 0.0, "CNT2LOADPCT": 0.0, "ABSPCTDIFF": 0.0, "MD210U": 0, "LOAD1": 6151.24658, "LOAD2": 0.0, "LOADGRW": -6151.24658, "ABSGRW": 6151.24658, "PRCGRW": -1.0, "PRCANLGRW": -4.5454545 }, "geometry": { "type": "LineString", "coordinates": [ [ -77.21681418001188, 39.148812464126465 ], [ -77.216816303712136, 39.148815163170582 ], [ -77.216963574356626, 39.149002349015028 ], [ -77.21704325524324, 39.149102290085864 ], [ -77.217219899178318, 39.149307008125348 ], [ -77.217621070423732, 39.149771933453152 ] ] } },
{ "type": "Feature", "properties": { "A": 22965, "B": 22968, "SUBAREA": 0, "FFSNEW": 0, "CPENEW": 0, "CPEFAC": 0, "TIMEPEN": 0, "DISTANCE": 0.42, "SPDCLASS": 12, "CAPCLASS": 12, "JUR": 1, "SCREEN": 0, "FTYPE": 1, "TOLL": 0, "TOLLGRP": 0, "AMLANE": 1, "AMLIMIT": 9, "PMLANE": 1, "PMLIMIT": 2, "OPLANE": 1, "OPLIMIT": 9, "EDGEID": 23000000000, "LINKID": 68856, "NETYEAR": 2001, "SHAPE_LENG": 2243.73, "PROJECTID": "TOD2001", "TAZ": 480, "ATYPE": 2, "MDLANE": 1, "MDLIMIT": 9, "NTLANE": 1, "NTLIMIT": 9, "DEFLATIONFT": 0.8011, "AMTOLL": 0.0, "PMTOLL": 0.0, "OPTOLL": 0.0, "AMTOLL_VP": 0.0, "PMTOLL_VP": 0.0, "OPTOLL_VP": 0.0, "AMHTIME": 0.80951, "PMHTIME": 0.80951, "OPHTIME": 0.55765, "MDTOLL": 0.0, "MDTOLL_VP": 0.0, "MDHTIME": 0.55765, "NTTOLL": 0.0, "NTTOLL_VP": 0.0, "NTHTIME": 0.55765, "LINKAB": 2296522968, "TURNPENI": "TURNPEN.PEN", "I4AMSOV": 0.0, "I4AMHV2": 0.0, "I4AMHV3": 0.0, "I4AMCV": 0.0, "I4AMTRK": 0.0, "I4AMAPX": 0.0, "I4AMVOL": 0.0, "I4AMVMT": 0.0, "I4AMFFSPD": 63, "AMHRLKCAP": 1900, "AMHRLNCAP": 1900, "I4AMVC": 0.0, "I4AMVDF": 1.0, "I4AMSPD": 63.0, "COMP": 0, "I4MDSOV": 0.0, "I4MDHV2": 0.0, "I4MDHV3": 0.0, "I4MDCV": 0.0, "I4MDTRK": 0.0, "I4MDAPX": 0.0, "I4MDVOL": 0.0, "I4MDVMT": 0.0, "I4MDFFSPD": 63, "MDHRLKCAP": 1900, "MDHRLNCAP": 1900, "I4MDVC": 0.0, "I4MDVDF": 1.0, "I4MDSPD": 63.0, "I4PMSOV": 0.0, "I4PMHV2": 4854.43457, "I4PMHV3": 323.69406, "I4PMCV": 0.0, "I4PMTRK": 0.0, "I4PMAPX": 973.11786, "I4PMVOL": 6151.24658, "I4PMVMT": 2583.52368, "I4PMFFSPD": 63, "PMHRLKCAP": 1900, "PMHRLNCAP": 1900, "I4PMVC": 0.95182, "I4PMVDF": 1.65651, "I4PMSPD": 38.0318, "I4NTSOV": 0.0, "I4NTHV2": 0.0, "I4NTHV3": 0.0, "I4NTCV": 0.0, "I4NTTRK": 0.0, "I4NTAPX": 0.0, "I4NTVOL": 0.0, "I4NTVMT": 0.0, "I4NTFFSPD": 63, "NTHRLKCAP": 1900, "NTHRLNCAP": 1900, "I4NTVC": 0.0, "I4NTVDF": 1.0, "I4NTSPD": 63.0, "I424VOL": 6151.24658, "TVOL00": 6, "TVMT00": 2.52, "ID": 0, "AADT_2023": 0, "AWDT_2023": 0, "MD210": 0, "CNT2LOADDIF": 0.0, "ABSNCTDIFF": 0.0, "CNT2LOADPCT": 0.0, "ABSPCTDIFF": 0.0, "MD210U": 0, "LOAD1": 6151.24658, "LOAD2": 0.0, "LOADGRW": -6151.24658, "ABSGRW": 6151.24658, "PRCGRW": -1.0, "PRCANLGRW": -4.5454545 }, "geometry": { "type": "LineString", "coordinates": [ [ -77.217621070423732, 39.149771933453152 ], [ -77.217802603607993, 39.149972982355266 ], [ -77.218352604886775, 39.150562981961095 ], [ -77.218782604889114, 39.151032981189815 ], [ -77.219232604054994, 39.151462981192203 ], [ -77.219482604390976, 39.151702981946414 ], [ -77.219782604434457, 39.151972982345264 ], [ -77.220152603348936, 39.152292981552229 ], [ -77.220512603580985, 39.152602981177488 ], [ -77.220862603331852, 39.152892979840544 ], [ -77.221382604066719, 39.153292980198252 ], [ -77.222801438994523, 39.154413267833206 ] ] } },
{ "type": "Feature", "properties": { "A": 22967, "B": 22968, "SUBAREA": 0, "FFSNEW": 0, "CPENEW": 0, "CPEFAC": 0, "TIMEPEN": 0, "DISTANCE": 0.01, "SPDCLASS": 12, "CAPCLASS": 12, "JUR": 1, "SCREEN": 0, "FTYPE": 1, "TOLL": 0, "TOLLGRP": 0, "AMLANE": 1, "AMLIMIT": 9, "PMLANE": 1, "PMLIMIT": 0, "OPLANE": 1, "OPLIMIT": 9, "EDGEID": 23000000000, "LINKID": 68860, "NETYEAR": 2001, "SHAPE_LENG": 9.9, "PROJECTID": "TOD2001", "TAZ": 480, "ATYPE": 2, "MDLANE": 1, "MDLIMIT": 9, "NTLANE": 1, "NTLIMIT": 9, "DEFLATIONFT": 0.8011, "AMTOLL": 0.0, "PMTOLL": 0.0, "OPTOLL": 0.0, "AMTOLL_VP": 0.0, "PMTOLL_VP": 0.0, "OPTOLL_VP": 0.0, "AMHTIME": 0.01927, "PMHTIME": 0.01927, "OPHTIME": 0.01328, "MDTOLL": 0.0, "MDTOLL_VP": 0.0, "MDHTIME": 0.01328, "NTTOLL": 0.0, "NTTOLL_VP": 0.0, "NTHTIME": 0.01328, "LINKAB": 2296722968, "TURNPENI": "TURNPEN.PEN", "I4AMSOV": 0.0, "I4AMHV2": 0.0, "I4AMHV3": 0.0, "I4AMCV": 0.0, "I4AMTRK": 0.0, "I4AMAPX": 0.0, "I4AMVOL": 0.0, "I4AMVMT": 0.0, "I4AMFFSPD": 63, "AMHRLKCAP": 1900, "AMHRLNCAP": 1900, "I4AMVC": 0.0, "I4AMVDF": 1.0, "I4AMSPD": 63.0, "COMP": 0, "I4MDSOV": 0.0, "I4MDHV2": 0.0, "I4MDHV3": 0.0, "I4MDCV": 0.0, "I4MDTRK": 0.0, "I4MDAPX": 0.0, "I4MDVOL": 0.0, "I4MDVMT": 0.0, "I4MDFFSPD": 63, "MDHRLKCAP": 1900, "MDHRLNCAP": 1900, "I4MDVC": 0.0, "I4MDVDF": 1.0, "I4MDSPD": 63.0, "I4PMSOV": 0.0, "I4PMHV2": 340.20963, "I4PMHV3": 142.76506, "I4PMCV": 0.0, "I4PMTRK": 0.0, "I4PMAPX": 89.16426, "I4PMVOL": 572.13892, "I4PMVMT": 5.72139, "I4PMFFSPD": 63, "PMHRLKCAP": 1900, "PMHRLNCAP": 1900, "I4PMVC": 0.08853, "I4PMVDF": 1.00354, "I4PMSPD": 62.77769, "I4NTSOV": 0.0, "I4NTHV2": 0.0, "I4NTHV3": 0.0, "I4NTCV": 0.0, "I4NTTRK": 0.0, "I4NTAPX": 0.0, "I4NTVOL": 0.0, "I4NTVMT": 0.0, "I4NTFFSPD": 63, "NTHRLKCAP": 1900, "NTHRLNCAP": 1900, "I4NTVC": 0.0, "I4NTVDF": 1.0, "I4NTSPD": 63.0, "I424VOL": 572.13892, "TVOL00": 1, "TVMT00": 0.01, "ID": 0, "AADT_2023": 0, "AWDT_2023": 0, "MD210": 0, "CNT2LOADDIF": 0.0, "ABSNCTDIFF": 0.0, "CNT2LOADPCT": 0.0, "ABSPCTDIFF": 0.0, "MD210U": 0, "LOAD1": 572.13892, "LOAD2": 0.0, "LOADGRW": -572.13892, "ABSGRW": 572.13892, "PRCGRW": -1.0, "PRCANLGRW": -4.5454545 }, "geometry": { "type": "LineString", "coordinates": [ [ -77.222776814666474, 39.154432533886748 ], [ -77.222801438994523, 39.154413267833206 ] ] } },
{ "type": "Feature", "properties": { "A": 22968, "B": 23010, "SUBAREA": 0, "FFSNEW": 0, "CPENEW": 0, "CPEFAC": 0, "TIMEPEN": 0, "DISTANCE": 0.21, "SPDCLASS": 12, "CAPCLASS": 12, "JUR": 1, "SCREEN": 0, "FTYPE": 1, "TOLL": 0, "TOLLGRP": 0, "AMLANE": 1, "AMLIMIT": 9, "PMLANE": 1, "PMLIMIT": 2, "OPLANE": 1, "OPLIMIT": 9, "EDGEID": 23000000000, "LINKID": 38291, "NETYEAR": 2001, "SHAPE_LENG": 1123.47, "PROJECTID": "MTG2001", "TAZ": 480, "ATYPE": 2, "MDLANE": 1, "MDLIMIT": 9, "NTLANE": 1, "NTLIMIT": 9, "DEFLATIONFT": 0.8011, "AMTOLL": 0.0, "PMTOLL": 0.0, "OPTOLL": 0.0, "AMTOLL_VP": 0.0, "PMTOLL_VP": 0.0, "OPTOLL_VP": 0.0, "AMHTIME": 0.40475, "PMHTIME": 0.40475, "OPHTIME": 0.27882, "MDTOLL": 0.0, "MDTOLL_VP": 0.0, "MDHTIME": 0.27882, "NTTOLL": 0.0, "NTTOLL_VP": 0.0, "NTHTIME": 0.27882, "LINKAB": 2296823010, "TURNPENI": "TURNPEN.PEN", "I4AMSOV": 0.0, "I4AMHV2": 0.0, "I4AMHV3": 0.0, "I4AMCV": 0.0, "I4AMTRK": 0.0, "I4AMAPX": 0.0, "I4AMVOL": 0.0, "I4AMVMT": 0.0, "I4AMFFSPD": 63, "AMHRLKCAP": 1900, "AMHRLNCAP": 1900, "I4AMVC": 0.0, "I4AMVDF": 1.0, "I4AMSPD": 63.0, "COMP": 0, "I4MDSOV": 0.0, "I4MDHV2": 0.0, "I4MDHV3": 0.0, "I4MDCV": 0.0, "I4MDTRK": 0.0, "I4MDAPX": 0.0, "I4MDVOL": 0.0, "I4MDVMT": 0.0, "I4MDFFSPD": 63, "MDHRLKCAP": 1900, "MDHRLNCAP": 1900, "I4MDVC": 0.0, "I4MDVDF": 1.0, "I4MDSPD": 63.0, "I4PMSOV": 0.0, "I4PMHV2": 5194.64453, "I4PMHV3": 466.45914, "I4PMCV": 0.0, "I4PMTRK": 0.0, "I4PMAPX": 1062.2821, "I4PMVOL": 6723.38574, "I4PMVMT": 1411.91101, "I4PMFFSPD": 63, "PMHRLKCAP": 1900, "PMHRLNCAP": 1900, "I4PMVC": 1.04036, "I4PMVDF": 2.92293, "I4PMSPD": 21.55371, "I4NTSOV": 0.0, "I4NTHV2": 0.0, "I4NTHV3": 0.0, "I4NTCV": 0.0, "I4NTTRK": 0.0, "I4NTAPX": 0.0, "I4NTVOL": 0.0, "I4NTVMT": 0.0, "I4NTFFSPD": 63, "NTHRLKCAP": 1900, "NTHRLNCAP": 1900, "I4NTVC": 0.0, "I4NTVDF": 1.0, "I4NTSPD": 63.0, "I424VOL": 6723.38574, "TVOL00": 7, "TVMT00": 1.47, "ID": 0, "AADT_2023": 0, "AWDT_2023": 0, "MD210": 0, "CNT2LOADDIF": 0.0, "ABSNCTDIFF": 0.0, "CNT2LOADPCT": 0.0, "ABSPCTDIFF": 0.0, "MD210U": 0, "LOAD1": 6723.38574, "LOAD2": 0.0, "LOADGRW": -6723.38574, "ABSGRW": 6723.38574, "PRCGRW": -1.0, "PRCANLGRW": -4.5454545 }, "geometry": { "type": "LineString", "coordinates": [ [ -77.222801438994523, 39.154413267833206 ], [ -77.224034616537892, 39.15537432582812 ], [ -77.224122602784973, 39.155442980209983 ], [ -77.225594231382104, 39.156601668783757 ] ] } },
{ "type": "Feature", "properties": { "A": 22972, "B": 22971, "SUBAREA": 0, "FFSNEW": 0, "CPENEW": 0, "CPEFAC": 0, "TIMEPEN": 0, "DISTANCE": 0.01, "SPDCLASS": 14, "CAPCLASS": 14, "JUR": 1, "SCREEN": 0, "FTYPE": 1, "TOLL": 0, "TOLLGRP": 0, "AMLANE": 1, "AMLIMIT": 9, "PMLANE": 1, "PMLIMIT": 0, "OPLANE": 1, "OPLIMIT": 9, "EDGEID": 23000000000, "LINKID": 4092, "NETYEAR": 2001, "SHAPE_LENG": 9.9, "PROJECTID": "TOD2001", "TAZ": 477, "ATYPE": 4, "MDLANE": 1, "MDLIMIT": 9, "NTLANE": 1, "NTLIMIT": 9, "DEFLATIONFT": 0.8011, "AMTOLL": 0.0, "PMTOLL": 0.0, "OPTOLL": 0.0, "AMTOLL_VP": 0.0, "PMTOLL_VP": 0.0, "OPTOLL_VP": 0.0, "AMHTIME": 0.01438, "PMHTIME": 0.01438, "OPHTIME": 0.0112, "MDTOLL": 0.0, "MDTOLL_VP": 0.0, "MDHTIME": 0.0112, "NTTOLL": 0.0, "NTTOLL_VP": 0.0, "NTHTIME": 0.0112, "LINKAB": 2297222971, "TURNPENI": "TURNPEN.PEN", "I4AMSOV": 0.0, "I4AMHV2": 0.0, "I4AMHV3": 0.0, "I4AMCV": 0.0, "I4AMTRK": 0.0, "I4AMAPX": 0.0, "I4AMVOL": 0.0, "I4AMVMT": 0.0, "I4AMFFSPD": 69, "AMHRLKCAP": 2000, "AMHRLNCAP": 2000, "I4AMVC": 0.0, "I4AMVDF": 1.0, "I4AMSPD": 69.0, "COMP": 0, "I4MDSOV": 0.0, "I4MDHV2": 0.0, "I4MDHV3": 0.0, "I4MDCV": 0.0, "I4MDTRK": 0.0, "I4MDAPX": 0.0, "I4MDVOL": 0.0, "I4MDVMT": 0.0, "I4MDFFSPD": 69, "MDHRLKCAP": 2000, "MDHRLNCAP": 2000, "I4MDVC": 0.0, "I4MDVDF": 1.0, "I4MDSPD": 69.0, "I4PMSOV": 0.0, "I4PMHV2": 370.28818, "I4PMHV3": 0.0, "I4PMCV": 0.0, "I4PMTRK": 0.0, "I4PMAPX": 56.04881, "I4PMVOL": 426.33701, "I4PMVMT": 4.26337, "I4PMFFSPD": 69, "PMHRLKCAP": 2000, "PMHRLNCAP": 2000, "I4PMVC": 0.06267, "I4PMVDF": 1.00251, "I4PMSPD": 68.82746, "I4NTSOV": 0.0, "I4NTHV2": 0.0, "I4NTHV3": 0.0, "I4NTCV": 0.0, "I4NTTRK": 0.0, "I4NTAPX": 0.0, "I4NTVOL": 0.0, "I4NTVMT": 0.0, "I4NTFFSPD": 69, "NTHRLKCAP": 2000, "NTHRLNCAP": 2000, "I4NTVC": 0.0, "I4NTVDF": 1.0, "I4NTSPD": 69.0, "I424VOL": 426.33701, "TVOL00": 0, "TVMT00": 0.0, "ID": 0, "AADT_2023": 0, "AWDT_2023": 0, "MD210": 0, "CNT2LOADDIF": 0.0, "ABSNCTDIFF": 0.0, "CNT2LOADPCT": 0.0, "ABSPCTDIFF": 0.0, "MD210U": 0, "LOAD1": 426.33701, "LOAD2": 0.0, "LOADGRW": -426.33701, "ABSGRW": 426.33701, "PRCGRW": -1.0, "PRCANLGRW": -4.5454545 }, "geometry": { "type": "LineString", "coordinates": [ [ -77.23911406472493, 39.164762273838953 ], [ -77.239089441233716, 39.164781543266592 ] ] } },
{ "type": "Feature", "properties": { "A": 22972, "B": 22975, "SUBAREA": 0, "FFSNEW": 0, "CPENEW": 0, "CPEFAC": 0, "TIMEPEN": 0, "DISTANCE": 0.6, "SPDCLASS": 14, "CAPCLASS": 14, "JUR": 1, "SCREEN": 0, "FTYPE": 1, "TOLL": 0, "TOLLGRP": 0, "AMLANE": 1, "AMLIMIT": 9, "PMLANE": 1, "PMLIMIT": 2, "OPLANE": 1, "OPLIMIT": 9, "EDGEID": 23000000000, "LINKID": 68869, "NETYEAR": 2001, "SHAPE_LENG": 3163.69, "PROJECTID": "TOD2001", "TAZ": 477, "ATYPE": 4, "MDLANE": 1, "MDLIMIT": 9, "NTLANE": 1, "NTLIMIT": 9, "DEFLATIONFT": 0.8011, "AMTOLL": 0.0, "PMTOLL": 0.0, "OPTOLL": 0.0, "AMTOLL_VP": 0.0, "PMTOLL_VP": 0.0, "OPTOLL_VP": 0.0, "AMHTIME": 0.8629, "PMHTIME": 0.8629, "OPHTIME": 0.67214, "MDTOLL": 0.0, "MDTOLL_VP": 0.0, "MDHTIME": 0.67214, "NTTOLL": 0.0, "NTTOLL_VP": 0.0, "NTHTIME": 0.67214, "LINKAB": 2297222975, "TURNPENI": "TURNPEN.PEN", "I4AMSOV": 0.0, "I4AMHV2": 0.0, "I4AMHV3": 0.0, "I4AMCV": 0.0, "I4AMTRK": 0.0, "I4AMAPX": 0.0, "I4AMVOL": 0.0, "I4AMVMT": 0.0, "I4AMFFSPD": 69, "AMHRLKCAP": 2000, "AMHRLNCAP": 2000, "I4AMVC": 0.0, "I4AMVDF": 1.0, "I4AMSPD": 69.0, "COMP": 0, "I4MDSOV": 0.0, "I4MDHV2": 0.0, "I4MDHV3": 0.0, "I4MDCV": 0.0, "I4MDTRK": 0.0, "I4MDAPX": 0.0, "I4MDVOL": 0.0, "I4MDVMT": 0.0, "I4MDFFSPD": 69, "MDHRLKCAP": 2000, "MDHRLNCAP": 2000, "I4MDVC": 0.0, "I4MDVDF": 1.0, "I4MDSPD": 69.0, "I4PMSOV": 0.0, "I4PMHV2": 4824.35645, "I4PMHV3": 466.45914, "I4PMCV": 0.0, "I4PMTRK": 0.0, "I4PMAPX": 1006.23334, "I4PMVOL": 6297.04834, "I4PMVMT": 3778.229, "I4PMFFSPD": 69, "PMHRLKCAP": 2000, "PMHRLNCAP": 2000, "I4PMVC": 0.92567, "I4PMVDF": 1.47, "I4PMSPD": 46.93879, "I4NTSOV": 0.0, "I4NTHV2": 0.0, "I4NTHV3": 0.0, "I4NTCV": 0.0, "I4NTTRK": 0.0, "I4NTAPX": 0.0, "I4NTVOL": 0.0, "I4NTVMT": 0.0, "I4NTFFSPD": 69, "NTHRLKCAP": 2000, "NTHRLNCAP": 2000, "I4NTVC": 0.0, "I4NTVDF": 1.0, "I4NTSPD": 69.0, "I424VOL": 6297.04834, "TVOL00": 6, "TVMT00": 3.6, "ID": 0, "AADT_2023": 0, "AWDT_2023": 0, "MD210": 0, "CNT2LOADDIF": 0.0, "ABSNCTDIFF": 0.0, "CNT2LOADPCT": 0.0, "ABSPCTDIFF": 0.0, "MD210U": 0, "LOAD1": 6297.04834, "LOAD2": 0.0, "LOADGRW": -6297.04834, "ABSGRW": 6297.04834, "PRCGRW": -1.0, "PRCANLGRW": -4.5454545 }, "geometry": { "type": "LineString", "coordinates": [ [ -77.23911406472493, 39.164762273838953 ], [ -77.239632596218783, 39.165182975745587 ], [ -77.24016259563605, 39.165672975936488 ], [ -77.240812595430441, 39.166312973451163 ], [ -77.241402595935597, 39.166962974144866 ], [ -77.241982595959655, 39.167712974253568 ], [ -77.242362595355246, 39.168262973733626 ], [ -77.242912594835389, 39.169092974093751 ], [ -77.243672595425096, 39.170332973493956 ], [ -77.244442594697333, 39.171582973375308 ], [ -77.244810850117048, 39.172171878253955 ] ] } },
{ "type": "Feature", "properties": { "A": 22975, "B": 22977, "SUBAREA": 0, "FFSNEW": 0, "CPENEW": 0, "CPEFAC": 0, "TIMEPEN": 0, "DISTANCE": 0.29, "SPDCLASS": 12, "CAPCLASS": 12, "JUR": 1, "SCREEN": 0, "FTYPE": 1, "TOLL": 0, "TOLLGRP": 0, "AMLANE": 1, "AMLIMIT": 9, "PMLANE": 1, "PMLIMIT": 2, "OPLANE": 1, "OPLIMIT": 9, "EDGEID": 23000000000, "LINKID": 37275, "NETYEAR": 2001, "SHAPE_LENG": 1515.94, "PROJECTID": "TOD2001", "TAZ": 421, "ATYPE": 2, "MDLANE": 1, "MDLIMIT": 9, "NTLANE": 1, "NTLIMIT": 9, "DEFLATIONFT": 0.8011, "AMTOLL": 0.0, "PMTOLL": 0.0, "OPTOLL": 0.0, "AMTOLL_VP": 0.0, "PMTOLL_VP": 0.0, "OPTOLL_VP": 0.0, "AMHTIME": 0.55895, "PMHTIME": 0.55895, "OPHTIME": 0.38504, "MDTOLL": 0.0, "MDTOLL_VP": 0.0, "MDHTIME": 0.38504, "NTTOLL": 0.0, "NTTOLL_VP": 0.0, "NTHTIME": 0.38504, "LINKAB": 2297522977, "TURNPENI": "TURNPEN.PEN", "I4AMSOV": 0.0, "I4AMHV2": 0.0, "I4AMHV3": 0.0, "I4AMCV": 0.0, "I4AMTRK": 0.0, "I4AMAPX": 0.0, "I4AMVOL": 0.0, "I4AMVMT": 0.0, "I4AMFFSPD": 63, "AMHRLKCAP": 1900, "AMHRLNCAP": 1900, "I4AMVC": 0.0, "I4AMVDF": 1.0, "I4AMSPD": 63.0, "COMP": 0, "I4MDSOV": 0.0, "I4MDHV2": 0.0, "I4MDHV3": 0.0, "I4MDCV": 0.0, "I4MDTRK": 0.0, "I4MDAPX": 0.0, "I4MDVOL": 0.0, "I4MDVMT": 0.0, "I4MDFFSPD": 63, "MDHRLKCAP": 1900, "MDHRLNCAP": 1900, "I4MDVC": 0.0, "I4MDVDF": 1.0, "I4MDSPD": 63.0, "I4PMSOV": 0.0, "I4PMHV2": 4824.35645, "I4PMHV3": 466.45914, "I4PMCV": 0.0, "I4PMTRK": 0.0, "I4PMAPX": 1006.23334, "I4PMVOL": 6297.04834, "I4PMVMT": 1826.14404, "I4PMFFSPD": 63, "PMHRLKCAP": 1900, "PMHRLNCAP": 1900, "I4PMVC": 0.97439, "I4PMVDF": 1.81737, "I4PMSPD": 34.66552, "I4NTSOV": 0.0, "I4NTHV2": 0.0, "I4NTHV3": 0.0, "I4NTCV": 0.0, "I4NTTRK": 0.0, "I4NTAPX": 0.0, "I4NTVOL": 0.0, "I4NTVMT": 0.0, "I4NTFFSPD": 63, "NTHRLKCAP": 1900, "NTHRLNCAP": 1900, "I4NTVC": 0.0, "I4NTVDF": 1.0, "I4NTSPD": 63.0, "I424VOL": 6297.04834, "TVOL00": 6, "TVMT00": 1.74, "ID": 0, "AADT_2023": 0, "AWDT_2023": 0, "MD210": 0, "CNT2LOADDIF": 0.0, "ABSNCTDIFF": 0.0, "CNT2LOADPCT": 0.0, "ABSPCTDIFF": 0.0, "MD210U": 0, "LOAD1": 6297.04834, "LOAD2": 0.0, "LOADGRW": -6297.04834, "ABSGRW": 6297.04834, "PRCGRW": -1.0, "PRCANLGRW": -4.5454545 }, "geometry": { "type": "LineString", "coordinates": [ [ -77.244810850117048, 39.172171878253955 ], [ -77.244862595117866, 39.172252972333233 ], [ -77.246002595103164, 39.174022972050125 ], [ -77.246392594979852, 39.17459297159305 ], [ -77.246832595463275, 39.17518297209822 ], [ -77.246833987616597, 39.175185408366509 ], [ -77.246912594815342, 39.175322971638863 ], [ -77.247282200841951, 39.17586226700999 ] ] } },
{ "type": "Feature", "properties": { "A": 22977, "B": 22980, "SUBAREA": 0, "FFSNEW": 0, "CPENEW": 0, "CPEFAC": 0, "TIMEPEN": 0, "DISTANCE": 0.33, "SPDCLASS": 12, "CAPCLASS": 12, "JUR": 1, "SCREEN": 0, "FTYPE": 1, "TOLL": 0, "TOLLGRP": 0, "AMLANE": 1, "AMLIMIT": 9, "PMLANE": 1, "PMLIMIT": 2, "OPLANE": 1, "OPLIMIT": 9, "EDGEID": 23000000000, "LINKID": 37278, "NETYEAR": 2001, "SHAPE_LENG": 1730.48, "PROJECTID": "TOD2001", "TAZ": 421, "ATYPE": 2, "MDLANE": 1, "MDLIMIT": 9, "NTLANE": 1, "NTLIMIT": 9, "DEFLATIONFT": 0.8011, "AMTOLL": 0.0, "PMTOLL": 0.0, "OPTOLL": 0.0, "AMTOLL_VP": 0.0, "PMTOLL_VP": 0.0, "OPTOLL_VP": 0.0, "AMHTIME": 0.63604, "PMHTIME": 0.63604, "OPHTIME": 0.43815, "MDTOLL": 0.0, "MDTOLL_VP": 0.0, "MDHTIME": 0.43815, "NTTOLL": 0.0, "NTTOLL_VP": 0.0, "NTHTIME": 0.43815, "LINKAB": 2297722980, "TURNPENI": "TURNPEN.PEN", "I4AMSOV": 0.0, "I4AMHV2": 0.0, "I4AMHV3": 0.0, "I4AMCV": 0.0, "I4AMTRK": 0.0, "I4AMAPX": 0.0, "I4AMVOL": 0.0, "I4AMVMT": 0.0, "I4AMFFSPD": 63, "AMHRLKCAP": 1900, "AMHRLNCAP": 1900, "I4AMVC": 0.0, "I4AMVDF": 1.0, "I4AMSPD": 63.0, "COMP": 0, "I4MDSOV": 0.0, "I4MDHV2": 0.0, "I4MDHV3": 0.0, "I4MDCV": 0.0, "I4MDTRK": 0.0, "I4MDAPX": 0.0, "I4MDVOL": 0.0, "I4MDVMT": 0.0, "I4MDFFSPD": 63, "MDHRLKCAP": 1900, "MDHRLNCAP": 1900, "I4MDVC": 0.0, "I4MDVDF": 1.0, "I4MDSPD": 63.0, "I4PMSOV": 0.0, "I4PMHV2": 4824.35645, "I4PMHV3": 466.45914, "I4PMCV": 0.0, "I4PMTRK": 0.0, "I4PMAPX": 1006.23334, "I4PMVOL": 6297.04834, "I4PMVMT": 2078.02612, "I4PMFFSPD": 63, "PMHRLKCAP": 1900, "PMHRLNCAP": 1900, "I4PMVC": 0.97439, "I4PMVDF": 1.81737, "I4PMSPD": 34.66552, "I4NTSOV": 0.0, "I4NTHV2": 0.0, "I4NTHV3": 0.0, "I4NTCV": 0.0, "I4NTTRK": 0.0, "I4NTAPX": 0.0, "I4NTVOL": 0.0, "I4NTVMT": 0.0, "I4NTFFSPD": 63, "NTHRLKCAP": 1900, "NTHRLNCAP": 1900, "I4NTVC": 0.0, "I4NTVDF": 1.0, "I4NTSPD": 63.0, "I424VOL": 6297.04834, "TVOL00": 6, "TVMT00": 1.98, "ID": 0, "AADT_2023": 0, "AWDT_2023": 0, "MD210": 0, "CNT2LOADDIF": 0.0, "ABSNCTDIFF": 0.0, "CNT2LOADPCT": 0.0, "ABSPCTDIFF": 0.0, "MD210U": 0, "LOAD1": 6297.04834, "LOAD2": 0.0, "LOADGRW": -6297.04834, "ABSGRW": 6297.04834, "PRCGRW": -1.0, "PRCANLGRW": -4.5454545 }, "geometry": { "type": "LineString", "coordinates": [ [ -77.247282200841951, 39.17586226700999 ], [ -77.248222594885263, 39.177122971000344 ], [ -77.249332595225951, 39.178522970903416 ], [ -77.250471191072535, 39.179913488633503 ] ] } },
{ "type": "Feature", "properties": { "A": 22980, "B": 22979, "SUBAREA": 0, "FFSNEW": 0, "CPENEW": 0, "CPEFAC": 0, "TIMEPEN": 0, "DISTANCE": 0.01, "SPDCLASS": 12, "CAPCLASS": 12, "JUR": 1, "SCREEN": 0, "FTYPE": 1, "TOLL": 0, "TOLLGRP": 0, "AMLANE": 1, "AMLIMIT": 9, "PMLANE": 1, "PMLIMIT": 0, "OPLANE": 1, "OPLIMIT": 9, "EDGEID": 23000000000, "LINKID": 37281, "NETYEAR": 2001, "SHAPE_LENG": 9.9, "PROJECTID": "TOD2001", "TAZ": 421, "ATYPE": 2, "MDLANE": 1, "MDLIMIT": 9, "NTLANE": 1, "NTLIMIT": 9, "DEFLATIONFT": 0.8011, "AMTOLL": 0.0, "PMTOLL": 0.0, "OPTOLL": 0.0, "AMTOLL_VP": 0.0, "PMTOLL_VP": 0.0, "OPTOLL_VP": 0.0, "AMHTIME": 0.01927, "PMHTIME": 0.01927, "OPHTIME": 0.01328, "MDTOLL": 0.0, "MDTOLL_VP": 0.0, "MDHTIME": 0.01328, "NTTOLL": 0.0, "NTTOLL_VP": 0.0, "NTHTIME": 0.01328, "LINKAB": 2298022979, "TURNPENI": "TURNPEN.PEN", "I4AMSOV": 0.0, "I4AMHV2": 0.0, "I4AMHV3": 0.0, "I4AMCV": 0.0, "I4AMTRK": 0.0, "I4AMAPX": 0.0, "I4AMVOL": 0.0, "I4AMVMT": 0.0, "I4AMFFSPD": 63, "AMHRLKCAP": 1900, "AMHRLNCAP": 1900, "I4AMVC": 0.0, "I4AMVDF": 1.0, "I4AMSPD": 63.0, "COMP": 0, "I4MDSOV": 0.0, "I4MDHV2": 0.0, "I4MDHV3": 0.0, "I4MDCV": 0.0, "I4MDTRK": 0.0, "I4MDAPX": 0.0, "I4MDVOL": 0.0, "I4MDVMT": 0.0, "I4MDFFSPD": 63, "MDHRLKCAP": 1900, "MDHRLNCAP": 1900, "I4MDVC": 0.0, "I4MDVDF": 1.0, "I4MDSPD": 63.0, "I4PMSOV": 0.0, "I4PMHV2": 527.20459, "I4PMHV3": 0.0, "I4PMCV": 0.0, "I4PMTRK": 0.0, "I4PMAPX": 83.82094, "I4PMVOL": 611.02551, "I4PMVMT": 6.11026, "I4PMFFSPD": 63, "PMHRLKCAP": 1900, "PMHRLNCAP": 1900, "I4PMVC": 0.09455, "I4PMVDF": 1.00378, "I4PMSPD": 62.76264, "I4NTSOV": 0.0, "I4NTHV2": 0.0, "I4NTHV3": 0.0, "I4NTCV": 0.0, "I4NTTRK": 0.0, "I4NTAPX": 0.0, "I4NTVOL": 0.0, "I4NTVMT": 0.0, "I4NTFFSPD": 63, "NTHRLKCAP": 1900, "NTHRLNCAP": 1900, "I4NTVC": 0.0, "I4NTVDF": 1.0, "I4NTSPD": 63.0, "I424VOL": 611.02551, "TVOL00": 1, "TVMT00": 0.01, "ID": 0, "AADT_2023": 0, "AWDT_2023": 0, "MD210": 0, "CNT2LOADDIF": 0.0, "ABSNCTDIFF": 0.0, "CNT2LOADPCT": 0.0, "ABSPCTDIFF": 0.0, "MD210U": 0, "LOAD1": 611.02551, "LOAD2": 0.0, "LOADGRW": -611.02551, "ABSGRW": 611.02551, "PRCGRW": -1.0, "PRCANLGRW": -4.5454545 }, "geometry": { "type": "LineString", "coordinates": [ [ -77.250471191072535, 39.179913488633503 ], [ -77.250446565410783, 39.179932760369184 ] ] } },
{ "type": "Feature", "properties": { "A": 22980, "B": 22983, "SUBAREA": 0, "FFSNEW": 0, "CPENEW": 0, "CPEFAC": 0, "TIMEPEN": 0, "DISTANCE": 0.13, "SPDCLASS": 12, "CAPCLASS": 12, "JUR": 1, "SCREEN": 0, "FTYPE": 1, "TOLL": 0, "TOLLGRP": 0, "AMLANE": 1, "AMLIMIT": 9, "PMLANE": 1, "PMLIMIT": 2, "OPLANE": 1, "OPLIMIT": 9, "EDGEID": 23000000000, "LINKID": 37283, "NETYEAR": 2001, "SHAPE_LENG": 674.63, "PROJECTID": "TOD2001", "TAZ": 422, "ATYPE": 2, "MDLANE": 1, "MDLIMIT": 9, "NTLANE": 1, "NTLIMIT": 9, "DEFLATIONFT": 0.8011, "AMTOLL": 0.0, "PMTOLL": 0.0, "OPTOLL": 0.0, "AMTOLL_VP": 0.0, "PMTOLL_VP": 0.0, "OPTOLL_VP": 0.0, "AMHTIME": 0.25056, "PMHTIME": 0.25056, "OPHTIME": 0.1726, "MDTOLL": 0.0, "MDTOLL_VP": 0.0, "MDHTIME": 0.1726, "NTTOLL": 0.0, "NTTOLL_VP": 0.0, "NTHTIME": 0.1726, "LINKAB": 2298022983, "TURNPENI": "TURNPEN.PEN", "I4AMSOV": 0.0, "I4AMHV2": 0.0, "I4AMHV3": 0.0, "I4AMCV": 0.0, "I4AMTRK": 0.0, "I4AMAPX": 0.0, "I4AMVOL": 0.0, "I4AMVMT": 0.0, "I4AMFFSPD": 63, "AMHRLKCAP": 1900, "AMHRLNCAP": 1900, "I4AMVC": 0.0, "I4AMVDF": 1.0, "I4AMSPD": 63.0, "COMP": 0, "I4MDSOV": 0.0, "I4MDHV2": 0.0, "I4MDHV3": 0.0, "I4MDCV": 0.0, "I4MDTRK": 0.0, "I4MDAPX": 0.0, "I4MDVOL": 0.0, "I4MDVMT": 0.0, "I4MDFFSPD": 63, "MDHRLKCAP": 1900, "MDHRLNCAP": 1900, "I4MDVC": 0.0, "I4MDVDF": 1.0, "I4MDSPD": 63.0, "I4PMSOV": 0.0, "I4PMHV2": 4297.15186, "I4PMHV3": 466.45914, "I4PMCV": 0.0, "I4PMTRK": 0.0, "I4PMAPX": 922.41241, "I4PMVOL": 5686.02295, "I4PMVMT": 739.18298, "I4PMFFSPD": 63, "PMHRLKCAP": 1900, "PMHRLNCAP": 1900, "I4PMVC": 0.87984, "I4PMVDF": 1.25696, "I4PMSPD": 50.12103, "I4NTSOV": 0.0, "I4NTHV2": 0.0, "I4NTHV3": 0.0, "I4NTCV": 0.0, "I4NTTRK": 0.0, "I4NTAPX": 0.0, "I4NTVOL": 0.0, "I4NTVMT": 0.0, "I4NTFFSPD": 63, "NTHRLKCAP": 1900, "NTHRLNCAP": 1900, "I4NTVC": 0.0, "I4NTVDF": 1.0, "I4NTSPD": 63.0, "I424VOL": 5686.02295, "TVOL00": 6, "TVMT00": 0.78, "ID": 0, "AADT_2023": 0, "AWDT_2023": 0, "MD210": 0, "CNT2LOADDIF": 0.0, "ABSNCTDIFF": 0.0, "CNT2LOADPCT": 0.0, "ABSPCTDIFF": 0.0, "MD210U": 0, "LOAD1": 5686.02295, "LOAD2": 0.0, "LOADGRW": -5686.02295, "ABSGRW": 5686.02295, "PRCGRW": -1.0, "PRCANLGRW": -4.5454545 }, "geometry": { "type": "LineString", "coordinates": [ [ -77.250471191072535, 39.179913488633503 ], [ -77.251372593542968, 39.180922970351816 ], [ -77.251482593438993, 39.181042969829598 ], [ -77.251831192013157, 39.181431634798045 ] ] } },
{ "type": "Feature", "properties": { "A": 22983, "B": 22985, "SUBAREA": 0, "FFSNEW": 0, "CPENEW": 0, "CPEFAC": 0, "TIMEPEN": 0, "DISTANCE": 0.6, "SPDCLASS": 12, "CAPCLASS": 12, "JUR": 1, "SCREEN": 0, "FTYPE": 1, "TOLL": 0, "TOLLGRP": 0, "AMLANE": 1, "AMLIMIT": 9, "PMLANE": 1, "PMLIMIT": 2, "OPLANE": 1, "OPLIMIT": 9, "EDGEID": 23000000000, "LINKID": 28371, "NETYEAR": 2001, "SHAPE_LENG": 3191.38, "PROJECTID": "MI2U6", "TAZ": 470, "ATYPE": 2, "MDLANE": 1, "MDLIMIT": 9, "NTLANE": 1, "NTLIMIT": 9, "DEFLATIONFT": 0.8011, "AMTOLL": 0.0, "PMTOLL": 0.0, "OPTOLL": 0.0, "AMTOLL_VP": 0.0, "PMTOLL_VP": 0.0, "OPTOLL_VP": 0.0, "AMHTIME": 1.15644, "PMHTIME": 1.15644, "OPHTIME": 0.79664, "MDTOLL": 0.0, "MDTOLL_VP": 0.0, "MDHTIME": 0.79664, "NTTOLL": 0.0, "NTTOLL_VP": 0.0, "NTHTIME": 0.79664, "LINKAB": 2298322985, "TURNPENI": "TURNPEN.PEN", "I4AMSOV": 0.0, "I4AMHV2": 0.0, "I4AMHV3": 0.0, "I4AMCV": 0.0, "I4AMTRK": 0.0, "I4AMAPX": 0.0, "I4AMVOL": 0.0, "I4AMVMT": 0.0, "I4AMFFSPD": 63, "AMHRLKCAP": 1900, "AMHRLNCAP": 1900, "I4AMVC": 0.0, "I4AMVDF": 1.0, "I4AMSPD": 63.0, "COMP": 0, "I4MDSOV": 0.0, "I4MDHV2": 0.0, "I4MDHV3": 0.0, "I4MDCV": 0.0, "I4MDTRK": 0.0, "I4MDAPX": 0.0, "I4MDVOL": 0.0, "I4MDVMT": 0.0, "I4MDFFSPD": 63, "MDHRLKCAP": 1900, "MDHRLNCAP": 1900, "I4MDVC": 0.0, "I4MDVDF": 1.0, "I4MDSPD": 63.0, "I4PMSOV": 0.0, "I4PMHV2": 4297.15186, "I4PMHV3": 466.45914, "I4PMCV": 0.0, "I4PMTRK": 0.0, "I4PMAPX": 922.41241, "I4PMVOL": 5686.02295, "I4PMVMT": 3411.61377, "I4PMFFSPD": 63, "PMHRLKCAP": 1900, "PMHRLNCAP": 1900, "I4PMVC": 0.87984, "I4PMVDF": 1.25696, "I4PMSPD": 50.12103, "I4NTSOV": 0.0, "I4NTHV2": 0.0, "I4NTHV3": 0.0, "I4NTCV": 0.0, "I4NTTRK": 0.0, "I4NTAPX": 0.0, "I4NTVOL": 0.0, "I4NTVMT": 0.0, "I4NTFFSPD": 63, "NTHRLKCAP": 1900, "NTHRLNCAP": 1900, "I4NTVC": 0.0, "I4NTVDF": 1.0, "I4NTSPD": 63.0, "I424VOL": 5686.02295, "TVOL00": 6, "TVMT00": 3.6, "ID": 0, "AADT_2023": 0, "AWDT_2023": 0, "MD210": 0, "CNT2LOADDIF": 0.0, "ABSNCTDIFF": 0.0, "CNT2LOADPCT": 0.0, "ABSPCTDIFF": 0.0, "MD210U": 0, "LOAD1": 5686.02295, "LOAD2": 0.0, "LOADGRW": -5686.02295, "ABSGRW": 5686.02295, "PRCGRW": -1.0, "PRCANLGRW": -4.5454545 }, "geometry": { "type": "LineString", "coordinates": [ [ -77.251831192013157, 39.181431634798045 ], [ -77.254562366596147, 39.184392721801814 ], [ -77.254562593225742, 39.184392968216557 ], [ -77.254702593665698, 39.184522968175415 ], [ -77.255022593772026, 39.18485296786347 ], [ -77.25652259219072, 39.186542968228302 ], [ -77.256922592548449, 39.187012967456987 ], [ -77.257202592529055, 39.187412967814723 ], [ -77.257552593179312, 39.187932967650269 ], [ -77.257732592845628, 39.188192967567971 ], [ -77.258062920526982, 39.188713121981174 ] ] } },
{ "type": "Feature", "properties": { "A": 22985, "B": 22988, "SUBAREA": 0, "FFSNEW": 0, "CPENEW": 0, "CPEFAC": 0, "TIMEPEN": 0, "DISTANCE": 0.15, "SPDCLASS": 12, "CAPCLASS": 12, "JUR": 1, "SCREEN": 0, "FTYPE": 1, "TOLL": 0, "TOLLGRP": 0, "AMLANE": 1, "AMLIMIT": 9, "PMLANE": 1, "PMLIMIT": 2, "OPLANE": 1, "OPLIMIT": 9, "EDGEID": 23000000000, "LINKID": 68732, "NETYEAR": 2001, "SHAPE_LENG": 811.01, "PROJECTID": "0", "TAZ": 469, "ATYPE": 2, "MDLANE": 1, "MDLIMIT": 9, "NTLANE": 1, "NTLIMIT": 9, "DEFLATIONFT": 0.8011, "AMTOLL": 0.0, "PMTOLL": 0.0, "OPTOLL": 0.0, "AMTOLL_VP": 0.0, "PMTOLL_VP": 0.0, "OPTOLL_VP": 0.0, "AMHTIME": 0.28911, "PMHTIME": 0.28911, "OPHTIME": 0.19916, "MDTOLL": 0.0, "MDTOLL_VP": 0.0, "MDHTIME": 0.19916, "NTTOLL": 0.0, "NTTOLL_VP": 0.0, "NTHTIME": 0.19916, "LINKAB": 2298522988, "TURNPENI": "TURNPEN.PEN", "I4AMSOV": 0.0, "I4AMHV2": 0.0, "I4AMHV3": 0.0, "I4AMCV": 0.0, "I4AMTRK": 0.0, "I4AMAPX": 0.0, "I4AMVOL": 0.0, "I4AMVMT": 0.0, "I4AMFFSPD": 63, "AMHRLKCAP": 1900, "AMHRLNCAP": 1900, "I4AMVC": 0.0, "I4AMVDF": 1.0, "I4AMSPD": 63.0, "COMP": 0, "I4MDSOV": 0.0, "I4MDHV2": 0.0, "I4MDHV3": 0.0, "I4MDCV": 0.0, "I4MDTRK": 0.0, "I4MDAPX": 0.0, "I4MDVOL": 0.0, "I4MDVMT": 0.0, "I4MDFFSPD": 63, "MDHRLKCAP": 1900, "MDHRLNCAP": 1900, "I4MDVC": 0.0, "I4MDVDF": 1.0, "I4MDSPD": 63.0, "I4PMSOV": 0.0, "I4PMHV2": 4297.15186, "I4PMHV3": 466.45914, "I4PMCV": 0.0, "I4PMTRK": 0.0, "I4PMAPX": 922.41241, "I4PMVOL": 5686.02295, "I4PMVMT": 852.90344, "I4PMFFSPD": 63, "PMHRLKCAP": 1900, "PMHRLNCAP": 1900, "I4PMVC": 0.87984, "I4PMVDF": 1.25696, "I4PMSPD": 50.12103, "I4NTSOV": 0.0, "I4NTHV2": 0.0, "I4NTHV3": 0.0, "I4NTCV": 0.0, "I4NTTRK": 0.0, "I4NTAPX": 0.0, "I4NTVOL": 0.0, "I4NTVMT": 0.0, "I4NTFFSPD": 63, "NTHRLKCAP": 1900, "NTHRLNCAP": 1900, "I4NTVC": 0.0, "I4NTVDF": 1.0, "I4NTSPD": 63.0, "I424VOL": 5686.02295, "TVOL00": 6, "TVMT00": 0.9, "ID": 0, "AADT_2023": 0, "AWDT_2023": 0, "MD210": 0, "CNT2LOADDIF": 0.0, "ABSNCTDIFF": 0.0, "CNT2LOADPCT": 0.0, "ABSPCTDIFF": 0.0, "MD210U": 0, "LOAD1": 5686.02295, "LOAD2": 0.0, "LOADGRW": -5686.02295, "ABSGRW": 5686.02295, "PRCGRW": -1.0, "PRCANLGRW": -4.5454545 }, "geometry": { "type": "LineString", "coordinates": [ [ -77.258062920526982, 39.188713121981174 ], [ -77.25808259259658, 39.188752967529233 ], [ -77.25850259121853, 39.189552966446044 ], [ -77.259083065160468, 39.190792027916608 ] ] } },
{ "type": "Feature", "properties": { "A": 22987, "B": 22988, "SUBAREA": 0, "FFSNEW": 0, "CPENEW": 0, "CPEFAC": 0, "TIMEPEN": 0, "DISTANCE": 0.01, "SPDCLASS": 12, "CAPCLASS": 12, "JUR": 1, "SCREEN": 0, "FTYPE": 1, "TOLL": 0, "TOLLGRP": 0, "AMLANE": 1, "AMLIMIT": 9, "PMLANE": 1, "PMLIMIT": 0, "OPLANE": 1, "OPLIMIT": 9, "EDGEID": 23000000000, "LINKID": 58042, "NETYEAR": 2001, "SHAPE_LENG": 9.9, "PROJECTID": "TOD2001", "TAZ": 469, "ATYPE": 2, "MDLANE": 1, "MDLIMIT": 9, "NTLANE": 1, "NTLIMIT": 9, "DEFLATIONFT": 0.8011, "AMTOLL": 0.0, "PMTOLL": 0.0, "OPTOLL": 0.0, "AMTOLL_VP": 0.0, "PMTOLL_VP": 0.0, "OPTOLL_VP": 0.0, "AMHTIME": 0.01927, "PMHTIME": 0.01927, "OPHTIME": 0.01328, "MDTOLL": 0.0, "MDTOLL_VP": 0.0, "MDHTIME": 0.01328, "NTTOLL": 0.0, "NTTOLL_VP": 0.0, "NTHTIME": 0.01328, "LINKAB": 2298722988, "TURNPENI": "TURNPEN.PEN", "I4AMSOV": 0.0, "I4AMHV2": 0.0, "I4AMHV3": 0.0, "I4AMCV": 0.0, "I4AMTRK": 0.0, "I4AMAPX": 0.0, "I4AMVOL": 0.0, "I4AMVMT": 0.0, "I4AMFFSPD": 63, "AMHRLKCAP": 1900, "AMHRLNCAP": 1900, "I4AMVC": 0.0, "I4AMVDF": 1.0, "I4AMSPD": 63.0, "COMP": 0, "I4MDSOV": 0.0, "I4MDHV2": 0.0, "I4MDHV3": 0.0, "I4MDCV": 0.0, "I4MDTRK": 0.0, "I4MDAPX": 0.0, "I4MDVOL": 0.0, "I4MDVMT": 0.0, "I4MDFFSPD": 63, "MDHRLKCAP": 1900, "MDHRLNCAP": 1900, "I4MDVC": 0.0, "I4MDVDF": 1.0, "I4MDSPD": 63.0, "I4PMSOV": 0.0, "I4PMHV2": 705.82819, "I4PMHV3": 428.98819, "I4PMCV": 0.0, "I4PMTRK": 0.0, "I4PMAPX": 166.79044, "I4PMVOL": 1301.60681, "I4PMVMT": 13.01607, "I4PMFFSPD": 63, "PMHRLKCAP": 1900, "PMHRLNCAP": 1900, "I4PMVC": 0.20141, "I4PMVDF": 1.00908, "I4PMSPD": 62.43283, "I4NTSOV": 0.0, "I4NTHV2": 0.0, "I4NTHV3": 0.0, "I4NTCV": 0.0, "I4NTTRK": 0.0, "I4NTAPX": 0.0, "I4NTVOL": 0.0, "I4NTVMT": 0.0, "I4NTFFSPD": 63, "NTHRLKCAP": 1900, "NTHRLNCAP": 1900, "I4NTVC": 0.0, "I4NTVDF": 1.0, "I4NTSPD": 63.0, "I424VOL": 1301.60681, "TVOL00": 1, "TVMT00": 0.01, "ID": 0, "AADT_2023": 0, "AWDT_2023": 0, "MD210": 0, "CNT2LOADDIF": 0.0, "ABSNCTDIFF": 0.0, "CNT2LOADPCT": 0.0, "ABSPCTDIFF": 0.0, "MD210U": 0, "LOAD1": 1301.60681, "LOAD2": 0.0, "LOADGRW": -1301.60681, "ABSGRW": 1301.60681, "PRCGRW": -1.0, "PRCANLGRW": -4.5454545 }, "geometry": { "type": "LineString", "coordinates": [ [ -77.259058438064045, 39.19081130140448 ], [ -77.259083065160468, 39.190792027916608 ] ] } },
{ "type": "Feature", "properties": { "A": 22988, "B": 22996, "SUBAREA": 0, "FFSNEW": 0, "CPENEW": 0, "CPEFAC": 0, "TIMEPEN": 0, "DISTANCE": 0.2, "SPDCLASS": 12, "CAPCLASS": 12, "JUR": 1, "SCREEN": 0, "FTYPE": 1, "TOLL": 0, "TOLLGRP": 0, "AMLANE": 1, "AMLIMIT": 9, "PMLANE": 1, "PMLIMIT": 2, "OPLANE": 1, "OPLIMIT": 9, "EDGEID": 23000000000, "LINKID": 37640, "NETYEAR": 2001, "SHAPE_LENG": 1056.54, "PROJECTID": "TOD2001", "TAZ": 467, "ATYPE": 2, "MDLANE": 1, "MDLIMIT": 9, "NTLANE": 1, "NTLIMIT": 9, "DEFLATIONFT": 0.8011, "AMTOLL": 0.0, "PMTOLL": 0.0, "OPTOLL": 0.0, "AMTOLL_VP": 0.0, "PMTOLL_VP": 0.0, "OPTOLL_VP": 0.0, "AMHTIME": 0.38548, "PMHTIME": 0.38548, "OPHTIME": 0.26555, "MDTOLL": 0.0, "MDTOLL_VP": 0.0, "MDHTIME": 0.26555, "NTTOLL": 0.0, "NTTOLL_VP": 0.0, "NTHTIME": 0.26555, "LINKAB": 2298822996, "TURNPENI": "TURNPEN.PEN", "I4AMSOV": 0.0, "I4AMHV2": 0.0, "I4AMHV3": 0.0, "I4AMCV": 0.0, "I4AMTRK": 0.0, "I4AMAPX": 0.0, "I4AMVOL": 0.0, "I4AMVMT": 0.0, "I4AMFFSPD": 63, "AMHRLKCAP": 1900, "AMHRLNCAP": 1900, "I4AMVC": 0.0, "I4AMVDF": 1.0, "I4AMSPD": 63.0, "COMP": 0, "I4MDSOV": 0.0, "I4MDHV2": 0.0, "I4MDHV3": 0.0, "I4MDCV": 0.0, "I4MDTRK": 0.0, "I4MDAPX": 0.0, "I4MDVOL": 0.0, "I4MDVMT": 0.0, "I4MDFFSPD": 63, "MDHRLKCAP": 1900, "MDHRLNCAP": 1900, "I4MDVC": 0.0, "I4MDVDF": 1.0, "I4MDSPD": 63.0, "I4PMSOV": 0.0, "I4PMHV2": 5002.97998, "I4PMHV3": 895.44733, "I4PMCV": 0.0, "I4PMTRK": 0.0, "I4PMAPX": 1089.20288, "I4PMVOL": 6987.62988, "I4PMVMT": 1397.526, "I4PMFFSPD": 63, "PMHRLKCAP": 1900, "PMHRLNCAP": 1900, "I4PMVC": 1.08124, "I4PMVDF": 3.85805, "I4PMSPD": 16.32951, "I4NTSOV": 0.0, "I4NTHV2": 0.0, "I4NTHV3": 0.0, "I4NTCV": 0.0, "I4NTTRK": 0.0, "I4NTAPX": 0.0, "I4NTVOL": 0.0, "I4NTVMT": 0.0, "I4NTFFSPD": 63, "NTHRLKCAP": 1900, "NTHRLNCAP": 1900, "I4NTVC": 0.0, "I4NTVDF": 1.0, "I4NTSPD": 63.0, "I424VOL": 6987.62988, "TVOL00": 7, "TVMT00": 1.4, "ID": 0, "AADT_2023": 0, "AWDT_2023": 0, "MD210": 0, "CNT2LOADDIF": 0.0, "ABSNCTDIFF": 0.0, "CNT2LOADPCT": 0.0, "ABSPCTDIFF": 0.0, "MD210U": 0, "LOAD1": 6987.62988, "LOAD2": 0.0, "LOADGRW": -6987.62988, "ABSGRW": 6987.62988, "PRCGRW": -1.0, "PRCANLGRW": -4.5454545 }, "geometry": { "type": "LineString", "coordinates": [ [ -77.259083065160468, 39.190792027916608 ], [ -77.260002592335198, 39.192812965899101 ], [ -77.260342058522767, 39.19352384316209 ] ] } },
{ "type": "Feature", "properties": { "A": 22992, "B": 22991, "SUBAREA": 0, "FFSNEW": 0, "CPENEW": 0, "CPEFAC": 0, "TIMEPEN": 0, "DISTANCE": 0.01, "SPDCLASS": 14, "CAPCLASS": 14, "JUR": 1, "SCREEN": 0, "FTYPE": 1, "TOLL": 0, "TOLLGRP": 0, "AMLANE": 1, "AMLIMIT": 0, "PMLANE": 1, "PMLIMIT": 0, "OPLANE": 1, "OPLIMIT": 0, "EDGEID": 23000000000, "LINKID": 37648, "NETYEAR": 2001, "SHAPE_LENG": 9.9, "PROJECTID": "TOD2001", "TAZ": 451, "ATYPE": 4, "MDLANE": 1, "MDLIMIT": 0, "NTLANE": 1, "NTLIMIT": 0, "DEFLATIONFT": 0.8011, "AMTOLL": 0.0, "PMTOLL": 0.0, "OPTOLL": 0.0, "AMTOLL_VP": 0.0, "PMTOLL_VP": 0.0, "OPTOLL_VP": 0.0, "AMHTIME": 0.01438, "PMHTIME": 0.01438, "OPHTIME": 0.0112, "MDTOLL": 0.0, "MDTOLL_VP": 0.0, "MDHTIME": 0.0112, "NTTOLL": 0.0, "NTTOLL_VP": 0.0, "NTHTIME": 0.0112, "LINKAB": 2299222991, "TURNPENI": "TURNPEN.PEN", "I4AMSOV": 0.0, "I4AMHV2": 0.0, "I4AMHV3": 0.0, "I4AMCV": 0.0, "I4AMTRK": 0.0, "I4AMAPX": 0.0, "I4AMVOL": 0.0, "I4AMVMT": 0.0, "I4AMFFSPD": 69, "AMHRLKCAP": 2000, "AMHRLNCAP": 2000, "I4AMVC": 0.0, "I4AMVDF": 1.0, "I4AMSPD": 69.0, "COMP": 0, "I4MDSOV": 0.0, "I4MDHV2": 0.0, "I4MDHV3": 0.0, "I4MDCV": 0.0, "I4MDTRK": 0.0, "I4MDAPX": 0.0, "I4MDVOL": 0.0, "I4MDVMT": 0.0, "I4MDFFSPD": 69, "MDHRLKCAP": 2000, "MDHRLNCAP": 2000, "I4MDVC": 0.0, "I4MDVDF": 1.0, "I4MDSPD": 69.0, "I4PMSOV": 0.0, "I4PMHV2": 1202.04065, "I4PMHV3": 243.12224, "I4PMCV": 0.0, "I4PMTRK": 0.0, "I4PMAPX": 246.51842, "I4PMVOL": 1691.68115, "I4PMVMT": 16.91681, "I4PMFFSPD": 69, "PMHRLKCAP": 2000, "PMHRLNCAP": 2000, "I4PMVC": 0.24868, "I4PMVDF": 1.01192, "I4PMSPD": 68.18716, "I4NTSOV": 0.0, "I4NTHV2": 0.0, "I4NTHV3": 0.0, "I4NTCV": 0.0, "I4NTTRK": 0.0, "I4NTAPX": 0.0, "I4NTVOL": 0.0, "I4NTVMT": 0.0, "I4NTFFSPD": 69, "NTHRLKCAP": 2000, "NTHRLNCAP": 2000, "I4NTVC": 0.0, "I4NTVDF": 1.0, "I4NTSPD": 69.0, "I424VOL": 1691.68115, "TVOL00": 2, "TVMT00": 0.02, "ID": 0, "AADT_2023": 0, "AWDT_2023": 0, "MD210": 0, "CNT2LOADDIF": 0.0, "ABSNCTDIFF": 0.0, "CNT2LOADPCT": 0.0, "ABSPCTDIFF": 0.0, "MD210U": 0, "LOAD1": 1691.68115, "LOAD2": 0.0, "LOADGRW": -1691.68115, "ABSGRW": 1691.68115, "PRCGRW": -1.0, "PRCANLGRW": -4.5454545 }, "geometry": { "type": "LineString", "coordinates": [ [ -77.281314414087049, 39.225582166815371 ], [ -77.281289780959227, 39.22560144478647 ] ] } },
{ "type": "Feature", "properties": { "A": 22992, "B": 23679, "SUBAREA": 0, "FFSNEW": 0, "CPENEW": 0, "CPEFAC": 0, "TIMEPEN": 0, "DISTANCE": 0.47, "SPDCLASS": 14, "CAPCLASS": 14, "JUR": 1, "SCREEN": 23, "FTYPE": 1, "TOLL": 0, "TOLLGRP": 0, "AMLANE": 1, "AMLIMIT": 9, "PMLANE": 1, "PMLIMIT": 2, "OPLANE": 1, "OPLIMIT": 9, "EDGEID": 23000000000, "LINKID": 85455, "NETYEAR": 2001, "SHAPE_LENG": 2469.15, "PROJECTID": "0", "TAZ": 451, "ATYPE": 4, "MDLANE": 1, "MDLIMIT": 9, "NTLANE": 1, "NTLIMIT": 9, "DEFLATIONFT": 0.8011, "AMTOLL": 0.0, "PMTOLL": 0.0, "OPTOLL": 0.0, "AMTOLL_VP": 0.0, "PMTOLL_VP": 0.0, "OPTOLL_VP": 0.0, "AMHTIME": 0.67593, "PMHTIME": 0.67593, "OPHTIME": 0.52651, "MDTOLL": 0.0, "MDTOLL_VP": 0.0, "MDHTIME": 0.52651, "NTTOLL": 0.0, "NTTOLL_VP": 0.0, "NTHTIME": 0.52651, "LINKAB": 2299223679, "TURNPENI": "TURNPEN.PEN", "I4AMSOV": 0.0, "I4AMHV2": 0.0, "I4AMHV3": 0.0, "I4AMCV": 0.0, "I4AMTRK": 0.0, "I4AMAPX": 0.0, "I4AMVOL": 0.0, "I4AMVMT": 0.0, "I4AMFFSPD": 69, "AMHRLKCAP": 2000, "AMHRLNCAP": 2000, "I4AMVC": 0.0, "I4AMVDF": 1.0, "I4AMSPD": 69.0, "COMP": 0, "I4MDSOV": 0.0, "I4MDHV2": 0.0, "I4MDHV3": 0.0, "I4MDCV": 0.0, "I4MDTRK": 0.0, "I4MDAPX": 0.0, "I4MDVOL": 0.0, "I4MDVMT": 0.0, "I4MDFFSPD": 69, "MDHRLKCAP": 2000, "MDHRLNCAP": 2000, "I4MDVC": 0.0, "I4MDVDF": 1.0, "I4MDSPD": 69.0, "I4PMSOV": 0.0, "I4PMHV2": 3481.88037, "I4PMHV3": 695.0802, "I4PMCV": 0.0, "I4PMTRK": 0.0, "I4PMAPX": 801.33588, "I4PMVOL": 4978.29639, "I4PMVMT": 2339.79932, "I4PMFFSPD": 69, "PMHRLKCAP": 2000, "PMHRLNCAP": 2000, "I4PMVC": 0.73181, "I4PMVDF": 1.09981, "I4PMSPD": 62.73792, "I4NTSOV": 0.0, "I4NTHV2": 0.0, "I4NTHV3": 0.0, "I4NTCV": 0.0, "I4NTTRK": 0.0, "I4NTAPX": 0.0, "I4NTVOL": 0.0, "I4NTVMT": 0.0, "I4NTFFSPD": 69, "NTHRLKCAP": 2000, "NTHRLNCAP": 2000, "I4NTVC": 0.0, "I4NTVDF": 1.0, "I4NTSPD": 69.0, "I424VOL": 4978.29639, "TVOL00": 5, "TVMT00": 2.35, "ID": 0, "AADT_2023": 0, "AWDT_2023": 0, "MD210": 0, "CNT2LOADDIF": 0.0, "ABSNCTDIFF": 0.0, "CNT2LOADPCT": 0.0, "ABSPCTDIFF": 0.0, "MD210U": 0, "LOAD1": 4978.29639, "LOAD2": 0.0, "LOADGRW": -4978.29639, "ABSGRW": 4978.29639, "PRCGRW": -1.0, "PRCANLGRW": -4.5454545 }, "geometry": { "type": "LineString", "coordinates": [ [ -77.281314414087049, 39.225582166815371 ], [ -77.284773975705789, 39.231800752926212 ] ] } },
{ "type": "Feature", "properties": { "A": 22996, "B": 22995, "SUBAREA": 0, "FFSNEW": 0, "CPENEW": 0, "CPEFAC": 0, "TIMEPEN": 0, "DISTANCE": 0.01, "SPDCLASS": 13, "CAPCLASS": 13, "JUR": 1, "SCREEN": 0, "FTYPE": 1, "TOLL": 0, "TOLLGRP": 0, "AMLANE": 1, "AMLIMIT": 9, "PMLANE": 1, "PMLIMIT": 0, "OPLANE": 1, "OPLIMIT": 9, "EDGEID": 23000000000, "LINKID": 37993, "NETYEAR": 2020, "SHAPE_LENG": 9.9, "PROJECTID": "NA", "TAZ": 468, "ATYPE": 3, "MDLANE": 1, "MDLIMIT": 9, "NTLANE": 1, "NTLIMIT": 9, "DEFLATIONFT": 0.8011, "AMTOLL": 0.0, "PMTOLL": 0.0, "OPTOLL": 0.0, "AMTOLL_VP": 0.0, "PMTOLL_VP": 0.0, "OPTOLL_VP": 0.0, "AMHTIME": 0.01487, "PMHTIME": 0.01487, "OPHTIME": 0.01144, "MDTOLL": 0.0, "MDTOLL_VP": 0.0, "MDHTIME": 0.01144, "NTTOLL": 0.0, "NTTOLL_VP": 0.0, "NTHTIME": 0.01144, "LINKAB": 2299622995, "TURNPENI": "TURNPEN.PEN", "I4AMSOV": 0.0, "I4AMHV2": 0.0, "I4AMHV3": 0.0, "I4AMCV": 0.0, "I4AMTRK": 0.0, "I4AMAPX": 0.0, "I4AMVOL": 0.0, "I4AMVMT": 0.0, "I4AMFFSPD": 69, "AMHRLKCAP": 2000, "AMHRLNCAP": 2000, "I4AMVC": 0.0, "I4AMVDF": 1.0, "I4AMSPD": 69.0, "COMP": 0, "I4MDSOV": 0.0, "I4MDHV2": 0.0, "I4MDHV3": 0.0, "I4MDCV": 0.0, "I4MDTRK": 0.0, "I4MDAPX": 0.0, "I4MDVOL": 0.0, "I4MDVMT": 0.0, "I4MDFFSPD": 69, "MDHRLKCAP": 2000, "MDHRLNCAP": 2000, "I4MDVC": 0.0, "I4MDVDF": 1.0, "I4MDSPD": 69.0, "I4PMSOV": 0.0, "I4PMHV2": 523.4328, "I4PMHV3": 8.45157, "I4PMCV": 0.0, "I4PMTRK": 0.0, "I4PMAPX": 73.44514, "I4PMVOL": 605.32953, "I4PMVMT": 6.0533, "I4PMFFSPD": 69, "PMHRLKCAP": 2000, "PMHRLNCAP": 2000, "I4PMVC": 0.08898, "I4PMVDF": 1.00356, "I4PMSPD": 68.75528, "I4NTSOV": 0.0, "I4NTHV2": 0.0, "I4NTHV3": 0.0, "I4NTCV": 0.0, "I4NTTRK": 0.0, "I4NTAPX": 0.0, "I4NTVOL": 0.0, "I4NTVMT": 0.0, "I4NTFFSPD": 69, "NTHRLKCAP": 2000, "NTHRLNCAP": 2000, "I4NTVC": 0.0, "I4NTVDF": 1.0, "I4NTSPD": 69.0, "I424VOL": 605.32953, "TVOL00": 1, "TVMT00": 0.01, "ID": 0, "AADT_2023": 0, "AWDT_2023": 0, "MD210": 0, "CNT2LOADDIF": 0.0, "ABSNCTDIFF": 0.0, "CNT2LOADPCT": 0.0, "ABSPCTDIFF": 0.0, "MD210U": 0, "LOAD1": 605.32953, "LOAD2": 0.0, "LOADGRW": -605.32953, "ABSGRW": 605.32953, "PRCGRW": -1.0, "PRCANLGRW": -4.5454545 }, "geometry": { "type": "LineString", "coordinates": [ [ -77.260342058522767, 39.19352384316209 ], [ -77.260317430820862, 39.193543116900159 ] ] } },
{ "type": "Feature", "properties": { "A": 22996, "B": 23000, "SUBAREA": 0, "FFSNEW": 0, "CPENEW": 0, "CPEFAC": 0, "TIMEPEN": 0, "DISTANCE": 1.22, "SPDCLASS": 13, "CAPCLASS": 13, "JUR": 1, "SCREEN": 0, "FTYPE": 1, "TOLL": 0, "TOLLGRP": 0, "AMLANE": 1, "AMLIMIT": 9, "PMLANE": 1, "PMLIMIT": 2, "OPLANE": 1, "OPLIMIT": 9, "EDGEID": 23000000000, "LINKID": 37995, "NETYEAR": 2001, "SHAPE_LENG": 6466.34, "PROJECTID": "TOD2001", "TAZ": 465, "ATYPE": 3, "MDLANE": 1, "MDLIMIT": 9, "NTLANE": 1, "NTLIMIT": 9, "DEFLATIONFT": 0.8011, "AMTOLL": 0.0, "PMTOLL": 0.0, "OPTOLL": 0.0, "AMTOLL_VP": 0.0, "PMTOLL_VP": 0.0, "OPTOLL_VP": 0.0, "AMHTIME": 1.81413, "PMHTIME": 1.81413, "OPHTIME": 1.39588, "MDTOLL": 0.0, "MDTOLL_VP": 0.0, "MDHTIME": 1.39588, "NTTOLL": 0.0, "NTTOLL_VP": 0.0, "NTHTIME": 1.39588, "LINKAB": 2299623000, "TURNPENI": "TURNPEN.PEN", "I4AMSOV": 0.0, "I4AMHV2": 0.0, "I4AMHV3": 0.0, "I4AMCV": 0.0, "I4AMTRK": 0.0, "I4AMAPX": 0.0, "I4AMVOL": 0.0, "I4AMVMT": 0.0, "I4AMFFSPD": 69, "AMHRLKCAP": 2000, "AMHRLNCAP": 2000, "I4AMVC": 0.0, "I4AMVDF": 1.0, "I4AMSPD": 69.0, "COMP": 0, "I4MDSOV": 0.0, "I4MDHV2": 0.0, "I4MDHV3": 0.0, "I4MDCV": 0.0, "I4MDTRK": 0.0, "I4MDAPX": 0.0, "I4MDVOL": 0.0, "I4MDVMT": 0.0, "I4MDFFSPD": 69, "MDHRLKCAP": 2000, "MDHRLNCAP": 2000, "I4MDVC": 0.0, "I4MDVDF": 1.0, "I4MDSPD": 69.0, "I4PMSOV": 0.0, "I4PMHV2": 4479.54688, "I4PMHV3": 886.99579, "I4PMCV": 0.0, "I4PMTRK": 0.0, "I4PMAPX": 1015.75769, "I4PMVOL": 6382.30029, "I4PMVMT": 7786.40674, "I4PMFFSPD": 69, "PMHRLKCAP": 2000, "PMHRLNCAP": 2000, "I4PMVC": 0.9382, "I4PMVDF": 1.55935, "I4PMSPD": 44.24912, "I4NTSOV": 0.0, "I4NTHV2": 0.0, "I4NTHV3": 0.0, "I4NTCV": 0.0, "I4NTTRK": 0.0, "I4NTAPX": 0.0, "I4NTVOL": 0.0, "I4NTVMT": 0.0, "I4NTFFSPD": 69, "NTHRLKCAP": 2000, "NTHRLNCAP": 2000, "I4NTVC": 0.0, "I4NTVDF": 1.0, "I4NTSPD": 69.0, "I424VOL": 6382.30029, "TVOL00": 6, "TVMT00": 7.32, "ID": 0, "AADT_2023": 0, "AWDT_2023": 0, "MD210": 0, "CNT2LOADDIF": 0.0, "ABSNCTDIFF": 0.0, "CNT2LOADPCT": 0.0, "ABSPCTDIFF": 0.0, "MD210U": 0, "LOAD1": 6382.30029, "LOAD2": 0.0, "LOADGRW": -6382.30029, "ABSGRW": 6382.30029, "PRCGRW": -1.0, "PRCANLGRW": -4.5454545 }, "geometry": { "type": "LineString", "coordinates": [ [ -77.260342058522767, 39.19352384316209 ], [ -77.260472593362522, 39.193802965862673 ], [ -77.260902592465598, 39.194602964779477 ], [ -77.261432591882865, 39.195452964303094 ], [ -77.262132591384727, 39.196472965709965 ], [ -77.262882592392728, 39.197412965066718 ], [ -77.263032592414447, 39.197602965214159 ], [ -77.263036666351425, 39.197608396230834 ], [ -77.26309259260303, 39.197682964566241 ], [ -77.263098201685807, 39.197688200429639 ], [ -77.26324259172543, 39.197822964106862 ], [ -77.263372590784968, 39.197962964546868 ], [ -77.263372964903681, 39.197963357551366 ], [ -77.263752591979141, 39.198362964904618 ], [ -77.264572590958849, 39.199232964491024 ], [ -77.265762591550939, 39.200332963451316 ], [ -77.265982590443627, 39.200542963661626 ], [ -77.26700259005186, 39.201482963018393 ], [ -77.267412589991352, 39.201852962832149 ], [ -77.267872590537593, 39.202282962834524 ], [ -77.268762589287576, 39.203052963006023 ], [ -77.269452590107051, 39.203632962130747 ], [ -77.269491512842762, 39.203662965372672 ], [ -77.269932589816861, 39.204002962843887 ], [ -77.270702589988389, 39.204612961613286 ], [ -77.272042588803515, 39.205712962372189 ], [ -77.273062589311053, 39.20672296059994 ], [ -77.273582589146599, 39.207282960561209 ], [ -77.273892451416643, 39.207662927212922 ] ] } },
{ "type": "Feature", "properties": { "A": 22999, "B": 23000, "SUBAREA": 0, "FFSNEW": 0, "CPENEW": 0, "CPEFAC": 0, "TIMEPEN": 0, "DISTANCE": 0.01, "SPDCLASS": 14, "CAPCLASS": 14, "JUR": 1, "SCREEN": 0, "FTYPE": 1, "TOLL": 0, "TOLLGRP": 0, "AMLANE": 1, "AMLIMIT": 0, "PMLANE": 1, "PMLIMIT": 0, "OPLANE": 1, "OPLIMIT": 0, "EDGEID": 23000000000, "LINKID": 38347, "NETYEAR": 2001, "SHAPE_LENG": 9.9, "PROJECTID": "TOD2001", "TAZ": 463, "ATYPE": 4, "MDLANE": 1, "MDLIMIT": 0, "NTLANE": 1, "NTLIMIT": 0, "DEFLATIONFT": 0.8011, "AMTOLL": 0.0, "PMTOLL": 0.0, "OPTOLL": 0.0, "AMTOLL_VP": 0.0, "PMTOLL_VP": 0.0, "OPTOLL_VP": 0.0, "AMHTIME": 0.01438, "PMHTIME": 0.01438, "OPHTIME": 0.0112, "MDTOLL": 0.0, "MDTOLL_VP": 0.0, "MDHTIME": 0.0112, "NTTOLL": 0.0, "NTTOLL_VP": 0.0, "NTHTIME": 0.0112, "LINKAB": 2299923000, "TURNPENI": "TURNPEN.PEN", "I4AMSOV": 0.0, "I4AMHV2": 0.0, "I4AMHV3": 0.0, "I4AMCV": 0.0, "I4AMTRK": 0.0, "I4AMAPX": 0.0, "I4AMVOL": 0.0, "I4AMVMT": 0.0, "I4AMFFSPD": 69, "AMHRLKCAP": 2000, "AMHRLNCAP": 2000, "I4AMVC": 0.0, "I4AMVDF": 1.0, "I4AMSPD": 69.0, "COMP": 0, "I4MDSOV": 0.0, "I4MDHV2": 0.0, "I4MDHV3": 0.0, "I4MDCV": 0.0, "I4MDTRK": 0.0, "I4MDAPX": 0.0, "I4MDVOL": 0.0, "I4MDVMT": 0.0, "I4MDFFSPD": 69, "MDHRLKCAP": 2000, "MDHRLNCAP": 2000, "I4MDVC": 0.0, "I4MDVDF": 1.0, "I4MDSPD": 69.0, "I4PMSOV": 0.0, "I4PMHV2": 204.37398, "I4PMHV3": 51.20666, "I4PMCV": 0.0, "I4PMTRK": 0.0, "I4PMAPX": 32.09659, "I4PMVOL": 287.67725, "I4PMVMT": 2.87677, "I4PMFFSPD": 69, "PMHRLKCAP": 2000, "PMHRLNCAP": 2000, "I4PMVC": 0.04229, "I4PMVDF": 1.00169, "I4PMSPD": 68.88348, "I4NTSOV": 0.0, "I4NTHV2": 0.0, "I4NTHV3": 0.0, "I4NTCV": 0.0, "I4NTTRK": 0.0, "I4NTAPX": 0.0, "I4NTVOL": 0.0, "I4NTVMT": 0.0, "I4NTFFSPD": 69, "NTHRLKCAP": 2000, "NTHRLNCAP": 2000, "I4NTVC": 0.0, "I4NTVDF": 1.0, "I4NTSPD": 69.0, "I424VOL": 287.67725, "TVOL00": 0, "TVMT00": 0.0, "ID": 0, "AADT_2023": 0, "AWDT_2023": 0, "MD210": 0, "CNT2LOADDIF": 0.0, "ABSNCTDIFF": 0.0, "CNT2LOADPCT": 0.0, "ABSPCTDIFF": 0.0, "MD210U": 0, "LOAD1": 287.67725, "LOAD2": 0.0, "LOADGRW": -287.67725, "ABSGRW": 287.67725, "PRCGRW": -1.0, "PRCANLGRW": -4.5454545 }, "geometry": { "type": "LineString", "coordinates": [ [ -77.273867822489393, 39.207682203721546 ], [ -77.273892451416643, 39.207662927212922 ] ] } },
{ "type": "Feature", "properties": { "A": 23000, "B": 22992, "SUBAREA": 0, "FFSNEW": 0, "CPENEW": 0, "CPEFAC": 0, "TIMEPEN": 0, "DISTANCE": 1.3, "SPDCLASS": 15, "CAPCLASS": 15, "JUR": 1, "SCREEN": 0, "FTYPE": 1, "TOLL": 0, "TOLLGRP": 0, "AMLANE": 1, "AMLIMIT": 9, "PMLANE": 1, "PMLIMIT": 2, "OPLANE": 1, "OPLIMIT": 9, "EDGEID": 23000000000, "LINKID": 38348, "NETYEAR": 2020, "SHAPE_LENG": 6880.31, "PROJECTID": "NA", "TAZ": 450, "ATYPE": 5, "MDLANE": 1, "MDLIMIT": 9, "NTLANE": 1, "NTLIMIT": 9, "DEFLATIONFT": 0.8011, "AMTOLL": 0.0, "PMTOLL": 0.0, "OPTOLL": 0.0, "AMTOLL_VP": 0.0, "PMTOLL_VP": 0.0, "OPTOLL_VP": 0.0, "AMHTIME": 1.58698, "PMHTIME": 1.58698, "OPHTIME": 1.2789, "MDTOLL": 0.0, "MDTOLL_VP": 0.0, "MDHTIME": 1.2789, "NTTOLL": 0.0, "NTTOLL_VP": 0.0, "NTHTIME": 1.2789, "LINKAB": 2300022992, "TURNPENI": "TURNPEN.PEN", "I4AMSOV": 0.0, "I4AMHV2": 0.0, "I4AMHV3": 0.0, "I4AMCV": 0.0, "I4AMTRK": 0.0, "I4AMAPX": 0.0, "I4AMVOL": 0.0, "I4AMVMT": 0.0, "I4AMFFSPD": 75, "AMHRLKCAP": 2000, "AMHRLNCAP": 2000, "I4AMVC": 0.0, "I4AMVDF": 1.0, "I4AMSPD": 75.0, "COMP": 0, "I4MDSOV": 0.0, "I4MDHV2": 0.0, "I4MDHV3": 0.0, "I4MDCV": 0.0, "I4MDTRK": 0.0, "I4MDAPX": 0.0, "I4MDVOL": 0.0, "I4MDVMT": 0.0, "I4MDFFSPD": 75, "MDHRLKCAP": 2000, "MDHRLNCAP": 2000, "I4MDVC": 0.0, "I4MDVDF": 1.0, "I4MDSPD": 75.0, "I4PMSOV": 0.0, "I4PMHV2": 4683.9209, "I4PMHV3": 938.20239, "I4PMCV": 0.0, "I4PMTRK": 0.0, "I4PMAPX": 1047.85425, "I4PMVOL": 6669.97754, "I4PMVMT": 8670.9707, "I4PMFFSPD": 75, "PMHRLKCAP": 2000, "PMHRLNCAP": 2000, "I4PMVC": 0.98049, "I4PMVDF": 1.86087, "I4PMSPD": 40.30372, "I4NTSOV": 0.0, "I4NTHV2": 0.0, "I4NTHV3": 0.0, "I4NTCV": 0.0, "I4NTTRK": 0.0, "I4NTAPX": 0.0, "I4NTVOL": 0.0, "I4NTVMT": 0.0, "I4NTFFSPD": 75, "NTHRLKCAP": 2000, "NTHRLNCAP": 2000, "I4NTVC": 0.0, "I4NTVDF": 1.0, "I4NTSPD": 75.0, "I424VOL": 6669.97754, "TVOL00": 7, "TVMT00": 9.1, "ID": 0, "AADT_2023": 0, "AWDT_2023": 0, "MD210": 0, "CNT2LOADDIF": 0.0, "ABSNCTDIFF": 0.0, "CNT2LOADPCT": 0.0, "ABSPCTDIFF": 0.0, "MD210U": 0, "LOAD1": 6669.97754, "LOAD2": 0.0, "LOADGRW": -6669.97754, "ABSGRW": 6669.97754, "PRCGRW": -1.0, "PRCANLGRW": -4.5454545 }, "geometry": { "type": "LineString", "coordinates": [ [ -77.273892451416643, 39.207662927212922 ], [ -77.274662588943343, 39.208692960945349 ], [ -77.274992588631392, 39.209182960236923 ], [ -77.275352588863441, 39.209822959550237 ], [ -77.275832588573238, 39.210812959513824 ], [ -77.276302587801979, 39.21199295962478 ], [ -77.27669258857793, 39.213272959150721 ], [ -77.276942588014606, 39.214232958570378 ], [ -77.276947068445978, 39.214249418894582 ], [ -77.277402588560903, 39.215922958035812 ], [ -77.2777325891483, 39.21697295728864 ], [ -77.278272589046651, 39.218522957213459 ], [ -77.278662588023963, 39.219502957595225 ], [ -77.279362589324478, 39.221152957834285 ], [ -77.280332589225225, 39.22334295617307 ], [ -77.281314414087049, 39.225582166815371 ] ] } },
{ "type": "Feature", "properties": { "A": 23010, "B": 22972, "SUBAREA": 0, "FFSNEW": 0, "CPENEW": 0, "CPEFAC": 0, "TIMEPEN": 0, "DISTANCE": 0.92, "SPDCLASS": 13, "CAPCLASS": 13, "JUR": 1, "SCREEN": 0, "FTYPE": 1, "TOLL": 0, "TOLLGRP": 0, "AMLANE": 1, "AMLIMIT": 9, "PMLANE": 1, "PMLIMIT": 2, "OPLANE": 1, "OPLIMIT": 9, "EDGEID": 23000000000, "LINKID": 60160, "NETYEAR": 2001, "SHAPE_LENG": 4865.58, "PROJECTID": "MTG2001", "TAZ": 414, "ATYPE": 3, "MDLANE": 1, "MDLIMIT": 9, "NTLANE": 1, "NTLIMIT": 9, "DEFLATIONFT": 0.8011, "AMTOLL": 0.0, "PMTOLL": 0.0, "OPTOLL": 0.0, "AMTOLL_VP": 0.0, "PMTOLL_VP": 0.0, "OPTOLL_VP": 0.0, "AMHTIME": 1.36803, "PMHTIME": 1.36803, "OPHTIME": 1.05263, "MDTOLL": 0.0, "MDTOLL_VP": 0.0, "MDHTIME": 1.05263, "NTTOLL": 0.0, "NTTOLL_VP": 0.0, "NTHTIME": 1.05263, "LINKAB": 2301022972, "TURNPENI": "TURNPEN.PEN", "I4AMSOV": 0.0, "I4AMHV2": 0.0, "I4AMHV3": 0.0, "I4AMCV": 0.0, "I4AMTRK": 0.0, "I4AMAPX": 0.0, "I4AMVOL": 0.0, "I4AMVMT": 0.0, "I4AMFFSPD": 69, "AMHRLKCAP": 2000, "AMHRLNCAP": 2000, "I4AMVC": 0.0, "I4AMVDF": 1.0, "I4AMSPD": 69.0, "COMP": 0, "I4MDSOV": 0.0, "I4MDHV2": 0.0, "I4MDHV3": 0.0, "I4MDCV": 0.0, "I4MDTRK": 0.0, "I4MDAPX": 0.0, "I4MDVOL": 0.0, "I4MDVMT": 0.0, "I4MDFFSPD": 69, "MDHRLKCAP": 2000, "MDHRLNCAP": 2000, "I4MDVC": 0.0, "I4MDVDF": 1.0, "I4MDSPD": 69.0, "I4PMSOV": 0.0, "I4PMHV2": 5194.64453, "I4PMHV3": 466.45914, "I4PMCV": 0.0, "I4PMTRK": 0.0, "I4PMAPX": 1062.2821, "I4PMVOL": 6723.38574, "I4PMVMT": 6185.51514, "I4PMFFSPD": 69, "PMHRLKCAP": 2000, "PMHRLNCAP": 2000, "I4PMVC": 0.98834, "I4PMVDF": 1.91685, "I4PMSPD": 35.99659, "I4NTSOV": 0.0, "I4NTHV2": 0.0, "I4NTHV3": 0.0, "I4NTCV": 0.0, "I4NTTRK": 0.0, "I4NTAPX": 0.0, "I4NTVOL": 0.0, "I4NTVMT": 0.0, "I4NTFFSPD": 69, "NTHRLKCAP": 2000, "NTHRLNCAP": 2000, "I4NTVC": 0.0, "I4NTVDF": 1.0, "I4NTSPD": 69.0, "I424VOL": 6723.38574, "TVOL00": 7, "TVMT00": 6.44, "ID": 0, "AADT_2023": 0, "AWDT_2023": 0, "MD210": 0, "CNT2LOADDIF": 0.0, "ABSNCTDIFF": 0.0, "CNT2LOADPCT": 0.0, "ABSPCTDIFF": 0.0, "MD210U": 0, "LOAD1": 6723.38574, "LOAD2": 0.0, "LOADGRW": -6723.38574, "ABSGRW": 6723.38574, "PRCGRW": -1.0, "PRCANLGRW": -4.5454545 }, "geometry": { "type": "LineString", "coordinates": [ [ -77.225594231382104, 39.156601668783757 ], [ -77.227242600898762, 39.157832979177293 ], [ -77.228022600652039, 39.158382978657393 ], [ -77.229322600240835, 39.159202977637086 ], [ -77.230057578044125, 39.159651138585019 ], [ -77.230552600059298, 39.159952977745775 ], [ -77.232072599440187, 39.160762977143676 ], [ -77.232078795781433, 39.160766218306783 ], [ -77.232722599234592, 39.161102976413517 ], [ -77.233322599321539, 39.161382977293414 ], [ -77.234282598741132, 39.161852976522191 ], [ -77.235762597096951, 39.162572976086885 ], [ -77.236702598252421, 39.163092975922439 ], [ -77.237562596458417, 39.16361297665722 ], [ -77.238272595542071, 39.164132975593468 ], [ -77.23911406472493, 39.164762273838953 ] ] } },
{ "type": "Feature", "properties": { "A": 23212, "B": 418, "SUBAREA": 0, "FFSNEW": 0, "CPENEW": 0, "CPEFAC": 0, "TIMEPEN": 0, "DISTANCE": 0.5, "SPDCLASS": 4, "CAPCLASS": 4, "JUR": 1, "SCREEN": 0, "FTYPE": 0, "TOLL": 0, "TOLLGRP": 0, "AMLANE": 7, "AMLIMIT": 0, "PMLANE": 7, "PMLIMIT": 0, "OPLANE": 7, "OPLIMIT": 0, "EDGEID": 418023212, "LINKID": 74032, "NETYEAR": 2001, "SHAPE_LENG": 2622.82, "PROJECTID": "NA", "TAZ": 418, "ATYPE": 4, "MDLANE": 7, "MDLIMIT": 0, "NTLANE": 7, "NTLIMIT": 0, "DEFLATIONFT": 0.8011, "AMTOLL": 0.0, "PMTOLL": 0.0, "OPTOLL": 0.0, "AMTOLL_VP": 0.0, "PMTOLL_VP": 0.0, "OPTOLL_VP": 0.0, "AMHTIME": 1.2, "PMHTIME": 1.2, "OPHTIME": 1.2, "MDTOLL": 0.0, "MDTOLL_VP": 0.0, "MDHTIME": 1.2, "NTTOLL": 0.0, "NTTOLL_VP": 0.0, "NTHTIME": 1.2, "LINKAB": 2321200418, "TURNPENI": "TURNPEN.PEN", "I4AMSOV": 32.66738, "I4AMHV2": 10.31589, "I4AMHV3": 4.67317, "I4AMCV": 1.80887, "I4AMTRK": 1.99099, "I4AMAPX": 0.0, "I4AMVOL": 51.4563, "I4AMVMT": 25.72815, "I4AMFFSPD": 29, "AMHRLKCAP": 22050, "AMHRLNCAP": 3150, "I4AMVC": 0.00097, "I4AMVDF": 1.0, "I4AMSPD": 29.0, "COMP": 0, "I4MDSOV": 101.95008, "I4MDHV2": 25.59, "I4MDHV3": 10.77, "I4MDCV": 2.98, "I4MDTRK": 3.6, "I4MDAPX": 0.0, "I4MDVOL": 144.89008, "I4MDVMT": 72.44504, "I4MDFFSPD": 29, "MDHRLKCAP": 22050, "MDHRLNCAP": 3150, "I4MDVC": 0.00116, "I4MDVDF": 1.0, "I4MDSPD": 29.0, "I4PMSOV": 63.6662, "I4PMHV2": 23.29, "I4PMHV3": 10.6, "I4PMCV": 3.0, "I4PMTRK": 1.47, "I4PMAPX": 1.47, "I4PMVOL": 103.4962, "I4PMVMT": 51.7481, "I4PMFFSPD": 29, "PMHRLKCAP": 22050, "PMHRLNCAP": 3150, "I4PMVC": 0.00138, "I4PMVDF": 1.0, "I4PMSPD": 29.0, "I4NTSOV": 64.22, "I4NTHV2": 21.17, "I4NTHV3": 9.43, "I4NTCV": 1.25, "I4NTTRK": 0.76, "I4NTAPX": 0.0, "I4NTVOL": 96.83, "I4NTVMT": 48.415, "I4NTFFSPD": 29, "NTHRLKCAP": 22050, "NTHRLNCAP": 3150, "I4NTVC": 0.00066, "I4NTVDF": 1.0, "I4NTSPD": 29.0, "I424VOL": 396.67258, "TVOL00": 0, "TVMT00": 0.0, "ID": 0, "AADT_2023": 0, "AWDT_2023": 0, "MD210": 0, "CNT2LOADDIF": 0.0, "ABSNCTDIFF": 0.0, "CNT2LOADPCT": 0.0, "ABSPCTDIFF": 0.0, "MD210U": 0, "LOAD1": 396.67258, "LOAD2": 12.15, "LOADGRW": -384.52258, "ABSGRW": 384.52258, "PRCGRW": -0.9693702, "PRCANLGRW": -4.4062281 }, "geometry": { "type": "LineString", "coordinates": [ [ -77.2791785271545, 39.160871068113735 ], [ -77.274971292098257, 39.167286509537234 ] ] } },
{ "type": "Feature", "properties": { "A": 23216, "B": 417, "SUBAREA": 0, "FFSNEW": 0, "CPENEW": 0, "CPEFAC": 0, "TIMEPEN": 0, "DISTANCE": 0.61, "SPDCLASS": 5, "CAPCLASS": 5, "JUR": 1, "SCREEN": 0, "FTYPE": 0, "TOLL": 0, "TOLLGRP": 0, "AMLANE": 7, "AMLIMIT": 0, "PMLANE": 7, "PMLIMIT": 0, "OPLANE": 7, "OPLIMIT": 0, "EDGEID": 417023216, "LINKID": 32699, "NETYEAR": 2001, "SHAPE_LENG": 3224.45, "PROJECTID": "NA", "TAZ": 417, "ATYPE": 5, "MDLANE": 7, "MDLIMIT": 0, "NTLANE": 7, "NTLIMIT": 0, "DEFLATIONFT": 0.8011, "AMTOLL": 0.0, "PMTOLL": 0.0, "OPTOLL": 0.0, "AMTOLL_VP": 0.0, "PMTOLL_VP": 0.0, "OPTOLL_VP": 0.0, "AMHTIME": 1.22, "PMHTIME": 1.22, "OPHTIME": 1.22, "MDTOLL": 0.0, "MDTOLL_VP": 0.0, "MDHTIME": 1.22, "NTTOLL": 0.0, "NTTOLL_VP": 0.0, "NTHTIME": 1.22, "LINKAB": 2321600417, "TURNPENI": "TURNPEN.PEN", "I4AMSOV": 223.0405, "I4AMHV2": 62.10415, "I4AMHV3": 28.94, "I4AMCV": 25.83497, "I4AMTRK": 31.56208, "I4AMAPX": 0.0, "I4AMVOL": 371.48169, "I4AMVMT": 226.60384, "I4AMFFSPD": 35, "AMHRLKCAP": 22050, "AMHRLNCAP": 3150, "I4AMVC": 0.00703, "I4AMVDF": 1.0, "I4AMSPD": 35.0, "COMP": 0, "I4MDSOV": 788.76624, "I4MDHV2": 209.92938, "I4MDHV3": 94.68297, "I4MDCV": 44.22, "I4MDTRK": 58.59, "I4MDAPX": 0.0, "I4MDVOL": 1196.1886, "I4MDVMT": 729.67505, "I4MDFFSPD": 35, "MDHRLKCAP": 22050, "MDHRLNCAP": 3150, "I4MDVC": 0.0096, "I4MDVDF": 1.0, "I4MDSPD": 35.0, "I4PMSOV": 554.70911, "I4PMHV2": 191.08311, "I4PMHV3": 87.22606, "I4PMCV": 44.49943, "I4PMTRK": 22.18118, "I4PMAPX": 22.1315, "I4PMVOL": 921.83038, "I4PMVMT": 562.31653, "I4PMFFSPD": 35, "PMHRLKCAP": 22050, "PMHRLNCAP": 3150, "I4PMVC": 0.01229, "I4PMVDF": 1.0, "I4PMSPD": 35.0, "I4NTSOV": 532.23798, "I4NTHV2": 182.35, "I4NTHV3": 84.33, "I4NTCV": 20.94, "I4NTTRK": 12.94, "I4NTAPX": 0.0, "I4NTVOL": 832.79797, "I4NTVMT": 508.00677, "I4NTFFSPD": 35, "NTHRLKCAP": 22050, "NTHRLNCAP": 3150, "I4NTVC": 0.00567, "I4NTVDF": 1.0, "I4NTSPD": 35.0, "I424VOL": 3322.29858, "TVOL00": 0, "TVMT00": 0.0, "ID": 0, "AADT_2023": 0, "AWDT_2023": 0, "MD210": 0, "CNT2LOADDIF": 0.0, "ABSNCTDIFF": 0.0, "CNT2LOADPCT": 0.0, "ABSPCTDIFF": 0.0, "MD210U": 0, "LOAD1": 3322.29858, "LOAD2": 1.0000000000000001e-05, "LOADGRW": -3322.29858, "ABSGRW": 3322.29858, "PRCGRW": -1.0, "PRCANLGRW": -4.5454545 }, "geometry": { "type": "LineString", "coordinates": [ [ -77.275817587790186, 39.157241088426751 ], [ -77.267771158516226, 39.15098601461478 ] ] } },
{ "type": "Feature", "properties": { "A": 23263, "B": 486, "SUBAREA": 0, "FFSNEW": 0, "CPENEW": 0, "CPEFAC": 0, "TIMEPEN": 0, "DISTANCE": 0.66, "SPDCLASS": 4, "CAPCLASS": 4, "JUR": 1, "SCREEN": 0, "FTYPE": 0, "TOLL": 0, "TOLLGRP": 0, "AMLANE": 7, "AMLIMIT": 0, "PMLANE": 7, "PMLIMIT": 0, "OPLANE": 7, "OPLIMIT": 0, "EDGEID": 486023263, "LINKID": 1262, "NETYEAR": 2001, "SHAPE_LENG": 3493.77, "PROJECTID": "NA", "TAZ": 486, "ATYPE": 4, "MDLANE": 7, "MDLIMIT": 0, "NTLANE": 7, "NTLIMIT": 0, "DEFLATIONFT": 0.8011, "AMTOLL": 0.0, "PMTOLL": 0.0, "OPTOLL": 0.0, "AMTOLL_VP": 0.0, "PMTOLL_VP": 0.0, "OPTOLL_VP": 0.0, "AMHTIME": 1.584, "PMHTIME": 1.584, "OPHTIME": 1.584, "MDTOLL": 0.0, "MDTOLL_VP": 0.0, "MDHTIME": 1.584, "NTTOLL": 0.0, "NTTOLL_VP": 0.0, "NTHTIME": 1.584, "LINKAB": 2326300486, "TURNPENI": "TURNPEN.PEN", "I4AMSOV": 6.9999999999999994e-05, "I4AMHV2": 2.0000000000000002e-05, "I4AMHV3": 0.0, "I4AMCV": 1.0000000000000001e-05, "I4AMTRK": 1.0000000000000001e-05, "I4AMAPX": 0.0, "I4AMVOL": 0.00011, "I4AMVMT": 6.9999999999999994e-05, "I4AMFFSPD": 29, "AMHRLKCAP": 22050, "AMHRLNCAP": 3150, "I4AMVC": 0.0, "I4AMVDF": 1.0, "I4AMSPD": 29.0, "COMP": 0, "I4MDSOV": 0.0, "I4MDHV2": 0.0, "I4MDHV3": 0.0, "I4MDCV": 0.0, "I4MDTRK": 0.0, "I4MDAPX": 0.0, "I4MDVOL": 0.0, "I4MDVMT": 0.0, "I4MDFFSPD": 29, "MDHRLKCAP": 22050, "MDHRLNCAP": 3150, "I4MDVC": 0.0, "I4MDVDF": 1.0, "I4MDSPD": 29.0, "I4PMSOV": 0.0, "I4PMHV2": 0.0, "I4PMHV3": 0.0, "I4PMCV": 0.0, "I4PMTRK": 0.0, "I4PMAPX": 0.0, "I4PMVOL": 0.0, "I4PMVMT": 0.0, "I4PMFFSPD": 29, "PMHRLKCAP": 22050, "PMHRLNCAP": 3150, "I4PMVC": 0.0, "I4PMVDF": 1.0, "I4PMSPD": 29.0, "I4NTSOV": 0.0, "I4NTHV2": 0.0, "I4NTHV3": 0.0, "I4NTCV": 0.0, "I4NTTRK": 0.0, "I4NTAPX": 0.0, "I4NTVOL": 0.0, "I4NTVMT": 0.0, "I4NTFFSPD": 29, "NTHRLKCAP": 22050, "NTHRLNCAP": 3150, "I4NTVC": 0.0, "I4NTVDF": 1.0, "I4NTSPD": 29.0, "I424VOL": 0.00011, "TVOL00": 0, "TVMT00": 0.0, "ID": 0, "AADT_2023": 0, "AWDT_2023": 0, "MD210": 0, "CNT2LOADDIF": 0.0, "ABSNCTDIFF": 0.0, "CNT2LOADPCT": 0.0, "ABSPCTDIFF": 0.0, "MD210U": 0, "LOAD1": 0.00011, "LOAD2": 0.0, "LOADGRW": -0.00011, "ABSGRW": 0.00011, "PRCGRW": -1.0, "PRCANLGRW": -4.5454545 }, "geometry": { "type": "LineString", "coordinates": [ [ -77.202939553166715, 39.177432741622674 ], [ -77.199303294606082, 39.171698950177586 ], [ -77.197483246939271, 39.168829127263038 ] ] } },
{ "type": "Feature", "properties": { "A": 23356, "B": 558, "SUBAREA": 0, "FFSNEW": 0, "CPENEW": 0, "CPEFAC": 0, "TIMEPEN": 0, "DISTANCE": 0.46, "SPDCLASS": 2, "CAPCLASS": 2, "JUR": 1, "SCREEN": 0, "FTYPE": 0, "TOLL": 0, "TOLLGRP": 0, "AMLANE": 7, "AMLIMIT": 0, "PMLANE": 7, "PMLIMIT": 0, "OPLANE": 7, "OPLIMIT": 0, "EDGEID": 558023356, "LINKID": 39218, "NETYEAR": 2001, "SHAPE_LENG": 2432.87, "PROJECTID": "NA", "TAZ": 558, "ATYPE": 2, "MDLANE": 7, "MDLIMIT": 0, "NTLANE": 7, "NTLIMIT": 0, "DEFLATIONFT": 0.8011, "AMTOLL": 0.0, "PMTOLL": 0.0, "OPTOLL": 0.0, "AMTOLL_VP": 0.0, "PMTOLL_VP": 0.0, "OPTOLL_VP": 0.0, "AMHTIME": 1.84, "PMHTIME": 1.84, "OPHTIME": 1.84, "MDTOLL": 0.0, "MDTOLL_VP": 0.0, "MDHTIME": 1.84, "NTTOLL": 0.0, "NTTOLL_VP": 0.0, "NTHTIME": 1.84, "LINKAB": 2335600558, "TURNPENI": "TURNPEN.PEN", "I4AMSOV": 5.0609, "I4AMHV2": 1.97033, "I4AMHV3": 0.74, "I4AMCV": 0.07006, "I4AMTRK": 0.22006, "I4AMAPX": 0.0, "I4AMVOL": 8.06135, "I4AMVMT": 3.70822, "I4AMFFSPD": 17, "AMHRLKCAP": 22050, "AMHRLNCAP": 3150, "I4AMVC": 0.00015, "I4AMVDF": 1.0, "I4AMSPD": 17.0, "COMP": 0, "I4MDSOV": 17.07, "I4MDHV2": 5.54, "I4MDHV3": 2.3, "I4MDCV": 0.11, "I4MDTRK": 0.44, "I4MDAPX": 0.0, "I4MDVOL": 25.46, "I4MDVMT": 11.7116, "I4MDFFSPD": 17, "MDHRLKCAP": 22050, "MDHRLNCAP": 3150, "I4MDVC": 0.0002, "I4MDVDF": 1.0, "I4MDSPD": 17.0, "I4PMSOV": 11.13, "I4PMHV2": 5.12, "I4PMHV3": 2.04, "I4PMCV": 0.12, "I4PMTRK": 0.15, "I4PMAPX": 0.15, "I4PMVOL": 18.71, "I4PMVMT": 8.6066, "I4PMFFSPD": 17, "PMHRLKCAP": 22050, "PMHRLNCAP": 3150, "I4PMVC": 0.00025, "I4PMVDF": 1.0, "I4PMSPD": 17.0, "I4NTSOV": 418.86908, "I4NTHV2": 160.02835, "I4NTHV3": 80.60835, "I4NTCV": 15.85732, "I4NTTRK": 6.08639, "I4NTAPX": 1.1, "I4NTVOL": 682.5495, "I4NTVMT": 313.97278, "I4NTFFSPD": 17, "NTHRLKCAP": 22050, "NTHRLNCAP": 3150, "I4NTVC": 0.00464, "I4NTVDF": 1.0, "I4NTSPD": 17.0, "I424VOL": 734.78082, "TVOL00": 0, "TVMT00": 0.0, "ID": 0, "AADT_2023": 0, "AWDT_2023": 0, "MD210": 0, "CNT2LOADDIF": 0.0, "ABSNCTDIFF": 0.0, "CNT2LOADPCT": 0.0, "ABSPCTDIFF": 0.0, "MD210U": 0, "LOAD1": 734.78082, "LOAD2": 83.85, "LOADGRW": -650.93085, "ABSGRW": 650.93085, "PRCGRW": -0.8858843, "PRCANLGRW": -4.0267472 }, "geometry": { "type": "LineString", "coordinates": [ [ -77.076086316605341, 39.04571922989696 ], [ -77.069713535315501, 39.041802114064225 ], [ -77.069360711635966, 39.041585676237915 ] ] } },
{ "type": "Feature", "properties": { "A": 23555, "B": 23556, "SUBAREA": 0, "FFSNEW": 0, "CPENEW": 0, "CPEFAC": 0, "TIMEPEN": 0, "DISTANCE": 0.26, "SPDCLASS": 15, "CAPCLASS": 15, "JUR": 1, "SCREEN": 0, "FTYPE": 1, "TOLL": 0, "TOLLGRP": 0, "AMLANE": 1, "AMLIMIT": 2, "PMLANE": 1, "PMLIMIT": 9, "OPLANE": 1, "OPLIMIT": 9, "EDGEID": 23600000000, "LINKID": 84526, "NETYEAR": 2001, "SHAPE_LENG": 1380.61, "PROJECTID": "0", "TAZ": 656, "ATYPE": 5, "MDLANE": 1, "MDLIMIT": 9, "NTLANE": 1, "NTLIMIT": 9, "DEFLATIONFT": 0.8011, "AMTOLL": 0.0, "PMTOLL": 0.0, "OPTOLL": 0.0, "AMTOLL_VP": 0.0, "PMTOLL_VP": 0.0, "OPTOLL_VP": 0.0, "AMHTIME": 0.3174, "PMHTIME": 0.3174, "OPHTIME": 0.25578, "MDTOLL": 0.0, "MDTOLL_VP": 0.0, "MDHTIME": 0.25578, "NTTOLL": 0.0, "NTTOLL_VP": 0.0, "NTHTIME": 0.25578, "LINKAB": 2355523556, "TURNPENI": "TURNPEN.PEN", "I4AMSOV": 0.0, "I4AMHV2": 2549.49731, "I4AMHV3": 368.58188, "I4AMCV": 0.0, "I4AMTRK": 0.0, "I4AMAPX": 259.29193, "I4AMVOL": 3177.37085, "I4AMVMT": 826.11646, "I4AMFFSPD": 75, "AMHRLKCAP": 2000, "AMHRLNCAP": 2000, "I4AMVC": 0.66248, "I4AMVDF": 1.07112, "I4AMSPD": 70.02018, "COMP": 0, "I4MDSOV": 0.0, "I4MDHV2": 0.0, "I4MDHV3": 0.0, "I4MDCV": 0.0, "I4MDTRK": 0.0, "I4MDAPX": 0.0, "I4MDVOL": 0.0, "I4MDVMT": 0.0, "I4MDFFSPD": 75, "MDHRLKCAP": 2000, "MDHRLNCAP": 2000, "I4MDVC": 0.0, "I4MDVDF": 1.0, "I4MDSPD": 75.0, "I4PMSOV": 0.0, "I4PMHV2": 0.0, "I4PMHV3": 0.0, "I4PMCV": 0.0, "I4PMTRK": 0.0, "I4PMAPX": 0.0, "I4PMVOL": 0.0, "I4PMVMT": 0.0, "I4PMFFSPD": 75, "PMHRLKCAP": 2000, "PMHRLNCAP": 2000, "I4PMVC": 0.0, "I4PMVDF": 1.0, "I4PMSPD": 75.0, "I4NTSOV": 0.0, "I4NTHV2": 0.0, "I4NTHV3": 0.0, "I4NTCV": 0.0, "I4NTTRK": 0.0, "I4NTAPX": 0.0, "I4NTVOL": 0.0, "I4NTVMT": 0.0, "I4NTFFSPD": 75, "NTHRLKCAP": 2000, "NTHRLNCAP": 2000, "I4NTVC": 0.0, "I4NTVDF": 1.0, "I4NTSPD": 75.0, "I424VOL": 3177.37085, "TVOL00": 3, "TVMT00": 0.78, "ID": 0, "AADT_2023": 0, "AWDT_2023": 0, "MD210": 0, "CNT2LOADDIF": 0.0, "ABSNCTDIFF": 0.0, "CNT2LOADPCT": 0.0, "ABSPCTDIFF": 0.0, "MD210U": 0, "LOAD1": 3177.37085, "LOAD2": 0.0, "LOADGRW": -3177.37085, "ABSGRW": 3177.37085, "PRCGRW": -1.0, "PRCANLGRW": -4.5454545 }, "geometry": { "type": "LineString", "coordinates": [ [ -77.149728979268943, 39.012732916109343 ], [ -77.151865066495262, 39.009352955716039 ] ] } },
{ "type": "Feature", "properties": { "A": 23556, "B": 22303, "SUBAREA": 0, "FFSNEW": 0, "CPENEW": 0, "CPEFAC": 0, "TIMEPEN": 0, "DISTANCE": 0.01, "SPDCLASS": 15, "CAPCLASS": 15, "JUR": 1, "SCREEN": 0, "FTYPE": 1, "TOLL": 0, "TOLLGRP": 0, "AMLANE": 1, "AMLIMIT": 2, "PMLANE": 1, "PMLIMIT": 9, "OPLANE": 1, "OPLIMIT": 9, "EDGEID": 23600000000, "LINKID": 84527, "NETYEAR": 2001, "SHAPE_LENG": 45.11, "PROJECTID": "0", "TAZ": 656, "ATYPE": 5, "MDLANE": 1, "MDLIMIT": 9, "NTLANE": 1, "NTLIMIT": 9, "DEFLATIONFT": 0.8011, "AMTOLL": 0.0, "PMTOLL": 0.0, "OPTOLL": 0.0, "AMTOLL_VP": 0.0, "PMTOLL_VP": 0.0, "OPTOLL_VP": 0.0, "AMHTIME": 0.01221, "PMHTIME": 0.01221, "OPHTIME": 0.00984, "MDTOLL": 0.0, "MDTOLL_VP": 0.0, "MDHTIME": 0.00984, "NTTOLL": 0.0, "NTTOLL_VP": 0.0, "NTHTIME": 0.00984, "LINKAB": 2355622303, "TURNPENI": "TURNPEN.PEN", "I4AMSOV": 0.0, "I4AMHV2": 2549.49731, "I4AMHV3": 368.58188, "I4AMCV": 0.0, "I4AMTRK": 0.0, "I4AMAPX": 259.29193, "I4AMVOL": 3177.37085, "I4AMVMT": 31.77371, "I4AMFFSPD": 75, "AMHRLKCAP": 2000, "AMHRLNCAP": 2000, "I4AMVC": 0.66248, "I4AMVDF": 1.07112, "I4AMSPD": 70.02018, "COMP": 0, "I4MDSOV": 0.0, "I4MDHV2": 0.0, "I4MDHV3": 0.0, "I4MDCV": 0.0, "I4MDTRK": 0.0, "I4MDAPX": 0.0, "I4MDVOL": 0.0, "I4MDVMT": 0.0, "I4MDFFSPD": 75, "MDHRLKCAP": 2000, "MDHRLNCAP": 2000, "I4MDVC": 0.0, "I4MDVDF": 1.0, "I4MDSPD": 75.0, "I4PMSOV": 0.0, "I4PMHV2": 0.0, "I4PMHV3": 0.0, "I4PMCV": 0.0, "I4PMTRK": 0.0, "I4PMAPX": 0.0, "I4PMVOL": 0.0, "I4PMVMT": 0.0, "I4PMFFSPD": 75, "PMHRLKCAP": 2000, "PMHRLNCAP": 2000, "I4PMVC": 0.0, "I4PMVDF": 1.0, "I4PMSPD": 75.0, "I4NTSOV": 0.0, "I4NTHV2": 0.0, "I4NTHV3": 0.0, "I4NTCV": 0.0, "I4NTTRK": 0.0, "I4NTAPX": 0.0, "I4NTVOL": 0.0, "I4NTVMT": 0.0, "I4NTFFSPD": 75, "NTHRLKCAP": 2000, "NTHRLNCAP": 2000, "I4NTVC": 0.0, "I4NTVDF": 1.0, "I4NTSPD": 75.0, "I424VOL": 3177.37085, "TVOL00": 3, "TVMT00": 0.03, "ID": 0, "AADT_2023": 0, "AWDT_2023": 0, "MD210": 0, "CNT2LOADDIF": 0.0, "ABSNCTDIFF": 0.0, "CNT2LOADPCT": 0.0, "ABSPCTDIFF": 0.0, "MD210U": 0, "LOAD1": 3177.37085, "LOAD2": 0.0, "LOADGRW": -3177.37085, "ABSGRW": 3177.37085, "PRCGRW": -1.0, "PRCANLGRW": -4.5454545 }, "geometry": { "type": "LineString", "coordinates": [ [ -77.151865066495262, 39.009352955716039 ], [ -77.152009247811833, 39.009303345922618 ] ] } },
{ "type": "Feature", "properties": { "A": 23557, "B": 23558, "SUBAREA": 0, "FFSNEW": 0, "CPENEW": 0, "CPEFAC": 0, "TIMEPEN": 0, "DISTANCE": 0.19, "SPDCLASS": 15, "CAPCLASS": 15, "JUR": 1, "SCREEN": 0, "FTYPE": 1, "TOLL": 0, "TOLLGRP": 0, "AMLANE": 1, "AMLIMIT": 9, "PMLANE": 1, "PMLIMIT": 2, "OPLANE": 1, "OPLIMIT": 9, "EDGEID": 23600000000, "LINKID": 84529, "NETYEAR": 2001, "SHAPE_LENG": 1015.19, "PROJECTID": "0", "TAZ": 656, "ATYPE": 5, "MDLANE": 1, "MDLIMIT": 9, "NTLANE": 1, "NTLIMIT": 9, "DEFLATIONFT": 0.8011, "AMTOLL": 0.0, "PMTOLL": 0.0, "OPTOLL": 0.0, "AMTOLL_VP": 0.0, "PMTOLL_VP": 0.0, "OPTOLL_VP": 0.0, "AMHTIME": 0.23194, "PMHTIME": 0.23194, "OPHTIME": 0.18692, "MDTOLL": 0.0, "MDTOLL_VP": 0.0, "MDHTIME": 0.18692, "NTTOLL": 0.0, "NTTOLL_VP": 0.0, "NTHTIME": 0.18692, "LINKAB": 2355723558, "TURNPENI": "TURNPEN.PEN", "I4AMSOV": 0.0, "I4AMHV2": 0.0, "I4AMHV3": 0.0, "I4AMCV": 0.0, "I4AMTRK": 0.0, "I4AMAPX": 0.0, "I4AMVOL": 0.0, "I4AMVMT": 0.0, "I4AMFFSPD": 75, "AMHRLKCAP": 2000, "AMHRLNCAP": 2000, "I4AMVC": 0.0, "I4AMVDF": 1.0, "I4AMSPD": 75.0, "COMP": 0, "I4MDSOV": 0.0, "I4MDHV2": 0.0, "I4MDHV3": 0.0, "I4MDCV": 0.0, "I4MDTRK": 0.0, "I4MDAPX": 0.0, "I4MDVOL": 0.0, "I4MDVMT": 0.0, "I4MDFFSPD": 75, "MDHRLKCAP": 2000, "MDHRLNCAP": 2000, "I4MDVC": 0.0, "I4MDVDF": 1.0, "I4MDSPD": 75.0, "I4PMSOV": 0.0, "I4PMHV2": 4284.68457, "I4PMHV3": 791.83917, "I4PMCV": 0.0, "I4PMTRK": 0.0, "I4PMAPX": 871.64862, "I4PMVOL": 5948.17236, "I4PMVMT": 1130.15271, "I4PMFFSPD": 75, "PMHRLKCAP": 2000, "PMHRLNCAP": 2000, "I4PMVC": 0.87438, "I4PMVDF": 1.24883, "I4PMSPD": 60.0563, "I4NTSOV": 0.0, "I4NTHV2": 0.0, "I4NTHV3": 0.0, "I4NTCV": 0.0, "I4NTTRK": 0.0, "I4NTAPX": 0.0, "I4NTVOL": 0.0, "I4NTVMT": 0.0, "I4NTFFSPD": 75, "NTHRLKCAP": 2000, "NTHRLNCAP": 2000, "I4NTVC": 0.0, "I4NTVDF": 1.0, "I4NTSPD": 75.0, "I424VOL": 5948.17236, "TVOL00": 6, "TVMT00": 1.14, "ID": 0, "AADT_2023": 0, "AWDT_2023": 0, "MD210": 0, "CNT2LOADDIF": 0.0, "ABSNCTDIFF": 0.0, "CNT2LOADPCT": 0.0, "ABSPCTDIFF": 0.0, "MD210U": 0, "LOAD1": 5948.17236, "LOAD2": 0.0, "LOADGRW": -5948.17236, "ABSGRW": 5948.17236, "PRCGRW": -1.0, "PRCANLGRW": -4.5454545 }, "geometry": { "type": "LineString", "coordinates": [ [ -77.15070617381464, 39.010507647202601 ], [ -77.149504547319182, 39.013117600514541 ] ] } },
{ "type": "Feature", "properties": { "A": 23558, "B": 22894, "SUBAREA": 0, "FFSNEW": 0, "CPENEW": 0, "CPEFAC": 0, "TIMEPEN": 0, "DISTANCE": 0.24, "SPDCLASS": 13, "CAPCLASS": 13, "JUR": 1, "SCREEN": 0, "FTYPE": 1, "TOLL": 0, "TOLLGRP": 0, "AMLANE": 1, "AMLIMIT": 9, "PMLANE": 1, "PMLIMIT": 2, "OPLANE": 1, "OPLIMIT": 9, "EDGEID": 23600000000, "LINKID": 84531, "NETYEAR": 2001, "SHAPE_LENG": 1274.02, "PROJECTID": "0", "TAZ": 654, "ATYPE": 3, "MDLANE": 1, "MDLIMIT": 9, "NTLANE": 1, "NTLIMIT": 9, "DEFLATIONFT": 0.8011, "AMTOLL": 0.0, "PMTOLL": 0.0, "OPTOLL": 0.0, "AMTOLL_VP": 0.0, "PMTOLL_VP": 0.0, "OPTOLL_VP": 0.0, "AMHTIME": 0.35688, "PMHTIME": 0.35688, "OPHTIME": 0.2746, "MDTOLL": 0.0, "MDTOLL_VP": 0.0, "MDHTIME": 0.2746, "NTTOLL": 0.0, "NTTOLL_VP": 0.0, "NTHTIME": 0.2746, "LINKAB": 2355822894, "TURNPENI": "TURNPEN.PEN", "I4AMSOV": 0.0, "I4AMHV2": 0.0, "I4AMHV3": 0.0, "I4AMCV": 0.0, "I4AMTRK": 0.0, "I4AMAPX": 0.0, "I4AMVOL": 0.0, "I4AMVMT": 0.0, "I4AMFFSPD": 69, "AMHRLKCAP": 2000, "AMHRLNCAP": 2000, "I4AMVC": 0.0, "I4AMVDF": 1.0, "I4AMSPD": 69.0, "COMP": 0, "I4MDSOV": 0.0, "I4MDHV2": 0.0, "I4MDHV3": 0.0, "I4MDCV": 0.0, "I4MDTRK": 0.0, "I4MDAPX": 0.0, "I4MDVOL": 0.0, "I4MDVMT": 0.0, "I4MDFFSPD": 69, "MDHRLKCAP": 2000, "MDHRLNCAP": 2000, "I4MDVC": 0.0, "I4MDVDF": 1.0, "I4MDSPD": 69.0, "I4PMSOV": 0.0, "I4PMHV2": 4284.68457, "I4PMHV3": 791.83917, "I4PMCV": 0.0, "I4PMTRK": 0.0, "I4PMAPX": 871.64862, "I4PMVOL": 5948.17236, "I4PMVMT": 1427.56128, "I4PMFFSPD": 69, "PMHRLKCAP": 2000, "PMHRLNCAP": 2000, "I4PMVC": 0.87438, "I4PMVDF": 1.24883, "I4PMSPD": 55.2518, "I4NTSOV": 0.0, "I4NTHV2": 0.0, "I4NTHV3": 0.0, "I4NTCV": 0.0, "I4NTTRK": 0.0, "I4NTAPX": 0.0, "I4NTVOL": 0.0, "I4NTVMT": 0.0, "I4NTFFSPD": 69, "NTHRLKCAP": 2000, "NTHRLNCAP": 2000, "I4NTVC": 0.0, "I4NTVDF": 1.0, "I4NTSPD": 69.0, "I424VOL": 5948.17236, "TVOL00": 6, "TVMT00": 1.44, "ID": 0, "AADT_2023": 0, "AWDT_2023": 0, "MD210": 0, "CNT2LOADDIF": 0.0, "ABSNCTDIFF": 0.0, "CNT2LOADPCT": 0.0, "ABSPCTDIFF": 0.0, "MD210U": 0, "LOAD1": 5948.17236, "LOAD2": 0.0, "LOADGRW": -5948.17236, "ABSGRW": 5948.17236, "PRCGRW": -1.0, "PRCANLGRW": -4.5454545 }, "geometry": { "type": "LineString", "coordinates": [ [ -77.149504547319182, 39.013117600514541 ], [ -77.148040228228922, 39.016381347737166 ] ] } },
{ "type": "Feature", "properties": { "A": 23679, "B": 22776, "SUBAREA": 0, "FFSNEW": 0, "CPENEW": 0, "CPEFAC": 0, "TIMEPEN": 0, "DISTANCE": 0.01, "SPDCLASS": 14, "CAPCLASS": 14, "JUR": 1, "SCREEN": 0, "FTYPE": 1, "TOLL": 0, "TOLLGRP": 0, "AMLANE": 1, "AMLIMIT": 0, "PMLANE": 1, "PMLIMIT": 0, "OPLANE": 1, "OPLIMIT": 0, "EDGEID": 23700000000, "LINKID": 85457, "NETYEAR": 2001, "SHAPE_LENG": 18.94, "PROJECTID": "0", "TAZ": 451, "ATYPE": 4, "MDLANE": 1, "MDLIMIT": 0, "NTLANE": 1, "NTLIMIT": 0, "DEFLATIONFT": 0.8011, "AMTOLL": 0.0, "PMTOLL": 0.0, "OPTOLL": 0.0, "AMTOLL_VP": 0.0, "PMTOLL_VP": 0.0, "OPTOLL_VP": 0.0, "AMHTIME": 0.01438, "PMHTIME": 0.01438, "OPHTIME": 0.0112, "MDTOLL": 0.0, "MDTOLL_VP": 0.0, "MDHTIME": 0.0112, "NTTOLL": 0.0, "NTTOLL_VP": 0.0, "NTHTIME": 0.0112, "LINKAB": 2367922776, "TURNPENI": "TURNPEN.PEN", "I4AMSOV": 0.0, "I4AMHV2": 0.0, "I4AMHV3": 0.0, "I4AMCV": 0.0, "I4AMTRK": 0.0, "I4AMAPX": 0.0, "I4AMVOL": 0.0, "I4AMVMT": 0.0, "I4AMFFSPD": 69, "AMHRLKCAP": 2000, "AMHRLNCAP": 2000, "I4AMVC": 0.0, "I4AMVDF": 1.0, "I4AMSPD": 69.0, "COMP": 0, "I4MDSOV": 0.0, "I4MDHV2": 0.0, "I4MDHV3": 0.0, "I4MDCV": 0.0, "I4MDTRK": 0.0, "I4MDAPX": 0.0, "I4MDVOL": 0.0, "I4MDVMT": 0.0, "I4MDFFSPD": 69, "MDHRLKCAP": 2000, "MDHRLNCAP": 2000, "I4MDVC": 0.0, "I4MDVDF": 1.0, "I4MDSPD": 69.0, "I4PMSOV": 0.0, "I4PMHV2": 3481.88037, "I4PMHV3": 695.0802, "I4PMCV": 0.0, "I4PMTRK": 0.0, "I4PMAPX": 801.33588, "I4PMVOL": 4978.29639, "I4PMVMT": 49.78297, "I4PMFFSPD": 69, "PMHRLKCAP": 2000, "PMHRLNCAP": 2000, "I4PMVC": 0.73181, "I4PMVDF": 1.09981, "I4PMSPD": 62.73792, "I4NTSOV": 0.0, "I4NTHV2": 0.0, "I4NTHV3": 0.0, "I4NTCV": 0.0, "I4NTTRK": 0.0, "I4NTAPX": 0.0, "I4NTVOL": 0.0, "I4NTVMT": 0.0, "I4NTFFSPD": 69, "NTHRLKCAP": 2000, "NTHRLNCAP": 2000, "I4NTVC": 0.0, "I4NTVDF": 1.0, "I4NTSPD": 69.0, "I424VOL": 4978.29639, "TVOL00": 5, "TVMT00": 0.05, "ID": 0, "AADT_2023": 0, "AWDT_2023": 0, "MD210": 0, "CNT2LOADDIF": 0.0, "ABSNCTDIFF": 0.0, "CNT2LOADPCT": 0.0, "ABSPCTDIFF": 0.0, "MD210U": 0, "LOAD1": 4978.29639, "LOAD2": 0.0, "LOADGRW": -4978.29639, "ABSGRW": 4978.29639, "PRCGRW": -1.0, "PRCANLGRW": -4.5454545 }, "geometry": { "type": "LineString", "coordinates": [ [ -77.284773975705789, 39.231800752926212 ], [ -77.284767124530362, 39.23185293513442 ] ] } },
{ "type": "Feature", "properties": { "A": 26459, "B": 26460, "SUBAREA": 0, "FFSNEW": 0, "CPENEW": 0, "CPEFAC": 0, "TIMEPEN": 0, "DISTANCE": 0.49, "SPDCLASS": 13, "CAPCLASS": 13, "JUR": 2, "SCREEN": 0, "FTYPE": 1, "TOLL": 0, "TOLLGRP": 0, "AMLANE": 1, "AMLIMIT": 0, "PMLANE": 1, "PMLIMIT": 0, "OPLANE": 1, "OPLIMIT": 0, "EDGEID": 26500000000, "LINKID": 29623, "NETYEAR": 2000, "SHAPE_LENG": 2575.44, "PROJECTID": "NA", "TAZ": 1120, "ATYPE": 3, "MDLANE": 1, "MDLIMIT": 0, "NTLANE": 1, "NTLIMIT": 0, "DEFLATIONFT": 0.8011, "AMTOLL": 0.0, "PMTOLL": 0.0, "OPTOLL": 0.0, "AMTOLL_VP": 0.0, "PMTOLL_VP": 0.0, "OPTOLL_VP": 0.0, "AMHTIME": 0.72862, "PMHTIME": 0.72862, "OPHTIME": 0.56064, "MDTOLL": 0.0, "MDTOLL_VP": 0.0, "MDHTIME": 0.56064, "NTTOLL": 0.0, "NTTOLL_VP": 0.0, "NTHTIME": 0.56064, "LINKAB": 2645926460, "TURNPENI": "TURNPEN.PEN", "I4AMSOV": 0.00215, "I4AMHV2": 0.00104, "I4AMHV3": 0.0, "I4AMCV": 0.00042, "I4AMTRK": 0.00049, "I4AMAPX": 0.0, "I4AMVOL": 0.00411, "I4AMVMT": 0.00201, "I4AMFFSPD": 69, "AMHRLKCAP": 2000, "AMHRLNCAP": 2000, "I4AMVC": 0.0, "I4AMVDF": 1.0, "I4AMSPD": 69.0, "COMP": 0, "I4MDSOV": 0.0, "I4MDHV2": 0.0, "I4MDHV3": 0.0, "I4MDCV": 0.0, "I4MDTRK": 0.0, "I4MDAPX": 0.0, "I4MDVOL": 0.0, "I4MDVMT": 0.0, "I4MDFFSPD": 69, "MDHRLKCAP": 2000, "MDHRLNCAP": 2000, "I4MDVC": 0.0, "I4MDVDF": 1.0, "I4MDSPD": 69.0, "I4PMSOV": 0.0, "I4PMHV2": 0.0, "I4PMHV3": 0.0, "I4PMCV": 0.0, "I4PMTRK": 0.0, "I4PMAPX": 0.0, "I4PMVOL": 0.0, "I4PMVMT": 0.0, "I4PMFFSPD": 69, "PMHRLKCAP": 2000, "PMHRLNCAP": 2000, "I4PMVC": 0.0, "I4PMVDF": 1.0, "I4PMSPD": 69.0, "I4NTSOV": 0.0, "I4NTHV2": 0.0, "I4NTHV3": 0.0, "I4NTCV": 0.0, "I4NTTRK": 0.0, "I4NTAPX": 0.0, "I4NTVOL": 0.0, "I4NTVMT": 0.0, "I4NTFFSPD": 69, "NTHRLKCAP": 2000, "NTHRLNCAP": 2000, "I4NTVC": 0.0, "I4NTVDF": 1.0, "I4NTSPD": 69.0, "I424VOL": 0.00411, "TVOL00": 0, "TVMT00": 0.0, "ID": 0, "AADT_2023": 0, "AWDT_2023": 0, "MD210": 0, "CNT2LOADDIF": 0.0, "ABSNCTDIFF": 0.0, "CNT2LOADPCT": 0.0, "ABSPCTDIFF": 0.0, "MD210U": 0, "LOAD1": 0.00411, "LOAD2": 0.00012, "LOADGRW": -0.00399, "ABSGRW": 0.00399, "PRCGRW": -0.970876, "PRCANLGRW": -4.4130731 }, "geometry": { "type": "LineString", "coordinates": [ [ -76.856537833166456, 38.94110228968939 ], [ -76.857078103829338, 38.942152277093093 ], [ -76.85728810403964, 38.942502277743351 ], [ -76.85751810431276, 38.942802276887498 ], [ -76.857648103372298, 38.942942277327447 ], [ -76.857928104252281, 38.943172277600574 ], [ -76.858138104462583, 38.943472276744686 ], [ -76.858348103773494, 38.943652276411107 ], [ -76.858558104883116, 38.943812276913931 ], [ -76.858778103775876, 38.943962276935657 ], [ -76.859018103630774, 38.94410227737562 ], [ -76.859908103280091, 38.944602277148284 ], [ -76.860248102549917, 38.944672276918574 ], [ -76.860768103284784, 38.944802276877475 ], [ -76.861168102743193, 38.944862277066022 ], [ -76.861888102307901, 38.944912276773472 ], [ -76.862521048224323, 38.944905002143003 ], [ -76.862758101894386, 38.944902277191751 ], [ -76.863047590640818, 38.944898790513179 ], [ -76.863101470457181, 38.944981646349426 ] ] } },
{ "type": "Feature", "properties": { "A": 26600, "B": 26461, "SUBAREA": 0, "FFSNEW": 0, "CPENEW": 0, "CPEFAC": 0, "TIMEPEN": 0, "DISTANCE": 0.34, "SPDCLASS": 12, "CAPCLASS": 12, "JUR": 2, "SCREEN": 0, "FTYPE": 1, "TOLL": 0, "TOLLGRP": 0, "AMLANE": 1, "AMLIMIT": 0, "PMLANE": 1, "PMLIMIT": 0, "OPLANE": 1, "OPLIMIT": 0, "EDGEID": 26600000000, "LINKID": 48619, "NETYEAR": 2000, "SHAPE_LENG": 1775.41, "PROJECTID": "NA", "TAZ": 1126, "ATYPE": 2, "MDLANE": 1, "MDLIMIT": 0, "NTLANE": 1, "NTLIMIT": 0, "DEFLATIONFT": 0.8011, "AMTOLL": 0.0, "PMTOLL": 0.0, "OPTOLL": 0.0, "AMTOLL_VP": 0.0, "PMTOLL_VP": 0.0, "OPTOLL_VP": 0.0, "AMHTIME": 0.65532, "PMHTIME": 0.65532, "OPHTIME": 0.45143, "MDTOLL": 0.0, "MDTOLL_VP": 0.0, "MDHTIME": 0.45143, "NTTOLL": 0.0, "NTTOLL_VP": 0.0, "NTHTIME": 0.45143, "LINKAB": 2660026461, "TURNPENI": "TURNPEN.PEN", "I4AMSOV": 0.06138, "I4AMHV2": 0.01917, "I4AMHV3": 0.0, "I4AMCV": 0.00617, "I4AMTRK": 0.01514, "I4AMAPX": 0.00195, "I4AMVOL": 0.10381, "I4AMVMT": 0.03529, "I4AMFFSPD": 63, "AMHRLKCAP": 1900, "AMHRLNCAP": 1900, "I4AMVC": 2.0000000000000002e-05, "I4AMVDF": 1.0, "I4AMSPD": 62.99994, "COMP": 0, "I4MDSOV": 0.0, "I4MDHV2": 0.0, "I4MDHV3": 0.0, "I4MDCV": 0.0, "I4MDTRK": 0.0, "I4MDAPX": 0.0, "I4MDVOL": 0.0, "I4MDVMT": 0.0, "I4MDFFSPD": 63, "MDHRLKCAP": 1900, "MDHRLNCAP": 1900, "I4MDVC": 0.0, "I4MDVDF": 1.0, "I4MDSPD": 63.0, "I4PMSOV": 0.0, "I4PMHV2": 0.0, "I4PMHV3": 0.0, "I4PMCV": 0.0, "I4PMTRK": 0.0, "I4PMAPX": 0.0, "I4PMVOL": 0.0, "I4PMVMT": 0.0, "I4PMFFSPD": 63, "PMHRLKCAP": 1900, "PMHRLNCAP": 1900, "I4PMVC": 0.0, "I4PMVDF": 1.0, "I4PMSPD": 63.0, "I4NTSOV": 0.0, "I4NTHV2": 0.0, "I4NTHV3": 0.0, "I4NTCV": 0.0, "I4NTTRK": 0.0, "I4NTAPX": 0.0, "I4NTVOL": 0.0, "I4NTVMT": 0.0, "I4NTFFSPD": 63, "NTHRLKCAP": 1900, "NTHRLNCAP": 1900, "I4NTVC": 0.0, "I4NTVDF": 1.0, "I4NTSPD": 63.0, "I424VOL": 0.10381, "TVOL00": 0, "TVMT00": 0.0, "ID": 0, "AADT_2023": 0, "AWDT_2023": 0, "MD210": 0, "CNT2LOADDIF": 0.0, "ABSNCTDIFF": 0.0, "CNT2LOADPCT": 0.0, "ABSPCTDIFF": 0.0, "MD210U": 0, "LOAD1": 0.10381, "LOAD2": 0.00248, "LOADGRW": -0.10133, "ABSGRW": 0.10133, "PRCGRW": -0.9760903, "PRCANLGRW": -4.4367738 }, "geometry": { "type": "LineString", "coordinates": [ [ -76.86190904731771, 38.945235597027214 ], [ -76.861838301350986, 38.945323622101448 ], [ -76.861670914701506, 38.94552956636123 ], [ -76.861438103142007, 38.945632276338245 ], [ -76.861208103768206, 38.945762277196408 ], [ -76.860975561106571, 38.945943143810929 ], [ -76.860848102636851, 38.946042277177057 ], [ -76.860578103137314, 38.946322275359009 ], [ -76.860438102697358, 38.946502275924672 ], [ -76.860328103700695, 38.94671227613496 ], [ -76.860258103031015, 38.946882276219569 ], [ -76.860108102109962, 38.947512275951091 ], [ -76.860068102883588, 38.94779227593169 ], [ -76.860078102465309, 38.947972276497396 ], [ -76.860108103009281, 38.948122275619809 ], [ -76.860228102487042, 38.948452276207199 ], [ -76.860428103115567, 38.948862276146677 ], [ -76.860677072408677, 38.949531205970018 ] ] } },
{ "type": "Feature", "properties": { "A": 26926, "B": 26933, "SUBAREA": 0, "FFSNEW": 0, "CPENEW": 0, "CPEFAC": 0, "TIMEPEN": 0, "DISTANCE": 0.27, "SPDCLASS": 63, "CAPCLASS": 63, "JUR": 2, "SCREEN": 0, "FTYPE": 6, "TOLL": 0, "TOLLGRP": 0, "AMLANE": 1, "AMLIMIT": 0, "PMLANE": 1, "PMLIMIT": 0, "OPLANE": 1, "OPLIMIT": 0, "EDGEID": 26900000000, "LINKID": 26125, "NETYEAR": 2000, "SHAPE_LENG": 1408.91, "PROJECTID": "NA", "TAZ": 1032, "ATYPE": 3, "MDLANE": 1, "MDLIMIT": 0, "NTLANE": 1, "NTLIMIT": 0, "DEFLATIONFT": 0.8011, "AMTOLL": 0.0, "PMTOLL": 0.0, "OPTOLL": 0.0, "AMTOLL_VP": 0.0, "PMTOLL_VP": 0.0, "OPTOLL_VP": 0.0, "AMHTIME": 0.6493, "PMHTIME": 0.6493, "OPHTIME": 0.58717, "MDTOLL": 0.0, "MDTOLL_VP": 0.0, "MDHTIME": 0.58717, "NTTOLL": 0.0, "NTTOLL_VP": 0.0, "NTHTIME": 0.58717, "LINKAB": 2692626933, "TURNPENI": "TURNPEN.PEN", "I4AMSOV": 0.0, "I4AMHV2": 0.0, "I4AMHV3": 0.0, "I4AMCV": 0.0, "I4AMTRK": 0.0, "I4AMAPX": 0.0, "I4AMVOL": 0.0, "I4AMVMT": 0.0, "I4AMFFSPD": 35, "AMHRLKCAP": 1000, "AMHRLNCAP": 1000, "I4AMVC": 0.0, "I4AMVDF": 1.0, "I4AMSPD": 35.0, "COMP": 0, "I4MDSOV": 0.0, "I4MDHV2": 0.0, "I4MDHV3": 0.0, "I4MDCV": 0.0, "I4MDTRK": 0.0, "I4MDAPX": 0.0, "I4MDVOL": 0.0, "I4MDVMT": 0.0, "I4MDFFSPD": 35, "MDHRLKCAP": 1000, "MDHRLNCAP": 1000, "I4MDVC": 0.0, "I4MDVDF": 1.0, "I4MDSPD": 35.0, "I4PMSOV": 0.0, "I4PMHV2": 0.0, "I4PMHV3": 0.0, "I4PMCV": 0.0, "I4PMTRK": 0.0, "I4PMAPX": 0.0, "I4PMVOL": 0.0, "I4PMVMT": 0.0, "I4PMFFSPD": 35, "PMHRLKCAP": 1000, "PMHRLNCAP": 1000, "I4PMVC": 0.0, "I4PMVDF": 1.0, "I4PMSPD": 35.0, "I4NTSOV": 0.0, "I4NTHV2": 0.0, "I4NTHV3": 0.0, "I4NTCV": 0.0, "I4NTTRK": 0.0, "I4NTAPX": 0.0, "I4NTVOL": 0.0, "I4NTVMT": 0.0, "I4NTFFSPD": 35, "NTHRLKCAP": 1000, "NTHRLNCAP": 1000, "I4NTVC": 0.0, "I4NTVDF": 1.0, "I4NTSPD": 35.0, "I424VOL": 0.0, "TVOL00": 0, "TVMT00": 0.0, "ID": 0, "AADT_2023": 0, "AWDT_2023": 0, "MD210": 0, "CNT2LOADDIF": 0.0, "ABSNCTDIFF": 0.0, "CNT2LOADPCT": 0.0, "ABSPCTDIFF": 0.0, "MD210U": 0, "LOAD1": 0.0, "LOAD2": 0.0, "LOADGRW": -0.0, "ABSGRW": 0.0, "PRCGRW": -1.0, "PRCANLGRW": -4.5454545 }, "geometry": { "type": "LineString", "coordinates": [ [ -76.932608265851897, 38.916703615993299 ], [ -76.932768082240102, 38.917032284485316 ], [ -76.932818082846893, 38.917142284381313 ], [ -76.932848081592169, 38.917182285406383 ], [ -76.932888081717863, 38.917222284632764 ], [ -76.932928082742876, 38.917252284277332 ], [ -76.932978081551028, 38.91728228482134 ], [ -76.933008081195695, 38.917292285302359 ], [ -76.933038081739596, 38.91730228488413 ], [ -76.933108081509943, 38.917312285365249 ], [ -76.933208081824205, 38.917322284947012 ], [ -76.933308081239147, 38.917332285428117 ], [ -76.933438082097339, 38.917352284591622 ], [ -76.933558082474462, 38.917382285135567 ], [ -76.933708081596876, 38.917442285324107 ], [ -76.933818081492859, 38.917512285094432 ], [ -76.933908082225415, 38.917592285345833 ], [ -76.933998082058565, 38.917702285241873 ], [ -76.934058082247134, 38.917822284719691 ], [ -76.93408808189173, 38.917942285096764 ], [ -76.934118082435646, 38.918112285181373 ], [ -76.934138081599201, 38.918372285099146 ], [ -76.934138081599201, 38.918572285727663 ], [ -76.934148082080313, 38.918702283887896 ], [ -76.934178081724909, 38.918802284202151 ], [ -76.934228081432366, 38.91890228451642 ], [ -76.934278082039157, 38.918942283742787 ], [ -76.93433808132842, 38.918982283868473 ], [ -76.934488080450834, 38.919032284475286 ], [ -76.934658080535385, 38.919062283220605 ], [ -76.934858082063215, 38.919082284182778 ], [ -76.935498614694794, 38.919121502701294 ] ] } },
{ "type": "Feature", "properties": { "A": 27046, "B": 27052, "SUBAREA": 0, "FFSNEW": 0, "CPENEW": 0, "CPEFAC": 0, "TIMEPEN": 0, "DISTANCE": 0.29, "SPDCLASS": 35, "CAPCLASS": 35, "JUR": 2, "SCREEN": 0, "FTYPE": 3, "TOLL": 0, "TOLLGRP": 0, "AMLANE": 2, "AMLIMIT": 0, "PMLANE": 2, "PMLIMIT": 0, "OPLANE": 2, "OPLIMIT": 0, "EDGEID": 26700000000, "LINKID": 80183, "NETYEAR": 2001, "SHAPE_LENG": 524.89, "PROJECTID": "NA", "TAZ": 1316, "ATYPE": 5, "MDLANE": 2, "MDLIMIT": 0, "NTLANE": 2, "NTLIMIT": 0, "DEFLATIONFT": 0.8011, "AMTOLL": 0.0, "PMTOLL": 0.0, "OPTOLL": 0.0, "AMTOLL_VP": 0.0, "PMTOLL_VP": 0.0, "OPTOLL_VP": 0.0, "AMHTIME": 0.64207, "PMHTIME": 0.64207, "OPHTIME": 0.55573, "MDTOLL": 0.0, "MDTOLL_VP": 0.0, "MDHTIME": 0.55573, "NTTOLL": 0.0, "NTTOLL_VP": 0.0, "NTHTIME": 0.55573, "LINKAB": 2704627052, "TURNPENI": "TURNPEN.PEN", "I4AMSOV": 0.00067, "I4AMHV2": 0.0001, "I4AMHV3": 0.0, "I4AMCV": 9.0000000000000006e-05, "I4AMTRK": 0.00013, "I4AMAPX": 0.0, "I4AMVOL": 0.001, "I4AMVMT": 0.00029, "I4AMFFSPD": 46, "AMHRLKCAP": 1800, "AMHRLNCAP": 900, "I4AMVC": 0.0, "I4AMVDF": 1.0, "I4AMSPD": 46.0, "COMP": 0, "I4MDSOV": 0.0, "I4MDHV2": 0.0, "I4MDHV3": 0.0, "I4MDCV": 0.0, "I4MDTRK": 0.0, "I4MDAPX": 0.0, "I4MDVOL": 0.0, "I4MDVMT": 0.0, "I4MDFFSPD": 46, "MDHRLKCAP": 1800, "MDHRLNCAP": 900, "I4MDVC": 0.0, "I4MDVDF": 1.0, "I4MDSPD": 46.0, "I4PMSOV": 463.55911, "I4PMHV2": 91.24182, "I4PMHV3": 20.36337, "I4PMCV": 45.59091, "I4PMTRK": 15.54455, "I4PMAPX": 15.22042, "I4PMVOL": 651.52014, "I4PMVMT": 188.94084, "I4PMFFSPD": 46, "PMHRLKCAP": 1800, "PMHRLNCAP": 900, "I4PMVC": 0.10641, "I4PMVDF": 1.01296, "I4PMSPD": 45.41137, "I4NTSOV": 0.0, "I4NTHV2": 0.0, "I4NTHV3": 0.0, "I4NTCV": 0.0, "I4NTTRK": 0.0, "I4NTAPX": 0.0, "I4NTVOL": 0.0, "I4NTVMT": 0.0, "I4NTFFSPD": 46, "NTHRLKCAP": 1800, "NTHRLNCAP": 900, "I4NTVC": 0.0, "I4NTVDF": 1.0, "I4NTSPD": 46.0, "I424VOL": 651.52112, "TVOL00": 1, "TVMT00": 0.29, "ID": 0, "AADT_2023": 0, "AWDT_2023": 0, "MD210": 0, "CNT2LOADDIF": 0.0, "ABSNCTDIFF": 0.0, "CNT2LOADPCT": 0.0, "ABSPCTDIFF": 0.0, "MD210U": 0, "LOAD1": 651.52112, "LOAD2": 0.00083, "LOADGRW": -651.52026, "ABSGRW": 651.52026, "PRCGRW": -0.9999987, "PRCANLGRW": -4.5454488 }, "geometry": { "type": "LineString", "coordinates": [ [ -76.876122591150406, 38.705470090043526 ], [ -76.874987272421407, 38.701427006392478 ] ] } },
{ "type": "Feature", "properties": { "A": 27154, "B": 27171, "SUBAREA": 0, "FFSNEW": 0, "CPENEW": 0, "CPEFAC": 0, "TIMEPEN": 0, "DISTANCE": 0.21, "SPDCLASS": 16, "CAPCLASS": 16, "JUR": 2, "SCREEN": 0, "FTYPE": 1, "TOLL": 0, "TOLLGRP": 0, "AMLANE": 2, "AMLIMIT": 0, "PMLANE": 2, "PMLIMIT": 0, "OPLANE": 2, "OPLIMIT": 0, "EDGEID": 27200000000, "LINKID": 53411, "NETYEAR": 2016, "SHAPE_LENG": 1096.29, "PROJECTID": "MP12", "TAZ": 872, "ATYPE": 6, "MDLANE": 2, "MDLIMIT": 0, "NTLANE": 2, "NTLIMIT": 0, "DEFLATIONFT": 0.8011, "AMTOLL": 0.0, "PMTOLL": 0.0, "OPTOLL": 0.0, "AMTOLL_VP": 0.0, "PMTOLL_VP": 0.0, "OPTOLL_VP": 0.0, "AMHTIME": 0.2254, "PMHTIME": 0.2254, "OPHTIME": 0.19718, "MDTOLL": 0.0, "MDTOLL_VP": 0.0, "MDHTIME": 0.19718, "NTTOLL": 0.0, "NTTOLL_VP": 0.0, "NTHTIME": 0.19718, "LINKAB": 2715427171, "TURNPENI": "TURNPEN.PEN", "I4AMSOV": 1.0000000000000001e-05, "I4AMHV2": 0.0, "I4AMHV3": 0.0, "I4AMCV": 0.0, "I4AMTRK": 0.0, "I4AMAPX": 0.0, "I4AMVOL": 1.0000000000000001e-05, "I4AMVMT": 0.0, "I4AMFFSPD": 75, "AMHRLKCAP": 4000, "AMHRLNCAP": 2000, "I4AMVC": 0.0, "I4AMVDF": 1.0, "I4AMSPD": 75.0, "COMP": 0, "I4MDSOV": 0.0, "I4MDHV2": 0.0, "I4MDHV3": 0.0, "I4MDCV": 0.0, "I4MDTRK": 0.0, "I4MDAPX": 0.0, "I4MDVOL": 0.0, "I4MDVMT": 0.0, "I4MDFFSPD": 75, "MDHRLKCAP": 4000, "MDHRLNCAP": 2000, "I4MDVC": 0.0, "I4MDVDF": 1.0, "I4MDSPD": 75.0, "I4PMSOV": 0.0, "I4PMHV2": 0.0, "I4PMHV3": 0.0, "I4PMCV": 0.0, "I4PMTRK": 0.0, "I4PMAPX": 0.0, "I4PMVOL": 0.0, "I4PMVMT": 0.0, "I4PMFFSPD": 75, "PMHRLKCAP": 4000, "PMHRLNCAP": 2000, "I4PMVC": 0.0, "I4PMVDF": 1.0, "I4PMSPD": 75.0, "I4NTSOV": 0.0, "I4NTHV2": 0.0, "I4NTHV3": 0.0, "I4NTCV": 0.0, "I4NTTRK": 0.0, "I4NTAPX": 0.0, "I4NTVOL": 0.0, "I4NTVMT": 0.0, "I4NTFFSPD": 75, "NTHRLKCAP": 4000, "NTHRLNCAP": 2000, "I4NTVC": 0.0, "I4NTVDF": 1.0, "I4NTSPD": 75.0, "I424VOL": 1.0000000000000001e-05, "TVOL00": 0, "TVMT00": 0.0, "ID": 0, "AADT_2023": 0, "AWDT_2023": 0, "MD210": 0, "CNT2LOADDIF": 0.0, "ABSNCTDIFF": 0.0, "CNT2LOADPCT": 0.0, "ABSPCTDIFF": 0.0, "MD210U": 0, "LOAD1": 1.0000000000000001e-05, "LOAD2": 0.0, "LOADGRW": -1.0000000000000001e-05, "ABSGRW": 1.0000000000000001e-05, "PRCGRW": -0.9459537, "PRCANLGRW": -4.2997894 }, "geometry": { "type": "LineString", "coordinates": [ [ -76.910140399515527, 39.069223356967122 ], [ -76.910576911526064, 39.072213713006363 ] ] } },
{ "type": "Feature", "properties": { "A": 27193, "B": 27191, "SUBAREA": 0, "FFSNEW": 0, "CPENEW": 0, "CPEFAC": 0, "TIMEPEN": 0, "DISTANCE": 0.39, "SPDCLASS": 55, "CAPCLASS": 55, "JUR": 2, "SCREEN": 0, "FTYPE": 5, "TOLL": 0, "TOLLGRP": 0, "AMLANE": 2, "AMLIMIT": 0, "PMLANE": 2, "PMLIMIT": 0, "OPLANE": 2, "OPLIMIT": 0, "EDGEID": 27200000000, "LINKID": 60897, "NETYEAR": 2020, "SHAPE_LENG": 2062.25, "PROJECTID": "NA", "TAZ": 1260, "ATYPE": 5, "MDLANE": 2, "MDLIMIT": 0, "NTLANE": 2, "NTLIMIT": 0, "DEFLATIONFT": 0.8011, "AMTOLL": 0.0, "PMTOLL": 0.0, "OPTOLL": 0.0, "AMTOLL_VP": 0.0, "PMTOLL_VP": 0.0, "OPTOLL_VP": 0.0, "AMHTIME": 0.59801, "PMHTIME": 0.59801, "OPHTIME": 0.50969, "MDTOLL": 0.0, "MDTOLL_VP": 0.0, "MDHTIME": 0.50969, "NTTOLL": 0.0, "NTTOLL_VP": 0.0, "NTHTIME": 0.50969, "LINKAB": 2719327191, "TURNPENI": "TURNPEN.PEN", "I4AMSOV": 782.01355, "I4AMHV2": 62.45721, "I4AMHV3": 16.3, "I4AMCV": 271.70499, "I4AMTRK": 209.83076, "I4AMAPX": 14.63, "I4AMVOL": 1356.93652, "I4AMVMT": 529.2052, "I4AMFFSPD": 58, "AMHRLKCAP": 3200, "AMHRLNCAP": 1600, "I4AMVC": 0.17683, "I4AMVDF": 1.01568, "I4AMSPD": 57.10445, "COMP": 0, "I4MDSOV": 2909.36499, "I4MDHV2": 733.23285, "I4MDHV3": 461.04309, "I4MDCV": 529.33917, "I4MDTRK": 518.36957, "I4MDAPX": 23.13, "I4MDVOL": 5174.47949, "I4MDVMT": 2018.047, "I4MDFFSPD": 58, "MDHRLKCAP": 3200, "MDHRLNCAP": 1600, "I4MDVC": 0.28621, "I4MDVDF": 1.02835, "I4MDSPD": 56.40127, "I4PMSOV": 6097.77881, "I4PMHV2": 1133.57397, "I4PMHV3": 437.17163, "I4PMCV": 439.81442, "I4PMTRK": 123.53891, "I4PMAPX": 129.24443, "I4PMVOL": 8361.12207, "I4PMVMT": 3260.83765, "I4PMFFSPD": 58, "PMHRLKCAP": 3200, "PMHRLNCAP": 1600, "I4PMVC": 0.76818, "I4PMVDF": 1.22313, "I4PMSPD": 47.41922, "I4NTSOV": 4862.03076, "I4NTHV2": 1131.04309, "I4NTHV3": 664.09113, "I4NTCV": 214.56613, "I4NTTRK": 124.15712, "I4NTAPX": 9.47, "I4NTVOL": 7005.3584, "I4NTVMT": 2732.08984, "I4NTFFSPD": 58, "NTHRLKCAP": 3200, "NTHRLNCAP": 1600, "I4NTVC": 0.32838, "I4NTVDF": 1.03482, "I4NTSPD": 56.04818, "I424VOL": 21897.89648, "TVOL00": 22, "TVMT00": 8.58, "ID": 0, "AADT_2023": 0, "AWDT_2023": 0, "MD210": 0, "CNT2LOADDIF": 0.0, "ABSNCTDIFF": 0.0, "CNT2LOADPCT": 0.0, "ABSPCTDIFF": 0.0, "MD210U": 0, "LOAD1": 21897.89648, "LOAD2": 10.97474, "LOADGRW": -21886.92188, "ABSGRW": 21886.92188, "PRCGRW": -0.9994988, "PRCANLGRW": -4.5431767 }, "geometry": { "type": "LineString", "coordinates": [ [ -76.827227465392411, 38.814422319035955 ], [ -76.826138121709789, 38.814072301763865 ], [ -76.825418121245775, 38.813832302808294 ], [ -76.824998120825171, 38.813702301950038 ], [ -76.824964978943072, 38.813691254655986 ], [ -76.824818120259536, 38.813642301761462 ], [ -76.821948121582366, 38.81270230240473 ], [ -76.820536583079161, 38.81226226014973 ] ] } },
{ "type": "Feature", "properties": { "A": 27215, "B": 26510, "SUBAREA": 0, "FFSNEW": 0, "CPENEW": 0, "CPEFAC": 0, "TIMEPEN": 0, "DISTANCE": 0.03, "SPDCLASS": 13, "CAPCLASS": 13, "JUR": 2, "SCREEN": 0, "FTYPE": 1, "TOLL": 0, "TOLLGRP": 0, "AMLANE": 1, "AMLIMIT": 0, "PMLANE": 1, "PMLIMIT": 0, "OPLANE": 1, "OPLIMIT": 0, "EDGEID": 27200000000, "LINKID": 84497, "NETYEAR": 2014, "SHAPE_LENG": 147.13, "PROJECTID": "MI1F", "TAZ": 866, "ATYPE": 3, "MDLANE": 1, "MDLIMIT": 0, "NTLANE": 1, "NTLIMIT": 0, "DEFLATIONFT": 0.8011, "AMTOLL": 0.0, "PMTOLL": 0.0, "OPTOLL": 0.0, "AMTOLL_VP": 0.0, "PMTOLL_VP": 0.0, "OPTOLL_VP": 0.0, "AMHTIME": 0.04461, "PMHTIME": 0.04461, "OPHTIME": 0.03432, "MDTOLL": 0.0, "MDTOLL_VP": 0.0, "MDHTIME": 0.03432, "NTTOLL": 0.0, "NTTOLL_VP": 0.0, "NTHTIME": 0.03432, "LINKAB": 2721526510, "TURNPENI": "TURNPEN.PEN", "I4AMSOV": 0.00668, "I4AMHV2": 0.00077, "I4AMHV3": 0.0, "I4AMCV": 0.00085, "I4AMTRK": 0.00119, "I4AMAPX": 4.0000000000000003e-05, "I4AMVOL": 0.00953, "I4AMVMT": 0.00029, "I4AMFFSPD": 69, "AMHRLKCAP": 2000, "AMHRLNCAP": 2000, "I4AMVC": 0.0, "I4AMVDF": 1.0, "I4AMSPD": 68.99999, "COMP": 0, "I4MDSOV": 0.0, "I4MDHV2": 0.0, "I4MDHV3": 0.0, "I4MDCV": 0.0, "I4MDTRK": 0.0, "I4MDAPX": 0.0, "I4MDVOL": 0.0, "I4MDVMT": 0.0, "I4MDFFSPD": 69, "MDHRLKCAP": 2000, "MDHRLNCAP": 2000, "I4MDVC": 0.0, "I4MDVDF": 1.0, "I4MDSPD": 69.0, "I4PMSOV": 0.0, "I4PMHV2": 0.0, "I4PMHV3": 0.0, "I4PMCV": 0.0, "I4PMTRK": 0.0, "I4PMAPX": 0.0, "I4PMVOL": 0.0, "I4PMVMT": 0.0, "I4PMFFSPD": 69, "PMHRLKCAP": 2000, "PMHRLNCAP": 2000, "I4PMVC": 0.0, "I4PMVDF": 1.0, "I4PMSPD": 69.0, "I4NTSOV": 428.57022, "I4NTHV2": 93.91202, "I4NTHV3": 42.03581, "I4NTCV": 67.37263, "I4NTTRK": 48.22939, "I4NTAPX": 13.9857, "I4NTVOL": 694.10577, "I4NTVMT": 20.82317, "I4NTFFSPD": 69, "NTHRLKCAP": 2000, "NTHRLNCAP": 2000, "I4NTVC": 0.05206, "I4NTVDF": 1.00208, "I4NTSPD": 68.85662, "I424VOL": 694.1153, "TVOL00": 1, "TVMT00": 0.03, "ID": 0, "AADT_2023": 0, "AWDT_2023": 0, "MD210": 0, "CNT2LOADDIF": 0.0, "ABSNCTDIFF": 0.0, "CNT2LOADPCT": 0.0, "ABSPCTDIFF": 0.0, "MD210U": 0, "LOAD1": 694.1153, "LOAD2": 0.0002, "LOADGRW": -694.11511, "ABSGRW": 694.11511, "PRCGRW": -0.99999970000000005, "PRCANLGRW": -4.5454531 }, "geometry": { "type": "LineString", "coordinates": [ [ -76.890560824592342, 39.096641242108213 ], [ -76.890980488464422, 39.096402762513314 ] ] } },
{ "type": "Feature", "properties": { "A": 27273, "B": 27944, "SUBAREA": 0, "FFSNEW": 0, "CPENEW": 0, "CPEFAC": 0, "TIMEPEN": 0, "DISTANCE": 0.49, "SPDCLASS": 44, "CAPCLASS": 44, "JUR": 2, "SCREEN": 0, "FTYPE": 4, "TOLL": 0, "TOLLGRP": 0, "AMLANE": 1, "AMLIMIT": 0, "PMLANE": 1, "PMLIMIT": 0, "OPLANE": 1, "OPLIMIT": 0, "EDGEID": 27300000000, "LINKID": 79568, "NETYEAR": 2001, "SHAPE_LENG": 2560.93, "PROJECTID": "NA", "TAZ": 1224, "ATYPE": 4, "MDLANE": 1, "MDLIMIT": 0, "NTLANE": 1, "NTLIMIT": 0, "DEFLATIONFT": 0.8011, "AMTOLL": 0.0, "PMTOLL": 0.0, "OPTOLL": 0.0, "AMTOLL_VP": 0.0, "PMTOLL_VP": 0.0, "OPTOLL_VP": 0.0, "AMHTIME": 1.66951, "PMHTIME": 1.66951, "OPHTIME": 1.41346, "MDTOLL": 0.0, "MDTOLL_VP": 0.0, "MDHTIME": 1.41346, "NTTOLL": 0.0, "NTTOLL_VP": 0.0, "NTHTIME": 1.41346, "LINKAB": 2727327944, "TURNPENI": "TURNPEN.PEN", "I4AMSOV": 0.00024, "I4AMHV2": 1.0000000000000001e-05, "I4AMHV3": 0.0, "I4AMCV": 3.0000000000000001e-05, "I4AMTRK": 3.0000000000000001e-05, "I4AMAPX": 0.0, "I4AMVOL": 0.0003, "I4AMVMT": 0.00015, "I4AMFFSPD": 40, "AMHRLKCAP": 800, "AMHRLNCAP": 800, "I4AMVC": 0.0, "I4AMVDF": 1.0, "I4AMSPD": 40.0, "COMP": 0, "I4MDSOV": 0.0, "I4MDHV2": 0.0, "I4MDHV3": 0.0, "I4MDCV": 0.0, "I4MDTRK": 0.0, "I4MDAPX": 0.0, "I4MDVOL": 0.0, "I4MDVMT": 0.0, "I4MDFFSPD": 40, "MDHRLKCAP": 800, "MDHRLNCAP": 800, "I4MDVC": 0.0, "I4MDVDF": 1.0, "I4MDSPD": 40.0, "I4PMSOV": 0.0, "I4PMHV2": 0.0, "I4PMHV3": 0.0, "I4PMCV": 0.0, "I4PMTRK": 0.0, "I4PMAPX": 0.0, "I4PMVOL": 0.0, "I4PMVMT": 0.0, "I4PMFFSPD": 40, "PMHRLKCAP": 800, "PMHRLNCAP": 800, "I4PMVC": 0.0, "I4PMVDF": 1.0, "I4PMSPD": 40.0, "I4NTSOV": 0.0, "I4NTHV2": 0.0, "I4NTHV3": 0.0, "I4NTCV": 0.0, "I4NTTRK": 0.0, "I4NTAPX": 0.0, "I4NTVOL": 0.0, "I4NTVMT": 0.0, "I4NTFFSPD": 40, "NTHRLKCAP": 800, "NTHRLNCAP": 800, "I4NTVC": 0.0, "I4NTVDF": 1.0, "I4NTSPD": 40.0, "I424VOL": 0.0003, "TVOL00": 0, "TVMT00": 0.0, "ID": 0, "AADT_2023": 0, "AWDT_2023": 0, "MD210": 0, "CNT2LOADDIF": 0.0, "ABSNCTDIFF": 0.0, "CNT2LOADPCT": 0.0, "ABSPCTDIFF": 0.0, "MD210U": 0, "LOAD1": 0.0003, "LOAD2": 0.0, "LOADGRW": -0.0003, "ABSGRW": 0.0003, "PRCGRW": -1.0, "PRCANLGRW": -4.5454545 }, "geometry": { "type": "LineString", "coordinates": [ [ -76.739856959053469, 38.936521388459255 ], [ -76.739620000463049, 38.936390000308741 ], [ -76.73919000027621, 38.936179999601165 ], [ -76.738910000138972, 38.936069999781139 ], [ -76.738290000549483, 38.935930000142278 ], [ -76.737950000365032, 38.93588999985333 ], [ -76.73761999973965, 38.935879999863154 ], [ -76.737170000336548, 38.935899999878544 ], [ -76.73601000012988, 38.936040000256718 ], [ -76.734579999746316, 38.936210000162426 ], [ -76.734220000250829, 38.936230000384903 ], [ -76.733810000340185, 38.936219999581958 ], [ -76.733510000312734, 38.936179999994764 ], [ -76.733050000140068, 38.936090000187356 ], [ -76.731339999772729, 38.935770000358936 ], [ -76.731158826855605, 38.935721913756566 ] ] } },
{ "type": "Feature", "properties": { "A": 27340, "B": 948, "SUBAREA": 0, "FFSNEW": 0, "CPENEW": 0, "CPEFAC": 0, "TIMEPEN": 0, "DISTANCE": 0.62, "SPDCLASS": 4, "CAPCLASS": 4, "JUR": 2, "SCREEN": 0, "FTYPE": 0, "TOLL": 0, "TOLLGRP": 0, "AMLANE": 7, "AMLIMIT": 0, "PMLANE": 7, "PMLIMIT": 0, "OPLANE": 7, "OPLIMIT": 0, "EDGEID": 27300000000, "LINKID": 72866, "NETYEAR": 2001, "SHAPE_LENG": 3282.9, "PROJECTID": "NA", "TAZ": 948, "ATYPE": 4, "MDLANE": 7, "MDLIMIT": 0, "NTLANE": 7, "NTLIMIT": 0, "DEFLATIONFT": 0.8011, "AMTOLL": 0.0, "PMTOLL": 0.0, "OPTOLL": 0.0, "AMTOLL_VP": 0.0, "PMTOLL_VP": 0.0, "OPTOLL_VP": 0.0, "AMHTIME": 1.488, "PMHTIME": 1.488, "OPHTIME": 1.488, "MDTOLL": 0.0, "MDTOLL_VP": 0.0, "MDHTIME": 1.488, "NTTOLL": 0.0, "NTTOLL_VP": 0.0, "NTHTIME": 1.488, "LINKAB": 2734000948, "TURNPENI": "TURNPEN.PEN", "I4AMSOV": 109.66033, "I4AMHV2": 28.32053, "I4AMHV3": 9.14, "I4AMCV": 15.87907, "I4AMTRK": 13.55584, "I4AMAPX": 0.86522, "I4AMVOL": 177.42099, "I4AMVMT": 110.00101, "I4AMFFSPD": 29, "AMHRLKCAP": 22050, "AMHRLNCAP": 3150, "I4AMVC": 0.00336, "I4AMVDF": 1.0, "I4AMSPD": 29.0, "COMP": 0, "I4MDSOV": 408.61932, "I4MDHV2": 95.52089, "I4MDHV3": 28.60424, "I4MDCV": 25.7178, "I4MDTRK": 23.64, "I4MDAPX": 1.13, "I4MDVOL": 583.23224, "I4MDVMT": 361.60397, "I4MDFFSPD": 29, "MDHRLKCAP": 22050, "MDHRLNCAP": 3150, "I4MDVC": 0.00468, "I4MDVDF": 1.0, "I4MDSPD": 29.0, "I4PMSOV": 341.89282, "I4PMHV2": 101.92136, "I4PMHV3": 30.79, "I4PMCV": 25.35927, "I4PMTRK": 8.97104, "I4PMAPX": 8.97046, "I4PMVOL": 517.90497, "I4PMVMT": 321.10107, "I4PMFFSPD": 29, "PMHRLKCAP": 22050, "PMHRLNCAP": 3150, "I4PMVC": 0.00691, "I4PMVDF": 1.0, "I4PMSPD": 29.0, "I4NTSOV": 308.31, "I4NTHV2": 101.46, "I4NTHV3": 32.45, "I4NTCV": 11.34, "I4NTTRK": 5.55, "I4NTAPX": 0.46, "I4NTVOL": 459.57, "I4NTVMT": 284.9334, "I4NTFFSPD": 29, "NTHRLKCAP": 22050, "NTHRLNCAP": 3150, "I4NTVC": 0.00313, "I4NTVDF": 1.0, "I4NTSPD": 29.0, "I424VOL": 1738.12817, "TVOL00": 0, "TVMT00": 0.0, "ID": 0, "AADT_2023": 0, "AWDT_2023": 0, "MD210": 0, "CNT2LOADDIF": 0.0, "ABSNCTDIFF": 0.0, "CNT2LOADPCT": 0.0, "ABSPCTDIFF": 0.0, "MD210U": 0, "LOAD1": 1738.12817, "LOAD2": 180.15871, "LOADGRW": -1557.96948, "ABSGRW": 1557.96948, "PRCGRW": -0.896349, "PRCANLGRW": -4.0743136 }, "geometry": { "type": "LineString", "coordinates": [ [ -76.982569703937415, 38.969873610577238 ], [ -76.980848649610252, 38.960957990983069 ] ] } },
{ "type": "Feature", "properties": { "A": 27465, "B": 27463, "SUBAREA": 0, "FFSNEW": 0, "CPENEW": 0, "CPEFAC": 0, "TIMEPEN": 0, "DISTANCE": 0.41, "SPDCLASS": 44, "CAPCLASS": 44, "JUR": 2, "SCREEN": 0, "FTYPE": 4, "TOLL": 0, "TOLLGRP": 0, "AMLANE": 1, "AMLIMIT": 0, "PMLANE": 1, "PMLIMIT": 0, "OPLANE": 1, "OPLIMIT": 0, "EDGEID": 27500000000, "LINKID": 39265, "NETYEAR": 2001, "SHAPE_LENG": 2140.32, "PROJECTID": "NEWTAZ", "TAZ": 1132, "ATYPE": 4, "MDLANE": 1, "MDLIMIT": 0, "NTLANE": 1, "NTLIMIT": 0, "DEFLATIONFT": 0.8011, "AMTOLL": 0.0, "PMTOLL": 0.0, "OPTOLL": 0.0, "AMTOLL_VP": 0.0, "PMTOLL_VP": 0.0, "OPTOLL_VP": 0.0, "AMHTIME": 1.39693, "PMHTIME": 1.39693, "OPHTIME": 1.18269, "MDTOLL": 0.0, "MDTOLL_VP": 0.0, "MDHTIME": 1.18269, "NTTOLL": 0.0, "NTTOLL_VP": 0.0, "NTHTIME": 1.18269, "LINKAB": 2746527463, "TURNPENI": "TURNPEN.PEN", "I4AMSOV": 0.00079, "I4AMHV2": 0.00014, "I4AMHV3": 0.0, "I4AMCV": 6.9999999999999994e-05, "I4AMTRK": 6.0000000000000002e-05, "I4AMAPX": 0.0, "I4AMVOL": 0.00106, "I4AMVMT": 0.00043, "I4AMFFSPD": 40, "AMHRLKCAP": 800, "AMHRLNCAP": 800, "I4AMVC": 0.0, "I4AMVDF": 1.0, "I4AMSPD": 40.0, "COMP": 0, "I4MDSOV": 0.0, "I4MDHV2": 0.0, "I4MDHV3": 0.0, "I4MDCV": 0.0, "I4MDTRK": 0.0, "I4MDAPX": 0.0, "I4MDVOL": 0.0, "I4MDVMT": 0.0, "I4MDFFSPD": 40, "MDHRLKCAP": 800, "MDHRLNCAP": 800, "I4MDVC": 0.0, "I4MDVDF": 1.0, "I4MDSPD": 40.0, "I4PMSOV": 0.0, "I4PMHV2": 0.0, "I4PMHV3": 0.0, "I4PMCV": 0.0, "I4PMTRK": 0.0, "I4PMAPX": 0.0, "I4PMVOL": 0.0, "I4PMVMT": 0.0, "I4PMFFSPD": 40, "PMHRLKCAP": 800, "PMHRLNCAP": 800, "I4PMVC": 0.0, "I4PMVDF": 1.0, "I4PMSPD": 40.0, "I4NTSOV": 0.0, "I4NTHV2": 0.0, "I4NTHV3": 0.0, "I4NTCV": 0.0, "I4NTTRK": 0.0, "I4NTAPX": 0.0, "I4NTVOL": 0.0, "I4NTVMT": 0.0, "I4NTFFSPD": 40, "NTHRLKCAP": 800, "NTHRLNCAP": 800, "I4NTVC": 0.0, "I4NTVDF": 1.0, "I4NTSPD": 40.0, "I424VOL": 0.00106, "TVOL00": 0, "TVMT00": 0.0, "ID": 0, "AADT_2023": 0, "AWDT_2023": 0, "MD210": 0, "CNT2LOADDIF": 0.0, "ABSNCTDIFF": 0.0, "CNT2LOADPCT": 0.0, "ABSPCTDIFF": 0.0, "MD210U": 0, "LOAD1": 0.00106, "LOAD2": 4.0000000000000003e-05, "LOADGRW": -0.00102, "ABSGRW": 0.00102, "PRCGRW": -0.9658139, "PRCANLGRW": -4.3900633 }, "geometry": { "type": "LineString", "coordinates": [ [ -76.835785801342226, 38.984534313707066 ], [ -76.835660764163379, 38.982626165697297 ], [ -76.835278418431926, 38.981069268857979 ], [ -76.83280693038526, 38.979672924475778 ] ] } },
{ "type": "Feature", "properties": { "A": 27605, "B": 1379, "SUBAREA": 0, "FFSNEW": 0, "CPENEW": 0, "CPEFAC": 0, "TIMEPEN": 0, "DISTANCE": 0.39, "SPDCLASS": 6, "CAPCLASS": 6, "JUR": 2, "SCREEN": 0, "FTYPE": 0, "TOLL": 0, "TOLLGRP": 0, "AMLANE": 7, "AMLIMIT": 0, "PMLANE": 7, "PMLIMIT": 0, "OPLANE": 7, "OPLIMIT": 0, "EDGEID": 27600000000, "LINKID": 57120, "NETYEAR": 2001, "SHAPE_LENG": 2062.76, "PROJECTID": "NA", "TAZ": 1379, "ATYPE": 6, "MDLANE": 7, "MDLIMIT": 0, "NTLANE": 7, "NTLIMIT": 0, "DEFLATIONFT": 0.8011, "AMTOLL": 0.0, "PMTOLL": 0.0, "OPTOLL": 0.0, "AMTOLL_VP": 0.0, "PMTOLL_VP": 0.0, "OPTOLL_VP": 0.0, "AMHTIME": 0.66857, "PMHTIME": 0.66857, "OPHTIME": 0.66857, "MDTOLL": 0.0, "MDTOLL_VP": 0.0, "MDHTIME": 0.66857, "NTTOLL": 0.0, "NTTOLL_VP": 0.0, "NTHTIME": 0.66857, "LINKAB": 2760501379, "TURNPENI": "TURNPEN.PEN", "I4AMSOV": 1.0000000000000001e-05, "I4AMHV2": 0.0, "I4AMHV3": 0.0, "I4AMCV": 0.0, "I4AMTRK": 0.0, "I4AMAPX": 0.0, "I4AMVOL": 2.0000000000000002e-05, "I4AMVMT": 1.0000000000000001e-05, "I4AMFFSPD": 40, "AMHRLKCAP": 22050, "AMHRLNCAP": 3150, "I4AMVC": 0.0, "I4AMVDF": 1.0, "I4AMSPD": 40.0, "COMP": 0, "I4MDSOV": 0.0, "I4MDHV2": 0.0, "I4MDHV3": 0.0, "I4MDCV": 0.0, "I4MDTRK": 0.0, "I4MDAPX": 0.0, "I4MDVOL": 0.0, "I4MDVMT": 0.0, "I4MDFFSPD": 40, "MDHRLKCAP": 22050, "MDHRLNCAP": 3150, "I4MDVC": 0.0, "I4MDVDF": 1.0, "I4MDSPD": 40.0, "I4PMSOV": 0.0, "I4PMHV2": 0.0, "I4PMHV3": 0.0, "I4PMCV": 0.0, "I4PMTRK": 0.0, "I4PMAPX": 0.0, "I4PMVOL": 0.0, "I4PMVMT": 0.0, "I4PMFFSPD": 40, "PMHRLKCAP": 22050, "PMHRLNCAP": 3150, "I4PMVC": 0.0, "I4PMVDF": 1.0, "I4PMSPD": 40.0, "I4NTSOV": 0.0, "I4NTHV2": 0.0, "I4NTHV3": 0.0, "I4NTCV": 0.0, "I4NTTRK": 0.0, "I4NTAPX": 0.0, "I4NTVOL": 0.0, "I4NTVMT": 0.0, "I4NTFFSPD": 40, "NTHRLKCAP": 22050, "NTHRLNCAP": 3150, "I4NTVC": 0.0, "I4NTVDF": 1.0, "I4NTSPD": 40.0, "I424VOL": 2.0000000000000002e-05, "TVOL00": 0, "TVMT00": 0.0, "ID": 0, "AADT_2023": 0, "AWDT_2023": 0, "MD210": 0, "CNT2LOADDIF": 0.0, "ABSNCTDIFF": 0.0, "CNT2LOADPCT": 0.0, "ABSPCTDIFF": 0.0, "MD210U": 0, "LOAD1": 2.0000000000000002e-05, "LOAD2": 0.0, "LOADGRW": -2.0000000000000002e-05, "ABSGRW": 2.0000000000000002e-05, "PRCGRW": -1.0, "PRCANLGRW": -4.5454545 }, "geometry": { "type": "LineString", "coordinates": [ [ -76.931037206620289, 38.720452860635234 ], [ -76.931967693916889, 38.72606862538143 ] ] } },
{ "type": "Feature", "properties": { "A": 27724, "B": 27723, "SUBAREA": 0, "FFSNEW": 0, "CPENEW": 0, "CPEFAC": 0, "TIMEPEN": 0, "DISTANCE": 0.54, "SPDCLASS": 45, "CAPCLASS": 45, "JUR": 2, "SCREEN": 0, "FTYPE": 4, "TOLL": 0, "TOLLGRP": 0, "AMLANE": 1, "AMLIMIT": 0, "PMLANE": 1, "PMLIMIT": 0, "OPLANE": 1, "OPLIMIT": 0, "EDGEID": 27700000000, "LINKID": 43481, "NETYEAR": 2001, "SHAPE_LENG": 2860.92, "PROJECTID": "NEWTAZ", "TAZ": 775, "ATYPE": 5, "MDLANE": 1, "MDLIMIT": 0, "NTLANE": 1, "NTLIMIT": 0, "DEFLATIONFT": 0.8011, "AMTOLL": 0.0, "PMTOLL": 0.0, "OPTOLL": 0.0, "AMTOLL_VP": 0.0, "PMTOLL_VP": 0.0, "OPTOLL_VP": 0.0, "AMHTIME": 1.78808, "PMHTIME": 1.78808, "OPHTIME": 1.53119, "MDTOLL": 0.0, "MDTOLL_VP": 0.0, "MDHTIME": 1.53119, "NTTOLL": 0.0, "NTTOLL_VP": 0.0, "NTHTIME": 1.53119, "LINKAB": 2772427723, "TURNPENI": "TURNPEN.PEN", "I4AMSOV": 0.0, "I4AMHV2": 0.0, "I4AMHV3": 0.0, "I4AMCV": 0.0, "I4AMTRK": 0.0, "I4AMAPX": 0.0, "I4AMVOL": 0.0, "I4AMVMT": 0.0, "I4AMFFSPD": 40, "AMHRLKCAP": 800, "AMHRLNCAP": 800, "I4AMVC": 0.0, "I4AMVDF": 1.0, "I4AMSPD": 40.0, "COMP": 0, "I4MDSOV": 0.0, "I4MDHV2": 0.0, "I4MDHV3": 0.0, "I4MDCV": 0.0, "I4MDTRK": 0.0, "I4MDAPX": 0.0, "I4MDVOL": 0.0, "I4MDVMT": 0.0, "I4MDFFSPD": 40, "MDHRLKCAP": 800, "MDHRLNCAP": 800, "I4MDVC": 0.0, "I4MDVDF": 1.0, "I4MDSPD": 40.0, "I4PMSOV": 250.8947, "I4PMHV2": 56.9702, "I4PMHV3": 29.77672, "I4PMCV": 17.1273, "I4PMTRK": 6.1283, "I4PMAPX": 6.1004, "I4PMVOL": 366.99765, "I4PMVMT": 198.17873, "I4PMFFSPD": 40, "PMHRLKCAP": 800, "PMHRLNCAP": 800, "I4PMVC": 0.13487, "I4PMVDF": 1.03581, "I4PMSPD": 38.61712, "I4NTSOV": 0.0, "I4NTHV2": 0.0, "I4NTHV3": 0.0, "I4NTCV": 0.0, "I4NTTRK": 0.0, "I4NTAPX": 0.0, "I4NTVOL": 0.0, "I4NTVMT": 0.0, "I4NTFFSPD": 40, "NTHRLKCAP": 800, "NTHRLNCAP": 800, "I4NTVC": 0.0, "I4NTVDF": 1.0, "I4NTSPD": 40.0, "I424VOL": 366.99765, "TVOL00": 0, "TVMT00": 0.0, "ID": 0, "AADT_2023": 0, "AWDT_2023": 0, "MD210": 0, "CNT2LOADDIF": 0.0, "ABSNCTDIFF": 0.0, "CNT2LOADPCT": 0.0, "ABSPCTDIFF": 0.0, "MD210U": 2, "LOAD1": 366.99765, "LOAD2": 0.0, "LOADGRW": -366.99765, "ABSGRW": 366.99765, "PRCGRW": -1.0, "PRCANLGRW": -4.5454545 }, "geometry": { "type": "LineString", "coordinates": [ [ -77.015853877547812, 38.766494875225334 ], [ -77.01637215899639, 38.764933945083364 ], [ -77.017152112884105, 38.764662415833968 ], [ -77.016718434533857, 38.759097534799622 ] ] } },
{ "type": "Feature", "properties": { "A": 27725, "B": 27724, "SUBAREA": 0, "FFSNEW": 0, "CPENEW": 0, "CPEFAC": 0, "TIMEPEN": 0, "DISTANCE": 0.4, "SPDCLASS": 45, "CAPCLASS": 45, "JUR": 2, "SCREEN": 0, "FTYPE": 4, "TOLL": 0, "TOLLGRP": 0, "AMLANE": 1, "AMLIMIT": 0, "PMLANE": 1, "PMLIMIT": 0, "OPLANE": 1, "OPLIMIT": 0, "EDGEID": 27700000000, "LINKID": 2119, "NETYEAR": 2001, "SHAPE_LENG": 2119.11, "PROJECTID": "NEWTAZ", "TAZ": 775, "ATYPE": 5, "MDLANE": 1, "MDLIMIT": 0, "NTLANE": 1, "NTLIMIT": 0, "DEFLATIONFT": 0.8011, "AMTOLL": 0.0, "PMTOLL": 0.0, "OPTOLL": 0.0, "AMTOLL_VP": 0.0, "PMTOLL_VP": 0.0, "OPTOLL_VP": 0.0, "AMHTIME": 1.3245, "PMHTIME": 1.3245, "OPHTIME": 1.13422, "MDTOLL": 0.0, "MDTOLL_VP": 0.0, "MDHTIME": 1.13422, "NTTOLL": 0.0, "NTTOLL_VP": 0.0, "NTHTIME": 1.13422, "LINKAB": 2772527724, "TURNPENI": "TURNPEN.PEN", "I4AMSOV": 0.0, "I4AMHV2": 0.0, "I4AMHV3": 0.0, "I4AMCV": 0.0, "I4AMTRK": 0.0, "I4AMAPX": 0.0, "I4AMVOL": 0.0, "I4AMVMT": 0.0, "I4AMFFSPD": 40, "AMHRLKCAP": 800, "AMHRLNCAP": 800, "I4AMVC": 0.0, "I4AMVDF": 1.0, "I4AMSPD": 40.0, "COMP": 0, "I4MDSOV": 0.0, "I4MDHV2": 0.0, "I4MDHV3": 0.0, "I4MDCV": 0.0, "I4MDTRK": 0.0, "I4MDAPX": 0.0, "I4MDVOL": 0.0, "I4MDVMT": 0.0, "I4MDFFSPD": 40, "MDHRLKCAP": 800, "MDHRLNCAP": 800, "I4MDVC": 0.0, "I4MDVDF": 1.0, "I4MDSPD": 40.0, "I4PMSOV": 250.8947, "I4PMHV2": 56.9702, "I4PMHV3": 29.77672, "I4PMCV": 17.1273, "I4PMTRK": 6.1283, "I4PMAPX": 6.1004, "I4PMVOL": 366.99765, "I4PMVMT": 146.79906, "I4PMFFSPD": 40, "PMHRLKCAP": 800, "PMHRLNCAP": 800, "I4PMVC": 0.13487, "I4PMVDF": 1.03581, "I4PMSPD": 38.61712, "I4NTSOV": 0.0, "I4NTHV2": 0.0, "I4NTHV3": 0.0, "I4NTCV": 0.0, "I4NTTRK": 0.0, "I4NTAPX": 0.0, "I4NTVOL": 0.0, "I4NTVMT": 0.0, "I4NTFFSPD": 40, "NTHRLKCAP": 800, "NTHRLNCAP": 800, "I4NTVC": 0.0, "I4NTVDF": 1.0, "I4NTSPD": 40.0, "I424VOL": 366.99765, "TVOL00": 0, "TVMT00": 0.0, "ID": 0, "AADT_2023": 0, "AWDT_2023": 0, "MD210": 0, "CNT2LOADDIF": 0.0, "ABSNCTDIFF": 0.0, "CNT2LOADPCT": 0.0, "ABSPCTDIFF": 0.0, "MD210U": 2, "LOAD1": 366.99765, "LOAD2": 0.0, "LOADGRW": -366.99765, "ABSGRW": 366.99765, "PRCGRW": -1.0, "PRCANLGRW": -4.5454545 }, "geometry": { "type": "LineString", "coordinates": [ [ -77.016286581622921, 38.772261017208223 ], [ -77.016373713927294, 38.771719376722601 ], [ -77.015940056374873, 38.770498059875806 ], [ -77.015853877547812, 38.766494875225334 ] ] } },
{ "type": "Feature", "properties": { "A": 27790, "B": 1097, "SUBAREA": 0, "FFSNEW": 0, "CPENEW": 0, "CPEFAC": 0, "TIMEPEN": 0, "DISTANCE": 0.41, "SPDCLASS": 3, "CAPCLASS": 3, "JUR": 2, "SCREEN": 0, "FTYPE": 0, "TOLL": 0, "TOLLGRP": 0, "AMLANE": 7, "AMLIMIT": 0, "PMLANE": 7, "PMLIMIT": 0, "OPLANE": 7, "OPLIMIT": 0, "EDGEID": 1097027790, "LINKID": 71625, "NETYEAR": 2001, "SHAPE_LENG": 2184.71, "PROJECTID": "NA", "TAZ": 1097, "ATYPE": 3, "MDLANE": 7, "MDLIMIT": 0, "NTLANE": 7, "NTLIMIT": 0, "DEFLATIONFT": 0.8011, "AMTOLL": 0.0, "PMTOLL": 0.0, "OPTOLL": 0.0, "AMTOLL_VP": 0.0, "PMTOLL_VP": 0.0, "OPTOLL_VP": 0.0, "AMHTIME": 1.23, "PMHTIME": 1.23, "OPHTIME": 1.23, "MDTOLL": 0.0, "MDTOLL_VP": 0.0, "MDHTIME": 1.23, "NTTOLL": 0.0, "NTTOLL_VP": 0.0, "NTHTIME": 1.23, "LINKAB": 2779001097, "TURNPENI": "TURNPEN.PEN", "I4AMSOV": 0.00044, "I4AMHV2": 0.00011, "I4AMHV3": 0.0, "I4AMCV": 5.0000000000000002e-05, "I4AMTRK": 6.0000000000000002e-05, "I4AMAPX": 0.0, "I4AMVOL": 0.00065, "I4AMVMT": 0.00027, "I4AMFFSPD": 23, "AMHRLKCAP": 22050, "AMHRLNCAP": 3150, "I4AMVC": 0.0, "I4AMVDF": 1.0, "I4AMSPD": 23.0, "COMP": 0, "I4MDSOV": 0.0, "I4MDHV2": 0.0, "I4MDHV3": 0.0, "I4MDCV": 0.0, "I4MDTRK": 0.0, "I4MDAPX": 0.0, "I4MDVOL": 0.0, "I4MDVMT": 0.0, "I4MDFFSPD": 23, "MDHRLKCAP": 22050, "MDHRLNCAP": 3150, "I4MDVC": 0.0, "I4MDVDF": 1.0, "I4MDSPD": 23.0, "I4PMSOV": 0.0, "I4PMHV2": 0.0, "I4PMHV3": 0.0, "I4PMCV": 0.0, "I4PMTRK": 0.0, "I4PMAPX": 0.0, "I4PMVOL": 0.0, "I4PMVMT": 0.0, "I4PMFFSPD": 23, "PMHRLKCAP": 22050, "PMHRLNCAP": 3150, "I4PMVC": 0.0, "I4PMVDF": 1.0, "I4PMSPD": 23.0, "I4NTSOV": 0.0, "I4NTHV2": 0.0, "I4NTHV3": 0.0, "I4NTCV": 0.0, "I4NTTRK": 0.0, "I4NTAPX": 0.0, "I4NTVOL": 0.0, "I4NTVMT": 0.0, "I4NTFFSPD": 23, "NTHRLKCAP": 22050, "NTHRLNCAP": 3150, "I4NTVC": 0.0, "I4NTVDF": 1.0, "I4NTSPD": 23.0, "I424VOL": 0.00065, "TVOL00": 0, "TVMT00": 0.0, "ID": 0, "AADT_2023": 0, "AWDT_2023": 0, "MD210": 0, "CNT2LOADDIF": 0.0, "ABSNCTDIFF": 0.0, "CNT2LOADPCT": 0.0, "ABSPCTDIFF": 0.0, "MD210U": 0, "LOAD1": 0.00065, "LOAD2": 0.0, "LOADGRW": -0.00065, "ABSGRW": 0.00065, "PRCGRW": -1.0, "PRCANLGRW": -4.5454545 }, "geometry": { "type": "LineString", "coordinates": [ [ -76.826180533104946, 38.889850100526253 ], [ -76.8324330658305, 38.893332626303476 ] ] } },
{ "type": "Feature", "properties": { "A": 27944, "B": 27273, "SUBAREA": 0, "FFSNEW": 0, "CPENEW": 0, "CPEFAC": 0, "TIMEPEN": 0, "DISTANCE": 0.49, "SPDCLASS": 44, "CAPCLASS": 44, "JUR": 2, "SCREEN": 0, "FTYPE": 4, "TOLL": 0, "TOLLGRP": 0, "AMLANE": 1, "AMLIMIT": 0, "PMLANE": 1, "PMLIMIT": 0, "OPLANE": 1, "OPLIMIT": 0, "EDGEID": 27300000000, "LINKID": 79569, "NETYEAR": 2001, "SHAPE_LENG": 2560.93, "PROJECTID": "NA", "TAZ": 1224, "ATYPE": 4, "MDLANE": 1, "MDLIMIT": 0, "NTLANE": 1, "NTLIMIT": 0, "DEFLATIONFT": 0.8011, "AMTOLL": 0.0, "PMTOLL": 0.0, "OPTOLL": 0.0, "AMTOLL_VP": 0.0, "PMTOLL_VP": 0.0, "OPTOLL_VP": 0.0, "AMHTIME": 1.66951, "PMHTIME": 1.66951, "OPHTIME": 1.41346, "MDTOLL": 0.0, "MDTOLL_VP": 0.0, "MDHTIME": 1.41346, "NTTOLL": 0.0, "NTTOLL_VP": 0.0, "NTHTIME": 1.41346, "LINKAB": 2794427273, "TURNPENI": "TURNPEN.PEN", "I4AMSOV": 0.0002, "I4AMHV2": 3.0000000000000001e-05, "I4AMHV3": 0.0, "I4AMCV": 3.0000000000000001e-05, "I4AMTRK": 2.0000000000000002e-05, "I4AMAPX": 0.0, "I4AMVOL": 0.00028, "I4AMVMT": 0.00014, "I4AMFFSPD": 40, "AMHRLKCAP": 800, "AMHRLNCAP": 800, "I4AMVC": 0.0, "I4AMVDF": 1.0, "I4AMSPD": 40.0, "COMP": 0, "I4MDSOV": 0.0, "I4MDHV2": 0.0, "I4MDHV3": 0.0, "I4MDCV": 0.0, "I4MDTRK": 0.0, "I4MDAPX": 0.0, "I4MDVOL": 0.0, "I4MDVMT": 0.0, "I4MDFFSPD": 40, "MDHRLKCAP": 800, "MDHRLNCAP": 800, "I4MDVC": 0.0, "I4MDVDF": 1.0, "I4MDSPD": 40.0, "I4PMSOV": 0.0, "I4PMHV2": 0.0, "I4PMHV3": 0.0, "I4PMCV": 0.0, "I4PMTRK": 0.0, "I4PMAPX": 0.0, "I4PMVOL": 0.0, "I4PMVMT": 0.0, "I4PMFFSPD": 40, "PMHRLKCAP": 800, "PMHRLNCAP": 800, "I4PMVC": 0.0, "I4PMVDF": 1.0, "I4PMSPD": 40.0, "I4NTSOV": 0.0, "I4NTHV2": 0.0, "I4NTHV3": 0.0, "I4NTCV": 0.0, "I4NTTRK": 0.0, "I4NTAPX": 0.0, "I4NTVOL": 0.0, "I4NTVMT": 0.0, "I4NTFFSPD": 40, "NTHRLKCAP": 800, "NTHRLNCAP": 800, "I4NTVC": 0.0, "I4NTVDF": 1.0, "I4NTSPD": 40.0, "I424VOL": 0.00028, "TVOL00": 0, "TVMT00": 0.0, "ID": 0, "AADT_2023": 0, "AWDT_2023": 0, "MD210": 0, "CNT2LOADDIF": 0.0, "ABSNCTDIFF": 0.0, "CNT2LOADPCT": 0.0, "ABSPCTDIFF": 0.0, "MD210U": 0, "LOAD1": 0.00028, "LOAD2": 1.0000000000000001e-05, "LOADGRW": -0.00027, "ABSGRW": 0.00027, "PRCGRW": -0.9754841, "PRCANLGRW": -4.4340191 }, "geometry": { "type": "LineString", "coordinates": [ [ -76.731158826855605, 38.935721913756566 ], [ -76.731339999772729, 38.935770000358936 ], [ -76.733050000140068, 38.936090000187356 ], [ -76.733510000312734, 38.936179999994764 ], [ -76.733810000340185, 38.936219999581958 ], [ -76.734220000250829, 38.936230000384903 ], [ -76.734579999746316, 38.936210000162426 ], [ -76.73601000012988, 38.936040000256718 ], [ -76.737170000336548, 38.935899999878544 ], [ -76.73761999973965, 38.935879999863154 ], [ -76.737950000365032, 38.93588999985333 ], [ -76.738290000549483, 38.935930000142278 ], [ -76.738910000138972, 38.936069999781139 ], [ -76.73919000027621, 38.936179999601165 ], [ -76.739620000463049, 38.936390000308741 ], [ -76.739856959053469, 38.936521388459255 ] ] } },
{ "type": "Feature", "properties": { "A": 30021, "B": 30619, "SUBAREA": 0, "FFSNEW": 0, "CPENEW": 0, "CPEFAC": 0, "TIMEPEN": 0, "DISTANCE": 0.1, "SPDCLASS": 22, "CAPCLASS": 22, "JUR": 3, "SCREEN": 0, "FTYPE": 2, "TOLL": 0, "TOLLGRP": 0, "AMLANE": 2, "AMLIMIT": 0, "PMLANE": 2, "PMLIMIT": 0, "OPLANE": 2, "OPLIMIT": 0, "EDGEID": 30600000000, "LINKID": 80118, "NETYEAR": 2000, "SHAPE_LENG": 503.09, "PROJECTID": "NA", "TAZ": 1448, "ATYPE": 2, "MDLANE": 2, "MDLIMIT": 0, "NTLANE": 2, "NTLIMIT": 0, "DEFLATIONFT": 0.8011, "AMTOLL": 0.0, "PMTOLL": 0.0, "OPTOLL": 0.0, "AMTOLL_VP": 0.0, "PMTOLL_VP": 0.0, "OPTOLL_VP": 0.0, "AMHTIME": 0.38511, "PMHTIME": 0.38511, "OPHTIME": 0.29369, "MDTOLL": 0.0, "MDTOLL_VP": 0.0, "MDHTIME": 0.29369, "NTTOLL": 0.0, "NTTOLL_VP": 0.0, "NTHTIME": 0.29369, "LINKAB": 3002130619, "TURNPENI": "TURNPEN.PEN", "I4AMSOV": 0.01525, "I4AMHV2": 0.00277, "I4AMHV3": 0.0, "I4AMCV": 0.00861, "I4AMTRK": 0.00378, "I4AMAPX": 0.0002, "I4AMVOL": 0.0306, "I4AMVMT": 0.00306, "I4AMFFSPD": 40, "AMHRLKCAP": 1600, "AMHRLNCAP": 800, "I4AMVC": 1.0000000000000001e-05, "I4AMVDF": 1.0, "I4AMSPD": 39.99997, "COMP": 0, "I4MDSOV": 0.0, "I4MDHV2": 0.0, "I4MDHV3": 0.0, "I4MDCV": 0.0, "I4MDTRK": 0.0, "I4MDAPX": 0.0, "I4MDVOL": 0.0, "I4MDVMT": 0.0, "I4MDFFSPD": 40, "MDHRLKCAP": 1600, "MDHRLNCAP": 800, "I4MDVC": 0.0, "I4MDVDF": 1.0, "I4MDSPD": 40.0, "I4PMSOV": 0.0, "I4PMHV2": 0.0, "I4PMHV3": 0.0, "I4PMCV": 0.0, "I4PMTRK": 0.0, "I4PMAPX": 0.0, "I4PMVOL": 0.0, "I4PMVMT": 0.0, "I4PMFFSPD": 40, "PMHRLKCAP": 1600, "PMHRLNCAP": 800, "I4PMVC": 0.0, "I4PMVDF": 1.0, "I4PMSPD": 40.0, "I4NTSOV": 0.0, "I4NTHV2": 0.0, "I4NTHV3": 0.0, "I4NTCV": 0.0, "I4NTTRK": 0.0, "I4NTAPX": 0.0, "I4NTVOL": 0.0, "I4NTVMT": 0.0, "I4NTFFSPD": 40, "NTHRLKCAP": 1600, "NTHRLNCAP": 800, "I4NTVC": 0.0, "I4NTVDF": 1.0, "I4NTSPD": 40.0, "I424VOL": 0.0306, "TVOL00": 0, "TVMT00": 0.0, "ID": 0, "AADT_2023": 0, "AWDT_2023": 0, "MD210": 0, "CNT2LOADDIF": 0.0, "ABSNCTDIFF": 0.0, "CNT2LOADPCT": 0.0, "ABSPCTDIFF": 0.0, "MD210U": 0, "LOAD1": 0.0306, "LOAD2": 0.00135, "LOADGRW": -0.02925, "ABSGRW": 0.02925, "PRCGRW": -0.9558484, "PRCANLGRW": -4.3447652 }, "geometry": { "type": "LineString", "coordinates": [ [ -77.11790790945652, 38.898563567522224 ], [ -77.117837786576629, 38.898623489413346 ], [ -77.117687619218913, 38.898703321870506 ], [ -77.116426335746141, 38.899311899086378 ] ] } },
{ "type": "Feature", "properties": { "A": 30507, "B": 1418, "SUBAREA": 0, "FFSNEW": 0, "CPENEW": 0, "CPEFAC": 0, "TIMEPEN": 0, "DISTANCE": 0.3, "SPDCLASS": 2, "CAPCLASS": 2, "JUR": 3, "SCREEN": 0, "FTYPE": 0, "TOLL": 0, "TOLLGRP": 0, "AMLANE": 7, "AMLIMIT": 0, "PMLANE": 7, "PMLIMIT": 0, "OPLANE": 7, "OPLIMIT": 0, "EDGEID": 1418030507, "LINKID": 71784, "NETYEAR": 2001, "SHAPE_LENG": 1573.25, "PROJECTID": "NA", "TAZ": 1418, "ATYPE": 2, "MDLANE": 7, "MDLIMIT": 0, "NTLANE": 7, "NTLIMIT": 0, "DEFLATIONFT": 0.8011, "AMTOLL": 0.0, "PMTOLL": 0.0, "OPTOLL": 0.0, "AMTOLL_VP": 0.0, "PMTOLL_VP": 0.0, "OPTOLL_VP": 0.0, "AMHTIME": 1.2, "PMHTIME": 1.2, "OPHTIME": 1.2, "MDTOLL": 0.0, "MDTOLL_VP": 0.0, "MDHTIME": 1.2, "NTTOLL": 0.0, "NTTOLL_VP": 0.0, "NTHTIME": 1.2, "LINKAB": 3050701418, "TURNPENI": "TURNPEN.PEN", "I4AMSOV": 1.0000000000000001e-05, "I4AMHV2": 0.0, "I4AMHV3": 0.0, "I4AMCV": 0.0, "I4AMTRK": 0.0, "I4AMAPX": 0.0, "I4AMVOL": 2.0000000000000002e-05, "I4AMVMT": 1.0000000000000001e-05, "I4AMFFSPD": 17, "AMHRLKCAP": 22050, "AMHRLNCAP": 3150, "I4AMVC": 0.0, "I4AMVDF": 1.0, "I4AMSPD": 17.0, "COMP": 0, "I4MDSOV": 0.0, "I4MDHV2": 0.0, "I4MDHV3": 0.0, "I4MDCV": 0.0, "I4MDTRK": 0.0, "I4MDAPX": 0.0, "I4MDVOL": 0.0, "I4MDVMT": 0.0, "I4MDFFSPD": 17, "MDHRLKCAP": 22050, "MDHRLNCAP": 3150, "I4MDVC": 0.0, "I4MDVDF": 1.0, "I4MDSPD": 17.0, "I4PMSOV": 0.06096, "I4PMHV2": 1.55518, "I4PMHV3": 0.0, "I4PMCV": 0.20913, "I4PMTRK": 0.0, "I4PMAPX": 0.03931, "I4PMVOL": 1.86459, "I4PMVMT": 0.55938, "I4PMFFSPD": 17, "PMHRLKCAP": 22050, "PMHRLNCAP": 3150, "I4PMVC": 2.0000000000000002e-05, "I4PMVDF": 1.0, "I4PMSPD": 17.0, "I4NTSOV": 0.0, "I4NTHV2": 0.0, "I4NTHV3": 0.0, "I4NTCV": 0.0, "I4NTTRK": 0.0, "I4NTAPX": 0.0, "I4NTVOL": 0.0, "I4NTVMT": 0.0, "I4NTFFSPD": 17, "NTHRLKCAP": 22050, "NTHRLNCAP": 3150, "I4NTVC": 0.0, "I4NTVDF": 1.0, "I4NTSPD": 17.0, "I424VOL": 1.86461, "TVOL00": 0, "TVMT00": 0.0, "ID": 0, "AADT_2023": 0, "AWDT_2023": 0, "MD210": 0, "CNT2LOADDIF": 0.0, "ABSNCTDIFF": 0.0, "CNT2LOADPCT": 0.0, "ABSPCTDIFF": 0.0, "MD210U": 0, "LOAD1": 1.86461, "LOAD2": 0.0, "LOADGRW": -1.86461, "ABSGRW": 1.86461, "PRCGRW": -0.99999979999999999, "PRCANLGRW": -4.5454535 }, "geometry": { "type": "LineString", "coordinates": [ [ -77.118287067601671, 38.887772352168035 ], [ -77.123678179488209, 38.886819480329869 ] ] } },
{ "type": "Feature", "properties": { "A": 30600, "B": 1454, "SUBAREA": 0, "FFSNEW": 0, "CPENEW": 0, "CPEFAC": 0, "TIMEPEN": 0, "DISTANCE": 0.29, "SPDCLASS": 2, "CAPCLASS": 2, "JUR": 3, "SCREEN": 0, "FTYPE": 0, "TOLL": 0, "TOLLGRP": 0, "AMLANE": 7, "AMLIMIT": 0, "PMLANE": 7, "PMLIMIT": 0, "OPLANE": 7, "OPLIMIT": 0, "EDGEID": 1454030600, "LINKID": 77368, "NETYEAR": 2001, "SHAPE_LENG": 1545.52, "PROJECTID": "NA", "TAZ": 1454, "ATYPE": 2, "MDLANE": 7, "MDLIMIT": 0, "NTLANE": 7, "NTLIMIT": 0, "DEFLATIONFT": 0.8011, "AMTOLL": 0.0, "PMTOLL": 0.0, "OPTOLL": 0.0, "AMTOLL_VP": 0.0, "PMTOLL_VP": 0.0, "OPTOLL_VP": 0.0, "AMHTIME": 1.16, "PMHTIME": 1.16, "OPHTIME": 1.16, "MDTOLL": 0.0, "MDTOLL_VP": 0.0, "MDHTIME": 1.16, "NTTOLL": 0.0, "NTTOLL_VP": 0.0, "NTHTIME": 1.16, "LINKAB": 3060001454, "TURNPENI": "TURNPEN.PEN", "I4AMSOV": 1.0000000000000001e-05, "I4AMHV2": 1.0000000000000001e-05, "I4AMHV3": 0.0, "I4AMCV": 0.0, "I4AMTRK": 0.0, "I4AMAPX": 0.0, "I4AMVOL": 1.0000000000000001e-05, "I4AMVMT": 0.0, "I4AMFFSPD": 17, "AMHRLKCAP": 22050, "AMHRLNCAP": 3150, "I4AMVC": 0.0, "I4AMVDF": 1.0, "I4AMSPD": 17.0, "COMP": 0, "I4MDSOV": 0.0, "I4MDHV2": 0.0, "I4MDHV3": 0.0, "I4MDCV": 0.0, "I4MDTRK": 0.0, "I4MDAPX": 0.0, "I4MDVOL": 0.0, "I4MDVMT": 0.0, "I4MDFFSPD": 17, "MDHRLKCAP": 22050, "MDHRLNCAP": 3150, "I4MDVC": 0.0, "I4MDVDF": 1.0, "I4MDSPD": 17.0, "I4PMSOV": 0.0, "I4PMHV2": 0.0, "I4PMHV3": 0.0, "I4PMCV": 0.0, "I4PMTRK": 0.0, "I4PMAPX": 0.0, "I4PMVOL": 0.0, "I4PMVMT": 0.0, "I4PMFFSPD": 17, "PMHRLKCAP": 22050, "PMHRLNCAP": 3150, "I4PMVC": 0.0, "I4PMVDF": 1.0, "I4PMSPD": 17.0, "I4NTSOV": 0.0, "I4NTHV2": 0.0, "I4NTHV3": 0.0, "I4NTCV": 0.0, "I4NTTRK": 0.0, "I4NTAPX": 0.0, "I4NTVOL": 0.0, "I4NTVMT": 0.0, "I4NTFFSPD": 17, "NTHRLKCAP": 22050, "NTHRLNCAP": 3150, "I4NTVC": 0.0, "I4NTVDF": 1.0, "I4NTSPD": 17.0, "I424VOL": 1.0000000000000001e-05, "TVOL00": 0, "TVMT00": 0.0, "ID": 0, "AADT_2023": 0, "AWDT_2023": 0, "MD210": 0, "CNT2LOADDIF": 0.0, "ABSNCTDIFF": 0.0, "CNT2LOADPCT": 0.0, "ABSPCTDIFF": 0.0, "MD210U": 0, "LOAD1": 1.0000000000000001e-05, "LOAD2": 0.0, "LOADGRW": -1.0000000000000001e-05, "ABSGRW": 1.0000000000000001e-05, "PRCGRW": -1.0, "PRCANLGRW": -4.5454545 }, "geometry": { "type": "LineString", "coordinates": [ [ -77.117439482337332, 38.895760621658454 ], [ -77.114022508272825, 38.892460859789416 ] ] } },
{ "type": "Feature", "properties": { "A": 30605, "B": 30606, "SUBAREA": 0, "FFSNEW": 0, "CPENEW": 0, "CPEFAC": 0, "TIMEPEN": 0, "DISTANCE": 0.33, "SPDCLASS": 42, "CAPCLASS": 42, "JUR": 3, "SCREEN": 0, "FTYPE": 4, "TOLL": 0, "TOLLGRP": 0, "AMLANE": 1, "AMLIMIT": 0, "PMLANE": 1, "PMLIMIT": 0, "OPLANE": 1, "OPLIMIT": 0, "EDGEID": 30600000000, "LINKID": 77403, "NETYEAR": 2001, "SHAPE_LENG": 1763.22, "PROJECTID": "NA", "TAZ": 1423, "ATYPE": 2, "MDLANE": 1, "MDLIMIT": 0, "NTLANE": 1, "NTLIMIT": 0, "DEFLATIONFT": 0.8011, "AMTOLL": 0.0, "PMTOLL": 0.0, "OPTOLL": 0.0, "AMTOLL_VP": 0.0, "PMTOLL_VP": 0.0, "OPTOLL_VP": 0.0, "AMHTIME": 1.46884, "PMHTIME": 1.46884, "OPHTIME": 1.22449, "MDTOLL": 0.0, "MDTOLL_VP": 0.0, "MDHTIME": 1.22449, "NTTOLL": 0.0, "NTTOLL_VP": 0.0, "NTHTIME": 1.22449, "LINKAB": 3060530606, "TURNPENI": "TURNPEN.PEN", "I4AMSOV": 0.00137, "I4AMHV2": 0.00019, "I4AMHV3": 0.0, "I4AMCV": 0.00019, "I4AMTRK": 0.00013, "I4AMAPX": 1.0000000000000001e-05, "I4AMVOL": 0.00189, "I4AMVMT": 0.00062, "I4AMFFSPD": 35, "AMHRLKCAP": 500, "AMHRLNCAP": 500, "I4AMVC": 0.0, "I4AMVDF": 1.0, "I4AMSPD": 34.99998, "COMP": 0, "I4MDSOV": 0.0, "I4MDHV2": 0.0, "I4MDHV3": 0.0, "I4MDCV": 0.0, "I4MDTRK": 0.0, "I4MDAPX": 0.0, "I4MDVOL": 0.0, "I4MDVMT": 0.0, "I4MDFFSPD": 35, "MDHRLKCAP": 500, "MDHRLNCAP": 500, "I4MDVC": 0.0, "I4MDVDF": 1.0, "I4MDSPD": 35.0, "I4PMSOV": 0.0, "I4PMHV2": 0.0, "I4PMHV3": 0.0, "I4PMCV": 0.0, "I4PMTRK": 0.0, "I4PMAPX": 0.0, "I4PMVOL": 0.0, "I4PMVMT": 0.0, "I4PMFFSPD": 35, "PMHRLKCAP": 500, "PMHRLNCAP": 500, "I4PMVC": 0.0, "I4PMVDF": 1.0, "I4PMSPD": 35.0, "I4NTSOV": 0.0, "I4NTHV2": 0.0, "I4NTHV3": 0.0, "I4NTCV": 0.0, "I4NTTRK": 0.0, "I4NTAPX": 0.0, "I4NTVOL": 0.0, "I4NTVMT": 0.0, "I4NTFFSPD": 35, "NTHRLKCAP": 500, "NTHRLNCAP": 500, "I4NTVC": 0.0, "I4NTVDF": 1.0, "I4NTSPD": 35.0, "I424VOL": 0.00189, "TVOL00": 0, "TVMT00": 0.0, "ID": 0, "AADT_2023": 0, "AWDT_2023": 0, "MD210": 0, "CNT2LOADDIF": 0.0, "ABSNCTDIFF": 0.0, "CNT2LOADPCT": 0.0, "ABSPCTDIFF": 0.0, "MD210U": 0, "LOAD1": 0.00189, "LOAD2": 4.0000000000000003e-05, "LOADGRW": -0.00185, "ABSGRW": 0.00185, "PRCGRW": -0.9769619, "PRCANLGRW": -4.4407353 }, "geometry": { "type": "LineString", "coordinates": [ [ -77.133537211297138, 38.896803191513314 ], [ -77.133320000499097, 38.896830000433063 ], [ -77.133159999758618, 38.896890000324539 ], [ -77.132639999980839, 38.897270000242273 ], [ -77.131680000093056, 38.897269999899756 ], [ -77.130750000073135, 38.897270000434006 ], [ -77.130739999769801, 38.897660000255982 ], [ -77.130760000554233, 38.897759999619467 ], [ -77.13083999961637, 38.897939999998442 ], [ -77.130889999835532, 38.89801999957821 ], [ -77.131039999617073, 38.898159999864973 ], [ -77.131299999533908, 38.898289999596848 ], [ -77.131440000383691, 38.898329999674246 ], [ -77.131350000228622, 38.898459999801439 ], [ -77.13118000019665, 38.898589999632279 ], [ -77.130989999705122, 38.898709999828476 ], [ -77.13078999961624, 38.898790000234335 ], [ -77.130620000486232, 38.898889999567594 ], [ -77.130479999842549, 38.89901999995336 ], [ -77.130410000237177, 38.899100000367028 ], [ -77.130389757858921, 38.899148877693221 ] ] } },
{ "type": "Feature", "properties": { "A": 30606, "B": 1423, "SUBAREA": 0, "FFSNEW": 0, "CPENEW": 0, "CPEFAC": 0, "TIMEPEN": 0, "DISTANCE": 0.17, "SPDCLASS": 2, "CAPCLASS": 2, "JUR": 3, "SCREEN": 0, "FTYPE": 0, "TOLL": 0, "TOLLGRP": 0, "AMLANE": 7, "AMLIMIT": 0, "PMLANE": 7, "PMLIMIT": 0, "OPLANE": 7, "OPLIMIT": 0, "EDGEID": 1423030606, "LINKID": 77408, "NETYEAR": 2001, "SHAPE_LENG": 883.15, "PROJECTID": "NA", "TAZ": 1423, "ATYPE": 2, "MDLANE": 7, "MDLIMIT": 0, "NTLANE": 7, "NTLIMIT": 0, "DEFLATIONFT": 0.8011, "AMTOLL": 0.0, "PMTOLL": 0.0, "OPTOLL": 0.0, "AMTOLL_VP": 0.0, "PMTOLL_VP": 0.0, "OPTOLL_VP": 0.0, "AMHTIME": 0.68, "PMHTIME": 0.68, "OPHTIME": 0.68, "MDTOLL": 0.0, "MDTOLL_VP": 0.0, "MDHTIME": 0.68, "NTTOLL": 0.0, "NTTOLL_VP": 0.0, "NTHTIME": 0.68, "LINKAB": 3060601423, "TURNPENI": "TURNPEN.PEN", "I4AMSOV": 0.00131, "I4AMHV2": 0.00017, "I4AMHV3": 0.0, "I4AMCV": 0.00018, "I4AMTRK": 0.00012, "I4AMAPX": 1.0000000000000001e-05, "I4AMVOL": 0.00179, "I4AMVMT": 0.0003, "I4AMFFSPD": 17, "AMHRLKCAP": 22050, "AMHRLNCAP": 3150, "I4AMVC": 0.0, "I4AMVDF": 1.0, "I4AMSPD": 17.0, "COMP": 0, "I4MDSOV": 0.0, "I4MDHV2": 0.0, "I4MDHV3": 0.0, "I4MDCV": 0.0, "I4MDTRK": 0.0, "I4MDAPX": 0.0, "I4MDVOL": 0.0, "I4MDVMT": 0.0, "I4MDFFSPD": 17, "MDHRLKCAP": 22050, "MDHRLNCAP": 3150, "I4MDVC": 0.0, "I4MDVDF": 1.0, "I4MDSPD": 17.0, "I4PMSOV": 0.0, "I4PMHV2": 0.0, "I4PMHV3": 0.0, "I4PMCV": 0.0, "I4PMTRK": 0.0, "I4PMAPX": 0.0, "I4PMVOL": 0.0, "I4PMVMT": 0.0, "I4PMFFSPD": 17, "PMHRLKCAP": 22050, "PMHRLNCAP": 3150, "I4PMVC": 0.0, "I4PMVDF": 1.0, "I4PMSPD": 17.0, "I4NTSOV": 0.0, "I4NTHV2": 0.0, "I4NTHV3": 0.0, "I4NTCV": 0.0, "I4NTTRK": 0.0, "I4NTAPX": 0.0, "I4NTVOL": 0.0, "I4NTVMT": 0.0, "I4NTFFSPD": 17, "NTHRLKCAP": 22050, "NTHRLNCAP": 3150, "I4NTVC": 0.0, "I4NTVDF": 1.0, "I4NTSPD": 17.0, "I424VOL": 0.00179, "TVOL00": 0, "TVMT00": 0.0, "ID": 0, "AADT_2023": 0, "AWDT_2023": 0, "MD210": 0, "CNT2LOADDIF": 0.0, "ABSNCTDIFF": 0.0, "CNT2LOADPCT": 0.0, "ABSPCTDIFF": 0.0, "MD210U": 0, "LOAD1": 0.00179, "LOAD2": 3.0000000000000001e-05, "LOADGRW": -0.00176, "ABSGRW": 0.00176, "PRCGRW": -0.9838709, "PRCANLGRW": -4.4721408 }, "geometry": { "type": "LineString", "coordinates": [ [ -77.130389757858921, 38.899148877693221 ], [ -77.12774163870661, 38.897888755321873 ] ] } },
{ "type": "Feature", "properties": { "A": 30606, "B": 30604, "SUBAREA": 0, "FFSNEW": 0, "CPENEW": 0, "CPEFAC": 0, "TIMEPEN": 0, "DISTANCE": 0.62, "SPDCLASS": 42, "CAPCLASS": 42, "JUR": 3, "SCREEN": 0, "FTYPE": 4, "TOLL": 0, "TOLLGRP": 0, "AMLANE": 1, "AMLIMIT": 0, "PMLANE": 1, "PMLIMIT": 0, "OPLANE": 1, "OPLIMIT": 0, "EDGEID": 30600000000, "LINKID": 77404, "NETYEAR": 2001, "SHAPE_LENG": 3262.27, "PROJECTID": "NA", "TAZ": 1423, "ATYPE": 2, "MDLANE": 1, "MDLIMIT": 0, "NTLANE": 1, "NTLIMIT": 0, "DEFLATIONFT": 0.8011, "AMTOLL": 0.0, "PMTOLL": 0.0, "OPTOLL": 0.0, "AMTOLL_VP": 0.0, "PMTOLL_VP": 0.0, "OPTOLL_VP": 0.0, "AMHTIME": 2.75964, "PMHTIME": 2.75964, "OPHTIME": 2.30056, "MDTOLL": 0.0, "MDTOLL_VP": 0.0, "MDHTIME": 2.30056, "NTTOLL": 0.0, "NTTOLL_VP": 0.0, "NTHTIME": 2.30056, "LINKAB": 3060630604, "TURNPENI": "TURNPEN.PEN", "I4AMSOV": 0.00022, "I4AMHV2": 5.0000000000000002e-05, "I4AMHV3": 0.0, "I4AMCV": 5.0000000000000002e-05, "I4AMTRK": 0.00015, "I4AMAPX": 0.0, "I4AMVOL": 0.00048, "I4AMVMT": 0.0003, "I4AMFFSPD": 35, "AMHRLKCAP": 500, "AMHRLNCAP": 500, "I4AMVC": 0.0, "I4AMVDF": 1.0, "I4AMSPD": 35.0, "COMP": 0, "I4MDSOV": 0.0, "I4MDHV2": 0.0, "I4MDHV3": 0.0, "I4MDCV": 0.0, "I4MDTRK": 0.0, "I4MDAPX": 0.0, "I4MDVOL": 0.0, "I4MDVMT": 0.0, "I4MDFFSPD": 35, "MDHRLKCAP": 500, "MDHRLNCAP": 500, "I4MDVC": 0.0, "I4MDVDF": 1.0, "I4MDSPD": 35.0, "I4PMSOV": 0.0, "I4PMHV2": 0.0, "I4PMHV3": 0.0, "I4PMCV": 0.0, "I4PMTRK": 0.0, "I4PMAPX": 0.0, "I4PMVOL": 0.0, "I4PMVMT": 0.0, "I4PMFFSPD": 35, "PMHRLKCAP": 500, "PMHRLNCAP": 500, "I4PMVC": 0.0, "I4PMVDF": 1.0, "I4PMSPD": 35.0, "I4NTSOV": 0.0, "I4NTHV2": 0.0, "I4NTHV3": 0.0, "I4NTCV": 0.0, "I4NTTRK": 0.0, "I4NTAPX": 0.0, "I4NTVOL": 0.0, "I4NTVMT": 0.0, "I4NTFFSPD": 35, "NTHRLKCAP": 500, "NTHRLNCAP": 500, "I4NTVC": 0.0, "I4NTVDF": 1.0, "I4NTSPD": 35.0, "I424VOL": 0.00048, "TVOL00": 0, "TVMT00": 0.0, "ID": 0, "AADT_2023": 0, "AWDT_2023": 0, "MD210": 0, "CNT2LOADDIF": 0.0, "ABSNCTDIFF": 0.0, "CNT2LOADPCT": 0.0, "ABSPCTDIFF": 0.0, "MD210U": 0, "LOAD1": 0.00048, "LOAD2": 2.0000000000000002e-05, "LOADGRW": -0.00046, "ABSGRW": 0.00046, "PRCGRW": -0.953316, "PRCANLGRW": -4.3332543 }, "geometry": { "type": "LineString", "coordinates": [ [ -77.130389757858921, 38.899148877693221 ], [ -77.130380000366046, 38.899330000394912 ], [ -77.130429999756132, 38.899489999870795 ], [ -77.13054000021549, 38.899630000374721 ], [ -77.13075999977103, 38.899839999739733 ], [ -77.129959999919535, 38.90032999994559 ], [ -77.129379999474679, 38.899730000010543 ], [ -77.128730000456997, 38.899089999667027 ], [ -77.127570000132664, 38.897939999803093 ], [ -77.126619999640468, 38.897029999665115 ], [ -77.12595999976152, 38.897449999717644 ], [ -77.12508999996362, 38.897889999833986 ], [ -77.125689999554453, 38.898620000372745 ], [ -77.12470764641094, 38.898943658293938 ] ] } },
{ "type": "Feature", "properties": { "A": 32205, "B": 32396, "SUBAREA": 0, "FFSNEW": 0, "CPENEW": 0, "CPEFAC": 0, "TIMEPEN": 0, "DISTANCE": 0.01, "SPDCLASS": 22, "CAPCLASS": 22, "JUR": 4, "SCREEN": 0, "FTYPE": 2, "TOLL": 0, "TOLLGRP": 0, "AMLANE": 1, "AMLIMIT": 0, "PMLANE": 1, "PMLIMIT": 0, "OPLANE": 1, "OPLIMIT": 0, "EDGEID": 32200000000, "LINKID": 83221, "NETYEAR": 2010, "SHAPE_LENG": 31.36, "PROJECTID": "VI2K", "TAZ": 1599, "ATYPE": 2, "MDLANE": 1, "MDLIMIT": 0, "NTLANE": 1, "NTLIMIT": 0, "DEFLATIONFT": 0.8011, "AMTOLL": 0.0, "PMTOLL": 0.0, "OPTOLL": 0.0, "AMTOLL_VP": 0.0, "PMTOLL_VP": 0.0, "OPTOLL_VP": 0.0, "AMHTIME": 0.03851, "PMHTIME": 0.03851, "OPHTIME": 0.02937, "MDTOLL": 0.0, "MDTOLL_VP": 0.0, "MDHTIME": 0.02937, "NTTOLL": 0.0, "NTTOLL_VP": 0.0, "NTHTIME": 0.02937, "LINKAB": 3220532396, "TURNPENI": "TURNPEN.PEN", "I4AMSOV": 0.0, "I4AMHV2": 5.0000000000000002e-05, "I4AMHV3": 0.0, "I4AMCV": 0.0, "I4AMTRK": 0.0, "I4AMAPX": 0.0, "I4AMVOL": 5.0000000000000002e-05, "I4AMVMT": 0.0, "I4AMFFSPD": 40, "AMHRLKCAP": 800, "AMHRLNCAP": 800, "I4AMVC": 0.0, "I4AMVDF": 1.0, "I4AMSPD": 40.0, "COMP": 0, "I4MDSOV": 0.0, "I4MDHV2": 0.0, "I4MDHV3": 0.0, "I4MDCV": 0.0, "I4MDTRK": 0.0, "I4MDAPX": 0.0, "I4MDVOL": 0.0, "I4MDVMT": 0.0, "I4MDFFSPD": 40, "MDHRLKCAP": 800, "MDHRLNCAP": 800, "I4MDVC": 0.0, "I4MDVDF": 1.0, "I4MDSPD": 40.0, "I4PMSOV": 0.0, "I4PMHV2": 0.0, "I4PMHV3": 0.0, "I4PMCV": 0.0, "I4PMTRK": 0.0, "I4PMAPX": 0.0, "I4PMVOL": 0.0, "I4PMVMT": 0.0, "I4PMFFSPD": 40, "PMHRLKCAP": 800, "PMHRLNCAP": 800, "I4PMVC": 0.0, "I4PMVDF": 1.0, "I4PMSPD": 40.0, "I4NTSOV": 0.0, "I4NTHV2": 0.0, "I4NTHV3": 0.0, "I4NTCV": 0.0, "I4NTTRK": 0.0, "I4NTAPX": 0.0, "I4NTVOL": 0.0, "I4NTVMT": 0.0, "I4NTFFSPD": 40, "NTHRLKCAP": 800, "NTHRLNCAP": 800, "I4NTVC": 0.0, "I4NTVDF": 1.0, "I4NTSPD": 40.0, "I424VOL": 5.0000000000000002e-05, "TVOL00": 0, "TVMT00": 0.0, "ID": 0, "AADT_2023": 0, "AWDT_2023": 0, "MD210": 0, "CNT2LOADDIF": 0.0, "ABSNCTDIFF": 0.0, "CNT2LOADPCT": 0.0, "ABSPCTDIFF": 0.0, "MD210U": 0, "LOAD1": 5.0000000000000002e-05, "LOAD2": 0.0, "LOADGRW": -5.0000000000000002e-05, "ABSGRW": 5.0000000000000002e-05, "PRCGRW": -0.9862858, "PRCANLGRW": -4.4831171 }, "geometry": { "type": "LineString", "coordinates": [ [ -77.048587254657448, 38.813422578322303 ], [ -77.048678469019123, 38.813373116029972 ] ] } },
{ "type": "Feature", "properties": { "A": 34122, "B": 36449, "SUBAREA": 0, "FFSNEW": 0, "CPENEW": 0, "CPEFAC": 0, "TIMEPEN": 0, "DISTANCE": 0.75, "SPDCLASS": 43, "CAPCLASS": 43, "JUR": 5, "SCREEN": 0, "FTYPE": 4, "TOLL": 0, "TOLLGRP": 0, "AMLANE": 1, "AMLIMIT": 0, "PMLANE": 1, "PMLIMIT": 0, "OPLANE": 1, "OPLIMIT": 0, "EDGEID": 34100000000, "LINKID": 22322, "NETYEAR": 2001, "SHAPE_LENG": 3953.48, "PROJECTID": "NA", "TAZ": 2124, "ATYPE": 3, "MDLANE": 1, "MDLIMIT": 0, "NTLANE": 1, "NTLIMIT": 0, "DEFLATIONFT": 0.8011, "AMTOLL": 0.0, "PMTOLL": 0.0, "OPTOLL": 0.0, "AMTOLL_VP": 0.0, "PMTOLL_VP": 0.0, "OPTOLL_VP": 0.0, "AMHTIME": 2.74725, "PMHTIME": 2.74725, "OPHTIME": 2.37592, "MDTOLL": 0.0, "MDTOLL_VP": 0.0, "MDHTIME": 2.37592, "NTTOLL": 0.0, "NTTOLL_VP": 0.0, "NTHTIME": 2.37592, "LINKAB": 3412236449, "TURNPENI": "TURNPEN.PEN", "I4AMSOV": 0.0, "I4AMHV2": 0.0, "I4AMHV3": 0.0, "I4AMCV": 0.0, "I4AMTRK": 0.0, "I4AMAPX": 0.0, "I4AMVOL": 0.0, "I4AMVMT": 0.0, "I4AMFFSPD": 35, "AMHRLKCAP": 600, "AMHRLNCAP": 600, "I4AMVC": 0.0, "I4AMVDF": 1.0, "I4AMSPD": 35.0, "COMP": 0, "I4MDSOV": 0.0, "I4MDHV2": 0.0, "I4MDHV3": 0.0, "I4MDCV": 0.0, "I4MDTRK": 0.0, "I4MDAPX": 0.0, "I4MDVOL": 0.0, "I4MDVMT": 0.0, "I4MDFFSPD": 35, "MDHRLKCAP": 600, "MDHRLNCAP": 600, "I4MDVC": 0.0, "I4MDVDF": 1.0, "I4MDSPD": 35.0, "I4PMSOV": 0.0, "I4PMHV2": 0.0, "I4PMHV3": 196.75522, "I4PMCV": 0.0, "I4PMTRK": 0.0, "I4PMAPX": 0.0, "I4PMVOL": 196.75522, "I4PMVMT": 147.56641, "I4PMFFSPD": 35, "PMHRLKCAP": 600, "PMHRLNCAP": 600, "I4PMVC": 0.09641, "I4PMVDF": 1.0241, "I4PMSPD": 34.17627, "I4NTSOV": 0.0, "I4NTHV2": 0.0, "I4NTHV3": 0.0, "I4NTCV": 0.0, "I4NTTRK": 0.0, "I4NTAPX": 0.0, "I4NTVOL": 0.0, "I4NTVMT": 0.0, "I4NTFFSPD": 35, "NTHRLKCAP": 600, "NTHRLNCAP": 600, "I4NTVC": 0.0, "I4NTVDF": 1.0, "I4NTSPD": 35.0, "I424VOL": 196.75522, "TVOL00": 0, "TVMT00": 0.0, "ID": 0, "AADT_2023": 0, "AWDT_2023": 0, "MD210": 0, "CNT2LOADDIF": 0.0, "ABSNCTDIFF": 0.0, "CNT2LOADPCT": 0.0, "ABSPCTDIFF": 0.0, "MD210U": 0, "LOAD1": 196.75522, "LOAD2": 0.0, "LOADGRW": -196.75522, "ABSGRW": 196.75522, "PRCGRW": -1.0, "PRCANLGRW": -4.5454545 }, "geometry": { "type": "LineString", "coordinates": [ [ -77.215747042171287, 38.754222981155635 ], [ -77.215988002824702, 38.754222326367518 ], [ -77.216258002324196, 38.754212326785741 ], [ -77.216528002723066, 38.754172327559388 ], [ -77.216768001678645, 38.754112327370812 ], [ -77.216698001908298, 38.754012327056536 ], [ -77.216548001886579, 38.753862327034817 ], [ -77.216278002387085, 38.753682326469153 ], [ -77.216038002532187, 38.753392327806111 ], [ -77.215958002280729, 38.753242327784378 ], [ -77.215778003513734, 38.752692328304242 ], [ -77.216118002783574, 38.752512328637842 ], [ -77.216208002616725, 38.752422327905379 ], [ -77.216258002324196, 38.752302327528291 ], [ -77.216268003704613, 38.752172328468681 ], [ -77.216238003160697, 38.752072328154412 ], [ -77.216098002720699, 38.751842327881299 ], [ -77.216038002532187, 38.751712327922405 ], [ -77.216028003849715, 38.751572327482414 ], [ -77.216078003557186, 38.751422327460709 ], [ -77.216188003453226, 38.751282327920066 ], [ -77.216318002512764, 38.75118232760579 ], [ -77.21645800295272, 38.751112327835443 ], [ -77.21663800171973, 38.751072327709743 ], [ -77.217218001743845, 38.7510223280023 ], [ -77.217348001702703, 38.750982328775919 ], [ -77.217448002016965, 38.750932328169121 ], [ -77.21753800185013, 38.750862328398838 ], [ -77.217828002311876, 38.750542328292497 ], [ -77.217608001620476, 38.750452328459332 ], [ -77.21719800168097, 38.750252327830815 ], [ -77.216928002181476, 38.750062327683374 ], [ -77.216558003266982, 38.749792328183823 ], [ -77.216158003808573, 38.749512327303918 ], [ -77.215928003535453, 38.749272328348276 ], [ -77.215878002928676, 38.749162328452286 ], [ -77.215798003576538, 38.749012328430567 ], [ -77.215708003743373, 38.748612328072838 ], [ -77.215698003262276, 38.748402328761827 ], [ -77.215718002425831, 38.74826232922122 ], [ -77.215788003095497, 38.7480723290738 ], [ -77.216088003138978, 38.747582328882892 ], [ -77.216308002931001, 38.747322328965133 ], [ -77.216828002766547, 38.746852328837043 ], [ -77.216978003687586, 38.746682328752513 ], [ -77.217097955293198, 38.746422329906657 ] ] } },
{ "type": "Feature", "properties": { "A": 34231, "B": 34226, "SUBAREA": 0, "FFSNEW": 0, "CPENEW": 0, "CPEFAC": 0, "TIMEPEN": 0, "DISTANCE": 0.93, "SPDCLASS": 45, "CAPCLASS": 45, "JUR": 5, "SCREEN": 0, "FTYPE": 4, "TOLL": 0, "TOLLGRP": 0, "AMLANE": 1, "AMLIMIT": 0, "PMLANE": 1, "PMLIMIT": 0, "OPLANE": 1, "OPLIMIT": 0, "EDGEID": 34200000000, "LINKID": 46423, "NETYEAR": 2000, "SHAPE_LENG": 4892.08, "PROJECTID": "NA", "TAZ": 2037, "ATYPE": 5, "MDLANE": 1, "MDLIMIT": 0, "NTLANE": 1, "NTLIMIT": 0, "DEFLATIONFT": 0.8011, "AMTOLL": 0.0, "PMTOLL": 0.0, "OPTOLL": 0.0, "AMTOLL_VP": 0.0, "PMTOLL_VP": 0.0, "OPTOLL_VP": 0.0, "AMHTIME": 3.07947, "PMHTIME": 3.07947, "OPHTIME": 2.63705, "MDTOLL": 0.0, "MDTOLL_VP": 0.0, "MDHTIME": 2.63705, "NTTOLL": 0.0, "NTTOLL_VP": 0.0, "NTHTIME": 2.63705, "LINKAB": 3423134226, "TURNPENI": "TURNPEN.PEN", "I4AMSOV": 3.0000000000000001e-05, "I4AMHV2": 1.0000000000000001e-05, "I4AMHV3": 0.0, "I4AMCV": 0.0, "I4AMTRK": 0.0, "I4AMAPX": 0.0, "I4AMVOL": 4.0000000000000003e-05, "I4AMVMT": 4.0000000000000003e-05, "I4AMFFSPD": 40, "AMHRLKCAP": 800, "AMHRLNCAP": 800, "I4AMVC": 0.0, "I4AMVDF": 1.0, "I4AMSPD": 40.0, "COMP": 0, "I4MDSOV": 0.0, "I4MDHV2": 0.0, "I4MDHV3": 0.0, "I4MDCV": 0.0, "I4MDTRK": 0.0, "I4MDAPX": 0.0, "I4MDVOL": 0.0, "I4MDVMT": 0.0, "I4MDFFSPD": 40, "MDHRLKCAP": 800, "MDHRLNCAP": 800, "I4MDVC": 0.0, "I4MDVDF": 1.0, "I4MDSPD": 40.0, "I4PMSOV": 0.0, "I4PMHV2": 0.0, "I4PMHV3": 0.0, "I4PMCV": 0.0, "I4PMTRK": 0.0, "I4PMAPX": 0.0, "I4PMVOL": 0.0, "I4PMVMT": 0.0, "I4PMFFSPD": 40, "PMHRLKCAP": 800, "PMHRLNCAP": 800, "I4PMVC": 0.0, "I4PMVDF": 1.0, "I4PMSPD": 40.0, "I4NTSOV": 0.0, "I4NTHV2": 0.0, "I4NTHV3": 0.0, "I4NTCV": 0.0, "I4NTTRK": 0.0, "I4NTAPX": 0.0, "I4NTVOL": 0.0, "I4NTVMT": 0.0, "I4NTFFSPD": 40, "NTHRLKCAP": 800, "NTHRLNCAP": 800, "I4NTVC": 0.0, "I4NTVDF": 1.0, "I4NTSPD": 40.0, "I424VOL": 4.0000000000000003e-05, "TVOL00": 0, "TVMT00": 0.0, "ID": 0, "AADT_2023": 0, "AWDT_2023": 0, "MD210": 0, "CNT2LOADDIF": 0.0, "ABSNCTDIFF": 0.0, "CNT2LOADPCT": 0.0, "ABSPCTDIFF": 0.0, "MD210U": 0, "LOAD1": 4.0000000000000003e-05, "LOAD2": 0.0, "LOADGRW": -4.0000000000000003e-05, "ABSGRW": 4.0000000000000003e-05, "PRCGRW": -0.9955185, "PRCANLGRW": -4.525084 }, "geometry": { "type": "LineString", "coordinates": [ [ -77.133927519324615, 38.7472312643336 ], [ -77.133168029436376, 38.747812325558733 ], [ -77.132958028326755, 38.748032326250097 ], [ -77.132835877666309, 38.748210854622634 ], [ -77.132828028367854, 38.748222325498197 ], [ -77.132788029141466, 38.748312326230732 ], [ -77.132728028053577, 38.748472325834186 ], [ -77.132658028283288, 38.748902325836582 ], [ -77.13257802983054, 38.749622326300589 ], [ -77.131318029468119, 38.74964232456481 ], [ -77.131178029028149, 38.749652325045922 ], [ -77.131038029487456, 38.749682325589816 ], [ -77.130968028817847, 38.74971232523442 ], [ -77.13084802844071, 38.749782325004773 ], [ -77.130758028607545, 38.749842325193335 ], [ -77.130578028941216, 38.750002325696158 ], [ -77.130428028020162, 38.750162325299641 ], [ -77.130138029357113, 38.750532325113426 ], [ -77.13003803084149, 38.75067232465409 ], [ -77.129938029627922, 38.750812325094039 ], [ -77.129908029983255, 38.750872325282607 ], [ -77.129868029857576, 38.750952325533987 ], [ -77.129808030568313, 38.751122325618603 ], [ -77.130368028730928, 38.751272324741002 ], [ -77.130608029485145, 38.751372325055279 ], [ -77.13084802844071, 38.751502324114817 ], [ -77.130958029236069, 38.751582325265566 ], [ -77.131048029069234, 38.751652325035856 ], [ -77.131178029028149, 38.751792325475868 ], [ -77.131248028798439, 38.75188232530904 ], [ -77.131478029071616, 38.752232325059978 ], [ -77.131618029511571, 38.752482325395974 ], [ -77.131878029429345, 38.752772324958329 ], [ -77.132158029409936, 38.753012324813234 ], [ -77.132338029076266, 38.753142324772078 ], [ -77.132808028305021, 38.753392325108081 ], [ -77.133218028244528, 38.753552324711606 ], [ -77.133678027891449, 38.753672325088743 ], [ -77.134078028249178, 38.753712325214444 ], [ -77.134728028043597, 38.753722325695534 ], [ -77.135068028212743, 38.753722324796215 ], [ -77.135278027523739, 38.753752324440818 ], [ -77.135478028152249, 38.753802325047602 ], [ -77.135618028592205, 38.753872324817941 ], [ -77.135728027588939, 38.753932325905829 ], [ -77.135898026774214, 38.754072325446465 ], [ -77.136018027151309, 38.754212324987108 ], [ -77.13615802669193, 38.754422324298091 ], [ -77.136368027801566, 38.754732324822598 ], [ -77.136448027153676, 38.754822324655819 ], [ -77.136548027467938, 38.754922324970074 ], [ -77.136638026401783, 38.754982325158593 ], [ -77.136778026841739, 38.755052324928926 ], [ -77.137417619772975, 38.75522303067806 ] ] } },
{ "type": "Feature", "properties": { "A": 34658, "B": 35740, "SUBAREA": 0, "FFSNEW": 0, "CPENEW": 0, "CPEFAC": 0, "TIMEPEN": 0, "DISTANCE": 0.11, "SPDCLASS": 53, "CAPCLASS": 53, "JUR": 5, "SCREEN": 0, "FTYPE": 5, "TOLL": 0, "TOLLGRP": 0, "AMLANE": 5, "AMLIMIT": 0, "PMLANE": 5, "PMLIMIT": 0, "OPLANE": 5, "OPLIMIT": 0, "EDGEID": 34700000000, "LINKID": 85651, "NETYEAR": 2021, "SHAPE_LENG": 569.41, "PROJECTID": "VP6EAA", "TAZ": 1693, "ATYPE": 3, "MDLANE": 5, "MDLIMIT": 0, "NTLANE": 5, "NTLIMIT": 0, "DEFLATIONFT": 0.8011, "AMTOLL": 0.0, "PMTOLL": 0.0, "OPTOLL": 0.0, "AMTOLL_VP": 0.0, "PMTOLL_VP": 0.0, "OPTOLL_VP": 0.0, "AMHTIME": 0.21753, "PMHTIME": 0.21753, "OPHTIME": 0.16157, "MDTOLL": 0.0, "MDTOLL_VP": 0.0, "MDHTIME": 0.16157, "NTTOLL": 0.0, "NTTOLL_VP": 0.0, "NTHTIME": 0.16157, "LINKAB": 3465835740, "TURNPENI": "TURNPEN.PEN", "I4AMSOV": 8747.77832, "I4AMHV2": 1129.4873, "I4AMHV3": 551.33093, "I4AMCV": 1165.39441, "I4AMTRK": 716.61072, "I4AMAPX": 225.50009, "I4AMVOL": 12536.10156, "I4AMVMT": 1378.97119, "I4AMFFSPD": 58, "AMHRLKCAP": 6000, "AMHRLNCAP": 1200, "I4AMVC": 0.87126, "I4AMVDF": 1.40507, "I4AMSPD": 41.27911, "COMP": 0, "I4MDSOV": 9421.59277, "I4MDHV2": 2341.27075, "I4MDHV3": 2159.20313, "I4MDCV": 2075.00879, "I4MDTRK": 1464.81921, "I4MDAPX": 255.16806, "I4MDVOL": 17717.0625, "I4MDVMT": 1948.87683, "I4MDFFSPD": 58, "MDHRLKCAP": 6000, "MDHRLNCAP": 1200, "I4MDVC": 0.52265, "I4MDVDF": 1.07748, "I4MDSPD": 53.82952, "I4PMSOV": 6714.08789, "I4PMHV2": 2104.10864, "I4PMHV3": 1769.5791, "I4PMCV": 2153.34839, "I4PMTRK": 489.68213, "I4PMAPX": 491.34116, "I4PMVOL": 13722.14648, "I4PMVMT": 1509.43616, "I4PMFFSPD": 58, "PMHRLKCAP": 6000, "PMHRLNCAP": 1200, "I4PMVC": 0.67239, "I4PMVDF": 1.14209, "I4PMSPD": 50.78418, "I4NTSOV": 5280.52295, "I4NTHV2": 1166.03577, "I4NTHV3": 875.21033, "I4NTCV": 905.95093, "I4NTTRK": 406.63629, "I4NTAPX": 99.03, "I4NTVOL": 8733.38574, "I4NTVMT": 960.67242, "I4NTFFSPD": 58, "NTHRLKCAP": 6000, "NTHRLNCAP": 1200, "I4NTVC": 0.21833, "I4NTVDF": 1.0202, "I4NTSPD": 56.85159, "I424VOL": 52708.69531, "TVOL00": 53, "TVMT00": 5.83, "ID": 0, "AADT_2023": 0, "AWDT_2023": 0, "MD210": 0, "CNT2LOADDIF": 0.0, "ABSNCTDIFF": 0.0, "CNT2LOADPCT": 0.0, "ABSPCTDIFF": 0.0, "MD210U": 0, "LOAD1": 52708.69531, "LOAD2": 0.0, "LOADGRW": -52708.69531, "ABSGRW": 52708.69531, "PRCGRW": -1.0, "PRCANLGRW": -4.5454545 }, "geometry": { "type": "LineString", "coordinates": [ [ -77.432787949388342, 38.851502554495205 ], [ -77.432716658454197, 38.853065182667571 ] ] } },
{ "type": "Feature", "properties": { "A": 34658, "B": 35741, "SUBAREA": 0, "FFSNEW": 0, "CPENEW": 0, "CPEFAC": 0, "TIMEPEN": 0, "DISTANCE": 0.14, "SPDCLASS": 43, "CAPCLASS": 43, "JUR": 5, "SCREEN": 0, "FTYPE": 4, "TOLL": 0, "TOLLGRP": 0, "AMLANE": 1, "AMLIMIT": 0, "PMLANE": 1, "PMLIMIT": 0, "OPLANE": 1, "OPLIMIT": 0, "EDGEID": 35700000000, "LINKID": 35418, "NETYEAR": 2001, "SHAPE_LENG": 735.38, "PROJECTID": "VA2001", "TAZ": 1693, "ATYPE": 3, "MDLANE": 1, "MDLIMIT": 0, "NTLANE": 1, "NTLIMIT": 0, "DEFLATIONFT": 0.8011, "AMTOLL": 0.0, "PMTOLL": 0.0, "OPTOLL": 0.0, "AMTOLL_VP": 0.0, "PMTOLL_VP": 0.0, "OPTOLL_VP": 0.0, "AMHTIME": 0.51282, "PMHTIME": 0.51282, "OPHTIME": 0.44351, "MDTOLL": 0.0, "MDTOLL_VP": 0.0, "MDHTIME": 0.44351, "NTTOLL": 0.0, "NTTOLL_VP": 0.0, "NTHTIME": 0.44351, "LINKAB": 3465835741, "TURNPENI": "TURNPEN.PEN", "I4AMSOV": 1013.8208, "I4AMHV2": 153.0009, "I4AMHV3": 79.76609, "I4AMCV": 153.61359, "I4AMTRK": 61.02505, "I4AMAPX": 1.78484, "I4AMVOL": 1463.01135, "I4AMVMT": 204.82158, "I4AMFFSPD": 35, "AMHRLKCAP": 600, "AMHRLNCAP": 600, "I4AMVC": 1.01679, "I4AMVDF": 2.05626, "I4AMSPD": 17.02122, "COMP": 0, "I4MDSOV": 1036.86304, "I4MDHV2": 314.7583, "I4MDHV3": 180.48674, "I4MDCV": 171.84123, "I4MDTRK": 68.32238, "I4MDAPX": 1.58, "I4MDVOL": 1773.85168, "I4MDVMT": 248.33923, "I4MDFFSPD": 35, "MDHRLKCAP": 600, "MDHRLNCAP": 600, "I4MDVC": 0.52329, "I4MDVDF": 1.22163, "I4MDSPD": 28.65027, "I4PMSOV": 1036.87402, "I4PMHV2": 321.12958, "I4PMHV3": 222.17674, "I4PMCV": 204.1512, "I4PMTRK": 32.34142, "I4PMAPX": 38.09645, "I4PMVOL": 1854.76941, "I4PMVMT": 259.66772, "I4PMFFSPD": 35, "PMHRLKCAP": 600, "PMHRLNCAP": 600, "I4PMVC": 0.90884, "I4PMVDF": 1.75842, "I4PMSPD": 19.90425, "I4NTSOV": 1021.45471, "I4NTHV2": 305.95297, "I4NTHV3": 151.09048, "I4NTCV": 80.0945, "I4NTTRK": 15.3, "I4NTAPX": 0.65, "I4NTVOL": 1574.54272, "I4NTVMT": 220.43597, "I4NTFFSPD": 35, "NTHRLKCAP": 600, "NTHRLNCAP": 600, "I4NTVC": 0.39364, "I4NTVDF": 1.13801, "I4NTSPD": 30.75547, "I424VOL": 6666.17529, "TVOL00": 7, "TVMT00": 0.98, "ID": 0, "AADT_2023": 0, "AWDT_2023": 0, "MD210": 0, "CNT2LOADDIF": 0.0, "ABSNCTDIFF": 0.0, "CNT2LOADPCT": 0.0, "ABSPCTDIFF": 0.0, "MD210U": 0, "LOAD1": 6666.17529, "LOAD2": 0.0, "LOADGRW": -6666.17529, "ABSGRW": 6666.17529, "PRCGRW": -1.0, "PRCANLGRW": -4.5454545 }, "geometry": { "type": "LineString", "coordinates": [ [ -77.432787949388342, 38.851502554495205 ], [ -77.430649274978094, 38.852633498171528 ] ] } },
{ "type": "Feature", "properties": { "A": 34658, "B": 35742, "SUBAREA": 0, "FFSNEW": 0, "CPENEW": 0, "CPEFAC": 0, "TIMEPEN": 0, "DISTANCE": 0.13, "SPDCLASS": 52, "CAPCLASS": 52, "JUR": 5, "SCREEN": 0, "FTYPE": 5, "TOLL": 0, "TOLLGRP": 0, "AMLANE": 5, "AMLIMIT": 0, "PMLANE": 5, "PMLIMIT": 0, "OPLANE": 5, "OPLIMIT": 0, "EDGEID": 34700000000, "LINKID": 85655, "NETYEAR": 2021, "SHAPE_LENG": 663.78, "PROJECTID": "VP6EAA", "TAZ": 1696, "ATYPE": 2, "MDLANE": 5, "MDLIMIT": 0, "NTLANE": 5, "NTLIMIT": 0, "DEFLATIONFT": 0.8011, "AMTOLL": 0.0, "PMTOLL": 0.0, "OPTOLL": 0.0, "AMTOLL_VP": 0.0, "PMTOLL_VP": 0.0, "OPTOLL_VP": 0.0, "AMHTIME": 0.29805, "PMHTIME": 0.29805, "OPHTIME": 0.20548, "MDTOLL": 0.0, "MDTOLL_VP": 0.0, "MDHTIME": 0.20548, "NTTOLL": 0.0, "NTTOLL_VP": 0.0, "NTHTIME": 0.20548, "LINKAB": 3465835742, "TURNPENI": "TURNPEN.PEN", "I4AMSOV": 6307.60205, "I4AMHV2": 932.69922, "I4AMHV3": 456.58401, "I4AMCV": 1243.07019, "I4AMTRK": 1049.08655, "I4AMAPX": 158.57358, "I4AMVOL": 10147.61523, "I4AMVMT": 1319.18994, "I4AMFFSPD": 52, "AMHRLKCAP": 6000, "AMHRLNCAP": 1200, "I4AMVC": 0.70526, "I4AMVDF": 1.1621, "I4AMSPD": 44.74652, "COMP": 0, "I4MDSOV": 10835.30371, "I4MDHV2": 2792.8147, "I4MDHV3": 2312.08569, "I4MDCV": 2200.24463, "I4MDTRK": 2335.62329, "I4MDAPX": 242.50246, "I4MDVOL": 20718.57422, "I4MDVMT": 2693.41455, "I4MDFFSPD": 52, "MDHRLKCAP": 6000, "MDHRLNCAP": 1200, "I4MDVC": 0.6112, "I4MDVDF": 1.10905, "I4MDSPD": 46.88711, "I4PMSOV": 13876.07129, "I4PMHV2": 2803.5022, "I4PMHV3": 1589.58691, "I4PMCV": 2188.90747, "I4PMTRK": 691.65393, "I4PMAPX": 694.83075, "I4PMVOL": 21844.55078, "I4PMVMT": 2839.79175, "I4PMFFSPD": 52, "PMHRLKCAP": 6000, "PMHRLNCAP": 1200, "I4PMVC": 1.07038, "I4PMVDF": 2.75028, "I4PMSPD": 18.90714, "I4NTSOV": 10207.7168, "I4NTHV2": 2182.03662, "I4NTHV3": 1372.87781, "I4NTCV": 993.12433, "I4NTTRK": 711.92267, "I4NTAPX": 161.3, "I4NTVOL": 15628.97852, "I4NTVMT": 2031.76721, "I4NTFFSPD": 52, "NTHRLKCAP": 6000, "NTHRLNCAP": 1200, "I4NTVC": 0.39072, "I4NTVDF": 1.04542, "I4NTSPD": 49.74062, "I424VOL": 68339.71875, "TVOL00": 68, "TVMT00": 8.84, "ID": 0, "AADT_2023": 0, "AWDT_2023": 0, "MD210": 0, "CNT2LOADDIF": 0.0, "ABSNCTDIFF": 0.0, "CNT2LOADPCT": 0.0, "ABSPCTDIFF": 0.0, "MD210U": 0, "LOAD1": 68339.71875, "LOAD2": 0.0, "LOADGRW": -68339.71875, "ABSGRW": 68339.71875, "PRCGRW": -1.0, "PRCANLGRW": -4.5454545 }, "geometry": { "type": "LineString", "coordinates": [ [ -77.432787949388342, 38.851502554495205 ], [ -77.43288927370854, 38.84968170858302 ] ] } },
{ "type": "Feature", "properties": { "A": 34658, "B": 35743, "SUBAREA": 0, "FFSNEW": 0, "CPENEW": 0, "CPEFAC": 0, "TIMEPEN": 0, "DISTANCE": 0.07, "SPDCLASS": 32, "CAPCLASS": 32, "JUR": 5, "SCREEN": 0, "FTYPE": 3, "TOLL": 0, "TOLLGRP": 0, "AMLANE": 1, "AMLIMIT": 0, "PMLANE": 1, "PMLIMIT": 0, "OPLANE": 1, "OPLIMIT": 0, "EDGEID": 34700000000, "LINKID": 74123, "NETYEAR": 2001, "SHAPE_LENG": 369.68, "PROJECTID": "FFX2001", "TAZ": 1696, "ATYPE": 2, "MDLANE": 1, "MDLIMIT": 0, "NTLANE": 1, "NTLIMIT": 0, "DEFLATIONFT": 0.8011, "AMTOLL": 0.0, "PMTOLL": 0.0, "OPTOLL": 0.0, "AMTOLL_VP": 0.0, "PMTOLL_VP": 0.0, "OPTOLL_VP": 0.0, "AMHTIME": 0.30479, "PMHTIME": 0.30479, "OPHTIME": 0.24419, "MDTOLL": 0.0, "MDTOLL_VP": 0.0, "MDHTIME": 0.24419, "NTTOLL": 0.0, "NTTOLL_VP": 0.0, "NTHTIME": 0.24419, "LINKAB": 3465835743, "TURNPENI": "TURNPEN.PEN", "I4AMSOV": 502.69583, "I4AMHV2": 112.98411, "I4AMHV3": 93.81452, "I4AMCV": 135.61244, "I4AMTRK": 95.87799, "I4AMAPX": 3.25063, "I4AMVOL": 944.23553, "I4AMVMT": 66.09649, "I4AMFFSPD": 40, "AMHRLKCAP": 600, "AMHRLNCAP": 600, "I4AMVC": 0.65624, "I4AMVDF": 1.19562, "I4AMSPD": 33.45544, "COMP": 0, "I4MDSOV": 1559.5365, "I4MDHV2": 407.10013, "I4MDHV3": 322.67841, "I4MDCV": 222.077, "I4MDTRK": 196.79593, "I4MDAPX": 4.43, "I4MDVOL": 2712.61792, "I4MDVMT": 189.88326, "I4MDFFSPD": 40, "MDHRLKCAP": 600, "MDHRLNCAP": 600, "I4MDVC": 0.80022, "I4MDVDF": 1.3525, "I4MDSPD": 29.57476, "I4PMSOV": 1461.74365, "I4PMHV2": 331.03146, "I4PMHV3": 105.07647, "I4PMCV": 113.02447, "I4PMTRK": 38.58849, "I4PMAPX": 40.13361, "I4PMVOL": 2089.59814, "I4PMVMT": 146.27188, "I4PMFFSPD": 40, "PMHRLKCAP": 600, "PMHRLNCAP": 600, "I4PMVC": 1.0239, "I4PMVDF": 2.1623, "I4PMSPD": 18.4988, "I4NTSOV": 2074.84863, "I4NTHV2": 417.28821, "I4NTHV3": 283.37225, "I4NTCV": 85.26422, "I4NTTRK": 37.80421, "I4NTAPX": 1.79187, "I4NTVOL": 2900.36938, "I4NTVMT": 203.02586, "I4NTFFSPD": 40, "NTHRLKCAP": 600, "NTHRLNCAP": 600, "I4NTVC": 0.72509, "I4NTVDF": 1.25911, "I4NTSPD": 31.76836, "I424VOL": 8646.82129, "TVOL00": 9, "TVMT00": 0.63, "ID": 0, "AADT_2023": 0, "AWDT_2023": 0, "MD210": 0, "CNT2LOADDIF": 0.0, "ABSNCTDIFF": 0.0, "CNT2LOADPCT": 0.0, "ABSPCTDIFF": 0.0, "MD210U": 0, "LOAD1": 8646.82129, "LOAD2": 0.0, "LOADGRW": -8646.82129, "ABSGRW": 8646.82129, "PRCGRW": -1.0, "PRCANLGRW": -4.5454545 }, "geometry": { "type": "LineString", "coordinates": [ [ -77.432787949388342, 38.851502554495205 ], [ -77.434057814309909, 38.851291904417671 ] ] } },
{ "type": "Feature", "properties": { "A": 35172, "B": 1672, "SUBAREA": 0, "FFSNEW": 0, "CPENEW": 0, "CPEFAC": 0, "TIMEPEN": 0, "DISTANCE": 0.51, "SPDCLASS": 3, "CAPCLASS": 3, "JUR": 5, "SCREEN": 0, "FTYPE": 0, "TOLL": 0, "TOLLGRP": 0, "AMLANE": 7, "AMLIMIT": 0, "PMLANE": 7, "PMLIMIT": 0, "OPLANE": 7, "OPLIMIT": 0, "EDGEID": 35200000000, "LINKID": 4519, "NETYEAR": 2001, "SHAPE_LENG": 2696.38, "PROJECTID": "NA", "TAZ": 1672, "ATYPE": 3, "MDLANE": 7, "MDLIMIT": 0, "NTLANE": 7, "NTLIMIT": 0, "DEFLATIONFT": 0.8011, "AMTOLL": 0.0, "PMTOLL": 0.0, "OPTOLL": 0.0, "AMTOLL_VP": 0.0, "PMTOLL_VP": 0.0, "OPTOLL_VP": 0.0, "AMHTIME": 1.53, "PMHTIME": 1.53, "OPHTIME": 1.53, "MDTOLL": 0.0, "MDTOLL_VP": 0.0, "MDHTIME": 1.53, "NTTOLL": 0.0, "NTTOLL_VP": 0.0, "NTHTIME": 1.53, "LINKAB": 3517201672, "TURNPENI": "TURNPEN.PEN", "I4AMSOV": 0.0, "I4AMHV2": 0.0, "I4AMHV3": 0.0, "I4AMCV": 0.0, "I4AMTRK": 0.0, "I4AMAPX": 0.0, "I4AMVOL": 0.0, "I4AMVMT": 0.0, "I4AMFFSPD": 23, "AMHRLKCAP": 22050, "AMHRLNCAP": 3150, "I4AMVC": 0.0, "I4AMVDF": 1.0, "I4AMSPD": 23.0, "COMP": 0, "I4MDSOV": 0.0, "I4MDHV2": 0.0, "I4MDHV3": 0.0, "I4MDCV": 0.0, "I4MDTRK": 0.0, "I4MDAPX": 0.0, "I4MDVOL": 0.0, "I4MDVMT": 0.0, "I4MDFFSPD": 23, "MDHRLKCAP": 22050, "MDHRLNCAP": 3150, "I4MDVC": 0.0, "I4MDVDF": 1.0, "I4MDSPD": 23.0, "I4PMSOV": 0.0, "I4PMHV2": 0.0, "I4PMHV3": 0.0, "I4PMCV": 0.0, "I4PMTRK": 0.0, "I4PMAPX": 0.0, "I4PMVOL": 0.0, "I4PMVMT": 0.0, "I4PMFFSPD": 23, "PMHRLKCAP": 22050, "PMHRLNCAP": 3150, "I4PMVC": 0.0, "I4PMVDF": 1.0, "I4PMSPD": 23.0, "I4NTSOV": 0.0, "I4NTHV2": 0.0, "I4NTHV3": 0.0, "I4NTCV": 0.0, "I4NTTRK": 0.0, "I4NTAPX": 0.0, "I4NTVOL": 0.0, "I4NTVMT": 0.0, "I4NTFFSPD": 23, "NTHRLKCAP": 22050, "NTHRLNCAP": 3150, "I4NTVC": 0.0, "I4NTVDF": 1.0, "I4NTSPD": 23.0, "I424VOL": 0.0, "TVOL00": 0, "TVMT00": 0.0, "ID": 0, "AADT_2023": 0, "AWDT_2023": 0, "MD210": 0, "CNT2LOADDIF": 0.0, "ABSNCTDIFF": 0.0, "CNT2LOADPCT": 0.0, "ABSPCTDIFF": 0.0, "MD210U": 0, "LOAD1": 0.0, "LOAD2": 0.0, "LOADGRW": -0.0, "ABSGRW": 0.0, "PRCGRW": -1.0, "PRCANLGRW": -4.5454545 }, "geometry": { "type": "LineString", "coordinates": [ [ -77.417248229521917, 38.904102612975159 ], [ -77.420992710079574, 38.897301606747156 ] ] } },
{ "type": "Feature", "properties": { "A": 35312, "B": 36390, "SUBAREA": 0, "FFSNEW": 0, "CPENEW": 0, "CPEFAC": 0, "TIMEPEN": 0, "DISTANCE": 0.22, "SPDCLASS": 43, "CAPCLASS": 43, "JUR": 5, "SCREEN": 0, "FTYPE": 4, "TOLL": 0, "TOLLGRP": 0, "AMLANE": 1, "AMLIMIT": 0, "PMLANE": 1, "PMLIMIT": 0, "OPLANE": 1, "OPLIMIT": 0, "EDGEID": 36400000000, "LINKID": 68077, "NETYEAR": 2001, "SHAPE_LENG": 1184.1, "PROJECTID": "NEWTAZ", "TAZ": 2124, "ATYPE": 3, "MDLANE": 1, "MDLIMIT": 0, "NTLANE": 1, "NTLIMIT": 0, "DEFLATIONFT": 0.8011, "AMTOLL": 0.0, "PMTOLL": 0.0, "OPTOLL": 0.0, "AMTOLL_VP": 0.0, "PMTOLL_VP": 0.0, "OPTOLL_VP": 0.0, "AMHTIME": 0.80586, "PMHTIME": 0.80586, "OPHTIME": 0.69694, "MDTOLL": 0.0, "MDTOLL_VP": 0.0, "MDHTIME": 0.69694, "NTTOLL": 0.0, "NTTOLL_VP": 0.0, "NTHTIME": 0.69694, "LINKAB": 3531236390, "TURNPENI": "TURNPEN.PEN", "I4AMSOV": 774.59052, "I4AMHV2": 87.31834, "I4AMHV3": 19.07292, "I4AMCV": 47.3049, "I4AMTRK": 2.31652, "I4AMAPX": 0.02, "I4AMVOL": 930.62323, "I4AMVMT": 204.73711, "I4AMFFSPD": 35, "AMHRLKCAP": 600, "AMHRLNCAP": 600, "I4AMVC": 0.64678, "I4AMVDF": 1.33306, "I4AMSPD": 26.25542, "COMP": 0, "I4MDSOV": 391.87167, "I4MDHV2": 78.31625, "I4MDHV3": 21.60441, "I4MDCV": 41.9706, "I4MDTRK": 2.41805, "I4MDAPX": 0.04, "I4MDVOL": 536.22101, "I4MDVMT": 117.96862, "I4MDFFSPD": 35, "MDHRLKCAP": 600, "MDHRLNCAP": 600, "I4MDVC": 0.15819, "I4MDVDF": 1.04304, "I4MDSPD": 33.55584, "I4PMSOV": 277.15405, "I4PMHV2": 85.86611, "I4PMHV3": 35.1686, "I4PMCV": 86.57011, "I4PMTRK": 1.78811, "I4PMAPX": 1.59394, "I4PMVOL": 488.14093, "I4PMVMT": 107.391, "I4PMFFSPD": 35, "PMHRLKCAP": 600, "PMHRLNCAP": 600, "I4PMVC": 0.23919, "I4PMVDF": 1.07089, "I4PMSPD": 32.68304, "I4NTSOV": 7.73, "I4NTHV2": 1.21, "I4NTHV3": 0.19, "I4NTCV": 0.49, "I4NTTRK": 0.0, "I4NTAPX": 0.01, "I4NTVOL": 9.63, "I4NTVMT": 2.1186, "I4NTFFSPD": 35, "NTHRLKCAP": 600, "NTHRLNCAP": 600, "I4NTVC": 0.00241, "I4NTVDF": 1.0006, "I4NTSPD": 34.97895, "I424VOL": 1964.61511, "TVOL00": 2, "TVMT00": 0.44, "ID": 0, "AADT_2023": 0, "AWDT_2023": 0, "MD210": 0, "CNT2LOADDIF": 0.0, "ABSNCTDIFF": 0.0, "CNT2LOADPCT": 0.0, "ABSPCTDIFF": 0.0, "MD210U": 0, "LOAD1": 1964.61511, "LOAD2": 79.91, "LOADGRW": -1884.70508, "ABSGRW": 1884.70508, "PRCGRW": -0.9593254, "PRCANLGRW": -4.36057 }, "geometry": { "type": "LineString", "coordinates": [ [ -77.21375810605619, 38.750481340729209 ], [ -77.211623482611074, 38.750605508490132 ], [ -77.210872032792338, 38.750606870066456 ], [ -77.209744882154212, 38.751051524426039 ] ] } },
{ "type": "Feature", "properties": { "A": 35612, "B": 35613, "SUBAREA": 0, "FFSNEW": 0, "CPENEW": 0, "CPEFAC": 0, "TIMEPEN": 0, "DISTANCE": 0.01, "SPDCLASS": 13, "CAPCLASS": 13, "JUR": 5, "SCREEN": 0, "FTYPE": 1, "TOLL": 0, "TOLLGRP": 0, "AMLANE": 2, "AMLIMIT": 0, "PMLANE": 2, "PMLIMIT": 0, "OPLANE": 2, "OPLIMIT": 0, "EDGEID": 35600000000, "LINKID": 77259, "NETYEAR": 2013, "SHAPE_LENG": 10.77, "PROJECTID": "NA", "TAZ": 1872, "ATYPE": 3, "MDLANE": 2, "MDLIMIT": 0, "NTLANE": 2, "NTLIMIT": 0, "DEFLATIONFT": 0.8011, "AMTOLL": 0.0, "PMTOLL": 0.0, "OPTOLL": 0.0, "AMTOLL_VP": 0.0, "PMTOLL_VP": 0.0, "OPTOLL_VP": 0.0, "AMHTIME": 0.01487, "PMHTIME": 0.01487, "OPHTIME": 0.01144, "MDTOLL": 0.0, "MDTOLL_VP": 0.0, "MDHTIME": 0.01144, "NTTOLL": 0.0, "NTTOLL_VP": 0.0, "NTHTIME": 0.01144, "LINKAB": 3561235613, "TURNPENI": "TURNPEN.PEN", "I4AMSOV": 2093.84863, "I4AMHV2": 1014.58514, "I4AMHV3": 602.10547, "I4AMCV": 348.34177, "I4AMTRK": 0.0, "I4AMAPX": 15.15129, "I4AMVOL": 4074.03223, "I4AMVMT": 40.74032, "I4AMFFSPD": 69, "AMHRLKCAP": 4000, "AMHRLNCAP": 2000, "I4AMVC": 0.42472, "I4AMVDF": 1.02672, "I4AMSPD": 67.20437, "COMP": 0, "I4MDSOV": 1646.93469, "I4MDHV2": 259.7027, "I4MDHV3": 2850.8501, "I4MDCV": 998.78149, "I4MDTRK": 0.0, "I4MDAPX": 77.05909, "I4MDVOL": 5833.32813, "I4MDVMT": 58.33328, "I4MDFFSPD": 69, "MDHRLKCAP": 4000, "MDHRLNCAP": 2000, "I4MDVC": 0.25812, "I4MDVDF": 1.01249, "I4MDSPD": 68.14899, "I4PMSOV": 1331.75708, "I4PMHV2": 2254.94434, "I4PMHV3": 1710.62573, "I4PMCV": 1168.60266, "I4PMTRK": 0.0, "I4PMAPX": 635.99365, "I4PMVOL": 7101.92383, "I4PMVMT": 71.01923, "I4PMFFSPD": 69, "PMHRLKCAP": 4000, "PMHRLNCAP": 2000, "I4PMVC": 0.52199, "I4PMVDF": 1.03896, "I4PMSPD": 66.41267, "I4NTSOV": 1220.73853, "I4NTHV2": 64.61449, "I4NTHV3": 1410.41687, "I4NTCV": 312.66901, "I4NTTRK": 0.0, "I4NTAPX": 21.00123, "I4NTVOL": 3029.44019, "I4NTVMT": 30.2944, "I4NTFFSPD": 69, "NTHRLKCAP": 4000, "NTHRLNCAP": 2000, "I4NTVC": 0.1136, "I4NTVDF": 1.00468, "I4NTSPD": 68.67857, "I424VOL": 20038.72461, "TVOL00": 20, "TVMT00": 0.2, "ID": 0, "AADT_2023": 0, "AWDT_2023": 0, "MD210": 0, "CNT2LOADDIF": 0.0, "ABSNCTDIFF": 0.0, "CNT2LOADPCT": 0.0, "ABSPCTDIFF": 0.0, "MD210U": 0, "LOAD1": 20038.72461, "LOAD2": 0.0, "LOADGRW": -20038.72461, "ABSGRW": 20038.72461, "PRCGRW": -1.0, "PRCANLGRW": -4.5454545 }, "geometry": { "type": "LineString", "coordinates": [ [ -77.202876742122513, 38.945404704904817 ], [ -77.202852067412181, 38.945382781830887 ] ] } },
{ "type": "Feature", "properties": { "A": 35614, "B": 35615, "SUBAREA": 0, "FFSNEW": 0, "CPENEW": 0, "CPEFAC": 0, "TIMEPEN": 0, "DISTANCE": 0.01, "SPDCLASS": 13, "CAPCLASS": 13, "JUR": 5, "SCREEN": 0, "FTYPE": 1, "TOLL": 0, "TOLLGRP": 0, "AMLANE": 2, "AMLIMIT": 0, "PMLANE": 2, "PMLIMIT": 0, "OPLANE": 2, "OPLIMIT": 0, "EDGEID": 35600000000, "LINKID": 39731, "NETYEAR": 2013, "SHAPE_LENG": 29.7, "PROJECTID": "NA", "TAZ": 1872, "ATYPE": 3, "MDLANE": 2, "MDLIMIT": 0, "NTLANE": 2, "NTLIMIT": 0, "DEFLATIONFT": 0.8011, "AMTOLL": 0.0, "PMTOLL": 0.0, "OPTOLL": 0.0, "AMTOLL_VP": 0.0, "PMTOLL_VP": 0.0, "OPTOLL_VP": 0.0, "AMHTIME": 0.01487, "PMHTIME": 0.01487, "OPHTIME": 0.01144, "MDTOLL": 0.0, "MDTOLL_VP": 0.0, "MDHTIME": 0.01144, "NTTOLL": 0.0, "NTTOLL_VP": 0.0, "NTHTIME": 0.01144, "LINKAB": 3561435615, "TURNPENI": "TURNPEN.PEN", "I4AMSOV": 3335.13379, "I4AMHV2": 1373.14636, "I4AMHV3": 387.78281, "I4AMCV": 618.55017, "I4AMTRK": 0.0, "I4AMAPX": 16.02149, "I4AMVOL": 5730.63477, "I4AMVMT": 57.30635, "I4AMFFSPD": 69, "AMHRLKCAP": 4000, "AMHRLNCAP": 2000, "I4AMVC": 0.59742, "I4AMVDF": 1.05254, "I4AMSPD": 65.55599, "COMP": 0, "I4MDSOV": 5020.23779, "I4MDHV2": 869.448, "I4MDHV3": 2887.78418, "I4MDCV": 1101.19373, "I4MDTRK": 0.0, "I4MDAPX": 61.1752, "I4MDVOL": 9939.83887, "I4MDVMT": 99.39839, "I4MDFFSPD": 69, "MDHRLKCAP": 4000, "MDHRLNCAP": 2000, "I4MDVC": 0.43984, "I4MDVDF": 1.02838, "I4MDSPD": 67.09568, "I4PMSOV": 6769.22852, "I4PMHV2": 843.87836, "I4PMHV3": 1403.76794, "I4PMCV": 847.3299, "I4PMTRK": 0.0, "I4PMAPX": 77.3848, "I4PMVOL": 9941.58887, "I4PMVMT": 99.41589, "I4PMFFSPD": 69, "PMHRLKCAP": 4000, "PMHRLNCAP": 2000, "I4PMVC": 0.73071, "I4PMVDF": 1.0992, "I4PMSPD": 62.77317, "I4NTSOV": 5370.08398, "I4NTHV2": 658.91864, "I4NTHV3": 1479.52405, "I4NTCV": 580.06781, "I4NTTRK": 0.0, "I4NTAPX": 34.82195, "I4NTVOL": 8123.4165, "I4NTVMT": 81.23416, "I4NTFFSPD": 69, "NTHRLKCAP": 4000, "NTHRLNCAP": 2000, "I4NTVC": 0.30463, "I4NTVDF": 1.01542, "I4NTSPD": 67.95241, "I424VOL": 33735.48047, "TVOL00": 34, "TVMT00": 0.34, "ID": 0, "AADT_2023": 0, "AWDT_2023": 0, "MD210": 0, "CNT2LOADDIF": 0.0, "ABSNCTDIFF": 0.0, "CNT2LOADPCT": 0.0, "ABSPCTDIFF": 0.0, "MD210U": 0, "LOAD1": 33735.48047, "LOAD2": 0.0, "LOADGRW": -33735.48047, "ABSGRW": 33735.48047, "PRCGRW": -1.0, "PRCANLGRW": -4.5454545 }, "geometry": { "type": "LineString", "coordinates": [ [ -77.202581536088474, 38.945454640118783 ], [ -77.202507863210855, 38.945512428237848 ] ] } },
{ "type": "Feature", "properties": { "A": 35740, "B": 34658, "SUBAREA": 0, "FFSNEW": 0, "CPENEW": 0, "CPEFAC": 0, "TIMEPEN": 0, "DISTANCE": 0.11, "SPDCLASS": 53, "CAPCLASS": 53, "JUR": 5, "SCREEN": 0, "FTYPE": 5, "TOLL": 0, "TOLLGRP": 0, "AMLANE": 5, "AMLIMIT": 0, "PMLANE": 5, "PMLIMIT": 0, "OPLANE": 5, "OPLIMIT": 0, "EDGEID": 34700000000, "LINKID": 85652, "NETYEAR": 2021, "SHAPE_LENG": 569.41, "PROJECTID": "VP6EAA", "TAZ": 1693, "ATYPE": 3, "MDLANE": 5, "MDLIMIT": 0, "NTLANE": 5, "NTLIMIT": 0, "DEFLATIONFT": 0.8011, "AMTOLL": 0.0, "PMTOLL": 0.0, "OPTOLL": 0.0, "AMTOLL_VP": 0.0, "PMTOLL_VP": 0.0, "OPTOLL_VP": 0.0, "AMHTIME": 0.21753, "PMHTIME": 0.21753, "OPHTIME": 0.16157, "MDTOLL": 0.0, "MDTOLL_VP": 0.0, "MDHTIME": 0.16157, "NTTOLL": 0.0, "NTTOLL_VP": 0.0, "NTHTIME": 0.16157, "LINKAB": 3574034658, "TURNPENI": "TURNPEN.PEN", "I4AMSOV": 4628.49951, "I4AMHV2": 769.42358, "I4AMHV3": 371.91437, "I4AMCV": 1154.7157, "I4AMTRK": 991.63623, "I4AMAPX": 159.48357, "I4AMVOL": 8075.67285, "I4AMVMT": 888.32397, "I4AMFFSPD": 58, "AMHRLKCAP": 6000, "AMHRLNCAP": 1200, "I4AMVC": 0.56126, "I4AMVDF": 1.09022, "I4AMSPD": 53.20049, "COMP": 0, "I4MDSOV": 8759.63379, "I4MDHV2": 2322.5481, "I4MDHV3": 2021.47693, "I4MDCV": 1982.85083, "I4MDTRK": 2155.14136, "I4MDAPX": 239.80501, "I4MDVOL": 17481.45508, "I4MDVMT": 1922.96008, "I4MDFFSPD": 58, "MDHRLKCAP": 6000, "MDHRLNCAP": 1200, "I4MDVC": 0.5157, "I4MDVDF": 1.07518, "I4MDSPD": 53.94436, "I4PMSOV": 11904.44238, "I4PMHV2": 2220.43262, "I4PMHV3": 1312.00891, "I4PMCV": 1887.51868, "I4PMTRK": 616.53693, "I4PMAPX": 620.34662, "I4PMVOL": 18561.28711, "I4PMVMT": 2041.74146, "I4PMFFSPD": 58, "PMHRLKCAP": 6000, "PMHRLNCAP": 1200, "I4PMVC": 0.9095, "I4PMVDF": 1.51675, "I4PMSPD": 38.23975, "I4NTSOV": 8793.21191, "I4NTHV2": 1849.45093, "I4NTHV3": 1155.32043, "I4NTCV": 903.55579, "I4NTTRK": 672.83881, "I4NTAPX": 160.13766, "I4NTVOL": 13534.51563, "I4NTVMT": 1488.79675, "I4NTFFSPD": 58, "NTHRLKCAP": 6000, "NTHRLNCAP": 1200, "I4NTVC": 0.33836, "I4NTVDF": 1.03652, "I4NTSPD": 55.95638, "I424VOL": 57652.92969, "TVOL00": 58, "TVMT00": 6.38, "ID": 0, "AADT_2023": 0, "AWDT_2023": 0, "MD210": 0, "CNT2LOADDIF": 0.0, "ABSNCTDIFF": 0.0, "CNT2LOADPCT": 0.0, "ABSPCTDIFF": 0.0, "MD210U": 0, "LOAD1": 57652.92969, "LOAD2": 0.0, "LOADGRW": -57652.92969, "ABSGRW": 57652.92969, "PRCGRW": -1.0, "PRCANLGRW": -4.5454545 }, "geometry": { "type": "LineString", "coordinates": [ [ -77.432716658454197, 38.853065182667571 ], [ -77.432787949388342, 38.851502554495205 ] ] } },
{ "type": "Feature", "properties": { "A": 35741, "B": 34658, "SUBAREA": 0, "FFSNEW": 0, "CPENEW": 0, "CPEFAC": 0, "TIMEPEN": 0, "DISTANCE": 0.14, "SPDCLASS": 43, "CAPCLASS": 43, "JUR": 5, "SCREEN": 0, "FTYPE": 4, "TOLL": 0, "TOLLGRP": 0, "AMLANE": 1, "AMLIMIT": 0, "PMLANE": 1, "PMLIMIT": 0, "OPLANE": 1, "OPLIMIT": 0, "EDGEID": 35700000000, "LINKID": 35417, "NETYEAR": 2001, "SHAPE_LENG": 735.38, "PROJECTID": "VA2001", "TAZ": 1693, "ATYPE": 3, "MDLANE": 1, "MDLIMIT": 0, "NTLANE": 1, "NTLIMIT": 0, "DEFLATIONFT": 0.8011, "AMTOLL": 0.0, "PMTOLL": 0.0, "OPTOLL": 0.0, "AMTOLL_VP": 0.0, "PMTOLL_VP": 0.0, "OPTOLL_VP": 0.0, "AMHTIME": 0.51282, "PMHTIME": 0.51282, "OPHTIME": 0.44351, "MDTOLL": 0.0, "MDTOLL_VP": 0.0, "MDHTIME": 0.44351, "NTTOLL": 0.0, "NTTOLL_VP": 0.0, "NTHTIME": 0.44351, "LINKAB": 3574134658, "TURNPENI": "TURNPEN.PEN", "I4AMSOV": 852.94702, "I4AMHV2": 135.87825, "I4AMHV3": 66.64622, "I4AMCV": 85.8358, "I4AMTRK": 81.64169, "I4AMAPX": 0.91, "I4AMVOL": 1223.85901, "I4AMVMT": 171.34026, "I4AMFFSPD": 35, "AMHRLKCAP": 600, "AMHRLNCAP": 600, "I4AMVC": 0.85058, "I4AMVDF": 1.63715, "I4AMSPD": 21.37858, "COMP": 0, "I4MDSOV": 1230.31836, "I4MDHV2": 355.66995, "I4MDHV3": 184.29378, "I4MDCV": 117.62822, "I4MDTRK": 143.82057, "I4MDAPX": 1.44, "I4MDVOL": 2033.1709, "I4MDVMT": 284.64392, "I4MDFFSPD": 35, "MDHRLKCAP": 600, "MDHRLNCAP": 600, "I4MDVC": 0.59979, "I4MDVDF": 1.28283, "I4MDSPD": 27.28346, "I4PMSOV": 1586.56982, "I4PMHV2": 431.38174, "I4PMHV3": 235.06804, "I4PMCV": 181.32857, "I4PMTRK": 69.06339, "I4PMAPX": 64.47114, "I4PMVOL": 2567.88281, "I4PMVMT": 359.50357, "I4PMFFSPD": 35, "PMHRLKCAP": 600, "PMHRLNCAP": 600, "I4PMVC": 1.25826, "I4PMVDF": 3.00093, "I4PMSPD": 11.66305, "I4NTSOV": 792.51599, "I4NTHV2": 253.51083, "I4NTHV3": 132.44838, "I4NTCV": 43.08722, "I4NTTRK": 31.20361, "I4NTAPX": 0.59, "I4NTVOL": 1253.35596, "I4NTVMT": 175.46983, "I4NTFFSPD": 35, "NTHRLKCAP": 600, "NTHRLNCAP": 600, "I4NTVC": 0.31334, "I4NTVDF": 1.10027, "I4NTSPD": 31.81039, "I424VOL": 7078.26855, "TVOL00": 7, "TVMT00": 0.98, "ID": 0, "AADT_2023": 0, "AWDT_2023": 0, "MD210": 0, "CNT2LOADDIF": 0.0, "ABSNCTDIFF": 0.0, "CNT2LOADPCT": 0.0, "ABSPCTDIFF": 0.0, "MD210U": 0, "LOAD1": 7078.26855, "LOAD2": 0.0, "LOADGRW": -7078.26855, "ABSGRW": 7078.26855, "PRCGRW": -1.0, "PRCANLGRW": -4.5454545 }, "geometry": { "type": "LineString", "coordinates": [ [ -77.430649274978094, 38.852633498171528 ], [ -77.432787949388342, 38.851502554495205 ] ] } },
{ "type": "Feature", "properties": { "A": 35742, "B": 34658, "SUBAREA": 0, "FFSNEW": 0, "CPENEW": 0, "CPEFAC": 0, "TIMEPEN": 0, "DISTANCE": 0.13, "SPDCLASS": 52, "CAPCLASS": 52, "JUR": 5, "SCREEN": 0, "FTYPE": 5, "TOLL": 0, "TOLLGRP": 0, "AMLANE": 5, "AMLIMIT": 0, "PMLANE": 5, "PMLIMIT": 0, "OPLANE": 5, "OPLIMIT": 0, "EDGEID": 34700000000, "LINKID": 85656, "NETYEAR": 2021, "SHAPE_LENG": 663.78, "PROJECTID": "VP6EAA", "TAZ": 1696, "ATYPE": 2, "MDLANE": 5, "MDLIMIT": 0, "NTLANE": 5, "NTLIMIT": 0, "DEFLATIONFT": 0.8011, "AMTOLL": 0.0, "PMTOLL": 0.0, "OPTOLL": 0.0, "AMTOLL_VP": 0.0, "PMTOLL_VP": 0.0, "OPTOLL_VP": 0.0, "AMHTIME": 0.29805, "PMHTIME": 0.29805, "OPHTIME": 0.20548, "MDTOLL": 0.0, "MDTOLL_VP": 0.0, "MDHTIME": 0.20548, "NTTOLL": 0.0, "NTTOLL_VP": 0.0, "NTHTIME": 0.20548, "LINKAB": 3574234658, "TURNPENI": "TURNPEN.PEN", "I4AMSOV": 9897.31641, "I4AMHV2": 1327.05127, "I4AMHV3": 692.53156, "I4AMCV": 1373.9624, "I4AMTRK": 818.61072, "I4AMAPX": 228.71555, "I4AMVOL": 14338.1875, "I4AMVMT": 1863.96436, "I4AMFFSPD": 52, "AMHRLKCAP": 6000, "AMHRLNCAP": 1200, "I4AMVC": 0.9965, "I4AMVDF": 1.98133, "I4AMSPD": 26.24498, "COMP": 0, "I4MDSOV": 11351.85547, "I4MDHV2": 2871.8291, "I4MDHV3": 2566.53223, "I4MDCV": 2334.77563, "I4MDTRK": 1633.84985, "I4MDAPX": 258.29807, "I4MDVOL": 21017.14063, "I4MDVMT": 2732.22827, "I4MDFFSPD": 52, "MDHRLKCAP": 6000, "MDHRLNCAP": 1200, "I4MDVC": 0.62001, "I4MDVDF": 1.1138, "I4MDSPD": 46.68689, "I4PMSOV": 8725.92188, "I4PMHV2": 2583.59863, "I4PMHV3": 2013.08228, "I4PMCV": 2331.33594, "I4PMTRK": 518.75323, "I4PMAPX": 527.73987, "I4PMVOL": 16700.43164, "I4PMVMT": 2171.05615, "I4PMFFSPD": 52, "PMHRLKCAP": 6000, "PMHRLNCAP": 1200, "I4PMVC": 0.81832, "I4PMVDF": 1.29284, "I4PMSPD": 40.2215, "I4NTSOV": 7878.22998, "I4NTHV2": 1724.646, "I4NTHV3": 1224.72253, "I4NTCV": 1006.09967, "I4NTTRK": 436.99051, "I4NTAPX": 100.29187, "I4NTVOL": 12370.98047, "I4NTVMT": 1608.22742, "I4NTFFSPD": 52, "NTHRLKCAP": 6000, "NTHRLNCAP": 1200, "I4NTVC": 0.30927, "I4NTVDF": 1.03158, "I4NTSPD": 50.40828, "I424VOL": 64426.74219, "TVOL00": 64, "TVMT00": 8.32, "ID": 0, "AADT_2023": 0, "AWDT_2023": 0, "MD210": 0, "CNT2LOADDIF": 0.0, "ABSNCTDIFF": 0.0, "CNT2LOADPCT": 0.0, "ABSPCTDIFF": 0.0, "MD210U": 0, "LOAD1": 64426.74219, "LOAD2": 0.0, "LOADGRW": -64426.74219, "ABSGRW": 64426.74219, "PRCGRW": -1.0, "PRCANLGRW": -4.5454545 }, "geometry": { "type": "LineString", "coordinates": [ [ -77.43288927370854, 38.84968170858302 ], [ -77.432787949388342, 38.851502554495205 ] ] } },
{ "type": "Feature", "properties": { "A": 35743, "B": 34658, "SUBAREA": 0, "FFSNEW": 0, "CPENEW": 0, "CPEFAC": 0, "TIMEPEN": 0, "DISTANCE": 0.07, "SPDCLASS": 32, "CAPCLASS": 32, "JUR": 5, "SCREEN": 0, "FTYPE": 3, "TOLL": 0, "TOLLGRP": 0, "AMLANE": 1, "AMLIMIT": 0, "PMLANE": 1, "PMLIMIT": 0, "OPLANE": 1, "OPLIMIT": 0, "EDGEID": 34700000000, "LINKID": 51411, "NETYEAR": 2001, "SHAPE_LENG": 369.68, "PROJECTID": "FFX2001", "TAZ": 1696, "ATYPE": 2, "MDLANE": 1, "MDLIMIT": 0, "NTLANE": 1, "NTLIMIT": 0, "DEFLATIONFT": 0.8011, "AMTOLL": 0.0, "PMTOLL": 0.0, "OPTOLL": 0.0, "AMTOLL_VP": 0.0, "PMTOLL_VP": 0.0, "OPTOLL_VP": 0.0, "AMHTIME": 0.30479, "PMHTIME": 0.30479, "OPHTIME": 0.24419, "MDTOLL": 0.0, "MDTOLL_VP": 0.0, "MDHTIME": 0.24419, "NTTOLL": 0.0, "NTTOLL_VP": 0.0, "NTHTIME": 0.24419, "LINKAB": 3574334658, "TURNPENI": "TURNPEN.PEN", "I4AMSOV": 1193.1344, "I4AMHV2": 95.81834, "I4AMHV3": 50.40339, "I4AMCV": 83.1767, "I4AMTRK": 30.71159, "I4AMAPX": 1.0000000000000001e-05, "I4AMVOL": 1453.24451, "I4AMVMT": 101.72711, "I4AMFFSPD": 40, "AMHRLKCAP": 600, "AMHRLNCAP": 600, "I4AMVC": 1.01, "I4AMVDF": 2.06793, "I4AMSPD": 19.34298, "COMP": 0, "I4MDSOV": 1511.48901, "I4MDHV2": 305.89676, "I4MDHV3": 202.15099, "I4MDCV": 233.91687, "I4MDTRK": 132.7491, "I4MDAPX": 4.13745, "I4MDVOL": 2390.34009, "I4MDVMT": 167.32381, "I4MDFFSPD": 40, "MDHRLKCAP": 600, "MDHRLNCAP": 600, "I4MDVC": 0.70515, "I4MDVDF": 1.23439, "I4MDSPD": 32.40476, "I4PMSOV": 871.84247, "I4PMHV2": 324.35864, "I4PMHV3": 126.26, "I4PMCV": 259.24835, "I4PMTRK": 47.91243, "I4PMAPX": 51.84435, "I4PMVOL": 1681.46631, "I4PMVMT": 117.70264, "I4PMFFSPD": 40, "PMHRLKCAP": 600, "PMHRLNCAP": 600, "I4PMVC": 0.82392, "I4PMVDF": 1.40629, "I4PMSPD": 28.44353, "I4NTSOV": 1120.58508, "I4NTHV2": 243.70578, "I4NTHV3": 170.05952, "I4NTCV": 111.69136, "I4NTTRK": 30.63024, "I4NTAPX": 1.75234, "I4NTVOL": 1678.42432, "I4NTVMT": 117.4897, "I4NTFFSPD": 40, "NTHRLKCAP": 600, "NTHRLNCAP": 600, "I4NTVC": 0.41961, "I4NTVDF": 1.07767, "I4NTSPD": 37.11725, "I424VOL": 7203.4751, "TVOL00": 7, "TVMT00": 0.49, "ID": 0, "AADT_2023": 0, "AWDT_2023": 0, "MD210": 0, "CNT2LOADDIF": 0.0, "ABSNCTDIFF": 0.0, "CNT2LOADPCT": 0.0, "ABSPCTDIFF": 0.0, "MD210U": 0, "LOAD1": 7203.4751, "LOAD2": 0.0, "LOADGRW": -7203.4751, "ABSGRW": 7203.4751, "PRCGRW": -1.0, "PRCANLGRW": -4.5454545 }, "geometry": { "type": "LineString", "coordinates": [ [ -77.434057814309909, 38.851291904417671 ], [ -77.432787949388342, 38.851502554495205 ] ] } },
{ "type": "Feature", "properties": { "A": 36029, "B": 1871, "SUBAREA": 0, "FFSNEW": 0, "CPENEW": 0, "CPEFAC": 0, "TIMEPEN": 0, "DISTANCE": 0.53, "SPDCLASS": 3, "CAPCLASS": 3, "JUR": 5, "SCREEN": 0, "FTYPE": 0, "TOLL": 0, "TOLLGRP": 0, "AMLANE": 7, "AMLIMIT": 0, "PMLANE": 7, "PMLIMIT": 0, "OPLANE": 7, "OPLIMIT": 0, "EDGEID": 36000000000, "LINKID": 8526, "NETYEAR": 2001, "SHAPE_LENG": 2791.57, "PROJECTID": "NA", "TAZ": 1871, "ATYPE": 3, "MDLANE": 7, "MDLIMIT": 0, "NTLANE": 7, "NTLIMIT": 0, "DEFLATIONFT": 0.8011, "AMTOLL": 0.0, "PMTOLL": 0.0, "OPTOLL": 0.0, "AMTOLL_VP": 0.0, "PMTOLL_VP": 0.0, "OPTOLL_VP": 0.0, "AMHTIME": 1.59, "PMHTIME": 1.59, "OPHTIME": 1.59, "MDTOLL": 0.0, "MDTOLL_VP": 0.0, "MDHTIME": 1.59, "NTTOLL": 0.0, "NTTOLL_VP": 0.0, "NTHTIME": 1.59, "LINKAB": 3602901871, "TURNPENI": "TURNPEN.PEN", "I4AMSOV": 0.72371, "I4AMHV2": 0.23783, "I4AMHV3": 0.12, "I4AMCV": 0.26756, "I4AMTRK": 8.0000000000000007e-05, "I4AMAPX": 1.0000000000000001e-05, "I4AMVOL": 1.34919, "I4AMVMT": 0.71507, "I4AMFFSPD": 23, "AMHRLKCAP": 22050, "AMHRLNCAP": 3150, "I4AMVC": 3.0000000000000001e-05, "I4AMVDF": 1.0, "I4AMSPD": 23.0, "COMP": 0, "I4MDSOV": 0.0, "I4MDHV2": 0.0, "I4MDHV3": 0.0, "I4MDCV": 0.0, "I4MDTRK": 0.0, "I4MDAPX": 0.0, "I4MDVOL": 0.0, "I4MDVMT": 0.0, "I4MDFFSPD": 23, "MDHRLKCAP": 22050, "MDHRLNCAP": 3150, "I4MDVC": 0.0, "I4MDVDF": 1.0, "I4MDSPD": 23.0, "I4PMSOV": 0.40821, "I4PMHV2": 0.18679, "I4PMHV3": 0.37, "I4PMCV": 0.11344, "I4PMTRK": 0.0, "I4PMAPX": 0.0, "I4PMVOL": 1.07845, "I4PMVMT": 0.57158, "I4PMFFSPD": 23, "PMHRLKCAP": 22050, "PMHRLNCAP": 3150, "I4PMVC": 1.0000000000000001e-05, "I4PMVDF": 1.0, "I4PMSPD": 23.0, "I4NTSOV": 0.0, "I4NTHV2": 0.0, "I4NTHV3": 0.0, "I4NTCV": 0.0, "I4NTTRK": 0.0, "I4NTAPX": 0.0, "I4NTVOL": 0.0, "I4NTVMT": 0.0, "I4NTFFSPD": 23, "NTHRLKCAP": 22050, "NTHRLNCAP": 3150, "I4NTVC": 0.0, "I4NTVDF": 1.0, "I4NTSPD": 23.0, "I424VOL": 2.42764, "TVOL00": 0, "TVMT00": 0.0, "ID": 0, "AADT_2023": 0, "AWDT_2023": 0, "MD210": 0, "CNT2LOADDIF": 0.0, "ABSNCTDIFF": 0.0, "CNT2LOADPCT": 0.0, "ABSPCTDIFF": 0.0, "MD210U": 0, "LOAD1": 2.42764, "LOAD2": 9.0000000000000006e-05, "LOADGRW": -2.42754, "ABSGRW": 2.42754, "PRCGRW": -0.9999623, "PRCANLGRW": -4.5452833 }, "geometry": { "type": "LineString", "coordinates": [ [ -77.208908397391696, 38.94596244900162 ], [ -77.21338840744346, 38.939609920076975 ], [ -77.213642010892755, 38.939248799328169 ] ] } },
{ "type": "Feature", "properties": { "A": 36031, "B": 1871, "SUBAREA": 0, "FFSNEW": 0, "CPENEW": 0, "CPEFAC": 0, "TIMEPEN": 0, "DISTANCE": 0.64, "SPDCLASS": 3, "CAPCLASS": 3, "JUR": 5, "SCREEN": 0, "FTYPE": 0, "TOLL": 0, "TOLLGRP": 0, "AMLANE": 7, "AMLIMIT": 0, "PMLANE": 7, "PMLIMIT": 0, "OPLANE": 7, "OPLIMIT": 0, "EDGEID": 36000000000, "LINKID": 11985, "NETYEAR": 2001, "SHAPE_LENG": 3384.31, "PROJECTID": "NA", "TAZ": 1871, "ATYPE": 3, "MDLANE": 7, "MDLIMIT": 0, "NTLANE": 7, "NTLIMIT": 0, "DEFLATIONFT": 0.8011, "AMTOLL": 0.0, "PMTOLL": 0.0, "OPTOLL": 0.0, "AMTOLL_VP": 0.0, "PMTOLL_VP": 0.0, "OPTOLL_VP": 0.0, "AMHTIME": 1.92, "PMHTIME": 1.92, "OPHTIME": 1.92, "MDTOLL": 0.0, "MDTOLL_VP": 0.0, "MDHTIME": 1.92, "NTTOLL": 0.0, "NTTOLL_VP": 0.0, "NTHTIME": 1.92, "LINKAB": 3603101871, "TURNPENI": "TURNPEN.PEN", "I4AMSOV": 0.00055, "I4AMHV2": 0.00015, "I4AMHV3": 0.0, "I4AMCV": 0.00034, "I4AMTRK": 0.00027, "I4AMAPX": 0.0, "I4AMVOL": 0.00131, "I4AMVMT": 0.00084, "I4AMFFSPD": 23, "AMHRLKCAP": 22050, "AMHRLNCAP": 3150, "I4AMVC": 0.0, "I4AMVDF": 1.0, "I4AMSPD": 23.0, "COMP": 0, "I4MDSOV": 0.0, "I4MDHV2": 0.0, "I4MDHV3": 0.0, "I4MDCV": 0.0, "I4MDTRK": 0.0, "I4MDAPX": 0.0, "I4MDVOL": 0.0, "I4MDVMT": 0.0, "I4MDFFSPD": 23, "MDHRLKCAP": 22050, "MDHRLNCAP": 3150, "I4MDVC": 0.0, "I4MDVDF": 1.0, "I4MDSPD": 23.0, "I4PMSOV": 0.0, "I4PMHV2": 0.0, "I4PMHV3": 0.0, "I4PMCV": 0.0, "I4PMTRK": 0.0, "I4PMAPX": 0.0, "I4PMVOL": 0.0, "I4PMVMT": 0.0, "I4PMFFSPD": 23, "PMHRLKCAP": 22050, "PMHRLNCAP": 3150, "I4PMVC": 0.0, "I4PMVDF": 1.0, "I4PMSPD": 23.0, "I4NTSOV": 0.0, "I4NTHV2": 0.0, "I4NTHV3": 0.0, "I4NTCV": 0.0, "I4NTTRK": 0.0, "I4NTAPX": 0.0, "I4NTVOL": 0.0, "I4NTVMT": 0.0, "I4NTFFSPD": 23, "NTHRLKCAP": 22050, "NTHRLNCAP": 3150, "I4NTVC": 0.0, "I4NTVDF": 1.0, "I4NTSPD": 23.0, "I424VOL": 0.00131, "TVOL00": 0, "TVMT00": 0.0, "ID": 0, "AADT_2023": 0, "AWDT_2023": 0, "MD210": 0, "CNT2LOADDIF": 0.0, "ABSNCTDIFF": 0.0, "CNT2LOADPCT": 0.0, "ABSPCTDIFF": 0.0, "MD210U": 0, "LOAD1": 0.00131, "LOAD2": 0.0, "LOADGRW": -0.00131, "ABSGRW": 0.00131, "PRCGRW": -0.9999475, "PRCANLGRW": -4.5452161 }, "geometry": { "type": "LineString", "coordinates": [ [ -77.225316434292182, 38.941041813421272 ], [ -77.213642010892755, 38.939248799328169 ] ] } },
{ "type": "Feature", "properties": { "A": 36189, "B": 1999, "SUBAREA": 0, "FFSNEW": 0, "CPENEW": 0, "CPEFAC": 0, "TIMEPEN": 0, "DISTANCE": 0.4, "SPDCLASS": 3, "CAPCLASS": 3, "JUR": 5, "SCREEN": 0, "FTYPE": 0, "TOLL": 0, "TOLLGRP": 0, "AMLANE": 7, "AMLIMIT": 0, "PMLANE": 7, "PMLIMIT": 0, "OPLANE": 7, "OPLIMIT": 0, "EDGEID": 36200000000, "LINKID": 10402, "NETYEAR": 2001, "SHAPE_LENG": 2103.26, "PROJECTID": "NA", "TAZ": 1999, "ATYPE": 3, "MDLANE": 7, "MDLIMIT": 0, "NTLANE": 7, "NTLIMIT": 0, "DEFLATIONFT": 0.8011, "AMTOLL": 0.0, "PMTOLL": 0.0, "OPTOLL": 0.0, "AMTOLL_VP": 0.0, "PMTOLL_VP": 0.0, "OPTOLL_VP": 0.0, "AMHTIME": 1.2, "PMHTIME": 1.2, "OPHTIME": 1.2, "MDTOLL": 0.0, "MDTOLL_VP": 0.0, "MDHTIME": 1.2, "NTTOLL": 0.0, "NTTOLL_VP": 0.0, "NTHTIME": 1.2, "LINKAB": 3618901999, "TURNPENI": "TURNPEN.PEN", "I4AMSOV": 66.77567, "I4AMHV2": 9.58972, "I4AMHV3": 3.48, "I4AMCV": 4.4699, "I4AMTRK": 3.45867, "I4AMAPX": 0.0, "I4AMVOL": 87.77397, "I4AMVMT": 35.10959, "I4AMFFSPD": 23, "AMHRLKCAP": 22050, "AMHRLNCAP": 3150, "I4AMVC": 0.00166, "I4AMVDF": 1.0, "I4AMSPD": 23.0, "COMP": 0, "I4MDSOV": 166.9989, "I4MDHV2": 41.08, "I4MDHV3": 15.88, "I4MDCV": 7.74, "I4MDTRK": 6.65494, "I4MDAPX": 0.0, "I4MDVOL": 238.35385, "I4MDVMT": 95.34154, "I4MDFFSPD": 23, "MDHRLKCAP": 22050, "MDHRLNCAP": 3150, "I4MDVC": 0.00191, "I4MDVDF": 1.0, "I4MDSPD": 23.0, "I4PMSOV": 101.76099, "I4PMHV2": 33.2986, "I4PMHV3": 11.16543, "I4PMCV": 9.33912, "I4PMTRK": 2.62038, "I4PMAPX": 2.67759, "I4PMVOL": 160.86212, "I4PMVMT": 64.34485, "I4PMFFSPD": 23, "PMHRLKCAP": 22050, "PMHRLNCAP": 3150, "I4PMVC": 0.00214, "I4PMVDF": 1.0, "I4PMSPD": 23.0, "I4NTSOV": 67.44, "I4NTHV2": 21.77, "I4NTHV3": 8.84, "I4NTCV": 3.88, "I4NTTRK": 1.57, "I4NTAPX": 0.0, "I4NTVOL": 103.5, "I4NTVMT": 41.4, "I4NTFFSPD": 23, "NTHRLKCAP": 22050, "NTHRLNCAP": 3150, "I4NTVC": 0.0007, "I4NTVDF": 1.0, "I4NTSPD": 23.0, "I424VOL": 590.48993, "TVOL00": 0, "TVMT00": 0.0, "ID": 0, "AADT_2023": 0, "AWDT_2023": 0, "MD210": 0, "CNT2LOADDIF": 0.0, "ABSNCTDIFF": 0.0, "CNT2LOADPCT": 0.0, "ABSPCTDIFF": 0.0, "MD210U": 0, "LOAD1": 590.48993, "LOAD2": 17.18296, "LOADGRW": -573.30695, "ABSGRW": 573.30695, "PRCGRW": -0.9709005, "PRCANLGRW": -4.4131842 }, "geometry": { "type": "LineString", "coordinates": [ [ -77.152669497492056, 38.829711470226222 ], [ -77.155287005783947, 38.824312537909861 ] ] } },
{ "type": "Feature", "properties": { "A": 36339, "B": 2039, "SUBAREA": 0, "FFSNEW": 0, "CPENEW": 0, "CPEFAC": 0, "TIMEPEN": 0, "DISTANCE": 0.36, "SPDCLASS": 2, "CAPCLASS": 2, "JUR": 5, "SCREEN": 0, "FTYPE": 0, "TOLL": 0, "TOLLGRP": 0, "AMLANE": 7, "AMLIMIT": 0, "PMLANE": 7, "PMLIMIT": 0, "OPLANE": 7, "OPLIMIT": 0, "EDGEID": 36300000000, "LINKID": 37470, "NETYEAR": 2001, "SHAPE_LENG": 1875.25, "PROJECTID": "NA", "TAZ": 2039, "ATYPE": 2, "MDLANE": 7, "MDLIMIT": 0, "NTLANE": 7, "NTLIMIT": 0, "DEFLATIONFT": 0.8011, "AMTOLL": 0.0, "PMTOLL": 0.0, "OPTOLL": 0.0, "AMTOLL_VP": 0.0, "PMTOLL_VP": 0.0, "OPTOLL_VP": 0.0, "AMHTIME": 1.44, "PMHTIME": 1.44, "OPHTIME": 1.44, "MDTOLL": 0.0, "MDTOLL_VP": 0.0, "MDHTIME": 1.44, "NTTOLL": 0.0, "NTTOLL_VP": 0.0, "NTHTIME": 1.44, "LINKAB": 3633902039, "TURNPENI": "TURNPEN.PEN", "I4AMSOV": 0.0, "I4AMHV2": 0.0, "I4AMHV3": 0.0, "I4AMCV": 0.0, "I4AMTRK": 0.0, "I4AMAPX": 0.0, "I4AMVOL": 0.0, "I4AMVMT": 0.0, "I4AMFFSPD": 17, "AMHRLKCAP": 22050, "AMHRLNCAP": 3150, "I4AMVC": 0.0, "I4AMVDF": 1.0, "I4AMSPD": 17.0, "COMP": 0, "I4MDSOV": 0.0, "I4MDHV2": 0.0, "I4MDHV3": 0.0, "I4MDCV": 0.0, "I4MDTRK": 0.0, "I4MDAPX": 0.0, "I4MDVOL": 0.0, "I4MDVMT": 0.0, "I4MDFFSPD": 17, "MDHRLKCAP": 22050, "MDHRLNCAP": 3150, "I4MDVC": 0.0, "I4MDVDF": 1.0, "I4MDSPD": 17.0, "I4PMSOV": 0.0, "I4PMHV2": 0.0, "I4PMHV3": 0.0, "I4PMCV": 0.0, "I4PMTRK": 0.0, "I4PMAPX": 0.0, "I4PMVOL": 0.0, "I4PMVMT": 0.0, "I4PMFFSPD": 17, "PMHRLKCAP": 22050, "PMHRLNCAP": 3150, "I4PMVC": 0.0, "I4PMVDF": 1.0, "I4PMSPD": 17.0, "I4NTSOV": 0.0, "I4NTHV2": 0.0, "I4NTHV3": 0.0, "I4NTCV": 0.0, "I4NTTRK": 0.0, "I4NTAPX": 0.0, "I4NTVOL": 0.0, "I4NTVMT": 0.0, "I4NTFFSPD": 17, "NTHRLKCAP": 22050, "NTHRLNCAP": 3150, "I4NTVC": 0.0, "I4NTVDF": 1.0, "I4NTSPD": 17.0, "I424VOL": 0.0, "TVOL00": 0, "TVMT00": 0.0, "ID": 0, "AADT_2023": 0, "AWDT_2023": 0, "MD210": 0, "CNT2LOADDIF": 0.0, "ABSNCTDIFF": 0.0, "CNT2LOADPCT": 0.0, "ABSPCTDIFF": 0.0, "MD210U": 0, "LOAD1": 0.0, "LOAD2": 0.0, "LOADGRW": -0.0, "ABSGRW": 0.0, "PRCGRW": -1.0, "PRCANLGRW": -4.5454545 }, "geometry": { "type": "LineString", "coordinates": [ [ -77.131266545640585, 38.772221223290529 ], [ -77.13625134529758, 38.768862868030489 ] ] } },
{ "type": "Feature", "properties": { "A": 36373, "B": 36374, "SUBAREA": 0, "FFSNEW": 0, "CPENEW": 0, "CPEFAC": 0, "TIMEPEN": 0, "DISTANCE": 0.33, "SPDCLASS": 44, "CAPCLASS": 44, "JUR": 5, "SCREEN": 0, "FTYPE": 4, "TOLL": 0, "TOLLGRP": 0, "AMLANE": 1, "AMLIMIT": 0, "PMLANE": 1, "PMLIMIT": 0, "OPLANE": 1, "OPLIMIT": 0, "EDGEID": 36400000000, "LINKID": 58026, "NETYEAR": 2001, "SHAPE_LENG": 1767.31, "PROJECTID": "NEWTAZ", "TAZ": 2081, "ATYPE": 4, "MDLANE": 1, "MDLIMIT": 0, "NTLANE": 1, "NTLIMIT": 0, "DEFLATIONFT": 0.8011, "AMTOLL": 0.0, "PMTOLL": 0.0, "OPTOLL": 0.0, "AMTOLL_VP": 0.0, "PMTOLL_VP": 0.0, "OPTOLL_VP": 0.0, "AMHTIME": 1.12436, "PMHTIME": 1.12436, "OPHTIME": 0.95192, "MDTOLL": 0.0, "MDTOLL_VP": 0.0, "MDHTIME": 0.95192, "NTTOLL": 0.0, "NTTOLL_VP": 0.0, "NTHTIME": 0.95192, "LINKAB": 3637336374, "TURNPENI": "TURNPEN.PEN", "I4AMSOV": 0.00099, "I4AMHV2": 0.00018, "I4AMHV3": 0.0, "I4AMCV": 0.00012, "I4AMTRK": 5.0000000000000002e-05, "I4AMAPX": 0.0, "I4AMVOL": 0.00133, "I4AMVMT": 0.00044, "I4AMFFSPD": 40, "AMHRLKCAP": 800, "AMHRLNCAP": 800, "I4AMVC": 0.0, "I4AMVDF": 1.0, "I4AMSPD": 39.99999, "COMP": 0, "I4MDSOV": 0.0, "I4MDHV2": 0.0, "I4MDHV3": 0.0, "I4MDCV": 0.0, "I4MDTRK": 0.0, "I4MDAPX": 0.0, "I4MDVOL": 0.0, "I4MDVMT": 0.0, "I4MDFFSPD": 40, "MDHRLKCAP": 800, "MDHRLNCAP": 800, "I4MDVC": 0.0, "I4MDVDF": 1.0, "I4MDSPD": 40.0, "I4PMSOV": 0.0, "I4PMHV2": 0.0, "I4PMHV3": 32.95571, "I4PMCV": 0.0, "I4PMTRK": 0.0, "I4PMAPX": 0.0, "I4PMVOL": 32.95571, "I4PMVMT": 10.87538, "I4PMFFSPD": 40, "PMHRLKCAP": 800, "PMHRLNCAP": 800, "I4PMVC": 0.01211, "I4PMVDF": 1.00303, "I4PMSPD": 39.87925, "I4NTSOV": 0.0, "I4NTHV2": 0.0, "I4NTHV3": 0.0, "I4NTCV": 0.0, "I4NTTRK": 0.0, "I4NTAPX": 0.0, "I4NTVOL": 0.0, "I4NTVMT": 0.0, "I4NTFFSPD": 40, "NTHRLKCAP": 800, "NTHRLNCAP": 800, "I4NTVC": 0.0, "I4NTVDF": 1.0, "I4NTSPD": 40.0, "I424VOL": 32.95705, "TVOL00": 0, "TVMT00": 0.0, "ID": 0, "AADT_2023": 0, "AWDT_2023": 0, "MD210": 0, "CNT2LOADDIF": 0.0, "ABSNCTDIFF": 0.0, "CNT2LOADPCT": 0.0, "ABSPCTDIFF": 0.0, "MD210U": 0, "LOAD1": 32.95705, "LOAD2": 0.0, "LOADGRW": -32.95705, "ABSGRW": 32.95705, "PRCGRW": -1.0, "PRCANLGRW": -4.5454545 }, "geometry": { "type": "LineString", "coordinates": [ [ -77.104634313752513, 38.734144443485953 ], [ -77.104378359393934, 38.73454420256342 ], [ -77.10408733909901, 38.734944160652958 ], [ -77.103504584446, 38.735258727943972 ], [ -77.102484701749916, 38.735773526090384 ], [ -77.101501093280888, 38.736174084928194 ], [ -77.100626827302108, 38.736574540343831 ], [ -77.09975134460683, 38.73694671996995 ] ] } },
{ "type": "Feature", "properties": { "A": 36389, "B": 36390, "SUBAREA": 0, "FFSNEW": 0, "CPENEW": 0, "CPEFAC": 0, "TIMEPEN": 0, "DISTANCE": 1.65, "SPDCLASS": 43, "CAPCLASS": 43, "JUR": 5, "SCREEN": 7, "FTYPE": 4, "TOLL": 0, "TOLLGRP": 0, "AMLANE": 1, "AMLIMIT": 0, "PMLANE": 1, "PMLIMIT": 0, "OPLANE": 1, "OPLIMIT": 0, "EDGEID": 36400000000, "LINKID": 68075, "NETYEAR": 2001, "SHAPE_LENG": 8696.68, "PROJECTID": "NEWTAZ", "TAZ": 2123, "ATYPE": 3, "MDLANE": 1, "MDLIMIT": 0, "NTLANE": 1, "NTLIMIT": 0, "DEFLATIONFT": 0.8011, "AMTOLL": 0.0, "PMTOLL": 0.0, "OPTOLL": 0.0, "AMTOLL_VP": 0.0, "PMTOLL_VP": 0.0, "OPTOLL_VP": 0.0, "AMHTIME": 6.04396, "PMHTIME": 6.04396, "OPHTIME": 5.22703, "MDTOLL": 0.0, "MDTOLL_VP": 0.0, "MDHTIME": 5.22703, "NTTOLL": 0.0, "NTTOLL_VP": 0.0, "NTHTIME": 5.22703, "LINKAB": 3638936390, "TURNPENI": "TURNPEN.PEN", "I4AMSOV": 0.17002, "I4AMHV2": 0.01, "I4AMHV3": 0.0, "I4AMCV": 0.03001, "I4AMTRK": 0.0, "I4AMAPX": 0.0, "I4AMVOL": 0.21003, "I4AMVMT": 0.34655, "I4AMFFSPD": 35, "AMHRLKCAP": 600, "AMHRLNCAP": 600, "I4AMVC": 0.00015, "I4AMVDF": 1.00004, "I4AMSPD": 34.99872, "COMP": 0, "I4MDSOV": 255.12976, "I4MDHV2": 59.79207, "I4MDHV3": 15.56662, "I4MDCV": 40.47369, "I4MDTRK": 2.70196, "I4MDAPX": 0.0, "I4MDVOL": 373.66409, "I4MDVMT": 616.54578, "I4MDFFSPD": 35, "MDHRLKCAP": 600, "MDHRLNCAP": 600, "I4MDVC": 0.11023, "I4MDVDF": 1.02817, "I4MDSPD": 34.04101, "I4PMSOV": 734.30475, "I4PMHV2": 113.45106, "I4PMHV3": 35.87, "I4PMCV": 63.77641, "I4PMTRK": 1.45656, "I4PMAPX": 1.20179, "I4PMVOL": 950.06055, "I4PMVMT": 1567.59985, "I4PMFFSPD": 35, "PMHRLKCAP": 600, "PMHRLNCAP": 600, "I4PMVC": 0.46553, "I4PMVDF": 1.18163, "I4PMSPD": 29.62014, "I4NTSOV": 0.16, "I4NTHV2": 0.02, "I4NTHV3": 0.0, "I4NTCV": 0.02, "I4NTTRK": 0.0, "I4NTAPX": 0.0, "I4NTVOL": 0.2, "I4NTVMT": 0.33, "I4NTFFSPD": 35, "NTHRLKCAP": 600, "NTHRLNCAP": 600, "I4NTVC": 5.0000000000000002e-05, "I4NTVDF": 1.00001, "I4NTSPD": 34.99956, "I424VOL": 1324.13464, "TVOL00": 1, "TVMT00": 1.65, "ID": 0, "AADT_2023": 0, "AWDT_2023": 0, "MD210": 0, "CNT2LOADDIF": 0.0, "ABSNCTDIFF": 0.0, "CNT2LOADPCT": 0.0, "ABSPCTDIFF": 0.0, "MD210U": 0, "LOAD1": 1324.13464, "LOAD2": 0.08, "LOADGRW": -1324.05469, "ABSGRW": 1324.05469, "PRCGRW": -0.9999396, "PRCANLGRW": -4.5451798 }, "geometry": { "type": "LineString", "coordinates": [ [ -77.186427150251006, 38.756585534850068 ], [ -77.186748988324155, 38.757268001661295 ], [ -77.187690127124213, 38.757928489370315 ], [ -77.188631088757532, 38.758515414187947 ], [ -77.189383401927117, 38.758808416592601 ], [ -77.190228879650434, 38.75880704062719 ], [ -77.19182569747494, 38.758730868797301 ], [ -77.193234230162602, 38.758507876055525 ], [ -77.194360929148331, 38.758285337472252 ], [ -77.19567369194101, 38.757400475660042 ], [ -77.196893293777308, 38.756809978728143 ], [ -77.197926423513536, 38.756734673846474 ], [ -77.198771876955121, 38.756733235827639 ], [ -77.199429451754213, 38.756732112572173 ], [ -77.200648804477751, 38.756068021272576 ], [ -77.20149093311916, 38.754889681313358 ], [ -77.202333450268384, 38.753858445553114 ], [ -77.202519862113732, 38.753343232818381 ], [ -77.202424052648567, 38.752681399720913 ], [ -77.202422802588387, 38.752240069137521 ], [ -77.202515277360774, 38.751725020079768 ], [ -77.203265902499481, 38.751429491474411 ], [ -77.204298947699343, 38.751354129935329 ], [ -77.204767555674053, 38.750985530368773 ], [ -77.205237636741231, 38.751131814384436 ], [ -77.206366306145526, 38.751644710460923 ], [ -77.20721169933239, 38.751643211288112 ], [ -77.20796315994302, 38.751641873094215 ], [ -77.208807694275606, 38.751346141241697 ], [ -77.209542720642332, 38.751024649157152 ], [ -77.209652005575947, 38.750976848296467 ], [ -77.209744882154212, 38.751051524426039 ] ] } },
{ "type": "Feature", "properties": { "A": 36390, "B": 35312, "SUBAREA": 0, "FFSNEW": 0, "CPENEW": 0, "CPEFAC": 0, "TIMEPEN": 0, "DISTANCE": 0.22, "SPDCLASS": 43, "CAPCLASS": 43, "JUR": 5, "SCREEN": 0, "FTYPE": 4, "TOLL": 0, "TOLLGRP": 0, "AMLANE": 1, "AMLIMIT": 0, "PMLANE": 1, "PMLIMIT": 0, "OPLANE": 1, "OPLIMIT": 0, "EDGEID": 36400000000, "LINKID": 68076, "NETYEAR": 2001, "SHAPE_LENG": 1184.1, "PROJECTID": "NEWTAZ", "TAZ": 2124, "ATYPE": 3, "MDLANE": 1, "MDLIMIT": 0, "NTLANE": 1, "NTLIMIT": 0, "DEFLATIONFT": 0.8011, "AMTOLL": 0.0, "PMTOLL": 0.0, "OPTOLL": 0.0, "AMTOLL_VP": 0.0, "PMTOLL_VP": 0.0, "OPTOLL_VP": 0.0, "AMHTIME": 0.80586, "PMHTIME": 0.80586, "OPHTIME": 0.69694, "MDTOLL": 0.0, "MDTOLL_VP": 0.0, "MDHTIME": 0.69694, "NTTOLL": 0.0, "NTTOLL_VP": 0.0, "NTHTIME": 0.69694, "LINKAB": 3639035312, "TURNPENI": "TURNPEN.PEN", "I4AMSOV": 3.10002, "I4AMHV2": 0.58, "I4AMHV3": 0.0, "I4AMCV": 0.91001, "I4AMTRK": 0.0, "I4AMAPX": 0.02, "I4AMVOL": 4.61003, "I4AMVMT": 1.01421, "I4AMFFSPD": 35, "AMHRLKCAP": 600, "AMHRLNCAP": 600, "I4AMVC": 0.0032, "I4AMVDF": 1.0008, "I4AMSPD": 34.97199, "COMP": 0, "I4MDSOV": 272.27975, "I4MDHV2": 62.56207, "I4MDHV3": 16.42662, "I4MDCV": 42.47369, "I4MDTRK": 2.70196, "I4MDAPX": 0.04, "I4MDVOL": 396.4841, "I4MDVMT": 87.2265, "I4MDFFSPD": 35, "MDHRLKCAP": 600, "MDHRLNCAP": 600, "I4MDVC": 0.11696, "I4MDVDF": 1.03026, "I4MDSPD": 33.97206, "I4PMSOV": 758.86475, "I4PMHV2": 116.64106, "I4PMHV3": 36.5, "I4PMCV": 65.77641, "I4PMTRK": 1.45656, "I4PMAPX": 1.20179, "I4PMVOL": 980.44055, "I4PMVMT": 215.69691, "I4PMFFSPD": 35, "PMHRLKCAP": 600, "PMHRLNCAP": 600, "I4PMVC": 0.48042, "I4PMVDF": 1.19086, "I4PMSPD": 29.39058, "I4NTSOV": 14.56, "I4NTHV2": 2.34, "I4NTHV3": 0.7, "I4NTCV": 0.5, "I4NTTRK": 0.0, "I4NTAPX": 0.01, "I4NTVOL": 18.11, "I4NTVMT": 3.9842, "I4NTFFSPD": 35, "NTHRLKCAP": 600, "NTHRLNCAP": 600, "I4NTVC": 0.00453, "I4NTVDF": 1.00113, "I4NTSPD": 34.96043, "I424VOL": 1399.64465, "TVOL00": 1, "TVMT00": 0.22, "ID": 0, "AADT_2023": 0, "AWDT_2023": 0, "MD210": 0, "CNT2LOADDIF": 0.0, "ABSNCTDIFF": 0.0, "CNT2LOADPCT": 0.0, "ABSPCTDIFF": 0.0, "MD210U": 0, "LOAD1": 1399.64465, "LOAD2": 80.07098, "LOADGRW": -1319.57373, "ABSGRW": 1319.57373, "PRCGRW": -0.9427919, "PRCANLGRW": -4.285418 }, "geometry": { "type": "LineString", "coordinates": [ [ -77.209744882154212, 38.751051524426039 ], [ -77.210872032792338, 38.750606870066456 ], [ -77.211623482611074, 38.750605508490132 ], [ -77.21375810605619, 38.750481340729209 ] ] } },
{ "type": "Feature", "properties": { "A": 36390, "B": 36389, "SUBAREA": 0, "FFSNEW": 0, "CPENEW": 0, "CPEFAC": 0, "TIMEPEN": 0, "DISTANCE": 1.65, "SPDCLASS": 43, "CAPCLASS": 43, "JUR": 5, "SCREEN": 7, "FTYPE": 4, "TOLL": 0, "TOLLGRP": 0, "AMLANE": 1, "AMLIMIT": 0, "PMLANE": 1, "PMLIMIT": 0, "OPLANE": 1, "OPLIMIT": 0, "EDGEID": 36400000000, "LINKID": 59331, "NETYEAR": 2001, "SHAPE_LENG": 8696.68, "PROJECTID": "NEWTAZ", "TAZ": 2123, "ATYPE": 3, "MDLANE": 1, "MDLIMIT": 0, "NTLANE": 1, "NTLIMIT": 0, "DEFLATIONFT": 0.8011, "AMTOLL": 0.0, "PMTOLL": 0.0, "OPTOLL": 0.0, "AMTOLL_VP": 0.0, "PMTOLL_VP": 0.0, "OPTOLL_VP": 0.0, "AMHTIME": 6.04396, "PMHTIME": 6.04396, "OPHTIME": 5.22703, "MDTOLL": 0.0, "MDTOLL_VP": 0.0, "MDHTIME": 5.22703, "NTTOLL": 0.0, "NTTOLL_VP": 0.0, "NTHTIME": 5.22703, "LINKAB": 3639036389, "TURNPENI": "TURNPEN.PEN", "I4AMSOV": 755.99054, "I4AMHV2": 85.56834, "I4AMHV3": 18.65292, "I4AMCV": 46.4049, "I4AMTRK": 2.31652, "I4AMAPX": 0.0, "I4AMVOL": 908.93317, "I4AMVMT": 1499.73975, "I4AMFFSPD": 35, "AMHRLKCAP": 600, "AMHRLNCAP": 600, "I4AMVC": 0.63171, "I4AMVDF": 1.31693, "I4AMSPD": 26.577, "COMP": 0, "I4MDSOV": 369.41168, "I4MDHV2": 75.14626, "I4MDHV3": 20.54441, "I4MDCV": 39.9706, "I4MDTRK": 2.41805, "I4MDAPX": 0.0, "I4MDVOL": 507.491, "I4MDVMT": 837.36017, "I4MDFFSPD": 35, "MDHRLKCAP": 600, "MDHRLNCAP": 600, "I4MDVC": 0.14971, "I4MDVDF": 1.04041, "I4MDSPD": 33.64058, "I4PMSOV": 266.22403, "I4PMHV2": 83.58611, "I4PMHV3": 34.7186, "I4PMCV": 84.57011, "I4PMTRK": 1.78811, "I4PMAPX": 1.59394, "I4PMVOL": 472.4809, "I4PMVMT": 779.59351, "I4PMFFSPD": 35, "PMHRLKCAP": 600, "PMHRLNCAP": 600, "I4PMVC": 0.23152, "I4PMVDF": 1.06798, "I4PMSPD": 32.77227, "I4NTSOV": 0.16, "I4NTHV2": 0.02, "I4NTHV3": 0.0, "I4NTCV": 0.02, "I4NTTRK": 0.0, "I4NTAPX": 0.0, "I4NTVOL": 0.2, "I4NTVMT": 0.33, "I4NTFFSPD": 35, "NTHRLKCAP": 600, "NTHRLNCAP": 600, "I4NTVC": 5.0000000000000002e-05, "I4NTVDF": 1.00001, "I4NTSPD": 34.99956, "I424VOL": 1889.1051, "TVOL00": 2, "TVMT00": 3.3, "ID": 0, "AADT_2023": 0, "AWDT_2023": 0, "MD210": 0, "CNT2LOADDIF": 0.0, "ABSNCTDIFF": 0.0, "CNT2LOADPCT": 0.0, "ABSPCTDIFF": 0.0, "MD210U": 0, "LOAD1": 1889.1051, "LOAD2": 0.01902, "LOADGRW": -1889.08606, "ABSGRW": 1889.08606, "PRCGRW": -0.9999899, "PRCANLGRW": -4.5454087 }, "geometry": { "type": "LineString", "coordinates": [ [ -77.209744882154212, 38.751051524426039 ], [ -77.209652005575947, 38.750976848296467 ], [ -77.209542720642332, 38.751024649157152 ], [ -77.208807694275606, 38.751346141241697 ], [ -77.20796315994302, 38.751641873094215 ], [ -77.20721169933239, 38.751643211288112 ], [ -77.206366306145526, 38.751644710460923 ], [ -77.205237636741231, 38.751131814384436 ], [ -77.204767555674053, 38.750985530368773 ], [ -77.204298947699343, 38.751354129935329 ], [ -77.203265902499481, 38.751429491474411 ], [ -77.202515277360774, 38.751725020079768 ], [ -77.202422802588387, 38.752240069137521 ], [ -77.202424052648567, 38.752681399720913 ], [ -77.202519862113732, 38.753343232818381 ], [ -77.202333450268384, 38.753858445553114 ], [ -77.20149093311916, 38.754889681313358 ], [ -77.200648804477751, 38.756068021272576 ], [ -77.199429451754213, 38.756732112572173 ], [ -77.198771876955121, 38.756733235827639 ], [ -77.197926423513536, 38.756734673846474 ], [ -77.196893293777308, 38.756809978728143 ], [ -77.19567369194101, 38.757400475660042 ], [ -77.194360929148331, 38.758285337472252 ], [ -77.193234230162602, 38.758507876055525 ], [ -77.19182569747494, 38.758730868797301 ], [ -77.190228879650434, 38.75880704062719 ], [ -77.189383401927117, 38.758808416592601 ], [ -77.188631088757532, 38.758515414187947 ], [ -77.187690127124213, 38.757928489370315 ], [ -77.186748988324155, 38.757268001661295 ], [ -77.186427150251006, 38.756585534850068 ] ] } },
{ "type": "Feature", "properties": { "A": 36428, "B": 2102, "SUBAREA": 0, "FFSNEW": 0, "CPENEW": 0, "CPEFAC": 0, "TIMEPEN": 0, "DISTANCE": 0.98, "SPDCLASS": 5, "CAPCLASS": 5, "JUR": 5, "SCREEN": 0, "FTYPE": 0, "TOLL": 0, "TOLLGRP": 0, "AMLANE": 7, "AMLIMIT": 0, "PMLANE": 7, "PMLIMIT": 0, "OPLANE": 7, "OPLIMIT": 0, "EDGEID": 36400000000, "LINKID": 3118, "NETYEAR": 2001, "SHAPE_LENG": 5176.96, "PROJECTID": "NA", "TAZ": 2102, "ATYPE": 5, "MDLANE": 7, "MDLIMIT": 0, "NTLANE": 7, "NTLIMIT": 0, "DEFLATIONFT": 0.8011, "AMTOLL": 0.0, "PMTOLL": 0.0, "OPTOLL": 0.0, "AMTOLL_VP": 0.0, "PMTOLL_VP": 0.0, "OPTOLL_VP": 0.0, "AMHTIME": 1.96, "PMHTIME": 1.96, "OPHTIME": 1.96, "MDTOLL": 0.0, "MDTOLL_VP": 0.0, "MDHTIME": 1.96, "NTTOLL": 0.0, "NTTOLL_VP": 0.0, "NTHTIME": 1.96, "LINKAB": 3642802102, "TURNPENI": "TURNPEN.PEN", "I4AMSOV": 0.0, "I4AMHV2": 0.0, "I4AMHV3": 0.0, "I4AMCV": 0.0, "I4AMTRK": 0.0, "I4AMAPX": 0.0, "I4AMVOL": 0.0, "I4AMVMT": 0.0, "I4AMFFSPD": 35, "AMHRLKCAP": 22050, "AMHRLNCAP": 3150, "I4AMVC": 0.0, "I4AMVDF": 1.0, "I4AMSPD": 35.0, "COMP": 0, "I4MDSOV": 0.0, "I4MDHV2": 0.0, "I4MDHV3": 0.0, "I4MDCV": 0.0, "I4MDTRK": 0.0, "I4MDAPX": 0.0, "I4MDVOL": 0.0, "I4MDVMT": 0.0, "I4MDFFSPD": 35, "MDHRLKCAP": 22050, "MDHRLNCAP": 3150, "I4MDVC": 0.0, "I4MDVDF": 1.0, "I4MDSPD": 35.0, "I4PMSOV": 3.14, "I4PMHV2": 1.19, "I4PMHV3": 0.53, "I4PMCV": 0.08, "I4PMTRK": 0.04, "I4PMAPX": 0.04, "I4PMVOL": 5.02, "I4PMVMT": 4.9196, "I4PMFFSPD": 35, "PMHRLKCAP": 22050, "PMHRLNCAP": 3150, "I4PMVC": 6.9999999999999994e-05, "I4PMVDF": 1.0, "I4PMSPD": 35.0, "I4NTSOV": 0.0, "I4NTHV2": 0.0, "I4NTHV3": 0.0, "I4NTCV": 0.0, "I4NTTRK": 0.0, "I4NTAPX": 0.0, "I4NTVOL": 0.0, "I4NTVMT": 0.0, "I4NTFFSPD": 35, "NTHRLKCAP": 22050, "NTHRLNCAP": 3150, "I4NTVC": 0.0, "I4NTVDF": 1.0, "I4NTSPD": 35.0, "I424VOL": 5.02, "TVOL00": 0, "TVMT00": 0.0, "ID": 0, "AADT_2023": 0, "AWDT_2023": 0, "MD210": 0, "CNT2LOADDIF": 0.0, "ABSNCTDIFF": 0.0, "CNT2LOADPCT": 0.0, "ABSPCTDIFF": 0.0, "MD210U": 0, "LOAD1": 5.02, "LOAD2": 0.0, "LOADGRW": -5.02, "ABSGRW": 5.02, "PRCGRW": -1.0, "PRCANLGRW": -4.5454545 }, "geometry": { "type": "LineString", "coordinates": [ [ -77.216057616935913, 38.692232444651431 ], [ -77.225192081392152, 38.680354415825924 ], [ -77.225397718083173, 38.680086890366269 ], [ -77.225398617081694, 38.680122031055213 ] ] } },
{ "type": "Feature", "properties": { "A": 36449, "B": 2128, "SUBAREA": 0, "FFSNEW": 0, "CPENEW": 0, "CPEFAC": 0, "TIMEPEN": 0, "DISTANCE": 0.45, "SPDCLASS": 3, "CAPCLASS": 3, "JUR": 5, "SCREEN": 0, "FTYPE": 0, "TOLL": 0, "TOLLGRP": 0, "AMLANE": 7, "AMLIMIT": 0, "PMLANE": 7, "PMLIMIT": 0, "OPLANE": 7, "OPLIMIT": 0, "EDGEID": 36400000000, "LINKID": 22326, "NETYEAR": 2001, "SHAPE_LENG": 2392.22, "PROJECTID": "NA", "TAZ": 2128, "ATYPE": 3, "MDLANE": 7, "MDLIMIT": 0, "NTLANE": 7, "NTLIMIT": 0, "DEFLATIONFT": 0.8011, "AMTOLL": 0.0, "PMTOLL": 0.0, "OPTOLL": 0.0, "AMTOLL_VP": 0.0, "PMTOLL_VP": 0.0, "OPTOLL_VP": 0.0, "AMHTIME": 1.35, "PMHTIME": 1.35, "OPHTIME": 1.35, "MDTOLL": 0.0, "MDTOLL_VP": 0.0, "MDHTIME": 1.35, "NTTOLL": 0.0, "NTTOLL_VP": 0.0, "NTHTIME": 1.35, "LINKAB": 3644902128, "TURNPENI": "TURNPEN.PEN", "I4AMSOV": 0.0, "I4AMHV2": 0.0, "I4AMHV3": 0.0, "I4AMCV": 0.0, "I4AMTRK": 0.0, "I4AMAPX": 0.0, "I4AMVOL": 0.0, "I4AMVMT": 0.0, "I4AMFFSPD": 23, "AMHRLKCAP": 22050, "AMHRLNCAP": 3150, "I4AMVC": 0.0, "I4AMVDF": 1.0, "I4AMSPD": 23.0, "COMP": 0, "I4MDSOV": 0.0, "I4MDHV2": 0.0, "I4MDHV3": 0.0, "I4MDCV": 0.0, "I4MDTRK": 0.0, "I4MDAPX": 0.0, "I4MDVOL": 0.0, "I4MDVMT": 0.0, "I4MDFFSPD": 23, "MDHRLKCAP": 22050, "MDHRLNCAP": 3150, "I4MDVC": 0.0, "I4MDVDF": 1.0, "I4MDSPD": 23.0, "I4PMSOV": 0.0, "I4PMHV2": 0.0, "I4PMHV3": 196.75522, "I4PMCV": 0.0, "I4PMTRK": 0.0, "I4PMAPX": 0.0, "I4PMVOL": 196.75522, "I4PMVMT": 88.53985, "I4PMFFSPD": 23, "PMHRLKCAP": 22050, "PMHRLNCAP": 3150, "I4PMVC": 0.00262, "I4PMVDF": 1.0, "I4PMSPD": 23.0, "I4NTSOV": 0.0, "I4NTHV2": 0.0, "I4NTHV3": 0.0, "I4NTCV": 0.0, "I4NTTRK": 0.0, "I4NTAPX": 0.0, "I4NTVOL": 0.0, "I4NTVMT": 0.0, "I4NTFFSPD": 23, "NTHRLKCAP": 22050, "NTHRLNCAP": 3150, "I4NTVC": 0.0, "I4NTVDF": 1.0, "I4NTSPD": 23.0, "I424VOL": 196.75522, "TVOL00": 0, "TVMT00": 0.0, "ID": 0, "AADT_2023": 0, "AWDT_2023": 0, "MD210": 0, "CNT2LOADDIF": 0.0, "ABSNCTDIFF": 0.0, "CNT2LOADPCT": 0.0, "ABSPCTDIFF": 0.0, "MD210U": 0, "LOAD1": 196.75522, "LOAD2": 0.0, "LOADGRW": -196.75522, "ABSGRW": 196.75522, "PRCGRW": -1.0, "PRCANLGRW": -4.5454545 }, "geometry": { "type": "LineString", "coordinates": [ [ -77.217097955293198, 38.746422329906657 ], [ -77.216906221629188, 38.739854666848984 ] ] } },
{ "type": "Feature", "properties": { "A": 36449, "B": 34122, "SUBAREA": 0, "FFSNEW": 0, "CPENEW": 0, "CPEFAC": 0, "TIMEPEN": 0, "DISTANCE": 0.75, "SPDCLASS": 43, "CAPCLASS": 43, "JUR": 5, "SCREEN": 0, "FTYPE": 4, "TOLL": 0, "TOLLGRP": 0, "AMLANE": 1, "AMLIMIT": 0, "PMLANE": 1, "PMLIMIT": 0, "OPLANE": 1, "OPLIMIT": 0, "EDGEID": 34100000000, "LINKID": 22324, "NETYEAR": 2001, "SHAPE_LENG": 3953.48, "PROJECTID": "NA", "TAZ": 2124, "ATYPE": 3, "MDLANE": 1, "MDLIMIT": 0, "NTLANE": 1, "NTLIMIT": 0, "DEFLATIONFT": 0.8011, "AMTOLL": 0.0, "PMTOLL": 0.0, "OPTOLL": 0.0, "AMTOLL_VP": 0.0, "PMTOLL_VP": 0.0, "OPTOLL_VP": 0.0, "AMHTIME": 2.74725, "PMHTIME": 2.74725, "OPHTIME": 2.37592, "MDTOLL": 0.0, "MDTOLL_VP": 0.0, "MDHTIME": 2.37592, "NTTOLL": 0.0, "NTTOLL_VP": 0.0, "NTHTIME": 2.37592, "LINKAB": 3644934122, "TURNPENI": "TURNPEN.PEN", "I4AMSOV": 392.45621, "I4AMHV2": 72.84832, "I4AMHV3": 55.67724, "I4AMCV": 29.65896, "I4AMTRK": 11.79985, "I4AMAPX": 2.04756, "I4AMVOL": 564.4881, "I4AMVMT": 423.36609, "I4AMFFSPD": 35, "AMHRLKCAP": 600, "AMHRLNCAP": 600, "I4AMVC": 0.39232, "I4AMVDF": 1.13739, "I4AMSPD": 30.77221, "COMP": 0, "I4MDSOV": 0.0, "I4MDHV2": 0.0, "I4MDHV3": 0.0, "I4MDCV": 0.0, "I4MDTRK": 0.0, "I4MDAPX": 0.0, "I4MDVOL": 0.0, "I4MDVMT": 0.0, "I4MDFFSPD": 35, "MDHRLKCAP": 600, "MDHRLNCAP": 600, "I4MDVC": 0.0, "I4MDVDF": 1.0, "I4MDSPD": 35.0, "I4PMSOV": 0.0, "I4PMHV2": 0.0, "I4PMHV3": 86.16442, "I4PMCV": 0.0, "I4PMTRK": 0.0, "I4PMAPX": 0.0, "I4PMVOL": 86.16442, "I4PMVMT": 64.62331, "I4PMFFSPD": 35, "PMHRLKCAP": 600, "PMHRLNCAP": 600, "I4PMVC": 0.04222, "I4PMVDF": 1.01056, "I4PMSPD": 34.63443, "I4NTSOV": 0.0, "I4NTHV2": 0.0, "I4NTHV3": 0.0, "I4NTCV": 0.0, "I4NTTRK": 0.0, "I4NTAPX": 0.0, "I4NTVOL": 0.0, "I4NTVMT": 0.0, "I4NTFFSPD": 35, "NTHRLKCAP": 600, "NTHRLNCAP": 600, "I4NTVC": 0.0, "I4NTVDF": 1.0, "I4NTSPD": 35.0, "I424VOL": 650.65253, "TVOL00": 1, "TVMT00": 0.75, "ID": 0, "AADT_2023": 0, "AWDT_2023": 0, "MD210": 0, "CNT2LOADDIF": 0.0, "ABSNCTDIFF": 0.0, "CNT2LOADPCT": 0.0, "ABSPCTDIFF": 0.0, "MD210U": 0, "LOAD1": 650.65253, "LOAD2": 0.00014, "LOADGRW": -650.6524, "ABSGRW": 650.6524, "PRCGRW": -0.99999979999999999, "PRCANLGRW": -4.5454535 }, "geometry": { "type": "LineString", "coordinates": [ [ -77.217097955293198, 38.746422329906657 ], [ -77.216978003687586, 38.746682328752513 ], [ -77.216828002766547, 38.746852328837043 ], [ -77.216308002931001, 38.747322328965133 ], [ -77.216088003138978, 38.747582328882892 ], [ -77.215788003095497, 38.7480723290738 ], [ -77.215718002425831, 38.74826232922122 ], [ -77.215698003262276, 38.748402328761827 ], [ -77.215708003743373, 38.748612328072838 ], [ -77.215798003576538, 38.749012328430567 ], [ -77.215878002928676, 38.749162328452286 ], [ -77.215928003535453, 38.749272328348276 ], [ -77.216158003808573, 38.749512327303918 ], [ -77.216558003266982, 38.749792328183823 ], [ -77.216928002181476, 38.750062327683374 ], [ -77.21719800168097, 38.750252327830815 ], [ -77.217608001620476, 38.750452328459332 ], [ -77.217828002311876, 38.750542328292497 ], [ -77.21753800185013, 38.750862328398838 ], [ -77.217448002016965, 38.750932328169121 ], [ -77.217348001702703, 38.750982328775919 ], [ -77.217218001743845, 38.7510223280023 ], [ -77.21663800171973, 38.751072327709743 ], [ -77.21645800295272, 38.751112327835443 ], [ -77.216318002512764, 38.75118232760579 ], [ -77.216188003453226, 38.751282327920066 ], [ -77.216078003557186, 38.751422327460709 ], [ -77.216028003849715, 38.751572327482414 ], [ -77.216038002532187, 38.751712327922405 ], [ -77.216098002720699, 38.751842327881299 ], [ -77.216238003160697, 38.752072328154412 ], [ -77.216268003704613, 38.752172328468681 ], [ -77.216258002324196, 38.752302327528291 ], [ -77.216208002616725, 38.752422327905379 ], [ -77.216118002783574, 38.752512328637842 ], [ -77.215778003513734, 38.752692328304242 ], [ -77.215958002280729, 38.753242327784378 ], [ -77.216038002532187, 38.753392327806111 ], [ -77.216278002387085, 38.753682326469153 ], [ -77.216548001886579, 38.753862327034817 ], [ -77.216698001908298, 38.754012327056536 ], [ -77.216768001678645, 38.754112327370812 ], [ -77.216528002723066, 38.754172327559388 ], [ -77.216258002324196, 38.754212326785741 ], [ -77.215988002824702, 38.754222326367518 ], [ -77.215747042171287, 38.754222981155635 ] ] } },
{ "type": "Feature", "properties": { "A": 36609, "B": 1647, "SUBAREA": 0, "FFSNEW": 0, "CPENEW": 0, "CPEFAC": 0, "TIMEPEN": 0, "DISTANCE": 0.56, "SPDCLASS": 2, "CAPCLASS": 2, "JUR": 5, "SCREEN": 0, "FTYPE": 0, "TOLL": 0, "TOLLGRP": 0, "AMLANE": 7, "AMLIMIT": 0, "PMLANE": 7, "PMLIMIT": 0, "OPLANE": 7, "OPLIMIT": 0, "EDGEID": 36600000000, "LINKID": 74905, "NETYEAR": 2001, "SHAPE_LENG": 2968.93, "PROJECTID": "NA", "TAZ": 1647, "ATYPE": 2, "MDLANE": 7, "MDLIMIT": 0, "NTLANE": 7, "NTLIMIT": 0, "DEFLATIONFT": 0.8011, "AMTOLL": 0.0, "PMTOLL": 0.0, "OPTOLL": 0.0, "AMTOLL_VP": 0.0, "PMTOLL_VP": 0.0, "OPTOLL_VP": 0.0, "AMHTIME": 2.24, "PMHTIME": 2.24, "OPHTIME": 2.24, "MDTOLL": 0.0, "MDTOLL_VP": 0.0, "MDHTIME": 2.24, "NTTOLL": 0.0, "NTTOLL_VP": 0.0, "NTHTIME": 2.24, "LINKAB": 3660901647, "TURNPENI": "TURNPEN.PEN", "I4AMSOV": 3.0000000000000001e-05, "I4AMHV2": 1.0000000000000001e-05, "I4AMHV3": 0.0, "I4AMCV": 0.0, "I4AMTRK": 0.0, "I4AMAPX": 0.0, "I4AMVOL": 4.0000000000000003e-05, "I4AMVMT": 2.0000000000000002e-05, "I4AMFFSPD": 17, "AMHRLKCAP": 22050, "AMHRLNCAP": 3150, "I4AMVC": 0.0, "I4AMVDF": 1.0, "I4AMSPD": 17.0, "COMP": 0, "I4MDSOV": 0.0, "I4MDHV2": 0.0, "I4MDHV3": 0.0, "I4MDCV": 0.0, "I4MDTRK": 0.0, "I4MDAPX": 0.0, "I4MDVOL": 0.0, "I4MDVMT": 0.0, "I4MDFFSPD": 17, "MDHRLKCAP": 22050, "MDHRLNCAP": 3150, "I4MDVC": 0.0, "I4MDVDF": 1.0, "I4MDSPD": 17.0, "I4PMSOV": 0.0, "I4PMHV2": 0.0, "I4PMHV3": 0.0, "I4PMCV": 0.0, "I4PMTRK": 0.0, "I4PMAPX": 0.0, "I4PMVOL": 0.0, "I4PMVMT": 0.0, "I4PMFFSPD": 17, "PMHRLKCAP": 22050, "PMHRLNCAP": 3150, "I4PMVC": 0.0, "I4PMVDF": 1.0, "I4PMSPD": 17.0, "I4NTSOV": 0.0, "I4NTHV2": 0.0, "I4NTHV3": 0.0, "I4NTCV": 0.0, "I4NTTRK": 0.0, "I4NTAPX": 0.0, "I4NTVOL": 0.0, "I4NTVMT": 0.0, "I4NTFFSPD": 17, "NTHRLKCAP": 22050, "NTHRLNCAP": 3150, "I4NTVC": 0.0, "I4NTVDF": 1.0, "I4NTSPD": 17.0, "I424VOL": 4.0000000000000003e-05, "TVOL00": 0, "TVMT00": 0.0, "ID": 0, "AADT_2023": 0, "AWDT_2023": 0, "MD210": 0, "CNT2LOADDIF": 0.0, "ABSNCTDIFF": 0.0, "CNT2LOADPCT": 0.0, "ABSPCTDIFF": 0.0, "MD210U": 0, "LOAD1": 4.0000000000000003e-05, "LOAD2": 0.0, "LOADGRW": -4.0000000000000003e-05, "ABSGRW": 4.0000000000000003e-05, "PRCGRW": -0.9750059, "PRCANLGRW": -4.4318447 }, "geometry": { "type": "LineString", "coordinates": [ [ -77.366596618423841, 38.865751947741664 ], [ -77.375961323969378, 38.86933837907133 ] ] } },
{ "type": "Feature", "properties": { "A": 36622, "B": 1853, "SUBAREA": 0, "FFSNEW": 0, "CPENEW": 0, "CPEFAC": 0, "TIMEPEN": 0, "DISTANCE": 0.26, "SPDCLASS": 1, "CAPCLASS": 1, "JUR": 5, "SCREEN": 0, "FTYPE": 0, "TOLL": 0, "TOLLGRP": 0, "AMLANE": 7, "AMLIMIT": 0, "PMLANE": 7, "PMLIMIT": 0, "OPLANE": 7, "OPLIMIT": 0, "EDGEID": 1853036622, "LINKID": 4929, "NETYEAR": 2001, "SHAPE_LENG": 1358.31, "PROJECTID": "NA", "TAZ": 1853, "ATYPE": 1, "MDLANE": 7, "MDLIMIT": 0, "NTLANE": 7, "NTLIMIT": 0, "DEFLATIONFT": 0.8011, "AMTOLL": 0.0, "PMTOLL": 0.0, "OPTOLL": 0.0, "AMTOLL_VP": 0.0, "PMTOLL_VP": 0.0, "OPTOLL_VP": 0.0, "AMHTIME": 1.04, "PMHTIME": 1.04, "OPHTIME": 1.04, "MDTOLL": 0.0, "MDTOLL_VP": 0.0, "MDHTIME": 1.04, "NTTOLL": 0.0, "NTTOLL_VP": 0.0, "NTHTIME": 1.04, "LINKAB": 3662201853, "TURNPENI": "TURNPEN.PEN", "I4AMSOV": 4.0000000000000003e-05, "I4AMHV2": 1.0000000000000001e-05, "I4AMHV3": 0.0, "I4AMCV": 2.0000000000000002e-05, "I4AMTRK": 0.0, "I4AMAPX": 0.0, "I4AMVOL": 6.9999999999999994e-05, "I4AMVMT": 2.0000000000000002e-05, "I4AMFFSPD": 17, "AMHRLKCAP": 22050, "AMHRLNCAP": 3150, "I4AMVC": 0.0, "I4AMVDF": 1.0, "I4AMSPD": 17.0, "COMP": 0, "I4MDSOV": 0.0, "I4MDHV2": 0.0, "I4MDHV3": 0.0, "I4MDCV": 0.0, "I4MDTRK": 0.0, "I4MDAPX": 0.0, "I4MDVOL": 0.0, "I4MDVMT": 0.0, "I4MDFFSPD": 17, "MDHRLKCAP": 22050, "MDHRLNCAP": 3150, "I4MDVC": 0.0, "I4MDVDF": 1.0, "I4MDSPD": 17.0, "I4PMSOV": 0.0, "I4PMHV2": 0.0, "I4PMHV3": 0.0, "I4PMCV": 0.0, "I4PMTRK": 0.0, "I4PMAPX": 0.0, "I4PMVOL": 0.0, "I4PMVMT": 0.0, "I4PMFFSPD": 17, "PMHRLKCAP": 22050, "PMHRLNCAP": 3150, "I4PMVC": 0.0, "I4PMVDF": 1.0, "I4PMSPD": 17.0, "I4NTSOV": 0.0, "I4NTHV2": 0.0, "I4NTHV3": 0.0, "I4NTCV": 0.0, "I4NTTRK": 0.0, "I4NTAPX": 0.0, "I4NTVOL": 0.0, "I4NTVMT": 0.0, "I4NTFFSPD": 17, "NTHRLKCAP": 22050, "NTHRLNCAP": 3150, "I4NTVC": 0.0, "I4NTVDF": 1.0, "I4NTSPD": 17.0, "I424VOL": 6.9999999999999994e-05, "TVOL00": 0, "TVMT00": 0.0, "ID": 0, "AADT_2023": 0, "AWDT_2023": 0, "MD210": 0, "CNT2LOADDIF": 0.0, "ABSNCTDIFF": 0.0, "CNT2LOADPCT": 0.0, "ABSPCTDIFF": 0.0, "MD210U": 0, "LOAD1": 6.9999999999999994e-05, "LOAD2": 0.0, "LOADGRW": -6.9999999999999994e-05, "ABSGRW": 6.9999999999999994e-05, "PRCGRW": -0.9335856, "PRCANLGRW": -4.2435708 }, "geometry": { "type": "LineString", "coordinates": [ [ -77.235829692469537, 38.916872224568039 ], [ -77.231250202509059, 38.915816024669169 ] ] } },
{ "type": "Feature", "properties": { "A": 38128, "B": 2239, "SUBAREA": 0, "FFSNEW": 0, "CPENEW": 0, "CPEFAC": 0, "TIMEPEN": 0, "DISTANCE": 1.93, "SPDCLASS": 6, "CAPCLASS": 6, "JUR": 6, "SCREEN": 0, "FTYPE": 0, "TOLL": 0, "TOLLGRP": 0, "AMLANE": 7, "AMLIMIT": 0, "PMLANE": 7, "PMLIMIT": 0, "OPLANE": 7, "OPLIMIT": 0, "EDGEID": 2239038128, "LINKID": 16367, "NETYEAR": 2001, "SHAPE_LENG": 10000.0, "PROJECTID": "NA", "TAZ": 2239, "ATYPE": 6, "MDLANE": 7, "MDLIMIT": 0, "NTLANE": 7, "NTLIMIT": 0, "DEFLATIONFT": 0.8011, "AMTOLL": 0.0, "PMTOLL": 0.0, "OPTOLL": 0.0, "AMTOLL_VP": 0.0, "PMTOLL_VP": 0.0, "OPTOLL_VP": 0.0, "AMHTIME": 3.30857, "PMHTIME": 3.30857, "OPHTIME": 3.30857, "MDTOLL": 0.0, "MDTOLL_VP": 0.0, "MDHTIME": 3.30857, "NTTOLL": 0.0, "NTTOLL_VP": 0.0, "NTHTIME": 3.30857, "LINKAB": 3812802239, "TURNPENI": "TURNPEN.PEN", "I4AMSOV": 0.0, "I4AMHV2": 0.0, "I4AMHV3": 0.0, "I4AMCV": 0.0, "I4AMTRK": 0.0, "I4AMAPX": 0.0, "I4AMVOL": 0.0, "I4AMVMT": 0.0, "I4AMFFSPD": 40, "AMHRLKCAP": 22050, "AMHRLNCAP": 3150, "I4AMVC": 0.0, "I4AMVDF": 1.0, "I4AMSPD": 40.0, "COMP": 0, "I4MDSOV": 0.0, "I4MDHV2": 0.0, "I4MDHV3": 0.0, "I4MDCV": 0.0, "I4MDTRK": 0.0, "I4MDAPX": 0.0, "I4MDVOL": 0.0, "I4MDVMT": 0.0, "I4MDFFSPD": 40, "MDHRLKCAP": 22050, "MDHRLNCAP": 3150, "I4MDVC": 0.0, "I4MDVDF": 1.0, "I4MDSPD": 40.0, "I4PMSOV": 205.93912, "I4PMHV2": 49.89948, "I4PMHV3": 25.07816, "I4PMCV": 13.75, "I4PMTRK": 5.04822, "I4PMAPX": 5.66, "I4PMVOL": 305.37497, "I4PMVMT": 589.37372, "I4PMFFSPD": 40, "PMHRLKCAP": 22050, "PMHRLNCAP": 3150, "I4PMVC": 0.00407, "I4PMVDF": 1.0, "I4PMSPD": 40.0, "I4NTSOV": 0.0, "I4NTHV2": 0.0, "I4NTHV3": 0.0, "I4NTCV": 0.0, "I4NTTRK": 0.0, "I4NTAPX": 0.0, "I4NTVOL": 0.0, "I4NTVMT": 0.0, "I4NTFFSPD": 40, "NTHRLKCAP": 22050, "NTHRLNCAP": 3150, "I4NTVC": 0.0, "I4NTVDF": 1.0, "I4NTSPD": 40.0, "I424VOL": 305.37497, "TVOL00": 0, "TVMT00": 0.0, "ID": 0, "AADT_2023": 0, "AWDT_2023": 0, "MD210": 0, "CNT2LOADDIF": 0.0, "ABSNCTDIFF": 0.0, "CNT2LOADPCT": 0.0, "ABSPCTDIFF": 0.0, "MD210U": 0, "LOAD1": 305.37497, "LOAD2": 0.0, "LOADGRW": -305.37497, "ABSGRW": 305.37497, "PRCGRW": -1.0, "PRCANLGRW": -4.5454545 }, "geometry": { "type": "LineString", "coordinates": [ [ -77.540149444263932, 39.152933200668791 ], [ -77.545063059618698, 39.180704584778738 ] ] } },
{ "type": "Feature", "properties": { "A": 38134, "B": 2272, "SUBAREA": 0, "FFSNEW": 0, "CPENEW": 0, "CPEFAC": 0, "TIMEPEN": 0, "DISTANCE": 0.63, "SPDCLASS": 3, "CAPCLASS": 3, "JUR": 6, "SCREEN": 0, "FTYPE": 0, "TOLL": 0, "TOLLGRP": 0, "AMLANE": 7, "AMLIMIT": 0, "PMLANE": 7, "PMLIMIT": 0, "OPLANE": 7, "OPLIMIT": 0, "EDGEID": 38100000000, "LINKID": 52817, "NETYEAR": 2001, "SHAPE_LENG": 3303.4, "PROJECTID": "NA", "TAZ": 2272, "ATYPE": 3, "MDLANE": 7, "MDLIMIT": 0, "NTLANE": 7, "NTLIMIT": 0, "DEFLATIONFT": 0.8011, "AMTOLL": 0.0, "PMTOLL": 0.0, "OPTOLL": 0.0, "AMTOLL_VP": 0.0, "PMTOLL_VP": 0.0, "OPTOLL_VP": 0.0, "AMHTIME": 1.89, "PMHTIME": 1.89, "OPHTIME": 1.89, "MDTOLL": 0.0, "MDTOLL_VP": 0.0, "MDHTIME": 1.89, "NTTOLL": 0.0, "NTTOLL_VP": 0.0, "NTHTIME": 1.89, "LINKAB": 3813402272, "TURNPENI": "TURNPEN.PEN", "I4AMSOV": 197.45856, "I4AMHV2": 39.73151, "I4AMHV3": 23.91786, "I4AMCV": 43.08999, "I4AMTRK": 0.0, "I4AMAPX": 0.0, "I4AMVOL": 304.19791, "I4AMVMT": 191.64468, "I4AMFFSPD": 23, "AMHRLKCAP": 22050, "AMHRLNCAP": 3150, "I4AMVC": 0.00575, "I4AMVDF": 1.0, "I4AMSPD": 23.0, "COMP": 0, "I4MDSOV": 322.76138, "I4MDHV2": 94.98387, "I4MDHV3": 46.79632, "I4MDCV": 49.30045, "I4MDTRK": 0.0, "I4MDAPX": 0.0, "I4MDVOL": 513.84204, "I4MDVMT": 323.72049, "I4MDFFSPD": 23, "MDHRLKCAP": 22050, "MDHRLNCAP": 3150, "I4MDVC": 0.00412, "I4MDVDF": 1.0, "I4MDSPD": 23.0, "I4PMSOV": 337.78195, "I4PMHV2": 116.74702, "I4PMHV3": 56.00899, "I4PMCV": 66.20262, "I4PMTRK": 0.0, "I4PMAPX": 16.87152, "I4PMVOL": 593.61212, "I4PMVMT": 373.97565, "I4PMFFSPD": 23, "PMHRLKCAP": 22050, "PMHRLNCAP": 3150, "I4PMVC": 0.00791, "I4PMVDF": 1.0, "I4PMSPD": 23.0, "I4NTSOV": 0.0, "I4NTHV2": 0.0, "I4NTHV3": 0.0, "I4NTCV": 0.0, "I4NTTRK": 0.0, "I4NTAPX": 0.0, "I4NTVOL": 0.0, "I4NTVMT": 0.0, "I4NTFFSPD": 23, "NTHRLKCAP": 22050, "NTHRLNCAP": 3150, "I4NTVC": 0.0, "I4NTVDF": 1.0, "I4NTSPD": 23.0, "I424VOL": 1411.6521, "TVOL00": 0, "TVMT00": 0.0, "ID": 0, "AADT_2023": 0, "AWDT_2023": 0, "MD210": 0, "CNT2LOADDIF": 0.0, "ABSNCTDIFF": 0.0, "CNT2LOADPCT": 0.0, "ABSPCTDIFF": 0.0, "MD210U": 0, "LOAD1": 1411.6521, "LOAD2": 0.0, "LOADGRW": -1411.6521, "ABSGRW": 1411.6521, "PRCGRW": -1.0, "PRCANLGRW": -4.5454545 }, "geometry": { "type": "LineString", "coordinates": [ [ -77.561916589994084, 39.121121212185798 ], [ -77.55031160071637, 39.121854463344299 ] ] } },
{ "type": "Feature", "properties": { "A": 38340, "B": 38339, "SUBAREA": 0, "FFSNEW": 0, "CPENEW": 0, "CPEFAC": 0, "TIMEPEN": 0, "DISTANCE": 0.47, "SPDCLASS": 63, "CAPCLASS": 63, "JUR": 6, "SCREEN": 0, "FTYPE": 6, "TOLL": 0, "TOLLGRP": 0, "AMLANE": 2, "AMLIMIT": 0, "PMLANE": 2, "PMLIMIT": 0, "OPLANE": 2, "OPLIMIT": 0, "EDGEID": 38300000000, "LINKID": 69188, "NETYEAR": 2000, "SHAPE_LENG": 2492.65, "PROJECTID": "RAMP95", "TAZ": 2270, "ATYPE": 3, "MDLANE": 2, "MDLIMIT": 0, "NTLANE": 2, "NTLIMIT": 0, "DEFLATIONFT": 0.8011, "AMTOLL": 0.0, "PMTOLL": 0.0, "OPTOLL": 0.0, "AMTOLL_VP": 0.0, "PMTOLL_VP": 0.0, "OPTOLL_VP": 0.0, "AMHTIME": 1.13026, "PMHTIME": 1.13026, "OPHTIME": 1.02211, "MDTOLL": 0.0, "MDTOLL_VP": 0.0, "MDHTIME": 1.02211, "NTTOLL": 0.0, "NTTOLL_VP": 0.0, "NTHTIME": 1.02211, "LINKAB": 3834038339, "TURNPENI": "TURNPEN.PEN", "I4AMSOV": 27.63578, "I4AMHV2": 3.92469, "I4AMHV3": 0.17, "I4AMCV": 5.3011, "I4AMTRK": 0.0, "I4AMAPX": 0.0, "I4AMVOL": 37.03157, "I4AMVMT": 17.40484, "I4AMFFSPD": 35, "AMHRLKCAP": 2000, "AMHRLNCAP": 1000, "I4AMVC": 0.00772, "I4AMVDF": 1.00031, "I4AMSPD": 34.98919, "COMP": 0, "I4MDSOV": 54.49601, "I4MDHV2": 15.61, "I4MDHV3": 9.20405, "I4MDCV": 9.76, "I4MDTRK": 0.0, "I4MDAPX": 0.0, "I4MDVOL": 89.07006, "I4MDVMT": 41.86293, "I4MDFFSPD": 35, "MDHRLKCAP": 2000, "MDHRLNCAP": 1000, "I4MDVC": 0.00788, "I4MDVDF": 1.00032, "I4MDSPD": 34.98897, "I4PMSOV": 31.16104, "I4PMHV2": 11.34879, "I4PMHV3": 6.17, "I4PMCV": 9.1882, "I4PMTRK": 0.0, "I4PMAPX": 2.55922, "I4PMVOL": 60.42725, "I4PMVMT": 28.40081, "I4PMFFSPD": 35, "PMHRLKCAP": 2000, "PMHRLNCAP": 1000, "I4PMVC": 0.00888, "I4PMVDF": 1.00036, "I4PMSPD": 34.98757, "I4NTSOV": 107.52186, "I4NTHV2": 36.32, "I4NTHV3": 19.24, "I4NTCV": 18.28, "I4NTTRK": 0.0, "I4NTAPX": 0.0, "I4NTVOL": 181.36186, "I4NTVMT": 85.24007, "I4NTFFSPD": 35, "NTHRLKCAP": 2000, "NTHRLNCAP": 1000, "I4NTVC": 0.0136, "I4NTVDF": 1.00054, "I4NTSPD": 34.98097, "I424VOL": 367.89075, "TVOL00": 0, "TVMT00": 0.0, "ID": 0, "AADT_2023": 0, "AWDT_2023": 0, "MD210": 0, "CNT2LOADDIF": 0.0, "ABSNCTDIFF": 0.0, "CNT2LOADPCT": 0.0, "ABSPCTDIFF": 0.0, "MD210U": 0, "LOAD1": 367.89075, "LOAD2": 0.0, "LOADGRW": -367.89075, "ABSGRW": 367.89075, "PRCGRW": -1.0, "PRCANLGRW": -4.5454545 }, "geometry": { "type": "LineString", "coordinates": [ [ -77.539868802866707, 39.108092284628242 ], [ -77.540077882326045, 39.108172266432838 ], [ -77.540347882724859, 39.107932265678571 ], [ -77.540817881953615, 39.107542265801939 ], [ -77.54135788185198, 39.107122267180053 ], [ -77.541897881750344, 39.106712267240532 ], [ -77.542457881711599, 39.106422266778821 ], [ -77.54261788131511, 39.106372267071372 ], [ -77.542787880500327, 39.106342266527385 ], [ -77.542947881003158, 39.106332266945664 ], [ -77.544337881324466, 39.106372267071372 ], [ -77.544527881471893, 39.106352267008482 ], [ -77.544737880782861, 39.106282267238193 ], [ -77.544887881703914, 39.106202266986763 ], [ -77.545017881662773, 39.106122266735383 ], [ -77.545447879866515, 39.105662266189078 ], [ -77.545557879762512, 39.105582266837011 ], [ -77.545727879847107, 39.10554226761063 ], [ -77.545857879805965, 39.105542266711254 ], [ -77.546087880079142, 39.105562266774115 ], [ -77.546547879726134, 39.10580226662902 ], [ -77.546927880020974, 39.105992266776461 ], [ -77.547058840373069, 39.105903574325893 ] ] } },
{ "type": "Feature", "properties": { "A": 40004, "B": 40946, "SUBAREA": 0, "FFSNEW": 0, "CPENEW": 0, "CPEFAC": 0, "TIMEPEN": 0, "DISTANCE": 0.51, "SPDCLASS": 33, "CAPCLASS": 33, "JUR": 7, "SCREEN": 0, "FTYPE": 3, "TOLL": 0, "TOLLGRP": 0, "AMLANE": 1, "AMLIMIT": 0, "PMLANE": 1, "PMLIMIT": 0, "OPLANE": 1, "OPLIMIT": 0, "EDGEID": 40000000000, "LINKID": 36064, "NETYEAR": 2001, "SHAPE_LENG": 2678.97, "PROJECTID": "NA", "TAZ": 2526, "ATYPE": 3, "MDLANE": 1, "MDLIMIT": 0, "NTLANE": 1, "NTLIMIT": 0, "DEFLATIONFT": 0.8011, "AMTOLL": 0.0, "PMTOLL": 0.0, "OPTOLL": 0.0, "AMTOLL_VP": 0.0, "PMTOLL_VP": 0.0, "OPTOLL_VP": 0.0, "AMHTIME": 1.51861, "PMHTIME": 1.51861, "OPHTIME": 1.24542, "MDTOLL": 0.0, "MDTOLL_VP": 0.0, "MDHTIME": 1.24542, "NTTOLL": 0.0, "NTTOLL_VP": 0.0, "NTHTIME": 1.24542, "LINKAB": 4000440946, "TURNPENI": "TURNPEN.PEN", "I4AMSOV": 667.8183, "I4AMHV2": 82.71647, "I4AMHV3": 39.82716, "I4AMCV": 115.47114, "I4AMTRK": 102.25027, "I4AMAPX": 4.86007, "I4AMVOL": 1012.94336, "I4AMVMT": 516.60114, "I4AMFFSPD": 46, "AMHRLKCAP": 700, "AMHRLNCAP": 700, "I4AMVC": 0.60342, "I4AMVDF": 1.15653, "I4AMSPD": 39.774, "COMP": 0, "I4MDSOV": 802.41992, "I4MDHV2": 217.41029, "I4MDHV3": 98.65865, "I4MDCV": 171.31154, "I4MDTRK": 169.60933, "I4MDAPX": 7.11, "I4MDVOL": 1466.51978, "I4MDVMT": 747.92511, "I4MDFFSPD": 46, "MDHRLKCAP": 700, "MDHRLNCAP": 700, "I4MDVC": 0.37082, "I4MDVDF": 1.0637, "I4MDSPD": 43.24507, "I4PMSOV": 1846.69458, "I4PMHV2": 308.81238, "I4PMHV3": 110.63789, "I4PMCV": 252.11516, "I4PMTRK": 96.42206, "I4PMAPX": 86.55693, "I4PMVOL": 2701.23901, "I4PMVMT": 1377.63184, "I4PMFFSPD": 46, "PMHRLKCAP": 700, "PMHRLNCAP": 700, "I4PMVC": 1.13452, "I4PMVDF": 2.98036, "I4PMSPD": 15.43436, "I4NTSOV": 599.59595, "I4NTHV2": 152.89879, "I4NTHV3": 67.77293, "I4NTCV": 73.5644, "I4NTTRK": 36.91, "I4NTAPX": 2.9, "I4NTVOL": 933.64203, "I4NTVMT": 476.15744, "I4NTFFSPD": 46, "NTHRLKCAP": 700, "NTHRLNCAP": 700, "I4NTVC": 0.20007, "I4NTVDF": 1.02701, "I4NTSPD": 44.7901, "I424VOL": 6114.34424, "TVOL00": 6, "TVMT00": 3.06, "ID": 0, "AADT_2023": 0, "AWDT_2023": 0, "MD210": 0, "CNT2LOADDIF": 0.0, "ABSNCTDIFF": 0.0, "CNT2LOADPCT": 0.0, "ABSPCTDIFF": 0.0, "MD210U": 0, "LOAD1": 6114.34424, "LOAD2": 0.0, "LOADGRW": -6114.34424, "ABSGRW": 6114.34424, "PRCGRW": -1.0, "PRCANLGRW": -4.5454545 }, "geometry": { "type": "LineString", "coordinates": [ [ -77.504006546913885, 38.82403315106842 ], [ -77.505027909323758, 38.823782322835861 ], [ -77.50739790732888, 38.823252322519295 ], [ -77.507817907749441, 38.823152323104324 ], [ -77.508337907584988, 38.823042322308993 ], [ -77.510637906719126, 38.82254232343562 ], [ -77.512027907040419, 38.822222323329356 ], [ -77.513037375095081, 38.821981103265976 ] ] } },
{ "type": "Feature", "properties": { "A": 40011, "B": 40969, "SUBAREA": 0, "FFSNEW": 0, "CPENEW": 0, "CPEFAC": 0, "TIMEPEN": 0, "DISTANCE": 0.93, "SPDCLASS": 44, "CAPCLASS": 44, "JUR": 7, "SCREEN": 0, "FTYPE": 4, "TOLL": 0, "TOLLGRP": 0, "AMLANE": 1, "AMLIMIT": 0, "PMLANE": 1, "PMLIMIT": 0, "OPLANE": 1, "OPLIMIT": 0, "EDGEID": 41000000000, "LINKID": 81148, "NETYEAR": 2001, "SHAPE_LENG": 4928.89, "PROJECTID": "NA", "TAZ": 2671, "ATYPE": 4, "MDLANE": 1, "MDLIMIT": 0, "NTLANE": 1, "NTLIMIT": 0, "DEFLATIONFT": 0.8011, "AMTOLL": 0.0, "PMTOLL": 0.0, "OPTOLL": 0.0, "AMTOLL_VP": 0.0, "PMTOLL_VP": 0.0, "OPTOLL_VP": 0.0, "AMHTIME": 3.16865, "PMHTIME": 3.16865, "OPHTIME": 2.68269, "MDTOLL": 0.0, "MDTOLL_VP": 0.0, "MDHTIME": 2.68269, "NTTOLL": 0.0, "NTTOLL_VP": 0.0, "NTHTIME": 2.68269, "LINKAB": 4001140969, "TURNPENI": "TURNPEN.PEN", "I4AMSOV": 9.0000000000000006e-05, "I4AMHV2": 3.0000000000000001e-05, "I4AMHV3": 0.0, "I4AMCV": 1.0000000000000001e-05, "I4AMTRK": 1.0000000000000001e-05, "I4AMAPX": 0.0, "I4AMVOL": 0.00014, "I4AMVMT": 0.00013, "I4AMFFSPD": 40, "AMHRLKCAP": 800, "AMHRLNCAP": 800, "I4AMVC": 0.0, "I4AMVDF": 1.0, "I4AMSPD": 40.0, "COMP": 0, "I4MDSOV": 0.0, "I4MDHV2": 0.0, "I4MDHV3": 0.0, "I4MDCV": 0.0, "I4MDTRK": 0.0, "I4MDAPX": 0.0, "I4MDVOL": 0.0, "I4MDVMT": 0.0, "I4MDFFSPD": 40, "MDHRLKCAP": 800, "MDHRLNCAP": 800, "I4MDVC": 0.0, "I4MDVDF": 1.0, "I4MDSPD": 40.0, "I4PMSOV": 0.0, "I4PMHV2": 0.0, "I4PMHV3": 0.0, "I4PMCV": 0.0, "I4PMTRK": 0.0, "I4PMAPX": 0.0, "I4PMVOL": 0.0, "I4PMVMT": 0.0, "I4PMFFSPD": 40, "PMHRLKCAP": 800, "PMHRLNCAP": 800, "I4PMVC": 0.0, "I4PMVDF": 1.0, "I4PMSPD": 40.0, "I4NTSOV": 0.0, "I4NTHV2": 0.0, "I4NTHV3": 0.0, "I4NTCV": 0.0, "I4NTTRK": 0.0, "I4NTAPX": 0.0, "I4NTVOL": 0.0, "I4NTVMT": 0.0, "I4NTFFSPD": 40, "NTHRLKCAP": 800, "NTHRLNCAP": 800, "I4NTVC": 0.0, "I4NTVDF": 1.0, "I4NTSPD": 40.0, "I424VOL": 0.00014, "TVOL00": 0, "TVMT00": 0.0, "ID": 0, "AADT_2023": 0, "AWDT_2023": 0, "MD210": 0, "CNT2LOADDIF": 0.0, "ABSNCTDIFF": 0.0, "CNT2LOADPCT": 0.0, "ABSPCTDIFF": 0.0, "MD210U": 0, "LOAD1": 0.00014, "LOAD2": 0.0, "LOADGRW": -0.00014, "ABSGRW": 0.00014, "PRCGRW": -0.9814764, "PRCANLGRW": -4.461256 }, "geometry": { "type": "LineString", "coordinates": [ [ -77.3173287343038, 38.682582290727282 ], [ -77.317487974662654, 38.682712345804461 ], [ -77.318927973792086, 38.683692344387602 ], [ -77.318547973497232, 38.684292345373862 ], [ -77.318467973245802, 38.684392344788812 ], [ -77.317757975061511, 38.685062344646099 ], [ -77.31750797472553, 38.685462345003828 ], [ -77.318797973833227, 38.6859523451947 ], [ -77.319117973040193, 38.686092344735343 ], [ -77.319131198496578, 38.686100901801673 ], [ -77.319287974024121, 38.68620234553071 ], [ -77.319407974401201, 38.686292344464562 ], [ -77.319597974548628, 38.686492345093079 ], [ -77.319667974318975, 38.686592345407341 ], [ -77.319757974152139, 38.686812345199357 ], [ -77.319807973859611, 38.68718234411385 ], [ -77.319727973608238, 38.688192343240985 ], [ -77.319657973837892, 38.688412343932335 ], [ -77.319447974526909, 38.688642344205483 ], [ -77.319137973103068, 38.688992343956414 ], [ -77.318717974481103, 38.689372344251261 ], [ -77.318447974082289, 38.689222344229556 ], [ -77.318207974227349, 38.689142343978148 ], [ -77.31811797349485, 38.689112344333502 ], [ -77.318112022669041, 38.689111683330488 ], [ -77.317757973262829, 38.689072343308489 ], [ -77.316637975139031, 38.688962343412427 ], [ -77.316087974759583, 38.688812343390715 ], [ -77.315557974442996, 38.688682344331184 ], [ -77.315237975235959, 38.688542343891235 ], [ -77.314697975337594, 38.688352343743738 ], [ -77.314437974520501, 38.68832234409912 ], [ -77.314237975690617, 38.688332343680912 ], [ -77.313707975374044, 38.688362344224849 ], [ -77.313347975141994, 38.688492344183743 ], [ -77.313119256688438, 38.688483544251575 ] ] } },
{ "type": "Feature", "properties": { "A": 40070, "B": 40854, "SUBAREA": 0, "FFSNEW": 0, "CPENEW": 0, "CPEFAC": 0, "TIMEPEN": 0, "DISTANCE": 0.49, "SPDCLASS": 36, "CAPCLASS": 36, "JUR": 7, "SCREEN": 0, "FTYPE": 3, "TOLL": 0, "TOLLGRP": 0, "AMLANE": 1, "AMLIMIT": 0, "PMLANE": 1, "PMLIMIT": 0, "OPLANE": 1, "OPLIMIT": 0, "EDGEID": 40900000000, "LINKID": 75298, "NETYEAR": 2001, "SHAPE_LENG": 2594.6, "PROJECTID": "NA", "TAZ": 2524, "ATYPE": 6, "MDLANE": 1, "MDLIMIT": 0, "NTLANE": 1, "NTLIMIT": 0, "DEFLATIONFT": 0.8011, "AMTOLL": 0.0, "PMTOLL": 0.0, "OPTOLL": 0.0, "AMTOLL_VP": 0.0, "PMTOLL_VP": 0.0, "OPTOLL_VP": 0.0, "AMHTIME": 0.92686, "PMHTIME": 0.92686, "OPHTIME": 0.79288, "MDTOLL": 0.0, "MDTOLL_VP": 0.0, "MDHTIME": 0.79288, "NTTOLL": 0.0, "NTTOLL_VP": 0.0, "NTHTIME": 0.79288, "LINKAB": 4007040854, "TURNPENI": "TURNPEN.PEN", "I4AMSOV": 1458.75928, "I4AMHV2": 98.61406, "I4AMHV3": 26.27498, "I4AMCV": 159.19592, "I4AMTRK": 133.45337, "I4AMAPX": 0.12996, "I4AMVOL": 1876.42761, "I4AMVMT": 919.44952, "I4AMFFSPD": 52, "AMHRLKCAP": 900, "AMHRLNCAP": 900, "I4AMVC": 0.86941, "I4AMVDF": 1.50956, "I4AMSPD": 34.44703, "COMP": 0, "I4MDSOV": 1515.30347, "I4MDHV2": 341.86948, "I4MDHV3": 194.27052, "I4MDCV": 315.60641, "I4MDTRK": 262.51028, "I4MDAPX": 8.15, "I4MDVOL": 2637.71021, "I4MDVMT": 1292.47803, "I4MDFFSPD": 52, "MDHRLKCAP": 900, "MDHRLNCAP": 900, "I4MDVC": 0.51875, "I4MDVDF": 1.11419, "I4MDSPD": 46.67079, "I4PMSOV": 914.78851, "I4PMHV2": 239.26628, "I4PMHV3": 92.84045, "I4PMCV": 338.29538, "I4PMTRK": 102.23009, "I4PMAPX": 98.91727, "I4PMVOL": 1786.33801, "I4PMVMT": 875.3056, "I4PMFFSPD": 52, "PMHRLKCAP": 900, "PMHRLNCAP": 900, "I4PMVC": 0.58354, "I4PMVDF": 1.14593, "I4PMSPD": 45.37786, "I4NTSOV": 1169.41821, "I4NTHV2": 247.88112, "I4NTHV3": 132.40671, "I4NTCV": 152.44905, "I4NTTRK": 69.35258, "I4NTAPX": 3.23, "I4NTVOL": 1774.73767, "I4NTVMT": 869.62146, "I4NTFFSPD": 52, "NTHRLKCAP": 900, "NTHRLNCAP": 900, "I4NTVC": 0.29579, "I4NTVDF": 1.0452, "I4NTSPD": 49.75124, "I424VOL": 8075.21338, "TVOL00": 8, "TVMT00": 3.92, "ID": 0, "AADT_2023": 0, "AWDT_2023": 0, "MD210": 0, "CNT2LOADDIF": 0.0, "ABSNCTDIFF": 0.0, "CNT2LOADPCT": 0.0, "ABSPCTDIFF": 0.0, "MD210U": 0, "LOAD1": 8075.21338, "LOAD2": 0.0, "LOADGRW": -8075.21338, "ABSGRW": 8075.21338, "PRCGRW": -1.0, "PRCANLGRW": -4.5454545 }, "geometry": { "type": "LineString", "coordinates": [ [ -77.535517283834267, 38.829702988768965 ], [ -77.535507898990886, 38.829432323054959 ], [ -77.535457898384109, 38.829192323199976 ], [ -77.535427898739513, 38.829082323303993 ], [ -77.535327899324571, 38.828822322486907 ], [ -77.535047899343908, 38.828242322462799 ], [ -77.534757898882219, 38.827612323630589 ], [ -77.534297899235241, 38.826642322830587 ], [ -77.533957899965415, 38.825902322303691 ], [ -77.533737900173378, 38.825452323137796 ], [ -77.533517899481978, 38.824972324327277 ], [ -77.533287900108178, 38.824592324032423 ], [ -77.533127899605347, 38.824352324177539 ], [ -77.532927899876157, 38.824132324385452 ], [ -77.532727899247618, 38.823962324300879 ], [ -77.532397899559555, 38.823732324027709 ], [ -77.532117899578907, 38.823572324424248 ], [ -77.531777415902312, 38.823401926477253 ] ] } },
{ "type": "Feature", "properties": { "A": 40070, "B": 40855, "SUBAREA": 0, "FFSNEW": 0, "CPENEW": 0, "CPEFAC": 0, "TIMEPEN": 0, "DISTANCE": 0.33, "SPDCLASS": 36, "CAPCLASS": 36, "JUR": 7, "SCREEN": 0, "FTYPE": 3, "TOLL": 0, "TOLLGRP": 0, "AMLANE": 1, "AMLIMIT": 0, "PMLANE": 1, "PMLIMIT": 0, "OPLANE": 1, "OPLIMIT": 0, "EDGEID": 40100000000, "LINKID": 33181, "NETYEAR": 2001, "SHAPE_LENG": 1724.39, "PROJECTID": "NA", "TAZ": 2522, "ATYPE": 6, "MDLANE": 1, "MDLIMIT": 0, "NTLANE": 1, "NTLIMIT": 0, "DEFLATIONFT": 0.8011, "AMTOLL": 0.0, "PMTOLL": 0.0, "OPTOLL": 0.0, "AMTOLL_VP": 0.0, "PMTOLL_VP": 0.0, "OPTOLL_VP": 0.0, "AMHTIME": 0.62421, "PMHTIME": 0.62421, "OPHTIME": 0.53398, "MDTOLL": 0.0, "MDTOLL_VP": 0.0, "MDHTIME": 0.53398, "NTTOLL": 0.0, "NTTOLL_VP": 0.0, "NTHTIME": 0.53398, "LINKAB": 4007040855, "TURNPENI": "TURNPEN.PEN", "I4AMSOV": 704.11938, "I4AMHV2": 70.02381, "I4AMHV3": 17.65776, "I4AMCV": 201.86205, "I4AMTRK": 171.90842, "I4AMAPX": 4.25009, "I4AMVOL": 1169.82141, "I4AMVMT": 386.04108, "I4AMFFSPD": 52, "AMHRLKCAP": 900, "AMHRLNCAP": 900, "I4AMVC": 0.54202, "I4AMVDF": 1.12559, "I4AMSPD": 46.19806, "COMP": 0, "I4MDSOV": 1123.02026, "I4MDHV2": 290.9577, "I4MDHV3": 165.3175, "I4MDCV": 302.51999, "I4MDTRK": 264.63391, "I4MDAPX": 8.1, "I4MDVOL": 2154.54932, "I4MDVMT": 711.00128, "I4MDFFSPD": 52, "MDHRLKCAP": 900, "MDHRLNCAP": 900, "I4MDVC": 0.42373, "I4MDVDF": 1.07907, "I4MDSPD": 48.18975, "I4PMSOV": 1837.47974, "I4PMHV2": 301.57779, "I4PMHV3": 92.43029, "I4PMCV": 282.96652, "I4PMTRK": 95.30704, "I4PMAPX": 88.13702, "I4PMVOL": 2697.89819, "I4PMVMT": 890.30646, "I4PMFFSPD": 52, "PMHRLKCAP": 900, "PMHRLNCAP": 900, "I4PMVC": 0.88131, "I4PMVDF": 1.53658, "I4PMSPD": 33.84135, "I4NTSOV": 1762.14331, "I4NTHV2": 344.16827, "I4NTHV3": 170.73119, "I4NTCV": 146.67581, "I4NTTRK": 76.64438, "I4NTAPX": 3.25632, "I4NTVOL": 2503.61938, "I4NTVMT": 826.1944, "I4NTFFSPD": 52, "NTHRLKCAP": 900, "NTHRLNCAP": 900, "I4NTVC": 0.41727, "I4NTVDF": 1.07687, "I4NTSPD": 48.28801, "I424VOL": 8525.88867, "TVOL00": 9, "TVMT00": 2.97, "ID": 0, "AADT_2023": 0, "AWDT_2023": 0, "MD210": 0, "CNT2LOADDIF": 0.0, "ABSNCTDIFF": 0.0, "CNT2LOADPCT": 0.0, "ABSPCTDIFF": 0.0, "MD210U": 0, "LOAD1": 8525.88867, "LOAD2": 0.0, "LOADGRW": -8525.88867, "ABSGRW": 8525.88867, "PRCGRW": -1.0, "PRCANLGRW": -4.5454545 }, "geometry": { "type": "LineString", "coordinates": [ [ -77.535517283834267, 38.829702988768965 ], [ -77.535487898928011, 38.830072323267579 ], [ -77.53536789855093, 38.831052321850713 ], [ -77.535347898488055, 38.831532321560516 ], [ -77.535377899032042, 38.831962322462232 ], [ -77.535457899283415, 38.832582321712657 ], [ -77.535497898509789, 38.832782322341174 ], [ -77.535537898635482, 38.833012321715024 ], [ -77.535637898949744, 38.833472322261265 ], [ -77.535677899075495, 38.833652321927644 ], [ -77.535727898782966, 38.833842322075078 ], [ -77.535887899285754, 38.834162322181356 ], [ -77.535987616823505, 38.834371489832577 ] ] } },
{ "type": "Feature", "properties": { "A": 40112, "B": 40799, "SUBAREA": 0, "FFSNEW": 0, "CPENEW": 0, "CPEFAC": 0, "TIMEPEN": 0, "DISTANCE": 0.3, "SPDCLASS": 33, "CAPCLASS": 33, "JUR": 7, "SCREEN": 0, "FTYPE": 3, "TOLL": 0, "TOLLGRP": 0, "AMLANE": 2, "AMLIMIT": 0, "PMLANE": 2, "PMLIMIT": 0, "OPLANE": 2, "OPLIMIT": 0, "EDGEID": 40800000000, "LINKID": 34088, "NETYEAR": 2001, "SHAPE_LENG": 1598.6, "PROJECTID": "NA", "TAZ": 2528, "ATYPE": 3, "MDLANE": 2, "MDLIMIT": 0, "NTLANE": 2, "NTLIMIT": 0, "DEFLATIONFT": 0.8011, "AMTOLL": 0.0, "PMTOLL": 0.0, "OPTOLL": 0.0, "AMTOLL_VP": 0.0, "PMTOLL_VP": 0.0, "OPTOLL_VP": 0.0, "AMHTIME": 0.8933, "PMHTIME": 0.8933, "OPHTIME": 0.7326, "MDTOLL": 0.0, "MDTOLL_VP": 0.0, "MDHTIME": 0.7326, "NTTOLL": 0.0, "NTTOLL_VP": 0.0, "NTHTIME": 0.7326, "LINKAB": 4011240799, "TURNPENI": "TURNPEN.PEN", "I4AMSOV": 1179.8042, "I4AMHV2": 126.96137, "I4AMHV3": 38.77498, "I4AMCV": 159.80946, "I4AMTRK": 148.08904, "I4AMAPX": 0.01005, "I4AMVOL": 1653.44922, "I4AMVMT": 496.03476, "I4AMFFSPD": 46, "AMHRLKCAP": 1400, "AMHRLNCAP": 700, "I4AMVC": 0.49249, "I4AMVDF": 1.10245, "I4AMSPD": 41.72536, "COMP": 0, "I4MDSOV": 1415.53589, "I4MDHV2": 382.70242, "I4MDHV3": 227.431, "I4MDCV": 285.91275, "I4MDTRK": 272.32977, "I4MDAPX": 0.02, "I4MDVOL": 2583.93188, "I4MDVMT": 775.17957, "I4MDFFSPD": 46, "MDHRLKCAP": 1400, "MDHRLNCAP": 700, "I4MDVC": 0.32668, "I4MDVDF": 1.05267, "I4MDSPD": 43.69838, "I4PMSOV": 842.85681, "I4PMHV2": 258.78146, "I4PMHV3": 116.52212, "I4PMCV": 276.76672, "I4PMTRK": 92.39262, "I4PMAPX": 89.60191, "I4PMVOL": 1676.92163, "I4PMVMT": 503.07651, "I4PMFFSPD": 46, "PMHRLKCAP": 1400, "PMHRLNCAP": 700, "I4PMVC": 0.35215, "I4PMVDF": 1.05904, "I4PMSPD": 43.43563, "I4NTSOV": 1216.54785, "I4NTHV2": 298.63358, "I4NTHV3": 159.61482, "I4NTCV": 147.43559, "I4NTTRK": 73.02417, "I4NTAPX": 0.32128, "I4NTVOL": 1895.57727, "I4NTVMT": 568.67316, "I4NTFFSPD": 46, "NTHRLKCAP": 1400, "NTHRLNCAP": 700, "I4NTVC": 0.2031, "I4NTVDF": 1.02759, "I4NTSPD": 44.765, "I424VOL": 7809.87988, "TVOL00": 8, "TVMT00": 2.4, "ID": 0, "AADT_2023": 0, "AWDT_2023": 0, "MD210": 0, "CNT2LOADDIF": 0.0, "ABSNCTDIFF": 0.0, "CNT2LOADPCT": 0.0, "ABSPCTDIFF": 0.0, "MD210U": 0, "LOAD1": 7809.87988, "LOAD2": 0.0, "LOADGRW": -7809.87988, "ABSGRW": 7809.87988, "PRCGRW": -1.0, "PRCANLGRW": -4.5454545 }, "geometry": { "type": "LineString", "coordinates": [ [ -77.522737372007015, 38.809282493248134 ], [ -77.522467904775866, 38.808362327436647 ], [ -77.52237790404331, 38.808062327393181 ], [ -77.522177904314105, 38.807362326992006 ], [ -77.52203790387415, 38.806942327470708 ], [ -77.52192790307879, 38.806652327009033 ], [ -77.521897904333514, 38.806432327216932 ], [ -77.521667904060394, 38.805872327255763 ], [ -77.521507905356202, 38.805502326542609 ], [ -77.521316694438568, 38.805041035340459 ] ] } },
{ "type": "Feature", "properties": { "A": 40112, "B": 40945, "SUBAREA": 0, "FFSNEW": 0, "CPENEW": 0, "CPEFAC": 0, "TIMEPEN": 0, "DISTANCE": 0.23, "SPDCLASS": 33, "CAPCLASS": 33, "JUR": 7, "SCREEN": 0, "FTYPE": 3, "TOLL": 0, "TOLLGRP": 0, "AMLANE": 1, "AMLIMIT": 0, "PMLANE": 1, "PMLIMIT": 0, "OPLANE": 1, "OPLIMIT": 0, "EDGEID": 40100000000, "LINKID": 75188, "NETYEAR": 2001, "SHAPE_LENG": 1222.61, "PROJECTID": "NA", "TAZ": 2528, "ATYPE": 3, "MDLANE": 1, "MDLIMIT": 0, "NTLANE": 1, "NTLIMIT": 0, "DEFLATIONFT": 0.8011, "AMTOLL": 0.0, "PMTOLL": 0.0, "OPTOLL": 0.0, "AMTOLL_VP": 0.0, "PMTOLL_VP": 0.0, "OPTOLL_VP": 0.0, "AMHTIME": 0.68486, "PMHTIME": 0.68486, "OPHTIME": 0.56166, "MDTOLL": 0.0, "MDTOLL_VP": 0.0, "MDHTIME": 0.56166, "NTTOLL": 0.0, "NTTOLL_VP": 0.0, "NTHTIME": 0.56166, "LINKAB": 4011240945, "TURNPENI": "TURNPEN.PEN", "I4AMSOV": 968.27045, "I4AMHV2": 87.05486, "I4AMHV3": 16.49776, "I4AMCV": 184.75583, "I4AMTRK": 187.79683, "I4AMAPX": 0.08019, "I4AMVOL": 1444.45593, "I4AMVMT": 332.22485, "I4AMFFSPD": 46, "AMHRLKCAP": 700, "AMHRLNCAP": 700, "I4AMVC": 0.86048, "I4AMVDF": 1.4893, "I4AMSPD": 30.88707, "COMP": 0, "I4MDSOV": 1302.27661, "I4MDHV2": 347.55487, "I4MDHV3": 189.80023, "I4MDCV": 277.09735, "I4MDTRK": 274.65097, "I4MDAPX": 1.87, "I4MDVOL": 2393.25, "I4MDVMT": 550.4475, "I4MDFFSPD": 46, "MDHRLKCAP": 700, "MDHRLNCAP": 700, "I4MDVC": 0.60515, "I4MDVDF": 1.15781, "I4MDSPD": 39.73014, "I4PMSOV": 1481.05518, "I4PMHV2": 325.75171, "I4PMHV3": 125.31926, "I4PMCV": 247.94128, "I4PMTRK": 98.0242, "I4PMAPX": 91.17462, "I4PMVOL": 2369.26636, "I4PMVMT": 544.93127, "I4PMFFSPD": 46, "PMHRLKCAP": 700, "PMHRLNCAP": 700, "I4PMVC": 0.99509, "I4PMVDF": 1.97934, "I4PMSPD": 23.24011, "I4NTSOV": 1934.52795, "I4NTHV2": 413.86557, "I4NTHV3": 201.66028, "I4NTCV": 138.64142, "I4NTTRK": 82.43112, "I4NTAPX": 0.68632, "I4NTVOL": 2771.81274, "I4NTVMT": 637.51691, "I4NTFFSPD": 46, "NTHRLKCAP": 700, "NTHRLNCAP": 700, "I4NTVC": 0.59396, "I4NTVDF": 1.15104, "I4NTSPD": 39.96385, "I424VOL": 8978.78516, "TVOL00": 9, "TVMT00": 2.07, "ID": 0, "AADT_2023": 0, "AWDT_2023": 0, "MD210": 0, "CNT2LOADDIF": 0.0, "ABSNCTDIFF": 0.0, "CNT2LOADPCT": 0.0, "ABSPCTDIFF": 0.0, "MD210U": 0, "LOAD1": 8978.78516, "LOAD2": 0.0, "LOADGRW": -8978.78516, "ABSGRW": 8978.78516, "PRCGRW": -1.0, "PRCANLGRW": -4.5454545 }, "geometry": { "type": "LineString", "coordinates": [ [ -77.522737372007015, 38.809282493248134 ], [ -77.523007903774896, 38.8099923258142 ], [ -77.523307903818363, 38.810702325797124 ], [ -77.523657904468635, 38.811512325195032 ], [ -77.523907903905297, 38.812112326181285 ], [ -77.524066294299885, 38.812475433921314 ] ] } },
{ "type": "Feature", "properties": { "A": 40113, "B": 41002, "SUBAREA": 0, "FFSNEW": 0, "CPENEW": 0, "CPEFAC": 0, "TIMEPEN": 0, "DISTANCE": 0.01, "SPDCLASS": 15, "CAPCLASS": 15, "JUR": 7, "SCREEN": 0, "FTYPE": 1, "TOLL": 0, "TOLLGRP": 0, "AMLANE": 2, "AMLIMIT": 0, "PMLANE": 2, "PMLIMIT": 0, "OPLANE": 2, "OPLIMIT": 0, "EDGEID": 40100000000, "LINKID": 89004, "NETYEAR": 2022, "SHAPE_LENG": 31.39, "PROJECTID": "VI1ZA1", "TAZ": 2551, "ATYPE": 5, "MDLANE": 2, "MDLIMIT": 0, "NTLANE": 2, "NTLIMIT": 0, "DEFLATIONFT": 0.8011, "AMTOLL": 0.0, "PMTOLL": 0.0, "OPTOLL": 0.0, "AMTOLL_VP": 0.0, "PMTOLL_VP": 0.0, "OPTOLL_VP": 0.0, "AMHTIME": 0.01221, "PMHTIME": 0.01221, "OPHTIME": 0.00984, "MDTOLL": 0.0, "MDTOLL_VP": 0.0, "MDHTIME": 0.00984, "NTTOLL": 0.0, "NTTOLL_VP": 0.0, "NTHTIME": 0.00984, "LINKAB": 4011341002, "TURNPENI": "TURNPEN.PEN", "I4AMSOV": 0.10684, "I4AMHV2": 555.71948, "I4AMHV3": 0.0, "I4AMCV": 236.58627, "I4AMTRK": 0.0, "I4AMAPX": 10.78599, "I4AMVOL": 803.19861, "I4AMVMT": 8.03199, "I4AMFFSPD": 75, "AMHRLKCAP": 4000, "AMHRLNCAP": 2000, "I4AMVC": 0.08373, "I4AMVDF": 1.00335, "I4AMSPD": 74.74964, "COMP": 0, "I4MDSOV": 0.0, "I4MDHV2": 0.0, "I4MDHV3": 555.14191, "I4MDCV": 0.0, "I4MDTRK": 0.0, "I4MDAPX": 0.0, "I4MDVOL": 555.14191, "I4MDVMT": 5.55142, "I4MDFFSPD": 75, "MDHRLKCAP": 4000, "MDHRLNCAP": 2000, "I4MDVC": 0.02457, "I4MDVDF": 1.00098, "I4MDSPD": 74.92638, "I4PMSOV": 0.0, "I4PMHV2": 0.0, "I4PMHV3": 410.07236, "I4PMCV": 0.0, "I4PMTRK": 0.0, "I4PMAPX": 0.0, "I4PMVOL": 410.07236, "I4PMVMT": 4.10072, "I4PMFFSPD": 75, "PMHRLKCAP": 4000, "PMHRLNCAP": 2000, "I4PMVC": 0.03014, "I4PMVDF": 1.00121, "I4PMSPD": 74.90969, "I4NTSOV": 0.0, "I4NTHV2": 0.0, "I4NTHV3": 846.43579, "I4NTCV": 0.0, "I4NTTRK": 0.0, "I4NTAPX": 0.0, "I4NTVOL": 846.43579, "I4NTVMT": 8.46436, "I4NTFFSPD": 75, "NTHRLKCAP": 4000, "NTHRLNCAP": 2000, "I4NTVC": 0.03174, "I4NTVDF": 1.00127, "I4NTSPD": 74.9049, "I424VOL": 2614.84863, "TVOL00": 3, "TVMT00": 0.03, "ID": 0, "AADT_2023": 0, "AWDT_2023": 0, "MD210": 0, "CNT2LOADDIF": 0.0, "ABSNCTDIFF": 0.0, "CNT2LOADPCT": 0.0, "ABSPCTDIFF": 0.0, "MD210U": 0, "LOAD1": 2614.84863, "LOAD2": 0.0, "LOADGRW": -2614.84863, "ABSGRW": 2614.84863, "PRCGRW": -1.0, "PRCANLGRW": -4.5454545 }, "geometry": { "type": "LineString", "coordinates": [ [ -77.585546349475763, 38.797871709800575 ], [ -77.585494349017694, 38.797948854760712 ] ] } },
{ "type": "Feature", "properties": { "A": 40156, "B": 40651, "SUBAREA": 0, "FFSNEW": 0, "CPENEW": 0, "CPEFAC": 0, "TIMEPEN": 0, "DISTANCE": 1.3, "SPDCLASS": 36, "CAPCLASS": 36, "JUR": 7, "SCREEN": 0, "FTYPE": 3, "TOLL": 0, "TOLLGRP": 0, "AMLANE": 1, "AMLIMIT": 0, "PMLANE": 1, "PMLIMIT": 0, "OPLANE": 1, "OPLIMIT": 0, "EDGEID": 40700000000, "LINKID": 41651, "NETYEAR": 2001, "SHAPE_LENG": 6843.7, "PROJECTID": "NA", "TAZ": 2549, "ATYPE": 6, "MDLANE": 1, "MDLIMIT": 0, "NTLANE": 1, "NTLIMIT": 0, "DEFLATIONFT": 0.8011, "AMTOLL": 0.0, "PMTOLL": 0.0, "OPTOLL": 0.0, "AMTOLL_VP": 0.0, "PMTOLL_VP": 0.0, "OPTOLL_VP": 0.0, "AMHTIME": 2.45902, "PMHTIME": 2.45902, "OPHTIME": 2.10356, "MDTOLL": 0.0, "MDTOLL_VP": 0.0, "MDHTIME": 2.10356, "NTTOLL": 0.0, "NTTOLL_VP": 0.0, "NTHTIME": 2.10356, "LINKAB": 4015640651, "TURNPENI": "TURNPEN.PEN", "I4AMSOV": 1523.92749, "I4AMHV2": 64.1344, "I4AMHV3": 13.38089, "I4AMCV": 108.28443, "I4AMTRK": 143.58609, "I4AMAPX": 0.00114, "I4AMVOL": 1853.31445, "I4AMVMT": 2409.30884, "I4AMFFSPD": 52, "AMHRLKCAP": 900, "AMHRLNCAP": 900, "I4AMVC": 0.8587, "I4AMVDF": 1.48525, "I4AMSPD": 35.01084, "COMP": 0, "I4MDSOV": 1167.54944, "I4MDHV2": 343.53854, "I4MDHV3": 135.00262, "I4MDCV": 240.74611, "I4MDTRK": 205.37157, "I4MDAPX": 0.67, "I4MDVOL": 2092.87817, "I4MDVMT": 2720.7417, "I4MDFFSPD": 52, "MDHRLKCAP": 900, "MDHRLNCAP": 900, "I4MDVC": 0.4116, "I4MDVDF": 1.07494, "I4MDSPD": 48.37462, "I4PMSOV": 770.35455, "I4PMHV2": 218.86218, "I4PMHV3": 102.7794, "I4PMCV": 180.13506, "I4PMTRK": 59.54363, "I4PMAPX": 50.16655, "I4PMVOL": 1381.84143, "I4PMVMT": 1796.3938, "I4PMFFSPD": 52, "PMHRLKCAP": 900, "PMHRLNCAP": 900, "I4PMVC": 0.4514, "I4PMVDF": 1.08848, "I4PMSPD": 47.77319, "I4NTSOV": 741.59906, "I4NTHV2": 204.08752, "I4NTHV3": 90.53282, "I4NTCV": 100.76678, "I4NTTRK": 39.34925, "I4NTAPX": 0.27, "I4NTVOL": 1176.60547, "I4NTVMT": 1529.58716, "I4NTFFSPD": 52, "NTHRLKCAP": 900, "NTHRLNCAP": 900, "I4NTVC": 0.1961, "I4NTVDF": 1.02642, "I4NTSPD": 50.66176, "I424VOL": 6504.63965, "TVOL00": 7, "TVMT00": 9.1, "ID": 0, "AADT_2023": 0, "AWDT_2023": 0, "MD210": 0, "CNT2LOADDIF": 0.0, "ABSNCTDIFF": 0.0, "CNT2LOADPCT": 0.0, "ABSPCTDIFF": 0.0, "MD210U": 0, "LOAD1": 6504.63965, "LOAD2": 0.0, "LOADGRW": -6504.63965, "ABSGRW": 6504.63965, "PRCGRW": -1.0, "PRCANLGRW": -4.5454545 }, "geometry": { "type": "LineString", "coordinates": [ [ -77.573158603614303, 38.805992306869683 ], [ -77.571237889418683, 38.806532329329833 ], [ -77.566997890483094, 38.807732328604381 ], [ -77.56508789122563, 38.808262328021712 ], [ -77.561337892480935, 38.809302327692741 ], [ -77.560797892582571, 38.8094723277773 ], [ -77.560327892454552, 38.80965232834302 ], [ -77.559997891867127, 38.809782326503232 ], [ -77.559757892012229, 38.80988232681748 ], [ -77.559607891990481, 38.809962327068888 ], [ -77.558587892382263, 38.810242327049522 ], [ -77.557457892878062, 38.810552326674696 ], [ -77.554787893930154, 38.811242326594872 ], [ -77.553867893736879, 38.811482327349069 ], [ -77.550569343799353, 38.812331416649101 ] ] } },
{ "type": "Feature", "properties": { "A": 40181, "B": 2660, "SUBAREA": 0, "FFSNEW": 0, "CPENEW": 0, "CPEFAC": 0, "TIMEPEN": 0, "DISTANCE": 1.21, "SPDCLASS": 6, "CAPCLASS": 6, "JUR": 7, "SCREEN": 0, "FTYPE": 0, "TOLL": 0, "TOLLGRP": 0, "AMLANE": 7, "AMLIMIT": 0, "PMLANE": 7, "PMLIMIT": 0, "OPLANE": 7, "OPLIMIT": 0, "EDGEID": 40200000000, "LINKID": 25617, "NETYEAR": 2001, "SHAPE_LENG": 6390.77, "PROJECTID": "NA", "TAZ": 2660, "ATYPE": 6, "MDLANE": 7, "MDLIMIT": 0, "NTLANE": 7, "NTLIMIT": 0, "DEFLATIONFT": 0.8011, "AMTOLL": 0.0, "PMTOLL": 0.0, "OPTOLL": 0.0, "AMTOLL_VP": 0.0, "PMTOLL_VP": 0.0, "OPTOLL_VP": 0.0, "AMHTIME": 2.07429, "PMHTIME": 2.07429, "OPHTIME": 2.07429, "MDTOLL": 0.0, "MDTOLL_VP": 0.0, "MDHTIME": 2.07429, "NTTOLL": 0.0, "NTTOLL_VP": 0.0, "NTHTIME": 2.07429, "LINKAB": 4018102660, "TURNPENI": "TURNPEN.PEN", "I4AMSOV": 29.69975, "I4AMHV2": 4.00997, "I4AMHV3": 1.55, "I4AMCV": 11.3599, "I4AMTRK": 7.34994, "I4AMAPX": 0.47, "I4AMVOL": 54.43956, "I4AMVMT": 65.87187, "I4AMFFSPD": 40, "AMHRLKCAP": 22050, "AMHRLNCAP": 3150, "I4AMVC": 0.00103, "I4AMVDF": 1.0, "I4AMSPD": 40.0, "COMP": 0, "I4MDSOV": 0.0, "I4MDHV2": 0.0, "I4MDHV3": 0.0, "I4MDCV": 0.0, "I4MDTRK": 0.0, "I4MDAPX": 0.0, "I4MDVOL": 0.0, "I4MDVMT": 0.0, "I4MDFFSPD": 40, "MDHRLKCAP": 22050, "MDHRLNCAP": 3150, "I4MDVC": 0.0, "I4MDVDF": 1.0, "I4MDSPD": 40.0, "I4PMSOV": 67.64124, "I4PMHV2": 15.0919, "I4PMHV3": 6.6, "I4PMCV": 19.52051, "I4PMTRK": 5.32999, "I4PMAPX": 5.32999, "I4PMVOL": 119.51361, "I4PMVMT": 144.61147, "I4PMFFSPD": 40, "PMHRLKCAP": 22050, "PMHRLNCAP": 3150, "I4PMVC": 0.00159, "I4PMVDF": 1.0, "I4PMSPD": 40.0, "I4NTSOV": 0.0, "I4NTHV2": 0.0, "I4NTHV3": 0.0, "I4NTCV": 0.0, "I4NTTRK": 0.0, "I4NTAPX": 0.0, "I4NTVOL": 0.0, "I4NTVMT": 0.0, "I4NTFFSPD": 40, "NTHRLKCAP": 22050, "NTHRLNCAP": 3150, "I4NTVC": 0.0, "I4NTVDF": 1.0, "I4NTSPD": 40.0, "I424VOL": 173.95317, "TVOL00": 0, "TVMT00": 0.0, "ID": 0, "AADT_2023": 0, "AWDT_2023": 0, "MD210": 0, "CNT2LOADDIF": 0.0, "ABSNCTDIFF": 0.0, "CNT2LOADPCT": 0.0, "ABSPCTDIFF": 0.0, "MD210U": 0, "LOAD1": 173.95317, "LOAD2": 1.86003, "LOADGRW": -172.09314, "ABSGRW": 172.09314, "PRCGRW": -0.9893073, "PRCANLGRW": -4.4968514 }, "geometry": { "type": "LineString", "coordinates": [ [ -77.639837389655355, 38.93560325430775 ], [ -77.641096658961303, 38.918083594677015 ] ] } },
{ "type": "Feature", "properties": { "A": 40257, "B": 2486, "SUBAREA": 0, "FFSNEW": 0, "CPENEW": 0, "CPEFAC": 0, "TIMEPEN": 0, "DISTANCE": 0.69, "SPDCLASS": 5, "CAPCLASS": 5, "JUR": 7, "SCREEN": 0, "FTYPE": 0, "TOLL": 0, "TOLLGRP": 0, "AMLANE": 7, "AMLIMIT": 0, "PMLANE": 7, "PMLIMIT": 0, "OPLANE": 7, "OPLIMIT": 0, "EDGEID": 2486040257, "LINKID": 71527, "NETYEAR": 2001, "SHAPE_LENG": 3659.62, "PROJECTID": "NA", "TAZ": 2486, "ATYPE": 5, "MDLANE": 7, "MDLIMIT": 0, "NTLANE": 7, "NTLIMIT": 0, "DEFLATIONFT": 0.8011, "AMTOLL": 0.0, "PMTOLL": 0.0, "OPTOLL": 0.0, "AMTOLL_VP": 0.0, "PMTOLL_VP": 0.0, "OPTOLL_VP": 0.0, "AMHTIME": 1.38, "PMHTIME": 1.38, "OPHTIME": 1.38, "MDTOLL": 0.0, "MDTOLL_VP": 0.0, "MDHTIME": 1.38, "NTTOLL": 0.0, "NTTOLL_VP": 0.0, "NTHTIME": 1.38, "LINKAB": 4025702486, "TURNPENI": "TURNPEN.PEN", "I4AMSOV": 222.74, "I4AMHV2": 43.07, "I4AMHV3": 19.5, "I4AMCV": 27.27, "I4AMTRK": 19.05, "I4AMAPX": 1.73, "I4AMVOL": 333.36, "I4AMVMT": 230.0184, "I4AMFFSPD": 35, "AMHRLKCAP": 22050, "AMHRLNCAP": 3150, "I4AMVC": 0.0063, "I4AMVDF": 1.0, "I4AMSPD": 35.0, "COMP": 0, "I4MDSOV": 597.01, "I4MDHV2": 147.88, "I4MDHV3": 71.91, "I4MDCV": 48.26, "I4MDTRK": 35.89, "I4MDAPX": 2.72, "I4MDVOL": 903.67, "I4MDVMT": 623.5323, "I4MDFFSPD": 35, "MDHRLKCAP": 22050, "MDHRLNCAP": 3150, "I4MDVC": 0.00725, "I4MDVDF": 1.0, "I4MDSPD": 35.0, "I4PMSOV": 575.94, "I4PMHV2": 146.53, "I4PMHV3": 74.23, "I4PMCV": 48.18, "I4PMTRK": 14.66, "I4PMAPX": 14.66, "I4PMVOL": 874.2, "I4PMVMT": 603.198, "I4PMFFSPD": 35, "PMHRLKCAP": 22050, "PMHRLNCAP": 3150, "I4PMVC": 0.01166, "I4PMVDF": 1.0, "I4PMSPD": 35.0, "I4NTSOV": 490.19, "I4NTHV2": 140.99, "I4NTHV3": 72.86, "I4NTCV": 21.85, "I4NTTRK": 7.7, "I4NTAPX": 1.11, "I4NTVOL": 734.7, "I4NTVMT": 506.943, "I4NTFFSPD": 35, "NTHRLKCAP": 22050, "NTHRLNCAP": 3150, "I4NTVC": 0.005, "I4NTVDF": 1.0, "I4NTSPD": 35.0, "I424VOL": 2845.93, "TVOL00": 0, "TVMT00": 0.0, "ID": 0, "AADT_2023": 0, "AWDT_2023": 0, "MD210": 0, "CNT2LOADDIF": 0.0, "ABSNCTDIFF": 0.0, "CNT2LOADPCT": 0.0, "ABSPCTDIFF": 0.0, "MD210U": 0, "LOAD1": 2845.93, "LOAD2": 0.0, "LOADGRW": -2845.92993, "ABSGRW": 2845.93, "PRCGRW": -1.0, "PRCANLGRW": -4.5454545 }, "geometry": { "type": "LineString", "coordinates": [ [ -77.635708824426885, 38.821121937457853 ], [ -77.648040427890578, 38.823934510978432 ] ] } },
{ "type": "Feature", "properties": { "A": 40271, "B": 40982, "SUBAREA": 0, "FFSNEW": 0, "CPENEW": 0, "CPEFAC": 0, "TIMEPEN": 0, "DISTANCE": 0.09, "SPDCLASS": 15, "CAPCLASS": 15, "JUR": 7, "SCREEN": 0, "FTYPE": 1, "TOLL": 0, "TOLLGRP": 0, "AMLANE": 1, "AMLIMIT": 0, "PMLANE": 1, "PMLIMIT": 0, "OPLANE": 1, "OPLIMIT": 0, "EDGEID": 40300000000, "LINKID": 83508, "NETYEAR": 2016, "SHAPE_LENG": 493.16, "PROJECTID": "VI1W", "TAZ": 2486, "ATYPE": 5, "MDLANE": 1, "MDLIMIT": 0, "NTLANE": 1, "NTLIMIT": 0, "DEFLATIONFT": 0.8011, "AMTOLL": 0.0, "PMTOLL": 0.0, "OPTOLL": 0.0, "AMTOLL_VP": 0.0, "PMTOLL_VP": 0.0, "OPTOLL_VP": 0.0, "AMHTIME": 0.10987, "PMHTIME": 0.10987, "OPHTIME": 0.08854, "MDTOLL": 0.0, "MDTOLL_VP": 0.0, "MDHTIME": 0.08854, "NTTOLL": 0.0, "NTTOLL_VP": 0.0, "NTHTIME": 0.08854, "LINKAB": 4027140982, "TURNPENI": "TURNPEN.PEN", "I4AMSOV": 0.0, "I4AMHV2": 0.0, "I4AMHV3": 0.0, "I4AMCV": 0.0, "I4AMTRK": 0.0, "I4AMAPX": 0.0, "I4AMVOL": 0.0, "I4AMVMT": 0.0, "I4AMFFSPD": 75, "AMHRLKCAP": 2000, "AMHRLNCAP": 2000, "I4AMVC": 0.0, "I4AMVDF": 1.0, "I4AMSPD": 75.0, "COMP": 0, "I4MDSOV": 0.0, "I4MDHV2": 0.0, "I4MDHV3": 0.0, "I4MDCV": 0.0, "I4MDTRK": 0.0, "I4MDAPX": 0.0, "I4MDVOL": 0.0, "I4MDVMT": 0.0, "I4MDFFSPD": 75, "MDHRLKCAP": 2000, "MDHRLNCAP": 2000, "I4MDVC": 0.0, "I4MDVDF": 1.0, "I4MDSPD": 75.0, "I4PMSOV": 0.0, "I4PMHV2": 0.0, "I4PMHV3": 74.48122, "I4PMCV": 0.0, "I4PMTRK": 0.0, "I4PMAPX": 0.0, "I4PMVOL": 74.48122, "I4PMVMT": 6.70331, "I4PMFFSPD": 75, "PMHRLKCAP": 2000, "PMHRLNCAP": 2000, "I4PMVC": 0.01095, "I4PMVDF": 1.00044, "I4PMSPD": 74.96717, "I4NTSOV": 0.0, "I4NTHV2": 0.0, "I4NTHV3": 0.0, "I4NTCV": 0.0, "I4NTTRK": 0.0, "I4NTAPX": 0.0, "I4NTVOL": 0.0, "I4NTVMT": 0.0, "I4NTFFSPD": 75, "NTHRLKCAP": 2000, "NTHRLNCAP": 2000, "I4NTVC": 0.0, "I4NTVDF": 1.0, "I4NTSPD": 75.0, "I424VOL": 74.48122, "TVOL00": 0, "TVMT00": 0.0, "ID": 0, "AADT_2023": 0, "AWDT_2023": 0, "MD210": 0, "CNT2LOADDIF": 0.0, "ABSNCTDIFF": 0.0, "CNT2LOADPCT": 0.0, "ABSPCTDIFF": 0.0, "MD210U": 0, "LOAD1": 74.48122, "LOAD2": 0.0, "LOADGRW": -74.48122, "ABSGRW": 74.48122, "PRCGRW": -1.0, "PRCANLGRW": -4.5454545 }, "geometry": { "type": "LineString", "coordinates": [ [ -77.644008344664229, 38.819772145823599 ], [ -77.645654762395765, 38.820188655683069 ] ] } },
{ "type": "Feature", "properties": { "A": 40299, "B": 40852, "SUBAREA": 0, "FFSNEW": 0, "CPENEW": 0, "CPEFAC": 0, "TIMEPEN": 0, "DISTANCE": 0.37, "SPDCLASS": 35, "CAPCLASS": 35, "JUR": 7, "SCREEN": 0, "FTYPE": 3, "TOLL": 0, "TOLLGRP": 0, "AMLANE": 1, "AMLIMIT": 0, "PMLANE": 1, "PMLIMIT": 0, "OPLANE": 1, "OPLIMIT": 0, "EDGEID": 40300000000, "LINKID": 13788, "NETYEAR": 2001, "SHAPE_LENG": 1949.18, "PROJECTID": "NA", "TAZ": 2525, "ATYPE": 5, "MDLANE": 1, "MDLIMIT": 0, "NTLANE": 1, "NTLIMIT": 0, "DEFLATIONFT": 0.8011, "AMTOLL": 0.0, "PMTOLL": 0.0, "OPTOLL": 0.0, "AMTOLL_VP": 0.0, "PMTOLL_VP": 0.0, "OPTOLL_VP": 0.0, "AMHTIME": 0.81919, "PMHTIME": 0.81919, "OPHTIME": 0.70904, "MDTOLL": 0.0, "MDTOLL_VP": 0.0, "MDHTIME": 0.70904, "NTTOLL": 0.0, "NTTOLL_VP": 0.0, "NTHTIME": 0.70904, "LINKAB": 4029940852, "TURNPENI": "TURNPEN.PEN", "I4AMSOV": 386.53006, "I4AMHV2": 49.49125, "I4AMHV3": 26.80716, "I4AMCV": 65.6407, "I4AMTRK": 69.12805, "I4AMAPX": 0.57998, "I4AMVOL": 598.17725, "I4AMVMT": 221.32558, "I4AMFFSPD": 46, "AMHRLKCAP": 900, "AMHRLNCAP": 900, "I4AMVC": 0.27716, "I4AMVDF": 1.04166, "I4AMSPD": 44.1603, "COMP": 0, "I4MDSOV": 386.30551, "I4MDHV2": 105.10379, "I4MDHV3": 43.9589, "I4MDCV": 89.99207, "I4MDTRK": 105.62413, "I4MDAPX": 0.71, "I4MDVOL": 731.6944, "I4MDVMT": 270.72693, "I4MDFFSPD": 46, "MDHRLKCAP": 900, "MDHRLNCAP": 900, "I4MDVC": 0.1439, "I4MDVDF": 1.01858, "I4MDSPD": 45.16069, "I4PMSOV": 1083.37158, "I4PMHV2": 206.22253, "I4PMHV3": 67.47103, "I4PMCV": 191.99857, "I4PMTRK": 85.60835, "I4PMAPX": 75.83104, "I4PMVOL": 1710.50317, "I4PMVMT": 632.88617, "I4PMFFSPD": 46, "PMHRLKCAP": 900, "PMHRLNCAP": 900, "I4PMVC": 0.55876, "I4PMVDF": 1.13379, "I4PMSPD": 40.57172, "I4NTSOV": 254.85, "I4NTHV2": 68.12, "I4NTHV3": 28.26, "I4NTCV": 38.65, "I4NTTRK": 23.75, "I4NTAPX": 0.27, "I4NTVOL": 413.9, "I4NTVMT": 153.143, "I4NTFFSPD": 46, "NTHRLKCAP": 900, "NTHRLNCAP": 900, "I4NTVC": 0.06898, "I4NTVDF": 1.00828, "I4NTSPD": 45.62234, "I424VOL": 3454.2749, "TVOL00": 3, "TVMT00": 1.11, "ID": 0, "AADT_2023": 0, "AWDT_2023": 0, "MD210": 0, "CNT2LOADDIF": 0.0, "ABSNCTDIFF": 0.0, "CNT2LOADPCT": 0.0, "ABSPCTDIFF": 0.0, "MD210U": 0, "LOAD1": 3454.2749, "LOAD2": 0.0, "LOADGRW": -3454.2749, "ABSGRW": 3454.2749, "PRCGRW": -1.0, "PRCANLGRW": -4.5454545 }, "geometry": { "type": "LineString", "coordinates": [ [ -77.52666824481561, 38.818372760254668 ], [ -77.528177902485481, 38.817982325293073 ], [ -77.529137901905074, 38.817742325438168 ], [ -77.531127901413981, 38.817202325539824 ], [ -77.532137900541116, 38.816942324722724 ], [ -77.533162953851743, 38.816693017212515 ] ] } },
{ "type": "Feature", "properties": { "A": 40299, "B": 40853, "SUBAREA": 0, "FFSNEW": 0, "CPENEW": 0, "CPEFAC": 0, "TIMEPEN": 0, "DISTANCE": 0.39, "SPDCLASS": 36, "CAPCLASS": 36, "JUR": 7, "SCREEN": 0, "FTYPE": 3, "TOLL": 0, "TOLLGRP": 0, "AMLANE": 1, "AMLIMIT": 0, "PMLANE": 1, "PMLIMIT": 0, "OPLANE": 1, "OPLIMIT": 0, "EDGEID": 40900000000, "LINKID": 75296, "NETYEAR": 2001, "SHAPE_LENG": 2034.0, "PROJECTID": "NA", "TAZ": 2521, "ATYPE": 6, "MDLANE": 1, "MDLIMIT": 0, "NTLANE": 1, "NTLIMIT": 0, "DEFLATIONFT": 0.8011, "AMTOLL": 0.0, "PMTOLL": 0.0, "OPTOLL": 0.0, "AMTOLL_VP": 0.0, "PMTOLL_VP": 0.0, "OPTOLL_VP": 0.0, "AMHTIME": 0.7377, "PMHTIME": 0.7377, "OPHTIME": 0.63107, "MDTOLL": 0.0, "MDTOLL_VP": 0.0, "MDHTIME": 0.63107, "NTTOLL": 0.0, "NTTOLL_VP": 0.0, "NTHTIME": 0.63107, "LINKAB": 4029940853, "TURNPENI": "TURNPEN.PEN", "I4AMSOV": 2309.00732, "I4AMHV2": 55.33205, "I4AMHV3": 0.5, "I4AMCV": 104.73666, "I4AMTRK": 202.33525, "I4AMAPX": 0.24122, "I4AMVOL": 2672.15234, "I4AMVMT": 1042.1394, "I4AMFFSPD": 52, "AMHRLKCAP": 900, "AMHRLNCAP": 900, "I4AMVC": 1.2381, "I4AMVDF": 3.92383, "I4AMSPD": 13.25236, "COMP": 0, "I4MDSOV": 1458.27502, "I4MDHV2": 351.09406, "I4MDHV3": 115.0229, "I4MDCV": 215.47893, "I4MDTRK": 229.81795, "I4MDAPX": 8.95, "I4MDVOL": 2378.63892, "I4MDVMT": 927.66919, "I4MDFFSPD": 52, "MDHRLKCAP": 900, "MDHRLNCAP": 900, "I4MDVC": 0.4678, "I4MDVDF": 1.09405, "I4MDSPD": 47.52975, "I4PMSOV": 1301.89514, "I4PMHV2": 308.4158, "I4PMHV3": 145.61887, "I4PMCV": 249.44768, "I4PMTRK": 94.42543, "I4PMAPX": 84.01715, "I4PMVOL": 2183.82007, "I4PMVMT": 851.68982, "I4PMFFSPD": 52, "PMHRLKCAP": 900, "PMHRLNCAP": 900, "I4PMVC": 0.71338, "I4PMVDF": 1.24459, "I4PMSPD": 41.78074, "I4NTSOV": 910.56262, "I4NTHV2": 224.66142, "I4NTHV3": 92.90092, "I4NTCV": 78.88445, "I4NTTRK": 45.85885, "I4NTAPX": 3.24872, "I4NTVOL": 1356.11694, "I4NTVMT": 528.88562, "I4NTFFSPD": 52, "NTHRLKCAP": 900, "NTHRLNCAP": 900, "I4NTVC": 0.22602, "I4NTVDF": 1.03194, "I4NTSPD": 50.39035, "I424VOL": 8590.72852, "TVOL00": 9, "TVMT00": 3.51, "ID": 0, "AADT_2023": 0, "AWDT_2023": 0, "MD210": 0, "CNT2LOADDIF": 0.0, "ABSNCTDIFF": 0.0, "CNT2LOADPCT": 0.0, "ABSPCTDIFF": 0.0, "MD210U": 0, "LOAD1": 8590.72852, "LOAD2": 0.0, "LOADGRW": -8590.72852, "ABSGRW": 8590.72852, "PRCGRW": -1.0, "PRCANLGRW": -4.5454545 }, "geometry": { "type": "LineString", "coordinates": [ [ -77.52666824481561, 38.818372760254668 ], [ -77.525677902722805, 38.818642324669248 ], [ -77.525137902824454, 38.81880232337339 ], [ -77.524487903030035, 38.818972323457992 ], [ -77.523537902292844, 38.819242323856869 ], [ -77.522787903083511, 38.819442323586003 ], [ -77.521527904519715, 38.819782323755241 ], [ -77.519928703045792, 38.820212489527805 ] ] } },
{ "type": "Feature", "properties": { "A": 40299, "B": 40854, "SUBAREA": 0, "FFSNEW": 0, "CPENEW": 0, "CPEFAC": 0, "TIMEPEN": 0, "DISTANCE": 0.45, "SPDCLASS": 36, "CAPCLASS": 36, "JUR": 7, "SCREEN": 0, "FTYPE": 3, "TOLL": 0, "TOLLGRP": 0, "AMLANE": 1, "AMLIMIT": 0, "PMLANE": 1, "PMLIMIT": 0, "OPLANE": 1, "OPLIMIT": 0, "EDGEID": 40300000000, "LINKID": 67270, "NETYEAR": 2001, "SHAPE_LENG": 2399.19, "PROJECTID": "NA", "TAZ": 2521, "ATYPE": 6, "MDLANE": 1, "MDLIMIT": 0, "NTLANE": 1, "NTLIMIT": 0, "DEFLATIONFT": 0.8011, "AMTOLL": 0.0, "PMTOLL": 0.0, "OPTOLL": 0.0, "AMTOLL_VP": 0.0, "PMTOLL_VP": 0.0, "OPTOLL_VP": 0.0, "AMHTIME": 0.8512, "PMHTIME": 0.8512, "OPHTIME": 0.72816, "MDTOLL": 0.0, "MDTOLL_VP": 0.0, "MDHTIME": 0.72816, "NTTOLL": 0.0, "NTTOLL_VP": 0.0, "NTHTIME": 0.72816, "LINKAB": 4029940854, "TURNPENI": "TURNPEN.PEN", "I4AMSOV": 704.11938, "I4AMHV2": 70.02381, "I4AMHV3": 17.65776, "I4AMCV": 201.86205, "I4AMTRK": 171.90842, "I4AMAPX": 4.25009, "I4AMVOL": 1169.82141, "I4AMVMT": 526.41968, "I4AMFFSPD": 52, "AMHRLKCAP": 900, "AMHRLNCAP": 900, "I4AMVC": 0.54202, "I4AMVDF": 1.12559, "I4AMSPD": 46.19806, "COMP": 0, "I4MDSOV": 1123.02026, "I4MDHV2": 290.9577, "I4MDHV3": 165.3175, "I4MDCV": 302.51999, "I4MDTRK": 264.63391, "I4MDAPX": 8.1, "I4MDVOL": 2154.54932, "I4MDVMT": 969.54718, "I4MDFFSPD": 52, "MDHRLKCAP": 900, "MDHRLNCAP": 900, "I4MDVC": 0.42373, "I4MDVDF": 1.07907, "I4MDSPD": 48.18975, "I4PMSOV": 1837.47974, "I4PMHV2": 301.57779, "I4PMHV3": 92.43029, "I4PMCV": 282.96652, "I4PMTRK": 95.30704, "I4PMAPX": 88.13702, "I4PMVOL": 2697.89819, "I4PMVMT": 1214.0542, "I4PMFFSPD": 52, "PMHRLKCAP": 900, "PMHRLNCAP": 900, "I4PMVC": 0.88131, "I4PMVDF": 1.53658, "I4PMSPD": 33.84135, "I4NTSOV": 1762.14331, "I4NTHV2": 344.16827, "I4NTHV3": 170.73119, "I4NTCV": 146.67581, "I4NTTRK": 76.64438, "I4NTAPX": 3.25632, "I4NTVOL": 2503.61938, "I4NTVMT": 1126.62866, "I4NTFFSPD": 52, "NTHRLKCAP": 900, "NTHRLNCAP": 900, "I4NTVC": 0.41727, "I4NTVDF": 1.07687, "I4NTSPD": 48.28801, "I424VOL": 8525.88867, "TVOL00": 9, "TVMT00": 4.05, "ID": 0, "AADT_2023": 0, "AWDT_2023": 0, "MD210": 0, "CNT2LOADDIF": 0.0, "ABSNCTDIFF": 0.0, "CNT2LOADPCT": 0.0, "ABSPCTDIFF": 0.0, "MD210U": 0, "LOAD1": 8525.88867, "LOAD2": 0.0, "LOADGRW": -8525.88867, "ABSGRW": 8525.88867, "PRCGRW": -1.0, "PRCANLGRW": -4.5454545 }, "geometry": { "type": "LineString", "coordinates": [ [ -77.52666824481561, 38.818372760254668 ], [ -77.528357902151825, 38.820682323885627 ], [ -77.528917901213731, 38.821412323931433 ], [ -77.529197900295003, 38.821772324163447 ], [ -77.529517901300679, 38.822192324584023 ], [ -77.5296579008413, 38.822352324187513 ], [ -77.52976790073734, 38.822452324501782 ], [ -77.529857900570519, 38.822512323791038 ], [ -77.530217900802484, 38.822672324293862 ], [ -77.530587900616297, 38.822842323479094 ], [ -77.531307901080368, 38.823172324066526 ], [ -77.531777415902312, 38.823401926477253 ] ] } },
{ "type": "Feature", "properties": { "A": 40299, "B": 40945, "SUBAREA": 0, "FFSNEW": 0, "CPENEW": 0, "CPEFAC": 0, "TIMEPEN": 0, "DISTANCE": 0.43, "SPDCLASS": 35, "CAPCLASS": 35, "JUR": 7, "SCREEN": 0, "FTYPE": 3, "TOLL": 0, "TOLLGRP": 0, "AMLANE": 1, "AMLIMIT": 0, "PMLANE": 1, "PMLIMIT": 0, "OPLANE": 1, "OPLIMIT": 0, "EDGEID": 40900000000, "LINKID": 25759, "NETYEAR": 2001, "SHAPE_LENG": 2272.56, "PROJECTID": "NA", "TAZ": 2525, "ATYPE": 5, "MDLANE": 1, "MDLIMIT": 0, "NTLANE": 1, "NTLIMIT": 0, "DEFLATIONFT": 0.8011, "AMTOLL": 0.0, "PMTOLL": 0.0, "OPTOLL": 0.0, "AMTOLL_VP": 0.0, "PMTOLL_VP": 0.0, "OPTOLL_VP": 0.0, "AMHTIME": 0.95203, "PMHTIME": 0.95203, "OPHTIME": 0.82402, "MDTOLL": 0.0, "MDTOLL_VP": 0.0, "MDHTIME": 0.82402, "NTTOLL": 0.0, "NTTOLL_VP": 0.0, "NTHTIME": 0.82402, "LINKAB": 4029940945, "TURNPENI": "TURNPEN.PEN", "I4AMSOV": 1177.08105, "I4AMHV2": 126.14349, "I4AMHV3": 38.37498, "I4AMCV": 159.64946, "I4AMTRK": 148.01903, "I4AMAPX": 4.0000000000000003e-05, "I4AMVOL": 1649.26807, "I4AMVMT": 709.18524, "I4AMFFSPD": 46, "AMHRLKCAP": 900, "AMHRLNCAP": 900, "I4AMVC": 0.76416, "I4AMVDF": 1.30756, "I4AMSPD": 35.18005, "COMP": 0, "I4MDSOV": 1406.41589, "I4MDHV2": 380.82242, "I4MDHV3": 226.401, "I4MDCV": 285.57275, "I4MDTRK": 272.18979, "I4MDAPX": 0.0, "I4MDVOL": 2571.40186, "I4MDVMT": 1105.70276, "I4MDFFSPD": 46, "MDHRLKCAP": 900, "MDHRLNCAP": 900, "I4MDVC": 0.50571, "I4MDVDF": 1.1078, "I4MDSPD": 41.52384, "I4PMSOV": 844.70337, "I4PMHV2": 258.64102, "I4PMHV3": 116.64212, "I4PMCV": 276.72549, "I4PMTRK": 92.3737, "I4PMAPX": 89.563, "I4PMVOL": 1678.64868, "I4PMVMT": 721.81897, "I4PMFFSPD": 46, "PMHRLKCAP": 900, "PMHRLNCAP": 900, "I4PMVC": 0.54836, "I4PMVDF": 1.1287, "I4PMSPD": 40.755, "I4NTSOV": 1210.94788, "I4NTHV2": 297.04358, "I4NTHV3": 158.74483, "I4NTCV": 147.32559, "I4NTTRK": 72.99417, "I4NTAPX": 0.27128, "I4NTVOL": 1887.32727, "I4NTVMT": 811.55072, "I4NTFFSPD": 46, "NTHRLKCAP": 900, "NTHRLNCAP": 900, "I4NTVC": 0.31455, "I4NTVDF": 1.04964, "I4NTSPD": 43.82461, "I424VOL": 7786.646, "TVOL00": 8, "TVMT00": 3.44, "ID": 0, "AADT_2023": 0, "AWDT_2023": 0, "MD210": 0, "CNT2LOADDIF": 0.0, "ABSNCTDIFF": 0.0, "CNT2LOADPCT": 0.0, "ABSPCTDIFF": 0.0, "MD210U": 0, "LOAD1": 7786.646, "LOAD2": 0.0, "LOADGRW": -7786.646, "ABSGRW": 7786.646, "PRCGRW": -1.0, "PRCANLGRW": -4.5454545 }, "geometry": { "type": "LineString", "coordinates": [ [ -77.52666824481561, 38.818372760254668 ], [ -77.526367901743583, 38.817732324957063 ], [ -77.526247902265766, 38.817482324621082 ], [ -77.526067902599436, 38.817062325099783 ], [ -77.525647903078209, 38.816072325136226 ], [ -77.525267902783298, 38.815222325612623 ], [ -77.524977902321623, 38.814582324500677 ], [ -77.524737902466725, 38.814012324957709 ], [ -77.524066294299885, 38.812475433921314 ] ] } },
{ "type": "Feature", "properties": { "A": 40300, "B": 40651, "SUBAREA": 0, "FFSNEW": 0, "CPENEW": 0, "CPEFAC": 0, "TIMEPEN": 0, "DISTANCE": 0.09, "SPDCLASS": 36, "CAPCLASS": 36, "JUR": 7, "SCREEN": 0, "FTYPE": 3, "TOLL": 0, "TOLLGRP": 0, "AMLANE": 1, "AMLIMIT": 0, "PMLANE": 1, "PMLIMIT": 0, "OPLANE": 1, "OPLIMIT": 0, "EDGEID": 40300000000, "LINKID": 41652, "NETYEAR": 2001, "SHAPE_LENG": 494.41, "PROJECTID": "NA", "TAZ": 2550, "ATYPE": 6, "MDLANE": 1, "MDLIMIT": 0, "NTLANE": 1, "NTLIMIT": 0, "DEFLATIONFT": 0.8011, "AMTOLL": 0.0, "PMTOLL": 0.0, "OPTOLL": 0.0, "AMTOLL_VP": 0.0, "PMTOLL_VP": 0.0, "OPTOLL_VP": 0.0, "AMHTIME": 0.17024, "PMHTIME": 0.17024, "OPHTIME": 0.14563, "MDTOLL": 0.0, "MDTOLL_VP": 0.0, "MDHTIME": 0.14563, "NTTOLL": 0.0, "NTTOLL_VP": 0.0, "NTHTIME": 0.14563, "LINKAB": 4030040651, "TURNPENI": "TURNPEN.PEN", "I4AMSOV": 310.129, "I4AMHV2": 44.82049, "I4AMHV3": 18.28838, "I4AMCV": 70.84544, "I4AMTRK": 47.07651, "I4AMAPX": 0.4, "I4AMVOL": 491.55984, "I4AMVMT": 44.24038, "I4AMFFSPD": 52, "AMHRLKCAP": 900, "AMHRLNCAP": 900, "I4AMVC": 0.22776, "I4AMVDF": 1.03227, "I4AMSPD": 50.37424, "COMP": 0, "I4MDSOV": 607.58624, "I4MDHV2": 176.93266, "I4MDHV3": 83.841, "I4MDCV": 181.58807, "I4MDTRK": 117.14933, "I4MDAPX": 0.68, "I4MDVOL": 1167.77734, "I4MDVMT": 105.09996, "I4MDFFSPD": 52, "MDHRLKCAP": 900, "MDHRLNCAP": 900, "I4MDVC": 0.22966, "I4MDVDF": 1.03264, "I4MDSPD": 50.35657, "I4PMSOV": 1202.46655, "I4PMHV2": 240.27328, "I4PMHV3": 79.24376, "I4PMCV": 245.48541, "I4PMTRK": 73.82536, "I4PMAPX": 66.91907, "I4PMVOL": 1908.21338, "I4PMVMT": 171.7392, "I4PMFFSPD": 52, "PMHRLKCAP": 900, "PMHRLNCAP": 900, "I4PMVC": 0.62335, "I4PMVDF": 1.17128, "I4PMSPD": 44.39592, "I4NTSOV": 470.0, "I4NTHV2": 123.63, "I4NTHV3": 57.25, "I4NTCV": 85.93, "I4NTTRK": 29.26, "I4NTAPX": 0.25, "I4NTVOL": 766.32, "I4NTVMT": 68.9688, "I4NTFFSPD": 52, "NTHRLKCAP": 900, "NTHRLNCAP": 900, "I4NTVC": 0.12772, "I4NTVDF": 1.01616, "I4NTSPD": 51.17315, "I424VOL": 4333.87061, "TVOL00": 4, "TVMT00": 0.36, "ID": 0, "AADT_2023": 0, "AWDT_2023": 0, "MD210": 0, "CNT2LOADDIF": 0.0, "ABSNCTDIFF": 0.0, "CNT2LOADPCT": 0.0, "ABSPCTDIFF": 0.0, "MD210U": 0, "LOAD1": 4333.87061, "LOAD2": 0.0, "LOADGRW": -4333.87061, "ABSGRW": 4333.87061, "PRCGRW": -1.0, "PRCANLGRW": -4.5454545 }, "geometry": { "type": "LineString", "coordinates": [ [ -77.548919570602635, 38.812751066213067 ], [ -77.550369371574888, 38.81238137324803 ], [ -77.550569343799353, 38.812331416649101 ] ] } },
{ "type": "Feature", "properties": { "A": 40300, "B": 40852, "SUBAREA": 0, "FFSNEW": 0, "CPENEW": 0, "CPEFAC": 0, "TIMEPEN": 0, "DISTANCE": 0.89, "SPDCLASS": 35, "CAPCLASS": 35, "JUR": 7, "SCREEN": 0, "FTYPE": 3, "TOLL": 0, "TOLLGRP": 0, "AMLANE": 1, "AMLIMIT": 0, "PMLANE": 1, "PMLIMIT": 0, "OPLANE": 1, "OPLIMIT": 0, "EDGEID": 40900000000, "LINKID": 31425, "NETYEAR": 2001, "SHAPE_LENG": 4713.09, "PROJECTID": "NA", "TAZ": 2525, "ATYPE": 5, "MDLANE": 1, "MDLIMIT": 0, "NTLANE": 1, "NTLIMIT": 0, "DEFLATIONFT": 0.8011, "AMTOLL": 0.0, "PMTOLL": 0.0, "OPTOLL": 0.0, "AMTOLL_VP": 0.0, "PMTOLL_VP": 0.0, "OPTOLL_VP": 0.0, "AMHTIME": 1.97048, "PMHTIME": 1.97048, "OPHTIME": 1.70553, "MDTOLL": 0.0, "MDTOLL_VP": 0.0, "MDHTIME": 1.70553, "NTTOLL": 0.0, "NTTOLL_VP": 0.0, "NTHTIME": 1.70553, "LINKAB": 4030040852, "TURNPENI": "TURNPEN.PEN", "I4AMSOV": 1479.56323, "I4AMHV2": 32.81319, "I4AMHV3": 0.91, "I4AMCV": 72.48593, "I4AMTRK": 167.88026, "I4AMAPX": 0.03112, "I4AMVOL": 1753.68372, "I4AMVMT": 1560.77844, "I4AMFFSPD": 46, "AMHRLKCAP": 900, "AMHRLNCAP": 900, "I4AMVC": 0.81254, "I4AMVDF": 1.38047, "I4AMSPD": 33.32208, "COMP": 0, "I4MDSOV": 757.11389, "I4MDHV2": 222.09331, "I4MDHV3": 68.79093, "I4MDCV": 129.77843, "I4MDTRK": 165.55516, "I4MDAPX": 0.68, "I4MDVOL": 1344.01172, "I4MDVMT": 1196.17041, "I4MDFFSPD": 46, "MDHRLKCAP": 900, "MDHRLNCAP": 900, "I4MDVC": 0.26432, "I4MDVDF": 1.03922, "I4MDSPD": 44.26392, "I4PMSOV": 822.35278, "I4PMHV2": 201.29703, "I4PMHV3": 93.7047, "I4PMCV": 162.83653, "I4PMTRK": 71.02818, "I4PMAPX": 60.90939, "I4PMVOL": 1412.12866, "I4PMVMT": 1256.79456, "I4PMFFSPD": 46, "PMHRLKCAP": 900, "PMHRLNCAP": 900, "I4PMVC": 0.4613, "I4PMVDF": 1.09184, "I4PMSPD": 42.1307, "I4NTSOV": 437.80167, "I4NTHV2": 120.7478, "I4NTHV3": 49.71703, "I4NTCV": 46.99097, "I4NTTRK": 30.54369, "I4NTAPX": 0.28, "I4NTVOL": 686.08118, "I4NTVMT": 610.61224, "I4NTFFSPD": 46, "NTHRLKCAP": 900, "NTHRLNCAP": 900, "I4NTVC": 0.11435, "I4NTVDF": 1.01415, "I4NTSPD": 45.35809, "I424VOL": 5195.90527, "TVOL00": 5, "TVMT00": 4.45, "ID": 0, "AADT_2023": 0, "AWDT_2023": 0, "MD210": 0, "CNT2LOADDIF": 0.0, "ABSNCTDIFF": 0.0, "CNT2LOADPCT": 0.0, "ABSPCTDIFF": 0.0, "MD210U": 0, "LOAD1": 5195.90527, "LOAD2": 0.0, "LOADGRW": -5195.90527, "ABSGRW": 5195.90527, "PRCGRW": -1.0, "PRCANLGRW": -4.5454545 }, "geometry": { "type": "LineString", "coordinates": [ [ -77.548919570602635, 38.812751066213067 ], [ -77.547187896126573, 38.813192325978029 ], [ -77.545947896726332, 38.813502325603274 ], [ -77.544787897577464, 38.81381232522849 ], [ -77.543227896272299, 38.814212326485567 ], [ -77.541257897725529, 38.814722325840023 ], [ -77.537117898204954, 38.815732325866371 ], [ -77.533987900509374, 38.816492324657531 ], [ -77.533162953851743, 38.816693017212515 ] ] } },
{ "type": "Feature", "properties": { "A": 40394, "B": 40395, "SUBAREA": 0, "FFSNEW": 0, "CPENEW": 0, "CPEFAC": 0, "TIMEPEN": 0, "DISTANCE": 0.01, "SPDCLASS": 15, "CAPCLASS": 15, "JUR": 7, "SCREEN": 0, "FTYPE": 1, "TOLL": 0, "TOLLGRP": 0, "AMLANE": 2, "AMLIMIT": 0, "PMLANE": 2, "PMLIMIT": 0, "OPLANE": 2, "OPLIMIT": 0, "EDGEID": 40400000000, "LINKID": 89002, "NETYEAR": 2022, "SHAPE_LENG": 30.0, "PROJECTID": "VI1ZA1", "TAZ": 2551, "ATYPE": 5, "MDLANE": 2, "MDLIMIT": 0, "NTLANE": 2, "NTLIMIT": 0, "DEFLATIONFT": 0.8011, "AMTOLL": 0.0, "PMTOLL": 0.0, "OPTOLL": 0.0, "AMTOLL_VP": 0.0, "PMTOLL_VP": 0.0, "OPTOLL_VP": 0.0, "AMHTIME": 0.01221, "PMHTIME": 0.01221, "OPHTIME": 0.00984, "MDTOLL": 0.0, "MDTOLL_VP": 0.0, "MDHTIME": 0.00984, "NTTOLL": 0.0, "NTTOLL_VP": 0.0, "NTHTIME": 0.00984, "LINKAB": 4039440395, "TURNPENI": "TURNPEN.PEN", "I4AMSOV": 0.0, "I4AMHV2": 0.0, "I4AMHV3": 143.1402, "I4AMCV": 0.0, "I4AMTRK": 0.0, "I4AMAPX": 0.0, "I4AMVOL": 143.1402, "I4AMVMT": 1.4314, "I4AMFFSPD": 75, "AMHRLKCAP": 4000, "AMHRLNCAP": 2000, "I4AMVC": 0.01492, "I4AMVDF": 1.0006, "I4AMSPD": 74.95526, "COMP": 0, "I4MDSOV": 0.0, "I4MDHV2": 0.0, "I4MDHV3": 478.17682, "I4MDCV": 0.0, "I4MDTRK": 0.0, "I4MDAPX": 0.0, "I4MDVOL": 478.17682, "I4MDVMT": 4.78177, "I4MDFFSPD": 75, "MDHRLKCAP": 4000, "MDHRLNCAP": 2000, "I4MDVC": 0.02116, "I4MDVDF": 1.00085, "I4MDSPD": 74.93658, "I4PMSOV": 0.0, "I4PMHV2": 870.10828, "I4PMHV3": 0.0, "I4PMCV": 423.65637, "I4PMTRK": 0.0, "I4PMAPX": 183.82491, "I4PMVOL": 1477.58948, "I4PMVMT": 14.7759, "I4PMFFSPD": 75, "PMHRLKCAP": 4000, "PMHRLNCAP": 2000, "I4PMVC": 0.1086, "I4PMVDF": 1.00443, "I4PMSPD": 74.6692, "I4NTSOV": 0.0, "I4NTHV2": 0.0, "I4NTHV3": 386.04199, "I4NTCV": 0.0, "I4NTTRK": 0.0, "I4NTAPX": 0.0, "I4NTVOL": 386.04199, "I4NTVMT": 3.86042, "I4NTFFSPD": 75, "NTHRLKCAP": 4000, "NTHRLNCAP": 2000, "I4NTVC": 0.01448, "I4NTVDF": 1.00058, "I4NTSPD": 74.9566, "I424VOL": 2484.94849, "TVOL00": 2, "TVMT00": 0.02, "ID": 0, "AADT_2023": 0, "AWDT_2023": 0, "MD210": 0, "CNT2LOADDIF": 0.0, "ABSNCTDIFF": 0.0, "CNT2LOADPCT": 0.0, "ABSPCTDIFF": 0.0, "MD210U": 0, "LOAD1": 2484.94849, "LOAD2": 0.0, "LOADGRW": -2484.94849, "ABSGRW": 2484.94849, "PRCGRW": -1.0, "PRCANLGRW": -4.5454545 }, "geometry": { "type": "LineString", "coordinates": [ [ -77.585498600363763, 38.798039446652226 ], [ -77.58549927549052, 38.798121818925786 ] ] } },
{ "type": "Feature", "properties": { "A": 40395, "B": 40394, "SUBAREA": 0, "FFSNEW": 0, "CPENEW": 0, "CPEFAC": 0, "TIMEPEN": 0, "DISTANCE": 0.01, "SPDCLASS": 15, "CAPCLASS": 15, "JUR": 7, "SCREEN": 0, "FTYPE": 1, "TOLL": 0, "TOLLGRP": 0, "AMLANE": 2, "AMLIMIT": 0, "PMLANE": 2, "PMLIMIT": 0, "OPLANE": 2, "OPLIMIT": 0, "EDGEID": 40400000000, "LINKID": 89003, "NETYEAR": 2022, "SHAPE_LENG": 30.0, "PROJECTID": "VI1ZA1", "TAZ": 2551, "ATYPE": 5, "MDLANE": 2, "MDLIMIT": 0, "NTLANE": 2, "NTLIMIT": 0, "DEFLATIONFT": 0.8011, "AMTOLL": 0.0, "PMTOLL": 0.0, "OPTOLL": 0.0, "AMTOLL_VP": 0.0, "PMTOLL_VP": 0.0, "OPTOLL_VP": 0.0, "AMHTIME": 0.01221, "PMHTIME": 0.01221, "OPHTIME": 0.00984, "MDTOLL": 0.0, "MDTOLL_VP": 0.0, "MDHTIME": 0.00984, "NTTOLL": 0.0, "NTTOLL_VP": 0.0, "NTHTIME": 0.00984, "LINKAB": 4039540394, "TURNPENI": "TURNPEN.PEN", "I4AMSOV": 0.0, "I4AMHV2": 0.0, "I4AMHV3": 0.0, "I4AMCV": 0.0, "I4AMTRK": 0.0, "I4AMAPX": 0.0, "I4AMVOL": 0.0, "I4AMVMT": 0.0, "I4AMFFSPD": 75, "AMHRLKCAP": 4000, "AMHRLNCAP": 2000, "I4AMVC": 0.0, "I4AMVDF": 1.0, "I4AMSPD": 75.0, "COMP": 0, "I4MDSOV": 0.0, "I4MDHV2": 0.0, "I4MDHV3": 0.0, "I4MDCV": 0.0, "I4MDTRK": 0.0, "I4MDAPX": 0.0, "I4MDVOL": 0.0, "I4MDVMT": 0.0, "I4MDFFSPD": 75, "MDHRLKCAP": 4000, "MDHRLNCAP": 2000, "I4MDVC": 0.0, "I4MDVDF": 1.0, "I4MDSPD": 75.0, "I4PMSOV": 0.0, "I4PMHV2": 0.0, "I4PMHV3": 403.50644, "I4PMCV": 0.0, "I4PMTRK": 0.0, "I4PMAPX": 0.0, "I4PMVOL": 403.50644, "I4PMVMT": 4.03506, "I4PMFFSPD": 75, "PMHRLKCAP": 4000, "PMHRLNCAP": 2000, "I4PMVC": 0.02966, "I4PMVDF": 1.00119, "I4PMSPD": 74.91113, "I4NTSOV": 0.0, "I4NTHV2": 0.0, "I4NTHV3": 0.0, "I4NTCV": 0.0, "I4NTTRK": 0.0, "I4NTAPX": 0.0, "I4NTVOL": 0.0, "I4NTVMT": 0.0, "I4NTFFSPD": 75, "NTHRLKCAP": 4000, "NTHRLNCAP": 2000, "I4NTVC": 0.0, "I4NTVDF": 1.0, "I4NTSPD": 75.0, "I424VOL": 403.50644, "TVOL00": 0, "TVMT00": 0.0, "ID": 0, "AADT_2023": 0, "AWDT_2023": 0, "MD210": 0, "CNT2LOADDIF": 0.0, "ABSNCTDIFF": 0.0, "CNT2LOADPCT": 0.0, "ABSPCTDIFF": 0.0, "MD210U": 0, "LOAD1": 403.50644, "LOAD2": 0.0, "LOADGRW": -403.50644, "ABSGRW": 403.50644, "PRCGRW": -1.0, "PRCANLGRW": -4.5454545 }, "geometry": { "type": "LineString", "coordinates": [ [ -77.58549927549052, 38.798121818925786 ], [ -77.585498600363763, 38.798039446652226 ] ] } },
{ "type": "Feature", "properties": { "A": 40400, "B": 40401, "SUBAREA": 0, "FFSNEW": 0, "CPENEW": 0, "CPEFAC": 0, "TIMEPEN": 0, "DISTANCE": 0.01, "SPDCLASS": 13, "CAPCLASS": 13, "JUR": 7, "SCREEN": 0, "FTYPE": 1, "TOLL": 0, "TOLLGRP": 0, "AMLANE": 1, "AMLIMIT": 0, "PMLANE": 1, "PMLIMIT": 0, "OPLANE": 1, "OPLIMIT": 0, "EDGEID": 40400000000, "LINKID": 84435, "NETYEAR": 2016, "SHAPE_LENG": 30.0, "PROJECTID": "VI1W", "TAZ": 2496, "ATYPE": 3, "MDLANE": 1, "MDLIMIT": 0, "NTLANE": 1, "NTLIMIT": 0, "DEFLATIONFT": 0.8011, "AMTOLL": 0.0, "PMTOLL": 0.0, "OPTOLL": 0.0, "AMTOLL_VP": 0.0, "PMTOLL_VP": 0.0, "OPTOLL_VP": 0.0, "AMHTIME": 0.01487, "PMHTIME": 0.01487, "OPHTIME": 0.01144, "MDTOLL": 0.0, "MDTOLL_VP": 0.0, "MDHTIME": 0.01144, "NTTOLL": 0.0, "NTTOLL_VP": 0.0, "NTHTIME": 0.01144, "LINKAB": 4040040401, "TURNPENI": "TURNPEN.PEN", "I4AMSOV": 0.0, "I4AMHV2": 0.0, "I4AMHV3": 0.0, "I4AMCV": 0.0, "I4AMTRK": 0.0, "I4AMAPX": 0.0, "I4AMVOL": 0.0, "I4AMVMT": 0.0, "I4AMFFSPD": 69, "AMHRLKCAP": 2000, "AMHRLNCAP": 2000, "I4AMVC": 0.0, "I4AMVDF": 1.0, "I4AMSPD": 69.0, "COMP": 0, "I4MDSOV": 0.0, "I4MDHV2": 0.0, "I4MDHV3": 0.0, "I4MDCV": 0.0, "I4MDTRK": 0.0, "I4MDAPX": 0.0, "I4MDVOL": 0.0, "I4MDVMT": 0.0, "I4MDFFSPD": 69, "MDHRLKCAP": 2000, "MDHRLNCAP": 2000, "I4MDVC": 0.0, "I4MDVDF": 1.0, "I4MDSPD": 69.0, "I4PMSOV": 0.0, "I4PMHV2": 0.0, "I4PMHV3": 33.42459, "I4PMCV": 0.0, "I4PMTRK": 0.0, "I4PMAPX": 0.0, "I4PMVOL": 33.42459, "I4PMVMT": 0.33425, "I4PMFFSPD": 69, "PMHRLKCAP": 2000, "PMHRLNCAP": 2000, "I4PMVC": 0.00491, "I4PMVDF": 1.0002, "I4PMSPD": 68.98644, "I4NTSOV": 0.0, "I4NTHV2": 0.0, "I4NTHV3": 0.0, "I4NTCV": 0.0, "I4NTTRK": 0.0, "I4NTAPX": 0.0, "I4NTVOL": 0.0, "I4NTVMT": 0.0, "I4NTFFSPD": 69, "NTHRLKCAP": 2000, "NTHRLNCAP": 2000, "I4NTVC": 0.0, "I4NTVDF": 1.0, "I4NTSPD": 69.0, "I424VOL": 33.42459, "TVOL00": 0, "TVMT00": 0.0, "ID": 0, "AADT_2023": 0, "AWDT_2023": 0, "MD210": 0, "CNT2LOADDIF": 0.0, "ABSNCTDIFF": 0.0, "CNT2LOADPCT": 0.0, "ABSPCTDIFF": 0.0, "MD210U": 0, "LOAD1": 33.42459, "LOAD2": 0.0, "LOADGRW": -33.42459, "ABSGRW": 33.42459, "PRCGRW": -1.0, "PRCANLGRW": -4.5454545 }, "geometry": { "type": "LineString", "coordinates": [ [ -77.609568497173683, 38.803281562199345 ], [ -77.609567794242849, 38.803199190131203 ] ] } },
{ "type": "Feature", "properties": { "A": 40402, "B": 40403, "SUBAREA": 0, "FFSNEW": 0, "CPENEW": 0, "CPEFAC": 0, "TIMEPEN": 0, "DISTANCE": 0.01, "SPDCLASS": 13, "CAPCLASS": 13, "JUR": 7, "SCREEN": 0, "FTYPE": 1, "TOLL": 0, "TOLLGRP": 0, "AMLANE": 1, "AMLIMIT": 0, "PMLANE": 1, "PMLIMIT": 0, "OPLANE": 1, "OPLIMIT": 0, "EDGEID": 40400000000, "LINKID": 84436, "NETYEAR": 2016, "SHAPE_LENG": 30.0, "PROJECTID": "VI1W", "TAZ": 2496, "ATYPE": 3, "MDLANE": 1, "MDLIMIT": 0, "NTLANE": 1, "NTLIMIT": 0, "DEFLATIONFT": 0.8011, "AMTOLL": 0.0, "PMTOLL": 0.0, "OPTOLL": 0.0, "AMTOLL_VP": 0.0, "PMTOLL_VP": 0.0, "OPTOLL_VP": 0.0, "AMHTIME": 0.01487, "PMHTIME": 0.01487, "OPHTIME": 0.01144, "MDTOLL": 0.0, "MDTOLL_VP": 0.0, "MDHTIME": 0.01144, "NTTOLL": 0.0, "NTTOLL_VP": 0.0, "NTHTIME": 0.01144, "LINKAB": 4040240403, "TURNPENI": "TURNPEN.PEN", "I4AMSOV": 0.0, "I4AMHV2": 0.0, "I4AMHV3": 29.99445, "I4AMCV": 0.0, "I4AMTRK": 0.0, "I4AMAPX": 0.0, "I4AMVOL": 29.99445, "I4AMVMT": 0.29994, "I4AMFFSPD": 69, "AMHRLKCAP": 2000, "AMHRLNCAP": 2000, "I4AMVC": 0.00625, "I4AMVDF": 1.00025, "I4AMSPD": 68.98274, "COMP": 0, "I4MDSOV": 0.0, "I4MDHV2": 0.0, "I4MDHV3": 0.0, "I4MDCV": 0.0, "I4MDTRK": 0.0, "I4MDAPX": 0.0, "I4MDVOL": 0.0, "I4MDVMT": 0.0, "I4MDFFSPD": 69, "MDHRLKCAP": 2000, "MDHRLNCAP": 2000, "I4MDVC": 0.0, "I4MDVDF": 1.0, "I4MDSPD": 69.0, "I4PMSOV": 0.0, "I4PMHV2": 0.0, "I4PMHV3": 0.0, "I4PMCV": 0.0, "I4PMTRK": 0.0, "I4PMAPX": 0.0, "I4PMVOL": 0.0, "I4PMVMT": 0.0, "I4PMFFSPD": 69, "PMHRLKCAP": 2000, "PMHRLNCAP": 2000, "I4PMVC": 0.0, "I4PMVDF": 1.0, "I4PMSPD": 69.0, "I4NTSOV": 0.0, "I4NTHV2": 0.0, "I4NTHV3": 0.0, "I4NTCV": 0.0, "I4NTTRK": 0.0, "I4NTAPX": 0.0, "I4NTVOL": 0.0, "I4NTVMT": 0.0, "I4NTFFSPD": 69, "NTHRLKCAP": 2000, "NTHRLNCAP": 2000, "I4NTVC": 0.0, "I4NTVDF": 1.0, "I4NTSPD": 69.0, "I424VOL": 29.99445, "TVOL00": 0, "TVMT00": 0.0, "ID": 0, "AADT_2023": 0, "AWDT_2023": 0, "MD210": 0, "CNT2LOADDIF": 0.0, "ABSNCTDIFF": 0.0, "CNT2LOADPCT": 0.0, "ABSPCTDIFF": 0.0, "MD210U": 0, "LOAD1": 29.99445, "LOAD2": 0.0, "LOADGRW": -29.99445, "ABSGRW": 29.99445, "PRCGRW": -1.0, "PRCANLGRW": -4.5454545 }, "geometry": { "type": "LineString", "coordinates": [ [ -77.609760154218009, 38.803124046708184 ], [ -77.609759451067717, 38.803041674639246 ] ] } },
{ "type": "Feature", "properties": { "A": 40404, "B": 40405, "SUBAREA": 0, "FFSNEW": 0, "CPENEW": 0, "CPEFAC": 0, "TIMEPEN": 0, "DISTANCE": 0.01, "SPDCLASS": 14, "CAPCLASS": 14, "JUR": 7, "SCREEN": 0, "FTYPE": 1, "TOLL": 0, "TOLLGRP": 0, "AMLANE": 1, "AMLIMIT": 0, "PMLANE": 1, "PMLIMIT": 0, "OPLANE": 1, "OPLIMIT": 0, "EDGEID": 40400000000, "LINKID": 84432, "NETYEAR": 2016, "SHAPE_LENG": 30.0, "PROJECTID": "VI1W", "TAZ": 2501, "ATYPE": 4, "MDLANE": 1, "MDLIMIT": 0, "NTLANE": 1, "NTLIMIT": 0, "DEFLATIONFT": 0.8011, "AMTOLL": 0.0, "PMTOLL": 0.0, "OPTOLL": 0.0, "AMTOLL_VP": 0.0, "PMTOLL_VP": 0.0, "OPTOLL_VP": 0.0, "AMHTIME": 0.01438, "PMHTIME": 0.01438, "OPHTIME": 0.0112, "MDTOLL": 0.0, "MDTOLL_VP": 0.0, "MDHTIME": 0.0112, "NTTOLL": 0.0, "NTTOLL_VP": 0.0, "NTHTIME": 0.0112, "LINKAB": 4040440405, "TURNPENI": "TURNPEN.PEN", "I4AMSOV": 0.0, "I4AMHV2": 0.0, "I4AMHV3": 338.55679, "I4AMCV": 0.0, "I4AMTRK": 0.0, "I4AMAPX": 0.0, "I4AMVOL": 338.55679, "I4AMVMT": 3.38557, "I4AMFFSPD": 69, "AMHRLKCAP": 2000, "AMHRLNCAP": 2000, "I4AMVC": 0.07059, "I4AMVDF": 1.00282, "I4AMSPD": 68.80573, "COMP": 0, "I4MDSOV": 0.0, "I4MDHV2": 0.0, "I4MDHV3": 0.0, "I4MDCV": 0.0, "I4MDTRK": 0.0, "I4MDAPX": 0.0, "I4MDVOL": 0.0, "I4MDVMT": 0.0, "I4MDFFSPD": 69, "MDHRLKCAP": 2000, "MDHRLNCAP": 2000, "I4MDVC": 0.0, "I4MDVDF": 1.0, "I4MDSPD": 69.0, "I4PMSOV": 0.0, "I4PMHV2": 0.0, "I4PMHV3": 0.0, "I4PMCV": 0.0, "I4PMTRK": 0.0, "I4PMAPX": 0.0, "I4PMVOL": 0.0, "I4PMVMT": 0.0, "I4PMFFSPD": 69, "PMHRLKCAP": 2000, "PMHRLNCAP": 2000, "I4PMVC": 0.0, "I4PMVDF": 1.0, "I4PMSPD": 69.0, "I4NTSOV": 0.0, "I4NTHV2": 0.0, "I4NTHV3": 0.0, "I4NTCV": 0.0, "I4NTTRK": 0.0, "I4NTAPX": 0.0, "I4NTVOL": 0.0, "I4NTVMT": 0.0, "I4NTFFSPD": 69, "NTHRLKCAP": 2000, "NTHRLNCAP": 2000, "I4NTVC": 0.0, "I4NTVDF": 1.0, "I4NTSPD": 69.0, "I424VOL": 338.55679, "TVOL00": 0, "TVMT00": 0.0, "ID": 0, "AADT_2023": 0, "AWDT_2023": 0, "MD210": 0, "CNT2LOADDIF": 0.0, "ABSNCTDIFF": 0.0, "CNT2LOADPCT": 0.0, "ABSPCTDIFF": 0.0, "MD210U": 0, "LOAD1": 338.55679, "LOAD2": 0.0, "LOADGRW": -338.55679, "ABSGRW": 338.55679, "PRCGRW": -1.0, "PRCANLGRW": -4.5454545 }, "geometry": { "type": "LineString", "coordinates": [ [ -77.6274272238294, 38.811762202509101 ], [ -77.62742794744149, 38.811844574361601 ] ] } },
{ "type": "Feature", "properties": { "A": 40406, "B": 40407, "SUBAREA": 0, "FFSNEW": 0, "CPENEW": 0, "CPEFAC": 0, "TIMEPEN": 0, "DISTANCE": 0.01, "SPDCLASS": 14, "CAPCLASS": 14, "JUR": 7, "SCREEN": 0, "FTYPE": 1, "TOLL": 0, "TOLLGRP": 0, "AMLANE": 1, "AMLIMIT": 0, "PMLANE": 1, "PMLIMIT": 0, "OPLANE": 1, "OPLIMIT": 0, "EDGEID": 40400000000, "LINKID": 84431, "NETYEAR": 2016, "SHAPE_LENG": 30.0, "PROJECTID": "VI1W", "TAZ": 2501, "ATYPE": 4, "MDLANE": 1, "MDLIMIT": 0, "NTLANE": 1, "NTLIMIT": 0, "DEFLATIONFT": 0.8011, "AMTOLL": 0.0, "PMTOLL": 0.0, "OPTOLL": 0.0, "AMTOLL_VP": 0.0, "PMTOLL_VP": 0.0, "OPTOLL_VP": 0.0, "AMHTIME": 0.01438, "PMHTIME": 0.01438, "OPHTIME": 0.0112, "MDTOLL": 0.0, "MDTOLL_VP": 0.0, "MDHTIME": 0.0112, "NTTOLL": 0.0, "NTTOLL_VP": 0.0, "NTHTIME": 0.0112, "LINKAB": 4040640407, "TURNPENI": "TURNPEN.PEN", "I4AMSOV": 0.0, "I4AMHV2": 0.0, "I4AMHV3": 0.0, "I4AMCV": 0.0, "I4AMTRK": 0.0, "I4AMAPX": 0.0, "I4AMVOL": 0.0, "I4AMVMT": 0.0, "I4AMFFSPD": 69, "AMHRLKCAP": 2000, "AMHRLNCAP": 2000, "I4AMVC": 0.0, "I4AMVDF": 1.0, "I4AMSPD": 69.0, "COMP": 0, "I4MDSOV": 0.0, "I4MDHV2": 0.0, "I4MDHV3": 0.0, "I4MDCV": 0.0, "I4MDTRK": 0.0, "I4MDAPX": 0.0, "I4MDVOL": 0.0, "I4MDVMT": 0.0, "I4MDFFSPD": 69, "MDHRLKCAP": 2000, "MDHRLNCAP": 2000, "I4MDVC": 0.0, "I4MDVDF": 1.0, "I4MDSPD": 69.0, "I4PMSOV": 0.0, "I4PMHV2": 0.0, "I4PMHV3": 622.70734, "I4PMCV": 0.0, "I4PMTRK": 0.0, "I4PMAPX": 0.0, "I4PMVOL": 622.70734, "I4PMVMT": 6.22707, "I4PMFFSPD": 69, "PMHRLKCAP": 2000, "PMHRLNCAP": 2000, "I4PMVC": 0.09154, "I4PMVDF": 1.00366, "I4PMSPD": 68.74828, "I4NTSOV": 0.0, "I4NTHV2": 0.0, "I4NTHV3": 0.0, "I4NTCV": 0.0, "I4NTTRK": 0.0, "I4NTAPX": 0.0, "I4NTVOL": 0.0, "I4NTVMT": 0.0, "I4NTFFSPD": 69, "NTHRLKCAP": 2000, "NTHRLNCAP": 2000, "I4NTVC": 0.0, "I4NTVDF": 1.0, "I4NTSPD": 69.0, "I424VOL": 622.70734, "TVOL00": 1, "TVMT00": 0.01, "ID": 0, "AADT_2023": 0, "AWDT_2023": 0, "MD210": 0, "CNT2LOADDIF": 0.0, "ABSNCTDIFF": 0.0, "CNT2LOADPCT": 0.0, "ABSPCTDIFF": 0.0, "MD210U": 0, "LOAD1": 622.70734, "LOAD2": 0.0, "LOADGRW": -622.70734, "ABSGRW": 622.70734, "PRCGRW": -1.0, "PRCANLGRW": -4.5454545 }, "geometry": { "type": "LineString", "coordinates": [ [ -77.627235582571487, 38.81191974681569 ], [ -77.627236305964161, 38.812002118667401 ] ] } },
{ "type": "Feature", "properties": { "A": 40472, "B": 2582, "SUBAREA": 0, "FFSNEW": 0, "CPENEW": 0, "CPEFAC": 0, "TIMEPEN": 0, "DISTANCE": 0.23, "SPDCLASS": 4, "CAPCLASS": 4, "JUR": 7, "SCREEN": 0, "FTYPE": 0, "TOLL": 0, "TOLLGRP": 0, "AMLANE": 7, "AMLIMIT": 0, "PMLANE": 7, "PMLIMIT": 0, "OPLANE": 7, "OPLIMIT": 0, "EDGEID": 2582040472, "LINKID": 43400, "NETYEAR": 2001, "SHAPE_LENG": 1206.12, "PROJECTID": "NA", "TAZ": 2582, "ATYPE": 4, "MDLANE": 7, "MDLIMIT": 0, "NTLANE": 7, "NTLIMIT": 0, "DEFLATIONFT": 0.8011, "AMTOLL": 0.0, "PMTOLL": 0.0, "OPTOLL": 0.0, "AMTOLL_VP": 0.0, "PMTOLL_VP": 0.0, "OPTOLL_VP": 0.0, "AMHTIME": 0.552, "PMHTIME": 0.552, "OPHTIME": 0.552, "MDTOLL": 0.0, "MDTOLL_VP": 0.0, "MDHTIME": 0.552, "NTTOLL": 0.0, "NTTOLL_VP": 0.0, "NTHTIME": 0.552, "LINKAB": 4047202582, "TURNPENI": "TURNPEN.PEN", "I4AMSOV": 56.15069, "I4AMHV2": 17.14258, "I4AMHV3": 8.61, "I4AMCV": 8.41722, "I4AMTRK": 8.36786, "I4AMAPX": 0.0, "I4AMVOL": 98.68835, "I4AMVMT": 22.69832, "I4AMFFSPD": 29, "AMHRLKCAP": 22050, "AMHRLNCAP": 3150, "I4AMVC": 0.00187, "I4AMVDF": 1.0, "I4AMSPD": 29.0, "COMP": 0, "I4MDSOV": 263.14047, "I4MDHV2": 77.52, "I4MDHV3": 38.26, "I4MDCV": 15.44, "I4MDTRK": 16.06, "I4MDAPX": 0.0, "I4MDVOL": 410.4205, "I4MDVMT": 94.39671, "I4MDFFSPD": 29, "MDHRLKCAP": 22050, "MDHRLNCAP": 3150, "I4MDVC": 0.00329, "I4MDVDF": 1.0, "I4MDSPD": 29.0, "I4PMSOV": 295.60693, "I4PMHV2": 80.51023, "I4PMHV3": 37.14537, "I4PMCV": 15.29104, "I4PMTRK": 6.65, "I4PMAPX": 6.62041, "I4PMVOL": 441.82397, "I4PMVMT": 101.61951, "I4PMFFSPD": 29, "PMHRLKCAP": 22050, "PMHRLNCAP": 3150, "I4PMVC": 0.00589, "I4PMVDF": 1.0, "I4PMSPD": 29.0, "I4NTSOV": 264.06, "I4NTHV2": 83.25, "I4NTHV3": 42.46, "I4NTCV": 7.25, "I4NTTRK": 3.62, "I4NTAPX": 0.0, "I4NTVOL": 400.64, "I4NTVMT": 92.1472, "I4NTFFSPD": 29, "NTHRLKCAP": 22050, "NTHRLNCAP": 3150, "I4NTVC": 0.00273, "I4NTVDF": 1.0, "I4NTSPD": 29.0, "I424VOL": 1351.57288, "TVOL00": 0, "TVMT00": 0.0, "ID": 0, "AADT_2023": 0, "AWDT_2023": 0, "MD210": 0, "CNT2LOADDIF": 0.0, "ABSNCTDIFF": 0.0, "CNT2LOADPCT": 0.0, "ABSPCTDIFF": 0.0, "MD210U": 0, "LOAD1": 1351.57288, "LOAD2": 0.0, "LOADGRW": -1351.57288, "ABSGRW": 1351.57288, "PRCGRW": -1.0, "PRCANLGRW": -4.5454545 }, "geometry": { "type": "LineString", "coordinates": [ [ -77.556887425903156, 38.761582755510446 ], [ -77.559551878405159, 38.764153857126381 ] ] } },
{ "type": "Feature", "properties": { "A": 40637, "B": 2690, "SUBAREA": 0, "FFSNEW": 0, "CPENEW": 0, "CPEFAC": 0, "TIMEPEN": 0, "DISTANCE": 0.68, "SPDCLASS": 4, "CAPCLASS": 4, "JUR": 7, "SCREEN": 0, "FTYPE": 0, "TOLL": 0, "TOLLGRP": 0, "AMLANE": 7, "AMLIMIT": 0, "PMLANE": 7, "PMLIMIT": 0, "OPLANE": 7, "OPLIMIT": 0, "EDGEID": 2690040637, "LINKID": 21832, "NETYEAR": 2001, "SHAPE_LENG": 3588.08, "PROJECTID": "NA", "TAZ": 2690, "ATYPE": 4, "MDLANE": 7, "MDLIMIT": 0, "NTLANE": 7, "NTLIMIT": 0, "DEFLATIONFT": 0.8011, "AMTOLL": 0.0, "PMTOLL": 0.0, "OPTOLL": 0.0, "AMTOLL_VP": 0.0, "PMTOLL_VP": 0.0, "OPTOLL_VP": 0.0, "AMHTIME": 1.632, "PMHTIME": 1.632, "OPHTIME": 1.632, "MDTOLL": 0.0, "MDTOLL_VP": 0.0, "MDHTIME": 1.632, "NTTOLL": 0.0, "NTTOLL_VP": 0.0, "NTHTIME": 1.632, "LINKAB": 4063702690, "TURNPENI": "TURNPEN.PEN", "I4AMSOV": 0.0, "I4AMHV2": 0.0, "I4AMHV3": 0.0, "I4AMCV": 0.0, "I4AMTRK": 0.0, "I4AMAPX": 0.0, "I4AMVOL": 0.0, "I4AMVMT": 0.0, "I4AMFFSPD": 29, "AMHRLKCAP": 22050, "AMHRLNCAP": 3150, "I4AMVC": 0.0, "I4AMVDF": 1.0, "I4AMSPD": 29.0, "COMP": 0, "I4MDSOV": 0.0, "I4MDHV2": 0.0, "I4MDHV3": 0.0, "I4MDCV": 0.0, "I4MDTRK": 0.0, "I4MDAPX": 0.0, "I4MDVOL": 0.0, "I4MDVMT": 0.0, "I4MDFFSPD": 29, "MDHRLKCAP": 22050, "MDHRLNCAP": 3150, "I4MDVC": 0.0, "I4MDVDF": 1.0, "I4MDSPD": 29.0, "I4PMSOV": 0.0, "I4PMHV2": 0.0, "I4PMHV3": 0.0, "I4PMCV": 0.0, "I4PMTRK": 0.0, "I4PMAPX": 0.0, "I4PMVOL": 0.0, "I4PMVMT": 0.0, "I4PMFFSPD": 29, "PMHRLKCAP": 22050, "PMHRLNCAP": 3150, "I4PMVC": 0.0, "I4PMVDF": 1.0, "I4PMSPD": 29.0, "I4NTSOV": 0.0, "I4NTHV2": 0.0, "I4NTHV3": 0.0, "I4NTCV": 0.0, "I4NTTRK": 0.0, "I4NTAPX": 0.0, "I4NTVOL": 0.0, "I4NTVMT": 0.0, "I4NTFFSPD": 29, "NTHRLKCAP": 22050, "NTHRLNCAP": 3150, "I4NTVC": 0.0, "I4NTVDF": 1.0, "I4NTSPD": 29.0, "I424VOL": 0.0, "TVOL00": 0, "TVMT00": 0.0, "ID": 0, "AADT_2023": 0, "AWDT_2023": 0, "MD210": 0, "CNT2LOADDIF": 0.0, "ABSNCTDIFF": 0.0, "CNT2LOADPCT": 0.0, "ABSPCTDIFF": 0.0, "MD210U": 0, "LOAD1": 0.0, "LOAD2": 0.0, "LOADGRW": -0.0, "ABSGRW": 0.0, "PRCGRW": -1.0, "PRCANLGRW": -4.5454545 }, "geometry": { "type": "LineString", "coordinates": [ [ -77.373487332485695, 38.661033673574622 ], [ -77.378410177245073, 38.67009836672608 ] ] } },
{ "type": "Feature", "properties": { "A": 40651, "B": 2550, "SUBAREA": 0, "FFSNEW": 0, "CPENEW": 0, "CPEFAC": 0, "TIMEPEN": 0, "DISTANCE": 0.61, "SPDCLASS": 6, "CAPCLASS": 6, "JUR": 7, "SCREEN": 0, "FTYPE": 0, "TOLL": 0, "TOLLGRP": 0, "AMLANE": 7, "AMLIMIT": 0, "PMLANE": 7, "PMLIMIT": 0, "OPLANE": 7, "OPLIMIT": 0, "EDGEID": 2550040651, "LINKID": 55874, "NETYEAR": 2001, "SHAPE_LENG": 3226.69, "PROJECTID": "NA", "TAZ": 2550, "ATYPE": 6, "MDLANE": 7, "MDLIMIT": 0, "NTLANE": 7, "NTLIMIT": 0, "DEFLATIONFT": 0.8011, "AMTOLL": 0.0, "PMTOLL": 0.0, "OPTOLL": 0.0, "AMTOLL_VP": 0.0, "PMTOLL_VP": 0.0, "OPTOLL_VP": 0.0, "AMHTIME": 1.04571, "PMHTIME": 1.04571, "OPHTIME": 1.04571, "MDTOLL": 0.0, "MDTOLL_VP": 0.0, "MDHTIME": 1.04571, "NTTOLL": 0.0, "NTTOLL_VP": 0.0, "NTHTIME": 1.04571, "LINKAB": 4065102550, "TURNPENI": "TURNPEN.PEN", "I4AMSOV": 4.3, "I4AMHV2": 0.08, "I4AMHV3": 0.02, "I4AMCV": 0.01, "I4AMTRK": 0.0, "I4AMAPX": 0.01, "I4AMVOL": 4.42, "I4AMVMT": 2.6962, "I4AMFFSPD": 40, "AMHRLKCAP": 22050, "AMHRLNCAP": 3150, "I4AMVC": 8.0000000000000007e-05, "I4AMVDF": 1.0, "I4AMSPD": 40.0, "COMP": 0, "I4MDSOV": 5.05, "I4MDHV2": 0.17, "I4MDHV3": 0.03, "I4MDCV": 0.03, "I4MDTRK": 0.0, "I4MDAPX": 0.01, "I4MDVOL": 5.29, "I4MDVMT": 3.2269, "I4MDFFSPD": 40, "MDHRLKCAP": 22050, "MDHRLNCAP": 3150, "I4MDVC": 4.0000000000000003e-05, "I4MDVDF": 1.0, "I4MDSPD": 40.0, "I4PMSOV": 2.6, "I4PMHV2": 0.08, "I4PMHV3": 0.02, "I4PMCV": 0.03, "I4PMTRK": 0.0, "I4PMAPX": 0.0, "I4PMVOL": 2.73, "I4PMVMT": 1.6653, "I4PMFFSPD": 40, "PMHRLKCAP": 22050, "PMHRLNCAP": 3150, "I4PMVC": 4.0000000000000003e-05, "I4PMVDF": 1.0, "I4PMSPD": 40.0, "I4NTSOV": 1.51, "I4NTHV2": 0.02, "I4NTHV3": 0.0, "I4NTCV": 0.0, "I4NTTRK": 0.0, "I4NTAPX": 0.0, "I4NTVOL": 1.53, "I4NTVMT": 0.9333, "I4NTFFSPD": 40, "NTHRLKCAP": 22050, "NTHRLNCAP": 3150, "I4NTVC": 1.0000000000000001e-05, "I4NTVDF": 1.0, "I4NTSPD": 40.0, "I424VOL": 13.97, "TVOL00": 0, "TVMT00": 0.0, "ID": 0, "AADT_2023": 0, "AWDT_2023": 0, "MD210": 0, "CNT2LOADDIF": 0.0, "ABSNCTDIFF": 0.0, "CNT2LOADPCT": 0.0, "ABSPCTDIFF": 0.0, "MD210U": 0, "LOAD1": 13.97, "LOAD2": 0.0, "LOADGRW": -13.97, "ABSGRW": 13.97, "PRCGRW": -1.0, "PRCANLGRW": -4.5454545 }, "geometry": { "type": "LineString", "coordinates": [ [ -77.550569343799353, 38.812331416649101 ], [ -77.56093301017421, 38.815901075569904 ] ] } },
{ "type": "Feature", "properties": { "A": 40651, "B": 40156, "SUBAREA": 0, "FFSNEW": 0, "CPENEW": 0, "CPEFAC": 0, "TIMEPEN": 0, "DISTANCE": 1.3, "SPDCLASS": 36, "CAPCLASS": 36, "JUR": 7, "SCREEN": 0, "FTYPE": 3, "TOLL": 0, "TOLLGRP": 0, "AMLANE": 1, "AMLIMIT": 0, "PMLANE": 1, "PMLIMIT": 0, "OPLANE": 1, "OPLIMIT": 0, "EDGEID": 40700000000, "LINKID": 41653, "NETYEAR": 2001, "SHAPE_LENG": 6843.7, "PROJECTID": "NA", "TAZ": 2549, "ATYPE": 6, "MDLANE": 1, "MDLIMIT": 0, "NTLANE": 1, "NTLIMIT": 0, "DEFLATIONFT": 0.8011, "AMTOLL": 0.0, "PMTOLL": 0.0, "OPTOLL": 0.0, "AMTOLL_VP": 0.0, "PMTOLL_VP": 0.0, "OPTOLL_VP": 0.0, "AMHTIME": 2.45902, "PMHTIME": 2.45902, "OPHTIME": 2.10356, "MDTOLL": 0.0, "MDTOLL_VP": 0.0, "MDHTIME": 2.10356, "NTTOLL": 0.0, "NTTOLL_VP": 0.0, "NTHTIME": 2.10356, "LINKAB": 4065140156, "TURNPENI": "TURNPEN.PEN", "I4AMSOV": 307.88052, "I4AMHV2": 44.79049, "I4AMHV3": 18.27838, "I4AMCV": 70.85544, "I4AMTRK": 47.07651, "I4AMAPX": 0.39, "I4AMVOL": 489.27136, "I4AMVMT": 636.0528, "I4AMFFSPD": 52, "AMHRLKCAP": 900, "AMHRLNCAP": 900, "I4AMVC": 0.2267, "I4AMVDF": 1.03207, "I4AMSPD": 50.38407, "COMP": 0, "I4MDSOV": 606.21625, "I4MDHV2": 176.88268, "I4MDHV3": 83.83099, "I4MDCV": 181.61807, "I4MDTRK": 117.14933, "I4MDAPX": 0.67, "I4MDVOL": 1166.36731, "I4MDVMT": 1516.27747, "I4MDFFSPD": 52, "MDHRLKCAP": 900, "MDHRLNCAP": 900, "I4MDVC": 0.22939, "I4MDVDF": 1.03258, "I4MDSPD": 50.35913, "I4PMSOV": 1203.18652, "I4PMHV2": 240.32327, "I4PMHV3": 79.25376, "I4PMCV": 245.51541, "I4PMTRK": 73.82536, "I4PMAPX": 66.91907, "I4PMVOL": 1909.02344, "I4PMVMT": 2481.73047, "I4PMFFSPD": 52, "PMHRLKCAP": 900, "PMHRLNCAP": 900, "I4PMVC": 0.62361, "I4PMVDF": 1.17147, "I4PMSPD": 44.3885, "I4NTSOV": 470.4, "I4NTHV2": 123.72, "I4NTHV3": 57.27, "I4NTCV": 85.93, "I4NTTRK": 29.26, "I4NTAPX": 0.25, "I4NTVOL": 766.83, "I4NTVMT": 996.879, "I4NTFFSPD": 52, "NTHRLKCAP": 900, "NTHRLNCAP": 900, "I4NTVC": 0.1278, "I4NTVDF": 1.01617, "I4NTSPD": 51.1725, "I424VOL": 4331.49219, "TVOL00": 4, "TVMT00": 5.2, "ID": 0, "AADT_2023": 0, "AWDT_2023": 0, "MD210": 0, "CNT2LOADDIF": 0.0, "ABSNCTDIFF": 0.0, "CNT2LOADPCT": 0.0, "ABSPCTDIFF": 0.0, "MD210U": 0, "LOAD1": 4331.49219, "LOAD2": 0.0, "LOADGRW": -4331.49219, "ABSGRW": 4331.49219, "PRCGRW": -1.0, "PRCANLGRW": -4.5454545 }, "geometry": { "type": "LineString", "coordinates": [ [ -77.550569343799353, 38.812331416649101 ], [ -77.553867893736879, 38.811482327349069 ], [ -77.554787893930154, 38.811242326594872 ], [ -77.557457892878062, 38.810552326674696 ], [ -77.558587892382263, 38.810242327049522 ], [ -77.559607891990481, 38.809962327068888 ], [ -77.559757892012229, 38.80988232681748 ], [ -77.559997891867127, 38.809782326503232 ], [ -77.560327892454552, 38.80965232834302 ], [ -77.560797892582571, 38.8094723277773 ], [ -77.561337892480935, 38.809302327692741 ], [ -77.56508789122563, 38.808262328021712 ], [ -77.566997890483094, 38.807732328604381 ], [ -77.571237889418683, 38.806532329329833 ], [ -77.573158603614303, 38.805992306869683 ] ] } },
{ "type": "Feature", "properties": { "A": 40651, "B": 40300, "SUBAREA": 0, "FFSNEW": 0, "CPENEW": 0, "CPEFAC": 0, "TIMEPEN": 0, "DISTANCE": 0.09, "SPDCLASS": 36, "CAPCLASS": 36, "JUR": 7, "SCREEN": 0, "FTYPE": 3, "TOLL": 0, "TOLLGRP": 0, "AMLANE": 1, "AMLIMIT": 0, "PMLANE": 1, "PMLIMIT": 0, "OPLANE": 1, "OPLIMIT": 0, "EDGEID": 40300000000, "LINKID": 41650, "NETYEAR": 2001, "SHAPE_LENG": 494.41, "PROJECTID": "NA", "TAZ": 2550, "ATYPE": 6, "MDLANE": 1, "MDLIMIT": 0, "NTLANE": 1, "NTLIMIT": 0, "DEFLATIONFT": 0.8011, "AMTOLL": 0.0, "PMTOLL": 0.0, "OPTOLL": 0.0, "AMTOLL_VP": 0.0, "PMTOLL_VP": 0.0, "OPTOLL_VP": 0.0, "AMHTIME": 0.17024, "PMHTIME": 0.17024, "OPHTIME": 0.14563, "MDTOLL": 0.0, "MDTOLL_VP": 0.0, "MDHTIME": 0.14563, "NTTOLL": 0.0, "NTTOLL_VP": 0.0, "NTHTIME": 0.14563, "LINKAB": 4065140300, "TURNPENI": "TURNPEN.PEN", "I4AMSOV": 1522.46594, "I4AMHV2": 64.0844, "I4AMHV3": 13.37089, "I4AMCV": 108.27443, "I4AMTRK": 143.58609, "I4AMAPX": 0.01114, "I4AMVOL": 1851.79285, "I4AMVMT": 166.66136, "I4AMFFSPD": 52, "AMHRLKCAP": 900, "AMHRLNCAP": 900, "I4AMVC": 0.858, "I4AMVDF": 1.48365, "I4AMSPD": 35.0486, "COMP": 0, "I4MDSOV": 1168.2594, "I4MDHV2": 343.52856, "I4MDHV3": 134.99261, "I4MDCV": 240.71611, "I4MDTRK": 205.37157, "I4MDAPX": 0.68, "I4MDVOL": 2093.54834, "I4MDVMT": 188.41936, "I4MDFFSPD": 52, "MDHRLKCAP": 900, "MDHRLNCAP": 900, "I4MDVC": 0.41173, "I4MDVDF": 1.07499, "I4MDSPD": 48.3726, "I4PMSOV": 772.77454, "I4PMHV2": 218.89218, "I4PMHV3": 102.7794, "I4PMCV": 180.10506, "I4PMTRK": 59.54363, "I4PMAPX": 50.16655, "I4PMVOL": 1384.26135, "I4PMVMT": 124.58352, "I4PMFFSPD": 52, "PMHRLKCAP": 900, "PMHRLNCAP": 900, "I4PMVC": 0.45219, "I4PMVDF": 1.08875, "I4PMSPD": 47.7614, "I4NTSOV": 742.51904, "I4NTHV2": 204.15753, "I4NTHV3": 90.54282, "I4NTCV": 100.76678, "I4NTTRK": 39.34925, "I4NTAPX": 0.27, "I4NTVOL": 1177.60547, "I4NTVMT": 105.98449, "I4NTFFSPD": 52, "NTHRLKCAP": 900, "NTHRLNCAP": 900, "I4NTVC": 0.19627, "I4NTVDF": 1.02644, "I4NTSPD": 50.66053, "I424VOL": 6507.20801, "TVOL00": 7, "TVMT00": 0.63, "ID": 0, "AADT_2023": 0, "AWDT_2023": 0, "MD210": 0, "CNT2LOADDIF": 0.0, "ABSNCTDIFF": 0.0, "CNT2LOADPCT": 0.0, "ABSPCTDIFF": 0.0, "MD210U": 0, "LOAD1": 6507.20801, "LOAD2": 0.0, "LOADGRW": -6507.20801, "ABSGRW": 6507.20801, "PRCGRW": -1.0, "PRCANLGRW": -4.5454545 }, "geometry": { "type": "LineString", "coordinates": [ [ -77.550569343799353, 38.812331416649101 ], [ -77.550369371574888, 38.81238137324803 ], [ -77.548919570602635, 38.812751066213067 ] ] } },
{ "type": "Feature", "properties": { "A": 40764, "B": 2535, "SUBAREA": 0, "FFSNEW": 0, "CPENEW": 0, "CPEFAC": 0, "TIMEPEN": 0, "DISTANCE": 0.4, "SPDCLASS": 3, "CAPCLASS": 3, "JUR": 7, "SCREEN": 0, "FTYPE": 0, "TOLL": 0, "TOLLGRP": 0, "AMLANE": 7, "AMLIMIT": 0, "PMLANE": 7, "PMLIMIT": 0, "OPLANE": 7, "OPLIMIT": 0, "EDGEID": 2535040764, "LINKID": 7393, "NETYEAR": 2001, "SHAPE_LENG": 2110.76, "PROJECTID": "NA", "TAZ": 2535, "ATYPE": 3, "MDLANE": 7, "MDLIMIT": 0, "NTLANE": 7, "NTLIMIT": 0, "DEFLATIONFT": 0.8011, "AMTOLL": 0.0, "PMTOLL": 0.0, "OPTOLL": 0.0, "AMTOLL_VP": 0.0, "PMTOLL_VP": 0.0, "OPTOLL_VP": 0.0, "AMHTIME": 1.2, "PMHTIME": 1.2, "OPHTIME": 1.2, "MDTOLL": 0.0, "MDTOLL_VP": 0.0, "MDHTIME": 1.2, "NTTOLL": 0.0, "NTTOLL_VP": 0.0, "NTHTIME": 1.2, "LINKAB": 4076402535, "TURNPENI": "TURNPEN.PEN", "I4AMSOV": 6.89256, "I4AMHV2": 1.53047, "I4AMHV3": 4.32, "I4AMCV": 0.05015, "I4AMTRK": 0.0501, "I4AMAPX": 0.0, "I4AMVOL": 12.84329, "I4AMVMT": 5.13731, "I4AMFFSPD": 23, "AMHRLKCAP": 22050, "AMHRLNCAP": 3150, "I4AMVC": 0.00024, "I4AMVDF": 1.0, "I4AMSPD": 23.0, "COMP": 0, "I4MDSOV": 17.0, "I4MDHV2": 3.76, "I4MDHV3": 1.77, "I4MDCV": 0.09, "I4MDTRK": 0.1, "I4MDAPX": 0.0, "I4MDVOL": 22.72, "I4MDVMT": 9.088, "I4MDFFSPD": 23, "MDHRLKCAP": 22050, "MDHRLNCAP": 3150, "I4MDVC": 0.00018, "I4MDVDF": 1.0, "I4MDSPD": 23.0, "I4PMSOV": 11.02, "I4PMHV2": 3.46, "I4PMHV3": 1.68, "I4PMCV": 0.1, "I4PMTRK": 0.04, "I4PMAPX": 0.04, "I4PMVOL": 16.34, "I4PMVMT": 6.536, "I4PMFFSPD": 23, "PMHRLKCAP": 22050, "PMHRLNCAP": 3150, "I4PMVC": 0.00022, "I4PMVDF": 1.0, "I4PMSPD": 23.0, "I4NTSOV": 0.0, "I4NTHV2": 0.0, "I4NTHV3": 0.0, "I4NTCV": 0.0, "I4NTTRK": 0.0, "I4NTAPX": 0.0, "I4NTVOL": 0.0, "I4NTVMT": 0.0, "I4NTFFSPD": 23, "NTHRLKCAP": 22050, "NTHRLNCAP": 3150, "I4NTVC": 0.0, "I4NTVDF": 1.0, "I4NTSPD": 23.0, "I424VOL": 51.90329, "TVOL00": 0, "TVMT00": 0.0, "ID": 0, "AADT_2023": 0, "AWDT_2023": 0, "MD210": 0, "CNT2LOADDIF": 0.0, "ABSNCTDIFF": 0.0, "CNT2LOADPCT": 0.0, "ABSPCTDIFF": 0.0, "MD210U": 0, "LOAD1": 51.90329, "LOAD2": 0.0, "LOADGRW": -51.90328, "ABSGRW": 51.90328, "PRCGRW": -0.99999990000000005, "PRCANLGRW": -4.5454545 }, "geometry": { "type": "LineString", "coordinates": [ [ -77.493360613185402, 38.787995617341345 ], [ -77.500647257963237, 38.786967826664721 ] ] } },
{ "type": "Feature", "properties": { "A": 40799, "B": 40112, "SUBAREA": 0, "FFSNEW": 0, "CPENEW": 0, "CPEFAC": 0, "TIMEPEN": 0, "DISTANCE": 0.3, "SPDCLASS": 33, "CAPCLASS": 33, "JUR": 7, "SCREEN": 0, "FTYPE": 3, "TOLL": 0, "TOLLGRP": 0, "AMLANE": 2, "AMLIMIT": 0, "PMLANE": 2, "PMLIMIT": 0, "OPLANE": 2, "OPLIMIT": 0, "EDGEID": 40800000000, "LINKID": 34090, "NETYEAR": 2001, "SHAPE_LENG": 1598.6, "PROJECTID": "NA", "TAZ": 2528, "ATYPE": 3, "MDLANE": 2, "MDLIMIT": 0, "NTLANE": 2, "NTLIMIT": 0, "DEFLATIONFT": 0.8011, "AMTOLL": 0.0, "PMTOLL": 0.0, "OPTOLL": 0.0, "AMTOLL_VP": 0.0, "PMTOLL_VP": 0.0, "OPTOLL_VP": 0.0, "AMHTIME": 0.8933, "PMHTIME": 0.8933, "OPHTIME": 0.7326, "MDTOLL": 0.0, "MDTOLL_VP": 0.0, "MDHTIME": 0.7326, "NTTOLL": 0.0, "NTTOLL_VP": 0.0, "NTHTIME": 0.7326, "LINKAB": 4079940112, "TURNPENI": "TURNPEN.PEN", "I4AMSOV": 968.27045, "I4AMHV2": 87.05486, "I4AMHV3": 16.49776, "I4AMCV": 184.75583, "I4AMTRK": 187.79683, "I4AMAPX": 0.08019, "I4AMVOL": 1444.45593, "I4AMVMT": 433.33676, "I4AMFFSPD": 46, "AMHRLKCAP": 1400, "AMHRLNCAP": 700, "I4AMVC": 0.43024, "I4AMVDF": 1.08128, "I4AMSPD": 42.54209, "COMP": 0, "I4MDSOV": 1302.27661, "I4MDHV2": 347.55487, "I4MDHV3": 189.80023, "I4MDCV": 277.09735, "I4MDTRK": 274.65097, "I4MDAPX": 1.87, "I4MDVOL": 2393.25, "I4MDVMT": 717.975, "I4MDFFSPD": 46, "MDHRLKCAP": 1400, "MDHRLNCAP": 700, "I4MDVC": 0.30258, "I4MDVDF": 1.04664, "I4MDSPD": 43.95, "I4PMSOV": 1481.05518, "I4PMHV2": 325.75171, "I4PMHV3": 125.31926, "I4PMCV": 247.94128, "I4PMTRK": 98.0242, "I4PMAPX": 91.17462, "I4PMVOL": 2369.26636, "I4PMVMT": 710.77991, "I4PMFFSPD": 46, "PMHRLKCAP": 1400, "PMHRLNCAP": 700, "I4PMVC": 0.49755, "I4PMVDF": 1.10417, "I4PMSPD": 41.66042, "I4NTSOV": 1934.52795, "I4NTHV2": 413.86557, "I4NTHV3": 201.66028, "I4NTCV": 138.64142, "I4NTTRK": 82.43112, "I4NTAPX": 0.68632, "I4NTVOL": 2771.81274, "I4NTVMT": 831.54382, "I4NTFFSPD": 46, "NTHRLKCAP": 1400, "NTHRLNCAP": 700, "I4NTVC": 0.29698, "I4NTVDF": 1.04543, "I4NTSPD": 44.00119, "I424VOL": 8978.78516, "TVOL00": 9, "TVMT00": 2.7, "ID": 0, "AADT_2023": 0, "AWDT_2023": 0, "MD210": 0, "CNT2LOADDIF": 0.0, "ABSNCTDIFF": 0.0, "CNT2LOADPCT": 0.0, "ABSPCTDIFF": 0.0, "MD210U": 0, "LOAD1": 8978.78516, "LOAD2": 0.0, "LOADGRW": -8978.78516, "ABSGRW": 8978.78516, "PRCGRW": -1.0, "PRCANLGRW": -4.5454545 }, "geometry": { "type": "LineString", "coordinates": [ [ -77.521316694438568, 38.805041035340459 ], [ -77.521507905356202, 38.805502326542609 ], [ -77.521667904060394, 38.805872327255763 ], [ -77.521897904333514, 38.806432327216932 ], [ -77.52192790307879, 38.806652327009033 ], [ -77.52203790387415, 38.806942327470708 ], [ -77.522177904314105, 38.807362326992006 ], [ -77.52237790404331, 38.808062327393181 ], [ -77.522467904775866, 38.808362327436647 ], [ -77.522737372007015, 38.809282493248134 ] ] } },
{ "type": "Feature", "properties": { "A": 40808, "B": 2646, "SUBAREA": 0, "FFSNEW": 0, "CPENEW": 0, "CPEFAC": 0, "TIMEPEN": 0, "DISTANCE": 0.92, "SPDCLASS": 4, "CAPCLASS": 4, "JUR": 7, "SCREEN": 0, "FTYPE": 0, "TOLL": 0, "TOLLGRP": 0, "AMLANE": 7, "AMLIMIT": 0, "PMLANE": 7, "PMLIMIT": 0, "OPLANE": 7, "OPLIMIT": 0, "EDGEID": 40800000000, "LINKID": 57870, "NETYEAR": 2001, "SHAPE_LENG": 4883.05, "PROJECTID": "NA", "TAZ": 2646, "ATYPE": 4, "MDLANE": 7, "MDLIMIT": 0, "NTLANE": 7, "NTLIMIT": 0, "DEFLATIONFT": 0.8011, "AMTOLL": 0.0, "PMTOLL": 0.0, "OPTOLL": 0.0, "AMTOLL_VP": 0.0, "PMTOLL_VP": 0.0, "OPTOLL_VP": 0.0, "AMHTIME": 2.208, "PMHTIME": 2.208, "OPHTIME": 2.208, "MDTOLL": 0.0, "MDTOLL_VP": 0.0, "MDHTIME": 2.208, "NTTOLL": 0.0, "NTTOLL_VP": 0.0, "NTHTIME": 2.208, "LINKAB": 4080802646, "TURNPENI": "TURNPEN.PEN", "I4AMSOV": 185.17955, "I4AMHV2": 84.28953, "I4AMHV3": 16.61, "I4AMCV": 21.58011, "I4AMTRK": 17.23027, "I4AMAPX": 0.0, "I4AMVOL": 324.88943, "I4AMVMT": 298.89828, "I4AMFFSPD": 29, "AMHRLKCAP": 22050, "AMHRLNCAP": 3150, "I4AMVC": 0.00614, "I4AMVDF": 1.0, "I4AMSPD": 29.0, "COMP": 0, "I4MDSOV": 489.38736, "I4MDHV2": 211.58122, "I4MDHV3": 59.83, "I4MDCV": 40.93123, "I4MDTRK": 35.25246, "I4MDAPX": 0.0, "I4MDVOL": 836.9823, "I4MDVMT": 770.02374, "I4MDFFSPD": 29, "MDHRLKCAP": 22050, "MDHRLNCAP": 3150, "I4MDVC": 0.00672, "I4MDVDF": 1.0, "I4MDSPD": 29.0, "I4PMSOV": 422.08887, "I4PMHV2": 204.73767, "I4PMHV3": 56.81, "I4PMCV": 41.55676, "I4PMTRK": 13.89593, "I4PMAPX": 13.9015, "I4PMVOL": 752.99072, "I4PMVMT": 692.75146, "I4PMFFSPD": 29, "PMHRLKCAP": 22050, "PMHRLNCAP": 3150, "I4PMVC": 0.01004, "I4PMVDF": 1.0, "I4PMSPD": 29.0, "I4NTSOV": 133.75432, "I4NTHV2": 56.12785, "I4NTHV3": 20.30318, "I4NTCV": 6.85275, "I4NTTRK": 3.35023, "I4NTAPX": 0.0, "I4NTVOL": 220.38834, "I4NTVMT": 202.75726, "I4NTFFSPD": 29, "NTHRLKCAP": 22050, "NTHRLNCAP": 3150, "I4NTVC": 0.0015, "I4NTVDF": 1.0, "I4NTSPD": 29.0, "I424VOL": 2135.25073, "TVOL00": 0, "TVMT00": 0.0, "ID": 0, "AADT_2023": 0, "AWDT_2023": 0, "MD210": 0, "CNT2LOADDIF": 0.0, "ABSNCTDIFF": 0.0, "CNT2LOADPCT": 0.0, "ABSPCTDIFF": 0.0, "MD210U": 0, "LOAD1": 2135.25073, "LOAD2": 1.0000000000000001e-05, "LOADGRW": -2135.25073, "ABSGRW": 2135.25073, "PRCGRW": -1.0, "PRCANLGRW": -4.5454545 }, "geometry": { "type": "LineString", "coordinates": [ [ -77.452556979479112, 38.771672304937383 ], [ -77.465207888109745, 38.780714008632181 ] ] } },
{ "type": "Feature", "properties": { "A": 40852, "B": 2524, "SUBAREA": 0, "FFSNEW": 0, "CPENEW": 0, "CPEFAC": 0, "TIMEPEN": 0, "DISTANCE": 0.66, "SPDCLASS": 6, "CAPCLASS": 6, "JUR": 7, "SCREEN": 0, "FTYPE": 0, "TOLL": 0, "TOLLGRP": 0, "AMLANE": 7, "AMLIMIT": 0, "PMLANE": 7, "PMLIMIT": 0, "OPLANE": 7, "OPLIMIT": 0, "EDGEID": 2524040852, "LINKID": 41988, "NETYEAR": 2001, "SHAPE_LENG": 3466.88, "PROJECTID": "NA", "TAZ": 2524, "ATYPE": 6, "MDLANE": 7, "MDLIMIT": 0, "NTLANE": 7, "NTLIMIT": 0, "DEFLATIONFT": 0.8011, "AMTOLL": 0.0, "PMTOLL": 0.0, "OPTOLL": 0.0, "AMTOLL_VP": 0.0, "PMTOLL_VP": 0.0, "OPTOLL_VP": 0.0, "AMHTIME": 1.13143, "PMHTIME": 1.13143, "OPHTIME": 1.13143, "MDTOLL": 0.0, "MDTOLL_VP": 0.0, "MDHTIME": 1.13143, "NTTOLL": 0.0, "NTTOLL_VP": 0.0, "NTHTIME": 1.13143, "LINKAB": 4085202524, "TURNPENI": "TURNPEN.PEN", "I4AMSOV": 1.28, "I4AMHV2": 0.05, "I4AMHV3": 0.01, "I4AMCV": 1.03, "I4AMTRK": 0.31, "I4AMAPX": 0.01, "I4AMVOL": 2.69, "I4AMVMT": 1.7754, "I4AMFFSPD": 40, "AMHRLKCAP": 22050, "AMHRLNCAP": 3150, "I4AMVC": 5.0000000000000002e-05, "I4AMVDF": 1.0, "I4AMSPD": 40.0, "COMP": 0, "I4MDSOV": 3.2, "I4MDHV2": 0.34, "I4MDHV3": 0.07, "I4MDCV": 1.84, "I4MDTRK": 0.61, "I4MDAPX": 0.01, "I4MDVOL": 6.07, "I4MDVMT": 4.0062, "I4MDFFSPD": 40, "MDHRLKCAP": 22050, "MDHRLNCAP": 3150, "I4MDVC": 5.0000000000000002e-05, "I4MDVDF": 1.0, "I4MDSPD": 40.0, "I4PMSOV": 2.72, "I4PMHV2": 0.34, "I4PMHV3": 0.08, "I4PMCV": 1.84, "I4PMTRK": 0.21, "I4PMAPX": 0.21, "I4PMVOL": 5.4, "I4PMVMT": 3.564, "I4PMFFSPD": 40, "PMHRLKCAP": 22050, "PMHRLNCAP": 3150, "I4PMVC": 6.9999999999999994e-05, "I4PMVDF": 1.0, "I4PMSPD": 40.0, "I4NTSOV": 1.99, "I4NTHV2": 0.39, "I4NTHV3": 0.14, "I4NTCV": 0.85, "I4NTTRK": 0.16, "I4NTAPX": 0.01, "I4NTVOL": 3.54, "I4NTVMT": 2.3364, "I4NTFFSPD": 40, "NTHRLKCAP": 22050, "NTHRLNCAP": 3150, "I4NTVC": 2.0000000000000002e-05, "I4NTVDF": 1.0, "I4NTSPD": 40.0, "I424VOL": 17.7, "TVOL00": 0, "TVMT00": 0.0, "ID": 0, "AADT_2023": 0, "AWDT_2023": 0, "MD210": 0, "CNT2LOADDIF": 0.0, "ABSNCTDIFF": 0.0, "CNT2LOADPCT": 0.0, "ABSPCTDIFF": 0.0, "MD210U": 0, "LOAD1": 17.7, "LOAD2": 0.0, "LOADGRW": -17.7, "ABSGRW": 17.7, "PRCGRW": -1.0, "PRCANLGRW": -4.5454545 }, "geometry": { "type": "LineString", "coordinates": [ [ -77.533162953851743, 38.816693017212515 ], [ -77.540394830914977, 38.824348094328364 ] ] } },
{ "type": "Feature", "properties": { "A": 40852, "B": 40299, "SUBAREA": 0, "FFSNEW": 0, "CPENEW": 0, "CPEFAC": 0, "TIMEPEN": 0, "DISTANCE": 0.37, "SPDCLASS": 35, "CAPCLASS": 35, "JUR": 7, "SCREEN": 0, "FTYPE": 3, "TOLL": 0, "TOLLGRP": 0, "AMLANE": 1, "AMLIMIT": 0, "PMLANE": 1, "PMLIMIT": 0, "OPLANE": 1, "OPLIMIT": 0, "EDGEID": 40300000000, "LINKID": 61987, "NETYEAR": 2001, "SHAPE_LENG": 1949.18, "PROJECTID": "NA", "TAZ": 2525, "ATYPE": 5, "MDLANE": 1, "MDLIMIT": 0, "NTLANE": 1, "NTLIMIT": 0, "DEFLATIONFT": 0.8011, "AMTOLL": 0.0, "PMTOLL": 0.0, "OPTOLL": 0.0, "AMTOLL_VP": 0.0, "PMTOLL_VP": 0.0, "OPTOLL_VP": 0.0, "AMHTIME": 0.81919, "PMHTIME": 0.81919, "OPHTIME": 0.70904, "MDTOLL": 0.0, "MDTOLL_VP": 0.0, "MDHTIME": 0.70904, "NTTOLL": 0.0, "NTTOLL_VP": 0.0, "NTHTIME": 0.70904, "LINKAB": 4085240299, "TURNPENI": "TURNPEN.PEN", "I4AMSOV": 1480.01318, "I4AMHV2": 32.81319, "I4AMHV3": 0.91, "I4AMCV": 72.47595, "I4AMTRK": 167.95027, "I4AMAPX": 0.04112, "I4AMVOL": 1754.20386, "I4AMVMT": 649.05542, "I4AMFFSPD": 46, "AMHRLKCAP": 900, "AMHRLNCAP": 900, "I4AMVC": 0.81278, "I4AMVDF": 1.38101, "I4AMSPD": 33.30888, "COMP": 0, "I4MDSOV": 757.69391, "I4MDHV2": 222.1933, "I4MDHV3": 68.85093, "I4MDCV": 129.79843, "I4MDTRK": 165.69516, "I4MDAPX": 0.69, "I4MDVOL": 1344.92175, "I4MDVMT": 497.62106, "I4MDFFSPD": 46, "MDHRLKCAP": 900, "MDHRLNCAP": 900, "I4MDVC": 0.2645, "I4MDVDF": 1.03926, "I4MDSPD": 44.26247, "I4PMSOV": 822.48267, "I4PMHV2": 201.33704, "I4PMHV3": 93.72469, "I4PMCV": 162.85654, "I4PMTRK": 71.08817, "I4PMAPX": 60.96939, "I4PMVOL": 1412.45862, "I4PMVMT": 522.60968, "I4PMFFSPD": 46, "PMHRLKCAP": 900, "PMHRLNCAP": 900, "I4PMVC": 0.4614, "I4PMVDF": 1.09188, "I4PMSPD": 42.12928, "I4NTSOV": 438.08167, "I4NTHV2": 120.7778, "I4NTHV3": 49.74703, "I4NTCV": 46.96097, "I4NTTRK": 30.58368, "I4NTAPX": 0.29, "I4NTVOL": 686.44116, "I4NTVMT": 253.98323, "I4NTFFSPD": 46, "NTHRLKCAP": 900, "NTHRLNCAP": 900, "I4NTVC": 0.11441, "I4NTVDF": 1.01416, "I4NTSPD": 45.35769, "I424VOL": 5198.02539, "TVOL00": 5, "TVMT00": 1.85, "ID": 0, "AADT_2023": 0, "AWDT_2023": 0, "MD210": 0, "CNT2LOADDIF": 0.0, "ABSNCTDIFF": 0.0, "CNT2LOADPCT": 0.0, "ABSPCTDIFF": 0.0, "MD210U": 0, "LOAD1": 5198.02539, "LOAD2": 0.0, "LOADGRW": -5198.02539, "ABSGRW": 5198.02539, "PRCGRW": -1.0, "PRCANLGRW": -4.5454545 }, "geometry": { "type": "LineString", "coordinates": [ [ -77.533162953851743, 38.816693017212515 ], [ -77.532137900541116, 38.816942324722724 ], [ -77.531127901413981, 38.817202325539824 ], [ -77.529137901905074, 38.817742325438168 ], [ -77.528177902485481, 38.817982325293073 ], [ -77.52666824481561, 38.818372760254668 ] ] } },
{ "type": "Feature", "properties": { "A": 40852, "B": 40300, "SUBAREA": 0, "FFSNEW": 0, "CPENEW": 0, "CPEFAC": 0, "TIMEPEN": 0, "DISTANCE": 0.89, "SPDCLASS": 35, "CAPCLASS": 35, "JUR": 7, "SCREEN": 0, "FTYPE": 3, "TOLL": 0, "TOLLGRP": 0, "AMLANE": 1, "AMLIMIT": 0, "PMLANE": 1, "PMLIMIT": 0, "OPLANE": 1, "OPLIMIT": 0, "EDGEID": 40900000000, "LINKID": 6139, "NETYEAR": 2001, "SHAPE_LENG": 4713.09, "PROJECTID": "NA", "TAZ": 2525, "ATYPE": 5, "MDLANE": 1, "MDLIMIT": 0, "NTLANE": 1, "NTLIMIT": 0, "DEFLATIONFT": 0.8011, "AMTOLL": 0.0, "PMTOLL": 0.0, "OPTOLL": 0.0, "AMTOLL_VP": 0.0, "PMTOLL_VP": 0.0, "OPTOLL_VP": 0.0, "AMHTIME": 1.97048, "PMHTIME": 1.97048, "OPHTIME": 1.70553, "MDTOLL": 0.0, "MDTOLL_VP": 0.0, "MDHTIME": 1.70553, "NTTOLL": 0.0, "NTTOLL_VP": 0.0, "NTHTIME": 1.70553, "LINKAB": 4085240300, "TURNPENI": "TURNPEN.PEN", "I4AMSOV": 386.27005, "I4AMHV2": 49.48125, "I4AMHV3": 26.79716, "I4AMCV": 65.26068, "I4AMTRK": 69.07805, "I4AMAPX": 0.56998, "I4AMVOL": 597.45721, "I4AMVMT": 531.73688, "I4AMFFSPD": 46, "AMHRLKCAP": 900, "AMHRLNCAP": 900, "I4AMVC": 0.27682, "I4AMVDF": 1.0416, "I4AMSPD": 44.16299, "COMP": 0, "I4MDSOV": 385.90549, "I4MDHV2": 105.03379, "I4MDHV3": 43.94891, "I4MDCV": 89.36207, "I4MDTRK": 105.59413, "I4MDAPX": 0.7, "I4MDVOL": 730.54437, "I4MDVMT": 650.18451, "I4MDFFSPD": 46, "MDHRLKCAP": 900, "MDHRLNCAP": 900, "I4MDVC": 0.14367, "I4MDVDF": 1.01855, "I4MDSPD": 45.16219, "I4PMSOV": 1082.8717, "I4PMHV2": 206.19252, "I4PMHV3": 67.50104, "I4PMCV": 191.36856, "I4PMTRK": 85.56835, "I4PMAPX": 75.79105, "I4PMVOL": 1709.29321, "I4PMVMT": 1521.27087, "I4PMFFSPD": 46, "PMHRLKCAP": 900, "PMHRLNCAP": 900, "I4PMVC": 0.55837, "I4PMVDF": 1.1336, "I4PMSPD": 40.57866, "I4NTSOV": 254.42, "I4NTHV2": 67.98, "I4NTHV3": 28.19, "I4NTCV": 38.34, "I4NTTRK": 23.75, "I4NTAPX": 0.26, "I4NTVOL": 412.94, "I4NTVMT": 367.5166, "I4NTFFSPD": 46, "NTHRLKCAP": 900, "NTHRLNCAP": 900, "I4NTVC": 0.06882, "I4NTVDF": 1.00826, "I4NTSPD": 45.62321, "I424VOL": 3450.23486, "TVOL00": 3, "TVMT00": 2.67, "ID": 0, "AADT_2023": 0, "AWDT_2023": 0, "MD210": 0, "CNT2LOADDIF": 0.0, "ABSNCTDIFF": 0.0, "CNT2LOADPCT": 0.0, "ABSPCTDIFF": 0.0, "MD210U": 0, "LOAD1": 3450.23486, "LOAD2": 0.0, "LOADGRW": -3450.23486, "ABSGRW": 3450.23486, "PRCGRW": -1.0, "PRCANLGRW": -4.5454545 }, "geometry": { "type": "LineString", "coordinates": [ [ -77.533162953851743, 38.816693017212515 ], [ -77.533987900509374, 38.816492324657531 ], [ -77.537117898204954, 38.815732325866371 ], [ -77.541257897725529, 38.814722325840023 ], [ -77.543227896272299, 38.814212326485567 ], [ -77.544787897577464, 38.81381232522849 ], [ -77.545947896726332, 38.813502325603274 ], [ -77.547187896126573, 38.813192325978029 ], [ -77.548919570602635, 38.812751066213067 ] ] } },
{ "type": "Feature", "properties": { "A": 40853, "B": 2526, "SUBAREA": 0, "FFSNEW": 0, "CPENEW": 0, "CPEFAC": 0, "TIMEPEN": 0, "DISTANCE": 0.71, "SPDCLASS": 3, "CAPCLASS": 3, "JUR": 7, "SCREEN": 0, "FTYPE": 0, "TOLL": 0, "TOLLGRP": 0, "AMLANE": 7, "AMLIMIT": 0, "PMLANE": 7, "PMLIMIT": 0, "OPLANE": 7, "OPLIMIT": 0, "EDGEID": 2526040853, "LINKID": 64886, "NETYEAR": 2001, "SHAPE_LENG": 3730.22, "PROJECTID": "NA", "TAZ": 2526, "ATYPE": 3, "MDLANE": 7, "MDLIMIT": 0, "NTLANE": 7, "NTLIMIT": 0, "DEFLATIONFT": 0.8011, "AMTOLL": 0.0, "PMTOLL": 0.0, "OPTOLL": 0.0, "AMTOLL_VP": 0.0, "PMTOLL_VP": 0.0, "OPTOLL_VP": 0.0, "AMHTIME": 2.13, "PMHTIME": 2.13, "OPHTIME": 2.13, "MDTOLL": 0.0, "MDTOLL_VP": 0.0, "MDHTIME": 2.13, "NTTOLL": 0.0, "NTTOLL_VP": 0.0, "NTHTIME": 2.13, "LINKAB": 4085302526, "TURNPENI": "TURNPEN.PEN", "I4AMSOV": 11.25, "I4AMHV2": 0.68, "I4AMHV3": 0.13, "I4AMCV": 0.1, "I4AMTRK": 0.0, "I4AMAPX": 0.02, "I4AMVOL": 12.18, "I4AMVMT": 8.6478, "I4AMFFSPD": 23, "AMHRLKCAP": 22050, "AMHRLNCAP": 3150, "I4AMVC": 0.00023, "I4AMVDF": 1.0, "I4AMSPD": 23.0, "COMP": 0, "I4MDSOV": 12.37, "I4MDHV2": 1.21, "I4MDHV3": 0.32, "I4MDCV": 0.28, "I4MDTRK": 0.01, "I4MDAPX": 0.03, "I4MDVOL": 14.22, "I4MDVMT": 10.0962, "I4MDFFSPD": 23, "MDHRLKCAP": 22050, "MDHRLNCAP": 3150, "I4MDVC": 0.00011, "I4MDVDF": 1.0, "I4MDSPD": 23.0, "I4PMSOV": 5.62, "I4PMHV2": 0.72, "I4PMHV3": 0.15, "I4PMCV": 0.28, "I4PMTRK": 0.0, "I4PMAPX": 0.0, "I4PMVOL": 6.77, "I4PMVMT": 4.8067, "I4PMFFSPD": 23, "PMHRLKCAP": 22050, "PMHRLNCAP": 3150, "I4PMVC": 9.0000000000000006e-05, "I4PMVDF": 1.0, "I4PMSPD": 23.0, "I4NTSOV": 3.84, "I4NTHV2": 0.37, "I4NTHV3": 0.03, "I4NTCV": 0.03, "I4NTTRK": 0.0, "I4NTAPX": 0.01, "I4NTVOL": 4.28, "I4NTVMT": 3.0388, "I4NTFFSPD": 23, "NTHRLKCAP": 22050, "NTHRLNCAP": 3150, "I4NTVC": 3.0000000000000001e-05, "I4NTVDF": 1.0, "I4NTSPD": 23.0, "I424VOL": 37.45, "TVOL00": 0, "TVMT00": 0.0, "ID": 0, "AADT_2023": 0, "AWDT_2023": 0, "MD210": 0, "CNT2LOADDIF": 0.0, "ABSNCTDIFF": 0.0, "CNT2LOADPCT": 0.0, "ABSPCTDIFF": 0.0, "MD210U": 0, "LOAD1": 37.45, "LOAD2": 0.0, "LOADGRW": -37.45, "ABSGRW": 37.45, "PRCGRW": -1.0, "PRCANLGRW": -4.5454545 }, "geometry": { "type": "LineString", "coordinates": [ [ -77.519928703045792, 38.820212489527805 ], [ -77.509732131089777, 38.8137882914329 ] ] } },
{ "type": "Feature", "properties": { "A": 40853, "B": 40299, "SUBAREA": 0, "FFSNEW": 0, "CPENEW": 0, "CPEFAC": 0, "TIMEPEN": 0, "DISTANCE": 0.39, "SPDCLASS": 36, "CAPCLASS": 36, "JUR": 7, "SCREEN": 0, "FTYPE": 3, "TOLL": 0, "TOLLGRP": 0, "AMLANE": 1, "AMLIMIT": 0, "PMLANE": 1, "PMLIMIT": 0, "OPLANE": 1, "OPLIMIT": 0, "EDGEID": 40900000000, "LINKID": 72055, "NETYEAR": 2001, "SHAPE_LENG": 2034.0, "PROJECTID": "NA", "TAZ": 2521, "ATYPE": 6, "MDLANE": 1, "MDLIMIT": 0, "NTLANE": 1, "NTLIMIT": 0, "DEFLATIONFT": 0.8011, "AMTOLL": 0.0, "PMTOLL": 0.0, "OPTOLL": 0.0, "AMTOLL_VP": 0.0, "PMTOLL_VP": 0.0, "OPTOLL_VP": 0.0, "AMHTIME": 0.7377, "PMHTIME": 0.7377, "OPHTIME": 0.63107, "MDTOLL": 0.0, "MDTOLL_VP": 0.0, "MDHTIME": 0.63107, "NTTOLL": 0.0, "NTTOLL_VP": 0.0, "NTHTIME": 0.63107, "LINKAB": 4085340299, "TURNPENI": "TURNPEN.PEN", "I4AMSOV": 662.89825, "I4AMHV2": 82.62647, "I4AMHV3": 39.78716, "I4AMCV": 115.57114, "I4AMTRK": 102.25027, "I4AMAPX": 4.83007, "I4AMVOL": 1007.96338, "I4AMVMT": 393.10571, "I4AMFFSPD": 52, "AMHRLKCAP": 900, "AMHRLNCAP": 900, "I4AMVC": 0.46702, "I4AMVDF": 1.09379, "I4AMSPD": 47.54121, "COMP": 0, "I4MDSOV": 806.17261, "I4MDHV2": 218.19029, "I4MDHV3": 98.81864, "I4MDCV": 171.43153, "I4MDTRK": 169.61934, "I4MDAPX": 7.07, "I4MDVOL": 1471.30249, "I4MDVMT": 573.80798, "I4MDFFSPD": 52, "MDHRLKCAP": 900, "MDHRLNCAP": 900, "I4MDVC": 0.28936, "I4MDVDF": 1.04398, "I4MDSPD": 49.80949, "I4PMSOV": 1857.99512, "I4PMHV2": 309.8624, "I4PMHV3": 110.8679, "I4PMCV": 252.23515, "I4PMTRK": 96.42206, "I4PMAPX": 86.55693, "I4PMVOL": 2713.9397, "I4PMVMT": 1058.43652, "I4PMFFSPD": 52, "PMHRLKCAP": 900, "PMHRLNCAP": 900, "I4PMVC": 0.88655, "I4PMVDF": 1.54848, "I4PMSPD": 33.58139, "I4NTSOV": 606.20593, "I4NTHV2": 153.91879, "I4NTHV3": 68.06293, "I4NTCV": 73.5944, "I4NTTRK": 36.91, "I4NTAPX": 2.89, "I4NTVOL": 941.58203, "I4NTVMT": 367.21698, "I4NTFFSPD": 52, "NTHRLKCAP": 900, "NTHRLNCAP": 900, "I4NTVC": 0.15693, "I4NTVDF": 1.02054, "I4NTSPD": 50.95344, "I424VOL": 6134.7876, "TVOL00": 6, "TVMT00": 2.34, "ID": 0, "AADT_2023": 0, "AWDT_2023": 0, "MD210": 0, "CNT2LOADDIF": 0.0, "ABSNCTDIFF": 0.0, "CNT2LOADPCT": 0.0, "ABSPCTDIFF": 0.0, "MD210U": 0, "LOAD1": 6134.7876, "LOAD2": 0.0, "LOADGRW": -6134.7876, "ABSGRW": 6134.7876, "PRCGRW": -1.0, "PRCANLGRW": -4.5454545 }, "geometry": { "type": "LineString", "coordinates": [ [ -77.519928703045792, 38.820212489527805 ], [ -77.521527904519715, 38.819782323755241 ], [ -77.522787903083511, 38.819442323586003 ], [ -77.523537902292844, 38.819242323856869 ], [ -77.524487903030035, 38.818972323457992 ], [ -77.525137902824454, 38.81880232337339 ], [ -77.525677902722805, 38.818642324669248 ], [ -77.52666824481561, 38.818372760254668 ] ] } },
{ "type": "Feature", "properties": { "A": 40853, "B": 40946, "SUBAREA": 0, "FFSNEW": 0, "CPENEW": 0, "CPEFAC": 0, "TIMEPEN": 0, "DISTANCE": 0.39, "SPDCLASS": 36, "CAPCLASS": 36, "JUR": 7, "SCREEN": 10, "FTYPE": 3, "TOLL": 0, "TOLLGRP": 0, "AMLANE": 1, "AMLIMIT": 0, "PMLANE": 1, "PMLIMIT": 0, "OPLANE": 1, "OPLIMIT": 0, "EDGEID": 40900000000, "LINKID": 72386, "NETYEAR": 2001, "SHAPE_LENG": 2066.21, "PROJECTID": "NA", "TAZ": 2521, "ATYPE": 6, "MDLANE": 1, "MDLIMIT": 0, "NTLANE": 1, "NTLIMIT": 0, "DEFLATIONFT": 0.8011, "AMTOLL": 0.0, "PMTOLL": 0.0, "OPTOLL": 0.0, "AMTOLL_VP": 0.0, "PMTOLL_VP": 0.0, "OPTOLL_VP": 0.0, "AMHTIME": 0.7377, "PMHTIME": 0.7377, "OPHTIME": 0.63107, "MDTOLL": 0.0, "MDTOLL_VP": 0.0, "MDHTIME": 0.63107, "NTTOLL": 0.0, "NTTOLL_VP": 0.0, "NTHTIME": 0.63107, "LINKAB": 4085340946, "TURNPENI": "TURNPEN.PEN", "I4AMSOV": 2302.19727, "I4AMHV2": 54.80205, "I4AMHV3": 0.4, "I4AMCV": 104.65665, "I4AMTRK": 202.33525, "I4AMAPX": 0.26122, "I4AMVOL": 2664.65234, "I4AMVMT": 1039.21448, "I4AMFFSPD": 52, "AMHRLKCAP": 900, "AMHRLNCAP": 900, "I4AMVC": 1.23462, "I4AMVDF": 3.88991, "I4AMSPD": 13.36791, "COMP": 0, "I4MDSOV": 1452.8623, "I4MDHV2": 350.32407, "I4MDHV3": 114.79289, "I4MDCV": 215.37894, "I4MDTRK": 229.80794, "I4MDAPX": 8.98, "I4MDVOL": 2372.14624, "I4MDVMT": 925.13702, "I4MDFFSPD": 52, "MDHRLKCAP": 900, "MDHRLNCAP": 900, "I4MDVC": 0.46652, "I4MDVDF": 1.09362, "I4MDSPD": 47.54862, "I4PMSOV": 1303.33667, "I4PMHV2": 308.08578, "I4PMHV3": 145.52887, "I4PMCV": 249.34769, "I4PMTRK": 94.42543, "I4PMAPX": 84.01715, "I4PMVOL": 2184.7417, "I4PMVMT": 852.04926, "I4PMFFSPD": 52, "PMHRLKCAP": 900, "PMHRLNCAP": 900, "I4PMVC": 0.71368, "I4PMVDF": 1.24497, "I4PMSPD": 41.76821, "I4NTSOV": 910.13257, "I4NTHV2": 224.52142, "I4NTHV3": 92.92093, "I4NTCV": 78.85444, "I4NTTRK": 45.85885, "I4NTAPX": 3.25872, "I4NTVOL": 1355.547, "I4NTVMT": 528.66333, "I4NTFFSPD": 52, "NTHRLKCAP": 900, "NTHRLNCAP": 900, "I4NTVC": 0.22592, "I4NTVDF": 1.03193, "I4NTSPD": 50.39123, "I424VOL": 8577.08691, "TVOL00": 9, "TVMT00": 3.51, "ID": 0, "AADT_2023": 0, "AWDT_2023": 0, "MD210": 0, "CNT2LOADDIF": 0.0, "ABSNCTDIFF": 0.0, "CNT2LOADPCT": 0.0, "ABSPCTDIFF": 0.0, "MD210U": 0, "LOAD1": 8577.08691, "LOAD2": 0.0, "LOADGRW": -8577.08691, "ABSGRW": 8577.08691, "PRCGRW": -1.0, "PRCANLGRW": -4.5454545 }, "geometry": { "type": "LineString", "coordinates": [ [ -77.519928703045792, 38.820212489527805 ], [ -77.51875790525753, 38.820502324219248 ], [ -77.517957904542087, 38.820702323948453 ], [ -77.515577906055867, 38.821312324516491 ], [ -77.514697905988328, 38.821552324371403 ], [ -77.513037375095081, 38.821981103265976 ] ] } },
{ "type": "Feature", "properties": { "A": 40854, "B": 40070, "SUBAREA": 0, "FFSNEW": 0, "CPENEW": 0, "CPEFAC": 0, "TIMEPEN": 0, "DISTANCE": 0.49, "SPDCLASS": 36, "CAPCLASS": 36, "JUR": 7, "SCREEN": 0, "FTYPE": 3, "TOLL": 0, "TOLLGRP": 0, "AMLANE": 1, "AMLIMIT": 0, "PMLANE": 1, "PMLIMIT": 0, "OPLANE": 1, "OPLIMIT": 0, "EDGEID": 40900000000, "LINKID": 75299, "NETYEAR": 2001, "SHAPE_LENG": 2594.6, "PROJECTID": "NA", "TAZ": 2524, "ATYPE": 6, "MDLANE": 1, "MDLIMIT": 0, "NTLANE": 1, "NTLIMIT": 0, "DEFLATIONFT": 0.8011, "AMTOLL": 0.0, "PMTOLL": 0.0, "OPTOLL": 0.0, "AMTOLL_VP": 0.0, "PMTOLL_VP": 0.0, "OPTOLL_VP": 0.0, "AMHTIME": 0.92686, "PMHTIME": 0.92686, "OPHTIME": 0.79288, "MDTOLL": 0.0, "MDTOLL_VP": 0.0, "MDHTIME": 0.79288, "NTTOLL": 0.0, "NTTOLL_VP": 0.0, "NTHTIME": 0.79288, "LINKAB": 4085440070, "TURNPENI": "TURNPEN.PEN", "I4AMSOV": 704.11938, "I4AMHV2": 70.02381, "I4AMHV3": 17.65776, "I4AMCV": 201.86205, "I4AMTRK": 171.90842, "I4AMAPX": 4.25009, "I4AMVOL": 1169.82141, "I4AMVMT": 573.21252, "I4AMFFSPD": 52, "AMHRLKCAP": 900, "AMHRLNCAP": 900, "I4AMVC": 0.54202, "I4AMVDF": 1.12559, "I4AMSPD": 46.19806, "COMP": 0, "I4MDSOV": 1123.02026, "I4MDHV2": 290.9577, "I4MDHV3": 165.3175, "I4MDCV": 302.51999, "I4MDTRK": 264.63391, "I4MDAPX": 8.1, "I4MDVOL": 2154.54932, "I4MDVMT": 1055.72913, "I4MDFFSPD": 52, "MDHRLKCAP": 900, "MDHRLNCAP": 900, "I4MDVC": 0.42373, "I4MDVDF": 1.07907, "I4MDSPD": 48.18975, "I4PMSOV": 1837.47974, "I4PMHV2": 301.57779, "I4PMHV3": 92.43029, "I4PMCV": 282.96652, "I4PMTRK": 95.30704, "I4PMAPX": 88.13702, "I4PMVOL": 2697.89819, "I4PMVMT": 1321.97021, "I4PMFFSPD": 52, "PMHRLKCAP": 900, "PMHRLNCAP": 900, "I4PMVC": 0.88131, "I4PMVDF": 1.53658, "I4PMSPD": 33.84135, "I4NTSOV": 1762.14331, "I4NTHV2": 344.16827, "I4NTHV3": 170.73119, "I4NTCV": 146.67581, "I4NTTRK": 76.64438, "I4NTAPX": 3.25632, "I4NTVOL": 2503.61938, "I4NTVMT": 1226.77344, "I4NTFFSPD": 52, "NTHRLKCAP": 900, "NTHRLNCAP": 900, "I4NTVC": 0.41727, "I4NTVDF": 1.07687, "I4NTSPD": 48.28801, "I424VOL": 8525.88867, "TVOL00": 9, "TVMT00": 4.41, "ID": 0, "AADT_2023": 0, "AWDT_2023": 0, "MD210": 0, "CNT2LOADDIF": 0.0, "ABSNCTDIFF": 0.0, "CNT2LOADPCT": 0.0, "ABSPCTDIFF": 0.0, "MD210U": 0, "LOAD1": 8525.88867, "LOAD2": 0.0, "LOADGRW": -8525.88867, "ABSGRW": 8525.88867, "PRCGRW": -1.0, "PRCANLGRW": -4.5454545 }, "geometry": { "type": "LineString", "coordinates": [ [ -77.531777415902312, 38.823401926477253 ], [ -77.532117899578907, 38.823572324424248 ], [ -77.532397899559555, 38.823732324027709 ], [ -77.532727899247618, 38.823962324300879 ], [ -77.532927899876157, 38.824132324385452 ], [ -77.533127899605347, 38.824352324177539 ], [ -77.533287900108178, 38.824592324032423 ], [ -77.533517899481978, 38.824972324327277 ], [ -77.533737900173378, 38.825452323137796 ], [ -77.533957899965415, 38.825902322303691 ], [ -77.534297899235241, 38.826642322830587 ], [ -77.534757898882219, 38.827612323630589 ], [ -77.535047899343908, 38.828242322462799 ], [ -77.535327899324571, 38.828822322486907 ], [ -77.535427898739513, 38.829082323303993 ], [ -77.535457898384109, 38.829192323199976 ], [ -77.535507898990886, 38.829432323054959 ], [ -77.535517283834267, 38.829702988768965 ] ] } },
{ "type": "Feature", "properties": { "A": 40854, "B": 40299, "SUBAREA": 0, "FFSNEW": 0, "CPENEW": 0, "CPEFAC": 0, "TIMEPEN": 0, "DISTANCE": 0.45, "SPDCLASS": 36, "CAPCLASS": 36, "JUR": 7, "SCREEN": 0, "FTYPE": 3, "TOLL": 0, "TOLLGRP": 0, "AMLANE": 1, "AMLIMIT": 0, "PMLANE": 1, "PMLIMIT": 0, "OPLANE": 1, "OPLIMIT": 0, "EDGEID": 40300000000, "LINKID": 75297, "NETYEAR": 2001, "SHAPE_LENG": 2399.19, "PROJECTID": "NA", "TAZ": 2521, "ATYPE": 6, "MDLANE": 1, "MDLIMIT": 0, "NTLANE": 1, "NTLIMIT": 0, "DEFLATIONFT": 0.8011, "AMTOLL": 0.0, "PMTOLL": 0.0, "OPTOLL": 0.0, "AMTOLL_VP": 0.0, "PMTOLL_VP": 0.0, "OPTOLL_VP": 0.0, "AMHTIME": 0.8512, "PMHTIME": 0.8512, "OPHTIME": 0.72816, "MDTOLL": 0.0, "MDTOLL_VP": 0.0, "MDHTIME": 0.72816, "NTTOLL": 0.0, "NTTOLL_VP": 0.0, "NTHTIME": 0.72816, "LINKAB": 4085440299, "TURNPENI": "TURNPEN.PEN", "I4AMSOV": 1458.75928, "I4AMHV2": 98.61406, "I4AMHV3": 26.27498, "I4AMCV": 159.19592, "I4AMTRK": 133.45337, "I4AMAPX": 0.12996, "I4AMVOL": 1876.42761, "I4AMVMT": 844.3924, "I4AMFFSPD": 52, "AMHRLKCAP": 900, "AMHRLNCAP": 900, "I4AMVC": 0.86941, "I4AMVDF": 1.50956, "I4AMSPD": 34.44703, "COMP": 0, "I4MDSOV": 1515.30347, "I4MDHV2": 341.86948, "I4MDHV3": 194.27052, "I4MDCV": 315.60641, "I4MDTRK": 262.51028, "I4MDAPX": 8.15, "I4MDVOL": 2637.71021, "I4MDVMT": 1186.9696, "I4MDFFSPD": 52, "MDHRLKCAP": 900, "MDHRLNCAP": 900, "I4MDVC": 0.51875, "I4MDVDF": 1.11419, "I4MDSPD": 46.67079, "I4PMSOV": 914.78851, "I4PMHV2": 239.26628, "I4PMHV3": 92.84045, "I4PMCV": 338.29538, "I4PMTRK": 102.23009, "I4PMAPX": 98.91727, "I4PMVOL": 1786.33801, "I4PMVMT": 803.85211, "I4PMFFSPD": 52, "PMHRLKCAP": 900, "PMHRLNCAP": 900, "I4PMVC": 0.58354, "I4PMVDF": 1.14593, "I4PMSPD": 45.37786, "I4NTSOV": 1169.41821, "I4NTHV2": 247.88112, "I4NTHV3": 132.40671, "I4NTCV": 152.44905, "I4NTTRK": 69.35258, "I4NTAPX": 3.23, "I4NTVOL": 1774.73767, "I4NTVMT": 798.63196, "I4NTFFSPD": 52, "NTHRLKCAP": 900, "NTHRLNCAP": 900, "I4NTVC": 0.29579, "I4NTVDF": 1.0452, "I4NTSPD": 49.75124, "I424VOL": 8075.21338, "TVOL00": 8, "TVMT00": 3.6, "ID": 0, "AADT_2023": 0, "AWDT_2023": 0, "MD210": 0, "CNT2LOADDIF": 0.0, "ABSNCTDIFF": 0.0, "CNT2LOADPCT": 0.0, "ABSPCTDIFF": 0.0, "MD210U": 0, "LOAD1": 8075.21338, "LOAD2": 0.0, "LOADGRW": -8075.21338, "ABSGRW": 8075.21338, "PRCGRW": -1.0, "PRCANLGRW": -4.5454545 }, "geometry": { "type": "LineString", "coordinates": [ [ -77.531777415902312, 38.823401926477253 ], [ -77.531307901080368, 38.823172324066526 ], [ -77.530587900616297, 38.822842323479094 ], [ -77.530217900802484, 38.822672324293862 ], [ -77.529857900570519, 38.822512323791038 ], [ -77.52976790073734, 38.822452324501782 ], [ -77.5296579008413, 38.822352324187513 ], [ -77.529517901300679, 38.822192324584023 ], [ -77.529197900295003, 38.821772324163447 ], [ -77.528917901213731, 38.821412323931433 ], [ -77.528357902151825, 38.820682323885627 ], [ -77.52666824481561, 38.818372760254668 ] ] } },
{ "type": "Feature", "properties": { "A": 40855, "B": 2522, "SUBAREA": 0, "FFSNEW": 0, "CPENEW": 0, "CPEFAC": 0, "TIMEPEN": 0, "DISTANCE": 0.44, "SPDCLASS": 6, "CAPCLASS": 6, "JUR": 7, "SCREEN": 0, "FTYPE": 0, "TOLL": 0, "TOLLGRP": 0, "AMLANE": 7, "AMLIMIT": 0, "PMLANE": 7, "PMLIMIT": 0, "OPLANE": 7, "OPLIMIT": 0, "EDGEID": 2522040855, "LINKID": 66731, "NETYEAR": 2001, "SHAPE_LENG": 2342.8, "PROJECTID": "NA", "TAZ": 2522, "ATYPE": 6, "MDLANE": 7, "MDLIMIT": 0, "NTLANE": 7, "NTLIMIT": 0, "DEFLATIONFT": 0.8011, "AMTOLL": 0.0, "PMTOLL": 0.0, "OPTOLL": 0.0, "AMTOLL_VP": 0.0, "PMTOLL_VP": 0.0, "OPTOLL_VP": 0.0, "AMHTIME": 0.75429, "PMHTIME": 0.75429, "OPHTIME": 0.75429, "MDTOLL": 0.0, "MDTOLL_VP": 0.0, "MDHTIME": 0.75429, "NTTOLL": 0.0, "NTTOLL_VP": 0.0, "NTHTIME": 0.75429, "LINKAB": 4085502522, "TURNPENI": "TURNPEN.PEN", "I4AMSOV": 6.07, "I4AMHV2": 0.99, "I4AMHV3": 0.29, "I4AMCV": 2.62, "I4AMTRK": 0.79, "I4AMAPX": 0.07, "I4AMVOL": 10.83, "I4AMVMT": 4.7652, "I4AMFFSPD": 40, "AMHRLKCAP": 22050, "AMHRLNCAP": 3150, "I4AMVC": 0.0002, "I4AMVDF": 1.0, "I4AMSPD": 40.0, "COMP": 0, "I4MDSOV": 17.96, "I4MDHV2": 3.79, "I4MDHV3": 1.69, "I4MDCV": 4.83, "I4MDTRK": 1.56, "I4MDAPX": 0.1, "I4MDVOL": 29.93, "I4MDVMT": 13.1692, "I4MDFFSPD": 40, "MDHRLKCAP": 22050, "MDHRLNCAP": 3150, "I4MDVC": 0.00024, "I4MDVDF": 1.0, "I4MDSPD": 40.0, "I4PMSOV": 20.03, "I4PMHV2": 4.07, "I4PMHV3": 1.73, "I4PMCV": 4.87, "I4PMTRK": 0.64, "I4PMAPX": 0.64, "I4PMVOL": 31.98, "I4PMVMT": 14.0712, "I4PMFFSPD": 40, "PMHRLKCAP": 22050, "PMHRLNCAP": 3150, "I4PMVC": 0.00043, "I4PMVDF": 1.0, "I4PMSPD": 40.0, "I4NTSOV": 16.89, "I4NTHV2": 4.31, "I4NTHV3": 1.93, "I4NTCV": 2.08, "I4NTTRK": 0.32, "I4NTAPX": 0.05, "I4NTVOL": 25.58, "I4NTVMT": 11.2552, "I4NTFFSPD": 40, "NTHRLKCAP": 22050, "NTHRLNCAP": 3150, "I4NTVC": 0.00017, "I4NTVDF": 1.0, "I4NTSPD": 40.0, "I424VOL": 98.32, "TVOL00": 0, "TVMT00": 0.0, "ID": 0, "AADT_2023": 0, "AWDT_2023": 0, "MD210": 0, "CNT2LOADDIF": 0.0, "ABSNCTDIFF": 0.0, "CNT2LOADPCT": 0.0, "ABSPCTDIFF": 0.0, "MD210U": 0, "LOAD1": 98.32, "LOAD2": 0.0, "LOADGRW": -98.32, "ABSGRW": 98.32, "PRCGRW": -1.0, "PRCANLGRW": -4.5454545 }, "geometry": { "type": "LineString", "coordinates": [ [ -77.535987616823505, 38.834371489832577 ], [ -77.527897148797351, 38.835528661779108 ] ] } },
{ "type": "Feature", "properties": { "A": 40855, "B": 40070, "SUBAREA": 0, "FFSNEW": 0, "CPENEW": 0, "CPEFAC": 0, "TIMEPEN": 0, "DISTANCE": 0.33, "SPDCLASS": 36, "CAPCLASS": 36, "JUR": 7, "SCREEN": 0, "FTYPE": 3, "TOLL": 0, "TOLLGRP": 0, "AMLANE": 1, "AMLIMIT": 0, "PMLANE": 1, "PMLIMIT": 0, "OPLANE": 1, "OPLIMIT": 0, "EDGEID": 40100000000, "LINKID": 75300, "NETYEAR": 2001, "SHAPE_LENG": 1724.39, "PROJECTID": "NA", "TAZ": 2522, "ATYPE": 6, "MDLANE": 1, "MDLIMIT": 0, "NTLANE": 1, "NTLIMIT": 0, "DEFLATIONFT": 0.8011, "AMTOLL": 0.0, "PMTOLL": 0.0, "OPTOLL": 0.0, "AMTOLL_VP": 0.0, "PMTOLL_VP": 0.0, "OPTOLL_VP": 0.0, "AMHTIME": 0.62421, "PMHTIME": 0.62421, "OPHTIME": 0.53398, "MDTOLL": 0.0, "MDTOLL_VP": 0.0, "MDHTIME": 0.53398, "NTTOLL": 0.0, "NTTOLL_VP": 0.0, "NTHTIME": 0.53398, "LINKAB": 4085540070, "TURNPENI": "TURNPEN.PEN", "I4AMSOV": 1458.75928, "I4AMHV2": 98.61406, "I4AMHV3": 26.27498, "I4AMCV": 159.19592, "I4AMTRK": 133.45337, "I4AMAPX": 0.12996, "I4AMVOL": 1876.42761, "I4AMVMT": 619.22107, "I4AMFFSPD": 52, "AMHRLKCAP": 900, "AMHRLNCAP": 900, "I4AMVC": 0.86941, "I4AMVDF": 1.50956, "I4AMSPD": 34.44703, "COMP": 0, "I4MDSOV": 1515.30347, "I4MDHV2": 341.86948, "I4MDHV3": 194.27052, "I4MDCV": 315.60641, "I4MDTRK": 262.51028, "I4MDAPX": 8.15, "I4MDVOL": 2637.71021, "I4MDVMT": 870.4444, "I4MDFFSPD": 52, "MDHRLKCAP": 900, "MDHRLNCAP": 900, "I4MDVC": 0.51875, "I4MDVDF": 1.11419, "I4MDSPD": 46.67079, "I4PMSOV": 914.78851, "I4PMHV2": 239.26628, "I4PMHV3": 92.84045, "I4PMCV": 338.29538, "I4PMTRK": 102.23009, "I4PMAPX": 98.91727, "I4PMVOL": 1786.33801, "I4PMVMT": 589.49152, "I4PMFFSPD": 52, "PMHRLKCAP": 900, "PMHRLNCAP": 900, "I4PMVC": 0.58354, "I4PMVDF": 1.14593, "I4PMSPD": 45.37786, "I4NTSOV": 1169.41821, "I4NTHV2": 247.88112, "I4NTHV3": 132.40671, "I4NTCV": 152.44905, "I4NTTRK": 69.35258, "I4NTAPX": 3.23, "I4NTVOL": 1774.73767, "I4NTVMT": 585.66345, "I4NTFFSPD": 52, "NTHRLKCAP": 900, "NTHRLNCAP": 900, "I4NTVC": 0.29579, "I4NTVDF": 1.0452, "I4NTSPD": 49.75124, "I424VOL": 8075.21338, "TVOL00": 8, "TVMT00": 2.64, "ID": 0, "AADT_2023": 0, "AWDT_2023": 0, "MD210": 0, "CNT2LOADDIF": 0.0, "ABSNCTDIFF": 0.0, "CNT2LOADPCT": 0.0, "ABSPCTDIFF": 0.0, "MD210U": 0, "LOAD1": 8075.21338, "LOAD2": 0.0, "LOADGRW": -8075.21338, "ABSGRW": 8075.21338, "PRCGRW": -1.0, "PRCANLGRW": -4.5454545 }, "geometry": { "type": "LineString", "coordinates": [ [ -77.535987616823505, 38.834371489832577 ], [ -77.535887899285754, 38.834162322181356 ], [ -77.535727898782966, 38.833842322075078 ], [ -77.535677899075495, 38.833652321927644 ], [ -77.535637898949744, 38.833472322261265 ], [ -77.535537898635482, 38.833012321715024 ], [ -77.535497898509789, 38.832782322341174 ], [ -77.535457899283415, 38.832582321712657 ], [ -77.535377899032042, 38.831962322462232 ], [ -77.535347898488055, 38.831532321560516 ], [ -77.53536789855093, 38.831052321850713 ], [ -77.535487898928011, 38.830072323267579 ], [ -77.535517283834267, 38.829702988768965 ] ] } },
{ "type": "Feature", "properties": { "A": 40855, "B": 40943, "SUBAREA": 0, "FFSNEW": 0, "CPENEW": 0, "CPEFAC": 0, "TIMEPEN": 0, "DISTANCE": 0.48, "SPDCLASS": 36, "CAPCLASS": 36, "JUR": 7, "SCREEN": 0, "FTYPE": 3, "TOLL": 0, "TOLLGRP": 0, "AMLANE": 1, "AMLIMIT": 0, "PMLANE": 1, "PMLIMIT": 0, "OPLANE": 1, "OPLIMIT": 0, "EDGEID": 40900000000, "LINKID": 36060, "NETYEAR": 2001, "SHAPE_LENG": 2540.23, "PROJECTID": "NA", "TAZ": 2522, "ATYPE": 6, "MDLANE": 1, "MDLIMIT": 0, "NTLANE": 1, "NTLIMIT": 0, "DEFLATIONFT": 0.8011, "AMTOLL": 0.0, "PMTOLL": 0.0, "OPTOLL": 0.0, "AMTOLL_VP": 0.0, "PMTOLL_VP": 0.0, "OPTOLL_VP": 0.0, "AMHTIME": 0.90794, "PMHTIME": 0.90794, "OPHTIME": 0.7767, "MDTOLL": 0.0, "MDTOLL_VP": 0.0, "MDHTIME": 0.7767, "NTTOLL": 0.0, "NTTOLL_VP": 0.0, "NTHTIME": 0.7767, "LINKAB": 4085540943, "TURNPENI": "TURNPEN.PEN", "I4AMSOV": 700.91052, "I4AMHV2": 69.48383, "I4AMHV3": 17.45776, "I4AMCV": 203.05206, "I4AMTRK": 171.64845, "I4AMAPX": 4.1801, "I4AMVOL": 1166.73279, "I4AMVMT": 560.03174, "I4AMFFSPD": 52, "AMHRLKCAP": 900, "AMHRLNCAP": 900, "I4AMVC": 0.54059, "I4AMVDF": 1.12489, "I4AMSPD": 46.22686, "COMP": 0, "I4MDSOV": 1111.74023, "I4MDHV2": 288.59769, "I4MDHV3": 164.17751, "I4MDCV": 304.45996, "I4MDTRK": 264.03391, "I4MDAPX": 8.0, "I4MDVOL": 2141.00928, "I4MDVMT": 1027.68445, "I4MDFFSPD": 52, "MDHRLKCAP": 900, "MDHRLNCAP": 900, "I4MDVC": 0.42107, "I4MDVDF": 1.07816, "I4MDSPD": 48.23022, "I4PMSOV": 1822.22705, "I4PMHV2": 298.87778, "I4PMHV3": 91.21029, "I4PMCV": 284.88651, "I4PMTRK": 95.04704, "I4PMAPX": 87.87702, "I4PMVOL": 2680.12573, "I4PMVMT": 1286.46045, "I4PMFFSPD": 52, "PMHRLKCAP": 900, "PMHRLNCAP": 900, "I4PMVC": 0.87551, "I4PMVDF": 1.5234, "I4PMSPD": 34.13411, "I4NTSOV": 1750.01331, "I4NTHV2": 341.25827, "I4NTHV3": 169.33119, "I4NTCV": 147.75581, "I4NTTRK": 76.50438, "I4NTAPX": 3.20632, "I4NTVOL": 2488.06934, "I4NTVMT": 1194.27332, "I4NTFFSPD": 52, "NTHRLKCAP": 900, "NTHRLNCAP": 900, "I4NTVC": 0.41468, "I4NTVDF": 1.07599, "I4NTSPD": 48.32756, "I424VOL": 8475.9375, "TVOL00": 8, "TVMT00": 3.84, "ID": 0, "AADT_2023": 0, "AWDT_2023": 0, "MD210": 0, "CNT2LOADDIF": 0.0, "ABSNCTDIFF": 0.0, "CNT2LOADPCT": 0.0, "ABSPCTDIFF": 0.0, "MD210U": 0, "LOAD1": 8475.9375, "LOAD2": 0.0, "LOADGRW": -8475.9375, "ABSGRW": 8475.9375, "PRCGRW": -1.0, "PRCANLGRW": -4.5454545 }, "geometry": { "type": "LineString", "coordinates": [ [ -77.535987616823505, 38.834371489832577 ], [ -77.536237897238038, 38.83479232191295 ], [ -77.536607897951171, 38.835362320556591 ], [ -77.536817897262154, 38.835712321206842 ], [ -77.536957897702109, 38.836042320894968 ], [ -77.537047897535288, 38.83638232106415 ], [ -77.537097898142079, 38.836712320752184 ], [ -77.537167897912411, 38.837352320964811 ], [ -77.537237897682701, 38.837952321051752 ], [ -77.537357897160533, 38.839012321685004 ], [ -77.537407897767309, 38.839462320850863 ], [ -77.537497898499808, 38.840282320729834 ], [ -77.537567898270154, 38.840762320439694 ], [ -77.537607897496514, 38.840922320043134 ], [ -77.537688608119254, 38.841143119636634 ] ] } },
{ "type": "Feature", "properties": { "A": 40858, "B": 2654, "SUBAREA": 0, "FFSNEW": 0, "CPENEW": 0, "CPEFAC": 0, "TIMEPEN": 0, "DISTANCE": 0.73, "SPDCLASS": 6, "CAPCLASS": 6, "JUR": 7, "SCREEN": 0, "FTYPE": 0, "TOLL": 0, "TOLLGRP": 0, "AMLANE": 7, "AMLIMIT": 0, "PMLANE": 7, "PMLIMIT": 0, "OPLANE": 7, "OPLIMIT": 0, "EDGEID": 2654040858, "LINKID": 62300, "NETYEAR": 2001, "SHAPE_LENG": 3846.29, "PROJECTID": "NA", "TAZ": 2654, "ATYPE": 6, "MDLANE": 7, "MDLIMIT": 0, "NTLANE": 7, "NTLIMIT": 0, "DEFLATIONFT": 0.8011, "AMTOLL": 0.0, "PMTOLL": 0.0, "OPTOLL": 0.0, "AMTOLL_VP": 0.0, "PMTOLL_VP": 0.0, "OPTOLL_VP": 0.0, "AMHTIME": 1.25143, "PMHTIME": 1.25143, "OPHTIME": 1.25143, "MDTOLL": 0.0, "MDTOLL_VP": 0.0, "MDHTIME": 1.25143, "NTTOLL": 0.0, "NTTOLL_VP": 0.0, "NTHTIME": 1.25143, "LINKAB": 4085802654, "TURNPENI": "TURNPEN.PEN", "I4AMSOV": 9.3, "I4AMHV2": 2.65, "I4AMHV3": 1.18, "I4AMCV": 1.54, "I4AMTRK": 1.2, "I4AMAPX": 0.19, "I4AMVOL": 16.06, "I4AMVMT": 11.7238, "I4AMFFSPD": 40, "AMHRLKCAP": 22050, "AMHRLNCAP": 3150, "I4AMVC": 0.0003, "I4AMVDF": 1.0, "I4AMSPD": 40.0, "COMP": 0, "I4MDSOV": 43.05, "I4MDHV2": 12.22, "I4MDHV3": 5.98, "I4MDCV": 3.24, "I4MDTRK": 2.53, "I4MDAPX": 0.3, "I4MDVOL": 67.32, "I4MDVMT": 49.1436, "I4MDFFSPD": 40, "MDHRLKCAP": 22050, "MDHRLNCAP": 3150, "I4MDVC": 0.00054, "I4MDVDF": 1.0, "I4MDSPD": 40.0, "I4PMSOV": 59.85, "I4PMHV2": 13.75, "I4PMHV3": 7.02, "I4PMCV": 3.22, "I4PMTRK": 0.98, "I4PMAPX": 0.98, "I4PMVOL": 85.8, "I4PMVMT": 62.634, "I4PMFFSPD": 40, "PMHRLKCAP": 22050, "PMHRLNCAP": 3150, "I4PMVC": 0.00114, "I4PMVDF": 1.0, "I4PMSPD": 40.0, "I4NTSOV": 51.43, "I4NTHV2": 14.25, "I4NTHV3": 7.1, "I4NTCV": 0.9, "I4NTTRK": 0.35, "I4NTAPX": 0.12, "I4NTVOL": 74.15, "I4NTVMT": 54.1295, "I4NTFFSPD": 40, "NTHRLKCAP": 22050, "NTHRLNCAP": 3150, "I4NTVC": 0.0005, "I4NTVDF": 1.0, "I4NTSPD": 40.0, "I424VOL": 243.33, "TVOL00": 0, "TVMT00": 0.0, "ID": 0, "AADT_2023": 0, "AWDT_2023": 0, "MD210": 0, "CNT2LOADDIF": 0.0, "ABSNCTDIFF": 0.0, "CNT2LOADPCT": 0.0, "ABSPCTDIFF": 0.0, "MD210U": 0, "LOAD1": 243.33, "LOAD2": 5.59612, "LOADGRW": -237.73387, "ABSGRW": 237.73387, "PRCGRW": -0.9770019, "PRCANLGRW": -4.440918 }, "geometry": { "type": "LineString", "coordinates": [ [ -77.570722983664481, 38.888535699786765 ], [ -77.579112332947062, 38.880259704437456 ] ] } },
{ "type": "Feature", "properties": { "A": 40943, "B": 40855, "SUBAREA": 0, "FFSNEW": 0, "CPENEW": 0, "CPEFAC": 0, "TIMEPEN": 0, "DISTANCE": 0.48, "SPDCLASS": 36, "CAPCLASS": 36, "JUR": 7, "SCREEN": 0, "FTYPE": 3, "TOLL": 0, "TOLLGRP": 0, "AMLANE": 1, "AMLIMIT": 0, "PMLANE": 1, "PMLIMIT": 0, "OPLANE": 1, "OPLIMIT": 0, "EDGEID": 40900000000, "LINKID": 36062, "NETYEAR": 2001, "SHAPE_LENG": 2540.23, "PROJECTID": "NA", "TAZ": 2522, "ATYPE": 6, "MDLANE": 1, "MDLIMIT": 0, "NTLANE": 1, "NTLIMIT": 0, "DEFLATIONFT": 0.8011, "AMTOLL": 0.0, "PMTOLL": 0.0, "OPTOLL": 0.0, "AMTOLL_VP": 0.0, "PMTOLL_VP": 0.0, "OPTOLL_VP": 0.0, "AMHTIME": 0.90794, "PMHTIME": 0.90794, "OPHTIME": 0.7767, "MDTOLL": 0.0, "MDTOLL_VP": 0.0, "MDHTIME": 0.7767, "NTTOLL": 0.0, "NTTOLL_VP": 0.0, "NTHTIME": 0.7767, "LINKAB": 4094340855, "TURNPENI": "TURNPEN.PEN", "I4AMSOV": 1446.93042, "I4AMHV2": 97.46408, "I4AMHV3": 25.84498, "I4AMCV": 161.00594, "I4AMTRK": 133.13341, "I4AMAPX": 0.05997, "I4AMVOL": 1864.43884, "I4AMVMT": 894.93066, "I4AMFFSPD": 52, "AMHRLKCAP": 900, "AMHRLNCAP": 900, "I4AMVC": 0.86386, "I4AMVDF": 1.49695, "I4AMSPD": 34.73719, "COMP": 0, "I4MDSOV": 1500.92358, "I4MDHV2": 338.90948, "I4MDHV3": 192.92052, "I4MDCV": 318.59641, "I4MDTRK": 261.77029, "I4MDAPX": 8.05, "I4MDVOL": 2621.17017, "I4MDVMT": 1258.16162, "I4MDFFSPD": 52, "MDHRLKCAP": 900, "MDHRLNCAP": 900, "I4MDVC": 0.5155, "I4MDVDF": 1.11259, "I4MDSPD": 46.73765, "I4PMSOV": 907.50592, "I4PMHV2": 236.86629, "I4PMHV3": 91.66045, "I4PMCV": 341.27536, "I4PMTRK": 101.9201, "I4PMAPX": 98.60726, "I4PMVOL": 1777.83533, "I4PMVMT": 853.36096, "I4PMFFSPD": 52, "PMHRLKCAP": 900, "PMHRLNCAP": 900, "I4PMVC": 0.58076, "I4PMVDF": 1.14457, "I4PMSPD": 45.43182, "I4NTSOV": 1161.41821, "I4NTHV2": 245.99112, "I4NTHV3": 131.47672, "I4NTCV": 153.98906, "I4NTTRK": 69.20258, "I4NTAPX": 3.18, "I4NTVOL": 1765.25769, "I4NTVMT": 847.32367, "I4NTFFSPD": 52, "NTHRLKCAP": 900, "NTHRLNCAP": 900, "I4NTVC": 0.29421, "I4NTVDF": 1.0449, "I4NTSPD": 49.76554, "I424VOL": 8028.70215, "TVOL00": 8, "TVMT00": 3.84, "ID": 0, "AADT_2023": 0, "AWDT_2023": 0, "MD210": 0, "CNT2LOADDIF": 0.0, "ABSNCTDIFF": 0.0, "CNT2LOADPCT": 0.0, "ABSPCTDIFF": 0.0, "MD210U": 0, "LOAD1": 8028.70215, "LOAD2": 0.0, "LOADGRW": -8028.70215, "ABSGRW": 8028.70215, "PRCGRW": -1.0, "PRCANLGRW": -4.5454545 }, "geometry": { "type": "LineString", "coordinates": [ [ -77.537688608119254, 38.841143119636634 ], [ -77.537607897496514, 38.840922320043134 ], [ -77.537567898270154, 38.840762320439694 ], [ -77.537497898499808, 38.840282320729834 ], [ -77.537407897767309, 38.839462320850863 ], [ -77.537357897160533, 38.839012321685004 ], [ -77.537237897682701, 38.837952321051752 ], [ -77.537167897912411, 38.837352320964811 ], [ -77.537097898142079, 38.836712320752184 ], [ -77.537047897535288, 38.83638232106415 ], [ -77.536957897702109, 38.836042320894968 ], [ -77.536817897262154, 38.835712321206842 ], [ -77.536607897951171, 38.835362320556591 ], [ -77.536237897238038, 38.83479232191295 ], [ -77.535987616823505, 38.834371489832577 ] ] } },
{ "type": "Feature", "properties": { "A": 40945, "B": 2525, "SUBAREA": 0, "FFSNEW": 0, "CPENEW": 0, "CPEFAC": 0, "TIMEPEN": 0, "DISTANCE": 0.72, "SPDCLASS": 5, "CAPCLASS": 5, "JUR": 7, "SCREEN": 0, "FTYPE": 0, "TOLL": 0, "TOLLGRP": 0, "AMLANE": 7, "AMLIMIT": 0, "PMLANE": 7, "PMLIMIT": 0, "OPLANE": 7, "OPLIMIT": 0, "EDGEID": 2525040945, "LINKID": 27605, "NETYEAR": 2001, "SHAPE_LENG": 3785.98, "PROJECTID": "NEWTAZ", "TAZ": 2525, "ATYPE": 5, "MDLANE": 7, "MDLIMIT": 0, "NTLANE": 7, "NTLIMIT": 0, "DEFLATIONFT": 0.8011, "AMTOLL": 0.0, "PMTOLL": 0.0, "OPTOLL": 0.0, "AMTOLL_VP": 0.0, "PMTOLL_VP": 0.0, "OPTOLL_VP": 0.0, "AMHTIME": 1.44, "PMHTIME": 1.44, "OPHTIME": 1.44, "MDTOLL": 0.0, "MDTOLL_VP": 0.0, "MDHTIME": 1.44, "NTTOLL": 0.0, "NTTOLL_VP": 0.0, "NTHTIME": 1.44, "LINKAB": 4094502525, "TURNPENI": "TURNPEN.PEN", "I4AMSOV": 3.46022, "I4AMHV2": 0.6001, "I4AMHV3": 0.24, "I4AMCV": 0.19, "I4AMTRK": 0.1, "I4AMAPX": 0.08, "I4AMVOL": 4.67032, "I4AMVMT": 3.36263, "I4AMFFSPD": 35, "AMHRLKCAP": 22050, "AMHRLNCAP": 3150, "I4AMVC": 9.0000000000000006e-05, "I4AMVDF": 1.0, "I4AMSPD": 35.0, "COMP": 0, "I4MDSOV": 15.7, "I4MDHV2": 3.71, "I4MDHV3": 1.69, "I4MDCV": 0.76, "I4MDTRK": 0.36, "I4MDAPX": 0.13, "I4MDVOL": 22.35, "I4MDVMT": 16.092, "I4MDFFSPD": 35, "MDHRLKCAP": 22050, "MDHRLNCAP": 3150, "I4MDVC": 0.00018, "I4MDVDF": 1.0, "I4MDSPD": 35.0, "I4PMSOV": 17.14, "I4PMHV2": 3.38, "I4PMHV3": 1.32, "I4PMCV": 0.72, "I4PMTRK": 0.09, "I4PMAPX": 0.09, "I4PMVOL": 22.74, "I4PMVMT": 16.3728, "I4PMFFSPD": 35, "PMHRLKCAP": 22050, "PMHRLNCAP": 3150, "I4PMVC": 0.0003, "I4PMVDF": 1.0, "I4PMSPD": 35.0, "I4NTSOV": 15.22, "I4NTHV2": 4.01, "I4NTHV3": 1.8, "I4NTCV": 0.13, "I4NTTRK": 0.04, "I4NTAPX": 0.05, "I4NTVOL": 21.25, "I4NTVMT": 15.3, "I4NTFFSPD": 35, "NTHRLKCAP": 22050, "NTHRLNCAP": 3150, "I4NTVC": 0.00014, "I4NTVDF": 1.0, "I4NTSPD": 35.0, "I424VOL": 71.01031, "TVOL00": 0, "TVMT00": 0.0, "ID": 0, "AADT_2023": 0, "AWDT_2023": 0, "MD210": 0, "CNT2LOADDIF": 0.0, "ABSNCTDIFF": 0.0, "CNT2LOADPCT": 0.0, "ABSPCTDIFF": 0.0, "MD210U": 0, "LOAD1": 71.01031, "LOAD2": 0.0, "LOADGRW": -71.01031, "ABSGRW": 71.01031, "PRCGRW": -1.0, "PRCANLGRW": -4.5454545 }, "geometry": { "type": "LineString", "coordinates": [ [ -77.524066294299885, 38.812475433921314 ], [ -77.536323090054978, 38.808460234802354 ] ] } },
{ "type": "Feature", "properties": { "A": 40945, "B": 40112, "SUBAREA": 0, "FFSNEW": 0, "CPENEW": 0, "CPEFAC": 0, "TIMEPEN": 0, "DISTANCE": 0.23, "SPDCLASS": 33, "CAPCLASS": 33, "JUR": 7, "SCREEN": 0, "FTYPE": 3, "TOLL": 0, "TOLLGRP": 0, "AMLANE": 1, "AMLIMIT": 0, "PMLANE": 1, "PMLIMIT": 0, "OPLANE": 1, "OPLIMIT": 0, "EDGEID": 40100000000, "LINKID": 72385, "NETYEAR": 2001, "SHAPE_LENG": 1222.61, "PROJECTID": "NA", "TAZ": 2528, "ATYPE": 3, "MDLANE": 1, "MDLIMIT": 0, "NTLANE": 1, "NTLIMIT": 0, "DEFLATIONFT": 0.8011, "AMTOLL": 0.0, "PMTOLL": 0.0, "OPTOLL": 0.0, "AMTOLL_VP": 0.0, "PMTOLL_VP": 0.0, "OPTOLL_VP": 0.0, "AMHTIME": 0.68486, "PMHTIME": 0.68486, "OPHTIME": 0.56166, "MDTOLL": 0.0, "MDTOLL_VP": 0.0, "MDHTIME": 0.56166, "NTTOLL": 0.0, "NTTOLL_VP": 0.0, "NTHTIME": 0.56166, "LINKAB": 4094540112, "TURNPENI": "TURNPEN.PEN", "I4AMSOV": 1179.8042, "I4AMHV2": 126.96137, "I4AMHV3": 38.77498, "I4AMCV": 159.80946, "I4AMTRK": 148.08904, "I4AMAPX": 0.01005, "I4AMVOL": 1653.44922, "I4AMVMT": 380.2933, "I4AMFFSPD": 46, "AMHRLKCAP": 700, "AMHRLNCAP": 700, "I4AMVC": 0.98498, "I4AMVDF": 1.93678, "I4AMSPD": 23.75076, "COMP": 0, "I4MDSOV": 1415.53589, "I4MDHV2": 382.70242, "I4MDHV3": 227.431, "I4MDCV": 285.91275, "I4MDTRK": 272.32977, "I4MDAPX": 0.02, "I4MDVOL": 2583.93188, "I4MDVMT": 594.30432, "I4MDFFSPD": 46, "MDHRLKCAP": 700, "MDHRLNCAP": 700, "I4MDVC": 0.65337, "I4MDVDF": 1.19349, "I4MDSPD": 38.54241, "I4PMSOV": 842.85681, "I4PMHV2": 258.78146, "I4PMHV3": 116.52212, "I4PMCV": 276.76672, "I4PMTRK": 92.39262, "I4PMAPX": 89.60191, "I4PMVOL": 1676.92163, "I4PMVMT": 385.69199, "I4PMFFSPD": 46, "PMHRLKCAP": 700, "PMHRLNCAP": 700, "I4PMVC": 0.70431, "I4PMVDF": 1.23334, "I4PMSPD": 37.29707, "I4NTSOV": 1216.54785, "I4NTHV2": 298.63358, "I4NTHV3": 159.61482, "I4NTCV": 147.43559, "I4NTTRK": 73.02417, "I4NTAPX": 0.32128, "I4NTVOL": 1895.57727, "I4NTVMT": 435.98276, "I4NTFFSPD": 46, "NTHRLKCAP": 700, "NTHRLNCAP": 700, "I4NTVC": 0.4062, "I4NTVDF": 1.07311, "I4NTSPD": 42.86621, "I424VOL": 7809.87988, "TVOL00": 8, "TVMT00": 1.84, "ID": 0, "AADT_2023": 0, "AWDT_2023": 0, "MD210": 0, "CNT2LOADDIF": 0.0, "ABSNCTDIFF": 0.0, "CNT2LOADPCT": 0.0, "ABSPCTDIFF": 0.0, "MD210U": 0, "LOAD1": 7809.87988, "LOAD2": 0.0, "LOADGRW": -7809.87988, "ABSGRW": 7809.87988, "PRCGRW": -1.0, "PRCANLGRW": -4.5454545 }, "geometry": { "type": "LineString", "coordinates": [ [ -77.524066294299885, 38.812475433921314 ], [ -77.523907903905297, 38.812112326181285 ], [ -77.523657904468635, 38.811512325195032 ], [ -77.523307903818363, 38.810702325797124 ], [ -77.523007903774896, 38.8099923258142 ], [ -77.522737372007015, 38.809282493248134 ] ] } },
{ "type": "Feature", "properties": { "A": 40945, "B": 40299, "SUBAREA": 0, "FFSNEW": 0, "CPENEW": 0, "CPEFAC": 0, "TIMEPEN": 0, "DISTANCE": 0.43, "SPDCLASS": 35, "CAPCLASS": 35, "JUR": 7, "SCREEN": 0, "FTYPE": 3, "TOLL": 0, "TOLLGRP": 0, "AMLANE": 1, "AMLIMIT": 0, "PMLANE": 1, "PMLIMIT": 0, "OPLANE": 1, "OPLIMIT": 0, "EDGEID": 40900000000, "LINKID": 4602, "NETYEAR": 2001, "SHAPE_LENG": 2272.56, "PROJECTID": "NA", "TAZ": 2525, "ATYPE": 5, "MDLANE": 1, "MDLIMIT": 0, "NTLANE": 1, "NTLIMIT": 0, "DEFLATIONFT": 0.8011, "AMTOLL": 0.0, "PMTOLL": 0.0, "OPTOLL": 0.0, "AMTOLL_VP": 0.0, "PMTOLL_VP": 0.0, "OPTOLL_VP": 0.0, "AMHTIME": 0.95203, "PMHTIME": 0.95203, "OPHTIME": 0.82402, "MDTOLL": 0.0, "MDTOLL_VP": 0.0, "MDHTIME": 0.82402, "NTTOLL": 0.0, "NTTOLL_VP": 0.0, "NTHTIME": 0.82402, "LINKAB": 4094540299, "TURNPENI": "TURNPEN.PEN", "I4AMSOV": 975.06696, "I4AMHV2": 86.93689, "I4AMHV3": 16.36776, "I4AMCV": 184.64583, "I4AMTRK": 187.73682, "I4AMAPX": 0.07018, "I4AMVOL": 1450.82446, "I4AMVMT": 623.85449, "I4AMFFSPD": 46, "AMHRLKCAP": 900, "AMHRLNCAP": 900, "I4AMVC": 0.67222, "I4AMVDF": 1.20744, "I4AMSPD": 38.09715, "COMP": 0, "I4MDSOV": 1294.84668, "I4MDHV2": 345.72488, "I4MDHV3": 188.76022, "I4MDCV": 276.72736, "I4MDTRK": 274.44095, "I4MDAPX": 1.85, "I4MDVOL": 2382.3501, "I4MDVMT": 1024.41052, "I4MDFFSPD": 46, "MDHRLKCAP": 900, "MDHRLNCAP": 900, "I4MDVC": 0.46853, "I4MDVDF": 1.0943, "I4MDSPD": 42.03601, "I4PMSOV": 1472.18335, "I4PMHV2": 324.39142, "I4PMHV3": 124.72926, "I4PMCV": 247.75119, "I4PMTRK": 97.97421, "I4PMAPX": 91.10461, "I4PMVOL": 2358.13403, "I4PMVMT": 1013.99762, "I4PMFFSPD": 46, "PMHRLKCAP": 900, "PMHRLNCAP": 900, "I4PMVC": 0.77032, "I4PMVDF": 1.3152, "I4PMSPD": 34.97563, "I4NTSOV": 1924.79797, "I4NTHV2": 411.41556, "I4NTHV3": 200.42027, "I4NTCV": 138.53142, "I4NTTRK": 82.40112, "I4NTAPX": 0.63632, "I4NTVOL": 2758.20264, "I4NTVMT": 1186.0271, "I4NTFFSPD": 46, "NTHRLKCAP": 900, "NTHRLNCAP": 900, "I4NTVC": 0.4597, "I4NTVDF": 1.0913, "I4NTSPD": 42.15163, "I424VOL": 8949.51172, "TVOL00": 9, "TVMT00": 3.87, "ID": 0, "AADT_2023": 0, "AWDT_2023": 0, "MD210": 0, "CNT2LOADDIF": 0.0, "ABSNCTDIFF": 0.0, "CNT2LOADPCT": 0.0, "ABSPCTDIFF": 0.0, "MD210U": 0, "LOAD1": 8949.51172, "LOAD2": 0.0, "LOADGRW": -8949.51172, "ABSGRW": 8949.51172, "PRCGRW": -1.0, "PRCANLGRW": -4.5454545 }, "geometry": { "type": "LineString", "coordinates": [ [ -77.524066294299885, 38.812475433921314 ], [ -77.524737902466725, 38.814012324957709 ], [ -77.524977902321623, 38.814582324500677 ], [ -77.525267902783298, 38.815222325612623 ], [ -77.525647903078209, 38.816072325136226 ], [ -77.526067902599436, 38.817062325099783 ], [ -77.526247902265766, 38.817482324621082 ], [ -77.526367901743583, 38.817732324957063 ], [ -77.52666824481561, 38.818372760254668 ] ] } },
{ "type": "Feature", "properties": { "A": 40946, "B": 2521, "SUBAREA": 0, "FFSNEW": 0, "CPENEW": 0, "CPEFAC": 0, "TIMEPEN": 0, "DISTANCE": 0.55, "SPDCLASS": 6, "CAPCLASS": 6, "JUR": 7, "SCREEN": 0, "FTYPE": 0, "TOLL": 0, "TOLLGRP": 0, "AMLANE": 7, "AMLIMIT": 0, "PMLANE": 7, "PMLIMIT": 0, "OPLANE": 7, "OPLIMIT": 0, "EDGEID": 2521040946, "LINKID": 27606, "NETYEAR": 2001, "SHAPE_LENG": 2920.54, "PROJECTID": "NEWTAZ", "TAZ": 2521, "ATYPE": 6, "MDLANE": 7, "MDLIMIT": 0, "NTLANE": 7, "NTLIMIT": 0, "DEFLATIONFT": 0.8011, "AMTOLL": 0.0, "PMTOLL": 0.0, "OPTOLL": 0.0, "AMTOLL_VP": 0.0, "PMTOLL_VP": 0.0, "OPTOLL_VP": 0.0, "AMHTIME": 0.94286, "PMHTIME": 0.94286, "OPHTIME": 0.94286, "MDTOLL": 0.0, "MDTOLL_VP": 0.0, "MDHTIME": 0.94286, "NTTOLL": 0.0, "NTTOLL_VP": 0.0, "NTHTIME": 0.94286, "LINKAB": 4094602521, "TURNPENI": "TURNPEN.PEN", "I4AMSOV": 5.36, "I4AMHV2": 0.13, "I4AMHV3": 0.02, "I4AMCV": 0.01, "I4AMTRK": 0.0, "I4AMAPX": 0.01, "I4AMVOL": 5.53, "I4AMVMT": 3.0415, "I4AMFFSPD": 40, "AMHRLKCAP": 22050, "AMHRLNCAP": 3150, "I4AMVC": 0.0001, "I4AMVDF": 1.0, "I4AMSPD": 40.0, "COMP": 0, "I4MDSOV": 5.96, "I4MDHV2": 0.26, "I4MDHV3": 0.09, "I4MDCV": 0.04, "I4MDTRK": 0.0, "I4MDAPX": 0.01, "I4MDVOL": 6.36, "I4MDVMT": 3.498, "I4MDFFSPD": 40, "MDHRLKCAP": 22050, "MDHRLNCAP": 3150, "I4MDVC": 5.0000000000000002e-05, "I4MDVDF": 1.0, "I4MDSPD": 40.0, "I4PMSOV": 2.92, "I4PMHV2": 0.13, "I4PMHV3": 0.02, "I4PMCV": 0.04, "I4PMTRK": 0.0, "I4PMAPX": 0.0, "I4PMVOL": 3.11, "I4PMVMT": 1.7105, "I4PMFFSPD": 40, "PMHRLKCAP": 22050, "PMHRLNCAP": 3150, "I4PMVC": 4.0000000000000003e-05, "I4PMVDF": 1.0, "I4PMSPD": 40.0, "I4NTSOV": 1.67, "I4NTHV2": 0.02, "I4NTHV3": 0.0, "I4NTCV": 0.0, "I4NTTRK": 0.0, "I4NTAPX": 0.0, "I4NTVOL": 1.69, "I4NTVMT": 0.9295, "I4NTFFSPD": 40, "NTHRLKCAP": 22050, "NTHRLNCAP": 3150, "I4NTVC": 1.0000000000000001e-05, "I4NTVDF": 1.0, "I4NTSPD": 40.0, "I424VOL": 16.69, "TVOL00": 0, "TVMT00": 0.0, "ID": 0, "AADT_2023": 0, "AWDT_2023": 0, "MD210": 0, "CNT2LOADDIF": 0.0, "ABSNCTDIFF": 0.0, "CNT2LOADPCT": 0.0, "ABSPCTDIFF": 0.0, "MD210U": 0, "LOAD1": 16.69, "LOAD2": 0.0, "LOADGRW": -16.69, "ABSGRW": 16.69, "PRCGRW": -1.0, "PRCANLGRW": -4.5454545 }, "geometry": { "type": "LineString", "coordinates": [ [ -77.513037375095081, 38.821981103265976 ], [ -77.520591852371496, 38.82740361494001 ] ] } },
{ "type": "Feature", "properties": { "A": 40946, "B": 40004, "SUBAREA": 0, "FFSNEW": 0, "CPENEW": 0, "CPEFAC": 0, "TIMEPEN": 0, "DISTANCE": 0.51, "SPDCLASS": 33, "CAPCLASS": 33, "JUR": 7, "SCREEN": 0, "FTYPE": 3, "TOLL": 0, "TOLLGRP": 0, "AMLANE": 1, "AMLIMIT": 0, "PMLANE": 1, "PMLIMIT": 0, "OPLANE": 1, "OPLIMIT": 0, "EDGEID": 40000000000, "LINKID": 36065, "NETYEAR": 2001, "SHAPE_LENG": 2678.97, "PROJECTID": "NA", "TAZ": 2526, "ATYPE": 3, "MDLANE": 1, "MDLIMIT": 0, "NTLANE": 1, "NTLIMIT": 0, "DEFLATIONFT": 0.8011, "AMTOLL": 0.0, "PMTOLL": 0.0, "OPTOLL": 0.0, "AMTOLL_VP": 0.0, "PMTOLL_VP": 0.0, "OPTOLL_VP": 0.0, "AMHTIME": 1.51861, "PMHTIME": 1.51861, "OPHTIME": 1.24542, "MDTOLL": 0.0, "MDTOLL_VP": 0.0, "MDHTIME": 1.24542, "NTTOLL": 0.0, "NTTOLL_VP": 0.0, "NTHTIME": 1.24542, "LINKAB": 4094640004, "TURNPENI": "TURNPEN.PEN", "I4AMSOV": 2299.28735, "I4AMHV2": 54.73205, "I4AMHV3": 0.39, "I4AMCV": 104.64665, "I4AMTRK": 202.33525, "I4AMAPX": 0.27122, "I4AMVOL": 2661.66235, "I4AMVMT": 1357.44788, "I4AMFFSPD": 46, "AMHRLKCAP": 700, "AMHRLNCAP": 700, "I4AMVC": 1.58559, "I4AMVDF": 7.51739, "I4AMSPD": 6.11914, "COMP": 0, "I4MDSOV": 1450.70239, "I4MDHV2": 350.16406, "I4MDHV3": 114.72289, "I4MDCV": 215.35893, "I4MDTRK": 229.80794, "I4MDAPX": 8.99, "I4MDVOL": 2369.74609, "I4MDVMT": 1208.57056, "I4MDFFSPD": 46, "MDHRLKCAP": 700, "MDHRLNCAP": 700, "I4MDVC": 0.59921, "I4MDVDF": 1.15361, "I4MDSPD": 39.87477, "I4PMSOV": 1304.06458, "I4PMHV2": 308.0658, "I4PMHV3": 145.53886, "I4PMCV": 249.32768, "I4PMTRK": 94.42543, "I4PMAPX": 84.01715, "I4PMVOL": 2185.43945, "I4PMVMT": 1114.5741, "I4PMFFSPD": 46, "PMHRLKCAP": 700, "PMHRLNCAP": 700, "I4PMVC": 0.91788, "I4PMVDF": 1.65429, "I4PMSPD": 27.80643, "I4NTSOV": 910.0426, "I4NTHV2": 224.58142, "I4NTHV3": 92.94093, "I4NTCV": 78.85444, "I4NTTRK": 45.85885, "I4NTAPX": 3.25872, "I4NTVOL": 1355.53699, "I4NTVMT": 691.32385, "I4NTFFSPD": 46, "NTHRLKCAP": 700, "NTHRLNCAP": 700, "I4NTVC": 0.29047, "I4NTVDF": 1.04419, "I4NTSPD": 44.0533, "I424VOL": 8572.38477, "TVOL00": 9, "TVMT00": 4.59, "ID": 0, "AADT_2023": 0, "AWDT_2023": 0, "MD210": 0, "CNT2LOADDIF": 0.0, "ABSNCTDIFF": 0.0, "CNT2LOADPCT": 0.0, "ABSPCTDIFF": 0.0, "MD210U": 0, "LOAD1": 8572.38477, "LOAD2": 0.0, "LOADGRW": -8572.38477, "ABSGRW": 8572.38477, "PRCGRW": -1.0, "PRCANLGRW": -4.5454545 }, "geometry": { "type": "LineString", "coordinates": [ [ -77.513037375095081, 38.821981103265976 ], [ -77.512027907040419, 38.822222323329356 ], [ -77.510637906719126, 38.82254232343562 ], [ -77.508337907584988, 38.823042322308993 ], [ -77.507817907749441, 38.823152323104324 ], [ -77.50739790732888, 38.823252322519295 ], [ -77.505027909323758, 38.823782322835861 ], [ -77.504006546913885, 38.82403315106842 ] ] } },
{ "type": "Feature", "properties": { "A": 40946, "B": 40853, "SUBAREA": 0, "FFSNEW": 0, "CPENEW": 0, "CPEFAC": 0, "TIMEPEN": 0, "DISTANCE": 0.39, "SPDCLASS": 36, "CAPCLASS": 36, "JUR": 7, "SCREEN": 10, "FTYPE": 3, "TOLL": 0, "TOLLGRP": 0, "AMLANE": 1, "AMLIMIT": 0, "PMLANE": 1, "PMLIMIT": 0, "OPLANE": 1, "OPLIMIT": 0, "EDGEID": 40900000000, "LINKID": 75189, "NETYEAR": 2001, "SHAPE_LENG": 2066.21, "PROJECTID": "NA", "TAZ": 2521, "ATYPE": 6, "MDLANE": 1, "MDLIMIT": 0, "NTLANE": 1, "NTLIMIT": 0, "DEFLATIONFT": 0.8011, "AMTOLL": 0.0, "PMTOLL": 0.0, "OPTOLL": 0.0, "AMTOLL_VP": 0.0, "PMTOLL_VP": 0.0, "OPTOLL_VP": 0.0, "AMHTIME": 0.7377, "PMHTIME": 0.7377, "OPHTIME": 0.63107, "MDTOLL": 0.0, "MDTOLL_VP": 0.0, "MDHTIME": 0.63107, "NTTOLL": 0.0, "NTTOLL_VP": 0.0, "NTHTIME": 0.63107, "LINKAB": 4094640853, "TURNPENI": "TURNPEN.PEN", "I4AMSOV": 665.95825, "I4AMHV2": 82.65647, "I4AMHV3": 39.81716, "I4AMCV": 115.48114, "I4AMTRK": 102.25027, "I4AMAPX": 4.85007, "I4AMVOL": 1011.01337, "I4AMVMT": 394.29523, "I4AMFFSPD": 52, "AMHRLKCAP": 900, "AMHRLNCAP": 900, "I4AMVC": 0.46844, "I4AMVDF": 1.09427, "I4AMSPD": 47.52034, "COMP": 0, "I4MDSOV": 803.57996, "I4MDHV2": 217.4903, "I4MDHV3": 98.68864, "I4MDCV": 171.33154, "I4MDTRK": 169.60933, "I4MDAPX": 7.1, "I4MDVOL": 1467.79968, "I4MDVMT": 572.44189, "I4MDFFSPD": 52, "MDHRLKCAP": 900, "MDHRLNCAP": 900, "I4MDVC": 0.28867, "I4MDVDF": 1.04385, "I4MDSPD": 49.81574, "I4PMSOV": 1850.28674, "I4PMHV2": 308.93237, "I4PMHV3": 110.67789, "I4PMCV": 252.13516, "I4PMTRK": 96.42206, "I4PMAPX": 86.55693, "I4PMVOL": 2705.01123, "I4PMVMT": 1054.95435, "I4PMFFSPD": 52, "PMHRLKCAP": 900, "PMHRLNCAP": 900, "I4PMVC": 0.88364, "I4PMVDF": 1.54186, "I4PMSPD": 33.72559, "I4NTSOV": 601.50592, "I4NTHV2": 153.0488, "I4NTHV3": 67.80293, "I4NTCV": 73.5644, "I4NTTRK": 36.91, "I4NTAPX": 2.9, "I4NTVOL": 935.73206, "I4NTVMT": 364.93552, "I4NTFFSPD": 52, "NTHRLKCAP": 900, "NTHRLNCAP": 900, "I4NTVC": 0.15596, "I4NTVDF": 1.02039, "I4NTSPD": 50.96074, "I424VOL": 6119.55615, "TVOL00": 6, "TVMT00": 2.34, "ID": 0, "AADT_2023": 0, "AWDT_2023": 0, "MD210": 0, "CNT2LOADDIF": 0.0, "ABSNCTDIFF": 0.0, "CNT2LOADPCT": 0.0, "ABSPCTDIFF": 0.0, "MD210U": 0, "LOAD1": 6119.55615, "LOAD2": 0.0, "LOADGRW": -6119.55615, "ABSGRW": 6119.55615, "PRCGRW": -1.0, "PRCANLGRW": -4.5454545 }, "geometry": { "type": "LineString", "coordinates": [ [ -77.513037375095081, 38.821981103265976 ], [ -77.514697905988328, 38.821552324371403 ], [ -77.515577906055867, 38.821312324516491 ], [ -77.517957904542087, 38.820702323948453 ], [ -77.51875790525753, 38.820502324219248 ], [ -77.519928703045792, 38.820212489527805 ] ] } },
{ "type": "Feature", "properties": { "A": 40978, "B": 2676, "SUBAREA": 0, "FFSNEW": 0, "CPENEW": 0, "CPEFAC": 0, "TIMEPEN": 0, "DISTANCE": 0.68, "SPDCLASS": 4, "CAPCLASS": 4, "JUR": 7, "SCREEN": 0, "FTYPE": 0, "TOLL": 0, "TOLLGRP": 0, "AMLANE": 7, "AMLIMIT": 0, "PMLANE": 7, "PMLIMIT": 0, "OPLANE": 7, "OPLIMIT": 0, "EDGEID": 2676040978, "LINKID": 81230, "NETYEAR": 2001, "SHAPE_LENG": 3581.25, "PROJECTID": "NA", "TAZ": 2676, "ATYPE": 4, "MDLANE": 7, "MDLIMIT": 0, "NTLANE": 7, "NTLIMIT": 0, "DEFLATIONFT": 0.8011, "AMTOLL": 0.0, "PMTOLL": 0.0, "OPTOLL": 0.0, "AMTOLL_VP": 0.0, "PMTOLL_VP": 0.0, "OPTOLL_VP": 0.0, "AMHTIME": 1.632, "PMHTIME": 1.632, "OPHTIME": 1.632, "MDTOLL": 0.0, "MDTOLL_VP": 0.0, "MDHTIME": 1.632, "NTTOLL": 0.0, "NTTOLL_VP": 0.0, "NTHTIME": 1.632, "LINKAB": 4097802676, "TURNPENI": "TURNPEN.PEN", "I4AMSOV": 0.0, "I4AMHV2": 0.0, "I4AMHV3": 0.0, "I4AMCV": 0.0, "I4AMTRK": 0.0, "I4AMAPX": 0.0, "I4AMVOL": 0.0, "I4AMVMT": 0.0, "I4AMFFSPD": 29, "AMHRLKCAP": 22050, "AMHRLNCAP": 3150, "I4AMVC": 0.0, "I4AMVDF": 1.0, "I4AMSPD": 29.0, "COMP": 0, "I4MDSOV": 0.0, "I4MDHV2": 0.0, "I4MDHV3": 0.0, "I4MDCV": 0.0, "I4MDTRK": 0.0, "I4MDAPX": 0.0, "I4MDVOL": 0.0, "I4MDVMT": 0.0, "I4MDFFSPD": 29, "MDHRLKCAP": 22050, "MDHRLNCAP": 3150, "I4MDVC": 0.0, "I4MDVDF": 1.0, "I4MDSPD": 29.0, "I4PMSOV": 0.0, "I4PMHV2": 0.0, "I4PMHV3": 0.0, "I4PMCV": 0.0, "I4PMTRK": 0.0, "I4PMAPX": 0.0, "I4PMVOL": 0.0, "I4PMVMT": 0.0, "I4PMFFSPD": 29, "PMHRLKCAP": 22050, "PMHRLNCAP": 3150, "I4PMVC": 0.0, "I4PMVDF": 1.0, "I4PMSPD": 29.0, "I4NTSOV": 0.0, "I4NTHV2": 0.0, "I4NTHV3": 0.0, "I4NTCV": 0.0, "I4NTTRK": 0.0, "I4NTAPX": 0.0, "I4NTVOL": 0.0, "I4NTVMT": 0.0, "I4NTFFSPD": 29, "NTHRLKCAP": 22050, "NTHRLNCAP": 3150, "I4NTVC": 0.0, "I4NTVDF": 1.0, "I4NTSPD": 29.0, "I424VOL": 0.0, "TVOL00": 0, "TVMT00": 0.0, "ID": 0, "AADT_2023": 0, "AWDT_2023": 0, "MD210": 0, "CNT2LOADDIF": 0.0, "ABSNCTDIFF": 0.0, "CNT2LOADPCT": 0.0, "ABSPCTDIFF": 0.0, "MD210U": 0, "LOAD1": 0.0, "LOAD2": 0.0, "LOADGRW": -0.0, "ABSGRW": 0.0, "PRCGRW": -1.0, "PRCANLGRW": -4.5454545 }, "geometry": { "type": "LineString", "coordinates": [ [ -77.308140800718206, 38.680330647575225 ], [ -77.320224969429233, 38.677692227958943 ] ] } },
{ "type": "Feature", "properties": { "A": 41002, "B": 40113, "SUBAREA": 0, "FFSNEW": 0, "CPENEW": 0, "CPEFAC": 0, "TIMEPEN": 0, "DISTANCE": 0.01, "SPDCLASS": 15, "CAPCLASS": 15, "JUR": 7, "SCREEN": 0, "FTYPE": 1, "TOLL": 0, "TOLLGRP": 0, "AMLANE": 2, "AMLIMIT": 0, "PMLANE": 2, "PMLIMIT": 0, "OPLANE": 2, "OPLIMIT": 0, "EDGEID": 40100000000, "LINKID": 89005, "NETYEAR": 2022, "SHAPE_LENG": 31.39, "PROJECTID": "VI1ZA1", "TAZ": 2551, "ATYPE": 5, "MDLANE": 2, "MDLIMIT": 0, "NTLANE": 2, "NTLIMIT": 0, "DEFLATIONFT": 0.8011, "AMTOLL": 0.0, "PMTOLL": 0.0, "OPTOLL": 0.0, "AMTOLL_VP": 0.0, "PMTOLL_VP": 0.0, "OPTOLL_VP": 0.0, "AMHTIME": 0.01221, "PMHTIME": 0.01221, "OPHTIME": 0.00984, "MDTOLL": 0.0, "MDTOLL_VP": 0.0, "MDHTIME": 0.00984, "NTTOLL": 0.0, "NTTOLL_VP": 0.0, "NTHTIME": 0.00984, "LINKAB": 4100240113, "TURNPENI": "TURNPEN.PEN", "I4AMSOV": 0.0, "I4AMHV2": 0.0, "I4AMHV3": 138.214, "I4AMCV": 0.0, "I4AMTRK": 0.0, "I4AMAPX": 0.0, "I4AMVOL": 138.214, "I4AMVMT": 1.38214, "I4AMFFSPD": 75, "AMHRLKCAP": 4000, "AMHRLNCAP": 2000, "I4AMVC": 0.01441, "I4AMVDF": 1.00058, "I4AMSPD": 74.95679, "COMP": 0, "I4MDSOV": 0.0, "I4MDHV2": 0.0, "I4MDHV3": 0.0, "I4MDCV": 0.0, "I4MDTRK": 0.0, "I4MDAPX": 0.0, "I4MDVOL": 0.0, "I4MDVMT": 0.0, "I4MDFFSPD": 75, "MDHRLKCAP": 4000, "MDHRLNCAP": 2000, "I4MDVC": 0.0, "I4MDVDF": 1.0, "I4MDSPD": 75.0, "I4PMSOV": 0.0, "I4PMHV2": 0.0, "I4PMHV3": 0.0, "I4PMCV": 0.0, "I4PMTRK": 0.0, "I4PMAPX": 0.0, "I4PMVOL": 0.0, "I4PMVMT": 0.0, "I4PMFFSPD": 75, "PMHRLKCAP": 4000, "PMHRLNCAP": 2000, "I4PMVC": 0.0, "I4PMVDF": 1.0, "I4PMSPD": 75.0, "I4NTSOV": 0.0, "I4NTHV2": 0.0, "I4NTHV3": 0.0, "I4NTCV": 0.0, "I4NTTRK": 0.0, "I4NTAPX": 0.0, "I4NTVOL": 0.0, "I4NTVMT": 0.0, "I4NTFFSPD": 75, "NTHRLKCAP": 4000, "NTHRLNCAP": 2000, "I4NTVC": 0.0, "I4NTVDF": 1.0, "I4NTSPD": 75.0, "I424VOL": 138.214, "TVOL00": 0, "TVMT00": 0.0, "ID": 0, "AADT_2023": 0, "AWDT_2023": 0, "MD210": 0, "CNT2LOADDIF": 0.0, "ABSNCTDIFF": 0.0, "CNT2LOADPCT": 0.0, "ABSPCTDIFF": 0.0, "MD210U": 0, "LOAD1": 138.214, "LOAD2": 0.0, "LOADGRW": -138.214, "ABSGRW": 138.214, "PRCGRW": -1.0, "PRCANLGRW": -4.5454545 }, "geometry": { "type": "LineString", "coordinates": [ [ -77.585494349017694, 38.797948854760712 ], [ -77.585546349475763, 38.797871709800575 ] ] } },
{ "type": "Feature", "properties": { "A": 42210, "B": 42209, "SUBAREA": 0, "FFSNEW": 0, "CPENEW": 0, "CPEFAC": 0, "TIMEPEN": 0, "DISTANCE": 0.25, "SPDCLASS": 63, "CAPCLASS": 63, "JUR": 9, "SCREEN": 0, "FTYPE": 6, "TOLL": 0, "TOLLGRP": 0, "AMLANE": 2, "AMLIMIT": 0, "PMLANE": 2, "PMLIMIT": 0, "OPLANE": 2, "OPLIMIT": 0, "EDGEID": 42200000000, "LINKID": 23335, "NETYEAR": 2000, "SHAPE_LENG": 1304.12, "PROJECTID": "NA", "TAZ": 2934, "ATYPE": 3, "MDLANE": 2, "MDLIMIT": 0, "NTLANE": 2, "NTLIMIT": 0, "DEFLATIONFT": 0.8011, "AMTOLL": 0.0, "PMTOLL": 0.0, "OPTOLL": 0.0, "AMTOLL_VP": 0.0, "PMTOLL_VP": 0.0, "OPTOLL_VP": 0.0, "AMHTIME": 0.6012, "PMHTIME": 0.6012, "OPHTIME": 0.54368, "MDTOLL": 0.0, "MDTOLL_VP": 0.0, "MDHTIME": 0.54368, "NTTOLL": 0.0, "NTTOLL_VP": 0.0, "NTHTIME": 0.54368, "LINKAB": 4221042209, "TURNPENI": "TURNPEN.PEN", "I4AMSOV": 693.46283, "I4AMHV2": 88.8172, "I4AMHV3": 45.12, "I4AMCV": 139.3735, "I4AMTRK": 75.20649, "I4AMAPX": 8.45759, "I4AMVOL": 1050.43762, "I4AMVMT": 262.60941, "I4AMFFSPD": 35, "AMHRLKCAP": 2000, "AMHRLNCAP": 1000, "I4AMVC": 0.21902, "I4AMVDF": 1.01014, "I4AMSPD": 34.64863, "COMP": 0, "I4MDSOV": 756.92743, "I4MDHV2": 208.86017, "I4MDHV3": 114.80376, "I4MDCV": 166.13261, "I4MDTRK": 119.20045, "I4MDAPX": 9.81543, "I4MDVOL": 1375.73987, "I4MDVMT": 343.93497, "I4MDFFSPD": 35, "MDHRLKCAP": 2000, "MDHRLNCAP": 1000, "I4MDVC": 0.12175, "I4MDVDF": 1.00509, "I4MDSPD": 34.82283, "I4PMSOV": 673.32495, "I4PMHV2": 192.56415, "I4PMHV3": 118.62112, "I4PMCV": 193.64822, "I4PMTRK": 44.24514, "I4PMAPX": 41.64107, "I4PMVOL": 1264.04456, "I4PMVMT": 316.01114, "I4PMFFSPD": 35, "PMHRLKCAP": 2000, "PMHRLNCAP": 1000, "I4PMVC": 0.18581, "I4PMVDF": 1.00829, "I4PMSPD": 34.71221, "I4NTSOV": 489.23, "I4NTHV2": 123.07, "I4NTHV3": 61.99, "I4NTCV": 49.21, "I4NTTRK": 25.36, "I4NTAPX": 3.53, "I4NTVOL": 752.39, "I4NTVMT": 188.0975, "I4NTFFSPD": 35, "NTHRLKCAP": 2000, "NTHRLNCAP": 1000, "I4NTVC": 0.05643, "I4NTVDF": 1.00226, "I4NTSPD": 34.92118, "I424VOL": 4442.61182, "TVOL00": 4, "TVMT00": 1.0, "ID": 0, "AADT_2023": 0, "AWDT_2023": 0, "MD210": 0, "CNT2LOADDIF": 0.0, "ABSNCTDIFF": 0.0, "CNT2LOADPCT": 0.0, "ABSPCTDIFF": 0.0, "MD210U": 0, "LOAD1": 4442.61182, "LOAD2": 0.00602, "LOADGRW": -4442.60596, "ABSGRW": 4442.60596, "PRCGRW": -0.9999986, "PRCANLGRW": -4.5454483 }, "geometry": { "type": "LineString", "coordinates": [ [ -77.411836281306378, 39.399443031261072 ], [ -77.411567906095115, 39.399612203856627 ], [ -77.411417905174062, 39.399742203815478 ], [ -77.411337905821995, 39.399842203230428 ], [ -77.411257906469885, 39.399982202771056 ], [ -77.411187905800261, 39.400282203713843 ], [ -77.411187906699581, 39.40048220344304 ], [ -77.411197906281373, 39.400652203527642 ], [ -77.411237906407052, 39.400792203068278 ], [ -77.411327906240217, 39.4009722027346 ], [ -77.411467905780867, 39.401192202526694 ], [ -77.411377906847008, 39.401642202591901 ], [ -77.411347906303092, 39.401702202780463 ], [ -77.411297906595621, 39.401852202802189 ], [ -77.411197906281373, 39.401992203242166 ], [ -77.411017906614987, 39.402182202490266 ], [ -77.41086790569392, 39.402232202197737 ], [ -77.410587905713342, 39.402282202804543 ], [ -77.410356243859937, 39.402341884877785 ] ] } },
{ "type": "Feature", "properties": { "A": 42236, "B": 2835, "SUBAREA": 0, "FFSNEW": 0, "CPENEW": 0, "CPEFAC": 0, "TIMEPEN": 0, "DISTANCE": 0.73, "SPDCLASS": 6, "CAPCLASS": 6, "JUR": 9, "SCREEN": 0, "FTYPE": 0, "TOLL": 0, "TOLLGRP": 0, "AMLANE": 7, "AMLIMIT": 0, "PMLANE": 7, "PMLIMIT": 0, "OPLANE": 7, "OPLIMIT": 0, "EDGEID": 2835042236, "LINKID": 77803, "NETYEAR": 2001, "SHAPE_LENG": 3870.96, "PROJECTID": "NA", "TAZ": 2835, "ATYPE": 6, "MDLANE": 7, "MDLIMIT": 0, "NTLANE": 7, "NTLIMIT": 0, "DEFLATIONFT": 0.8011, "AMTOLL": 0.0, "PMTOLL": 0.0, "OPTOLL": 0.0, "AMTOLL_VP": 0.0, "PMTOLL_VP": 0.0, "OPTOLL_VP": 0.0, "AMHTIME": 1.25143, "PMHTIME": 1.25143, "OPHTIME": 1.25143, "MDTOLL": 0.0, "MDTOLL_VP": 0.0, "MDHTIME": 1.25143, "NTTOLL": 0.0, "NTTOLL_VP": 0.0, "NTHTIME": 1.25143, "LINKAB": 4223602835, "TURNPENI": "TURNPEN.PEN", "I4AMSOV": 79.46778, "I4AMHV2": 25.45655, "I4AMHV3": 3.15, "I4AMCV": 9.3998, "I4AMTRK": 24.35965, "I4AMAPX": 0.3, "I4AMVOL": 142.13377, "I4AMVMT": 103.75766, "I4AMFFSPD": 40, "AMHRLKCAP": 22050, "AMHRLNCAP": 3150, "I4AMVC": 0.00269, "I4AMVDF": 1.0, "I4AMSPD": 40.0, "COMP": 0, "I4MDSOV": 164.72554, "I4MDHV2": 53.14949, "I4MDHV3": 13.74656, "I4MDCV": 13.05413, "I4MDTRK": 36.31979, "I4MDAPX": 0.33528, "I4MDVOL": 281.33081, "I4MDVMT": 205.37149, "I4MDFFSPD": 40, "MDHRLKCAP": 22050, "MDHRLNCAP": 3150, "I4MDVC": 0.00226, "I4MDVDF": 1.0, "I4MDSPD": 40.0, "I4PMSOV": 226.98326, "I4PMHV2": 64.15831, "I4PMHV3": 16.92, "I4PMCV": 14.13831, "I4PMTRK": 14.78831, "I4PMAPX": 14.79831, "I4PMVOL": 351.78653, "I4PMVMT": 256.80417, "I4PMFFSPD": 40, "PMHRLKCAP": 22050, "PMHRLNCAP": 3150, "I4PMVC": 0.00469, "I4PMVDF": 1.0, "I4PMSPD": 40.0, "I4NTSOV": 102.44171, "I4NTHV2": 31.45909, "I4NTHV3": 10.67953, "I4NTCV": 4.35363, "I4NTTRK": 6.73497, "I4NTAPX": 0.09253, "I4NTVOL": 155.76146, "I4NTVMT": 113.70586, "I4NTFFSPD": 40, "NTHRLKCAP": 22050, "NTHRLNCAP": 3150, "I4NTVC": 0.00106, "I4NTVDF": 1.0, "I4NTSPD": 40.0, "I424VOL": 931.01257, "TVOL00": 0, "TVMT00": 0.0, "ID": 0, "AADT_2023": 0, "AWDT_2023": 0, "MD210": 0, "CNT2LOADDIF": 0.0, "ABSNCTDIFF": 0.0, "CNT2LOADPCT": 0.0, "ABSPCTDIFF": 0.0, "MD210U": 0, "LOAD1": 931.01257, "LOAD2": 0.0, "LOADGRW": -931.01257, "ABSGRW": 931.01257, "PRCGRW": -1.0, "PRCANLGRW": -4.5454545 }, "geometry": { "type": "LineString", "coordinates": [ [ -77.487047712431675, 39.428493391542389 ], [ -77.484829090213779, 39.438979034779507 ] ] } },
{ "type": "Feature", "properties": { "A": 45544, "B": 45545, "SUBAREA": 0, "FFSNEW": 0, "CPENEW": 0, "CPEFAC": 0, "TIMEPEN": 0, "DISTANCE": 0.31, "SPDCLASS": 43, "CAPCLASS": 43, "JUR": 11, "SCREEN": 0, "FTYPE": 4, "TOLL": 0, "TOLLGRP": 0, "AMLANE": 1, "AMLIMIT": 0, "PMLANE": 1, "PMLIMIT": 0, "OPLANE": 1, "OPLIMIT": 0, "EDGEID": 45500000000, "LINKID": 44488, "NETYEAR": 2002, "SHAPE_LENG": 1620.51, "PROJECTID": "AA32", "TAZ": 3026, "ATYPE": 3, "MDLANE": 1, "MDLIMIT": 0, "NTLANE": 1, "NTLIMIT": 0, "DEFLATIONFT": 0.8011, "AMTOLL": 0.0, "PMTOLL": 0.0, "OPTOLL": 0.0, "AMTOLL_VP": 0.0, "PMTOLL_VP": 0.0, "OPTOLL_VP": 0.0, "AMHTIME": 1.13553, "PMHTIME": 1.13553, "OPHTIME": 0.98205, "MDTOLL": 0.0, "MDTOLL_VP": 0.0, "MDHTIME": 0.98205, "NTTOLL": 0.0, "NTTOLL_VP": 0.0, "NTHTIME": 0.98205, "LINKAB": 4554445545, "TURNPENI": "TURNPEN.PEN", "I4AMSOV": 0.00043, "I4AMHV2": 6.9999999999999994e-05, "I4AMHV3": 0.0, "I4AMCV": 6.0000000000000002e-05, "I4AMTRK": 0.0, "I4AMAPX": 0.0, "I4AMVOL": 0.00055, "I4AMVMT": 0.00017, "I4AMFFSPD": 35, "AMHRLKCAP": 600, "AMHRLNCAP": 600, "I4AMVC": 0.0, "I4AMVDF": 1.0, "I4AMSPD": 35.0, "COMP": 0, "I4MDSOV": 0.0, "I4MDHV2": 0.0, "I4MDHV3": 0.0, "I4MDCV": 0.0, "I4MDTRK": 0.0, "I4MDAPX": 0.0, "I4MDVOL": 0.0, "I4MDVMT": 0.0, "I4MDFFSPD": 35, "MDHRLKCAP": 600, "MDHRLNCAP": 600, "I4MDVC": 0.0, "I4MDVDF": 1.0, "I4MDSPD": 35.0, "I4PMSOV": 0.0, "I4PMHV2": 0.0, "I4PMHV3": 0.0, "I4PMCV": 0.0, "I4PMTRK": 0.0, "I4PMAPX": 0.0, "I4PMVOL": 0.0, "I4PMVMT": 0.0, "I4PMFFSPD": 35, "PMHRLKCAP": 600, "PMHRLNCAP": 600, "I4PMVC": 0.0, "I4PMVDF": 1.0, "I4PMSPD": 35.0, "I4NTSOV": 0.0, "I4NTHV2": 0.0, "I4NTHV3": 0.0, "I4NTCV": 0.0, "I4NTTRK": 0.0, "I4NTAPX": 0.0, "I4NTVOL": 0.0, "I4NTVMT": 0.0, "I4NTFFSPD": 35, "NTHRLKCAP": 600, "NTHRLNCAP": 600, "I4NTVC": 0.0, "I4NTVDF": 1.0, "I4NTSPD": 35.0, "I424VOL": 0.00055, "TVOL00": 0, "TVMT00": 0.0, "ID": 0, "AADT_2023": 0, "AWDT_2023": 0, "MD210": 0, "CNT2LOADDIF": 0.0, "ABSNCTDIFF": 0.0, "CNT2LOADPCT": 0.0, "ABSPCTDIFF": 0.0, "MD210U": 0, "LOAD1": 0.00055, "LOAD2": 0.0, "LOADGRW": -0.00055, "ABSGRW": 0.00055, "PRCGRW": -0.99999990000000005, "PRCANLGRW": -4.545454 }, "geometry": { "type": "LineString", "coordinates": [ [ -76.741679525264715, 39.159282490981624 ], [ -76.74271812755012, 39.158192230272533 ], [ -76.743188127678152, 39.157552230059927 ], [ -76.743798127346849, 39.156712230118082 ], [ -76.744018128038249, 39.156402229593539 ], [ -76.744158128478219, 39.15613223009403 ], [ -76.744288127537743, 39.155942230845866 ], [ -76.744418127496672, 39.155792229924806 ], [ -76.744358128207409, 39.155712229673433 ], [ -76.744368128688521, 39.15565223038417 ], [ -76.744418128395978, 39.155592230195609 ], [ -76.744488128166267, 39.155552230069922 ], [ -76.744556598626289, 39.155541036946147 ] ] } },
{ "type": "Feature", "properties": { "A": 45545, "B": 45544, "SUBAREA": 0, "FFSNEW": 0, "CPENEW": 0, "CPEFAC": 0, "TIMEPEN": 0, "DISTANCE": 0.31, "SPDCLASS": 43, "CAPCLASS": 43, "JUR": 11, "SCREEN": 0, "FTYPE": 4, "TOLL": 0, "TOLLGRP": 0, "AMLANE": 1, "AMLIMIT": 0, "PMLANE": 1, "PMLIMIT": 0, "OPLANE": 1, "OPLIMIT": 0, "EDGEID": 45500000000, "LINKID": 40912, "NETYEAR": 2002, "SHAPE_LENG": 1620.51, "PROJECTID": "AA32", "TAZ": 3026, "ATYPE": 3, "MDLANE": 1, "MDLIMIT": 0, "NTLANE": 1, "NTLIMIT": 0, "DEFLATIONFT": 0.8011, "AMTOLL": 0.0, "PMTOLL": 0.0, "OPTOLL": 0.0, "AMTOLL_VP": 0.0, "PMTOLL_VP": 0.0, "OPTOLL_VP": 0.0, "AMHTIME": 1.13553, "PMHTIME": 1.13553, "OPHTIME": 0.98205, "MDTOLL": 0.0, "MDTOLL_VP": 0.0, "MDHTIME": 0.98205, "NTTOLL": 0.0, "NTTOLL_VP": 0.0, "NTHTIME": 0.98205, "LINKAB": 4554545544, "TURNPENI": "TURNPEN.PEN", "I4AMSOV": 0.00159, "I4AMHV2": 0.0003, "I4AMHV3": 0.0, "I4AMCV": 0.00016, "I4AMTRK": 0.00027, "I4AMAPX": 0.0, "I4AMVOL": 0.00233, "I4AMVMT": 0.00072, "I4AMFFSPD": 35, "AMHRLKCAP": 600, "AMHRLNCAP": 600, "I4AMVC": 0.0, "I4AMVDF": 1.0, "I4AMSPD": 34.99998, "COMP": 0, "I4MDSOV": 0.0, "I4MDHV2": 0.0, "I4MDHV3": 0.0, "I4MDCV": 0.0, "I4MDTRK": 0.0, "I4MDAPX": 0.0, "I4MDVOL": 0.0, "I4MDVMT": 0.0, "I4MDFFSPD": 35, "MDHRLKCAP": 600, "MDHRLNCAP": 600, "I4MDVC": 0.0, "I4MDVDF": 1.0, "I4MDSPD": 35.0, "I4PMSOV": 19.62841, "I4PMHV2": 5.6088, "I4PMHV3": 0.0, "I4PMCV": 1.45106, "I4PMTRK": 0.61037, "I4PMAPX": 0.61037, "I4PMVOL": 27.90901, "I4PMVMT": 8.65179, "I4PMFFSPD": 35, "PMHRLKCAP": 600, "PMHRLNCAP": 600, "I4PMVC": 0.01368, "I4PMVDF": 1.00342, "I4PMSPD": 34.88075, "I4NTSOV": 0.0, "I4NTHV2": 0.0, "I4NTHV3": 0.0, "I4NTCV": 0.0, "I4NTTRK": 0.0, "I4NTAPX": 0.0, "I4NTVOL": 0.0, "I4NTVMT": 0.0, "I4NTFFSPD": 35, "NTHRLKCAP": 600, "NTHRLNCAP": 600, "I4NTVC": 0.0, "I4NTVDF": 1.0, "I4NTSPD": 35.0, "I424VOL": 27.91134, "TVOL00": 0, "TVMT00": 0.0, "ID": 0, "AADT_2023": 0, "AWDT_2023": 0, "MD210": 0, "CNT2LOADDIF": 0.0, "ABSNCTDIFF": 0.0, "CNT2LOADPCT": 0.0, "ABSPCTDIFF": 0.0, "MD210U": 0, "LOAD1": 27.91134, "LOAD2": 0.15835, "LOADGRW": -27.753, "ABSGRW": 27.753, "PRCGRW": -0.9943268, "PRCANLGRW": -4.5196671 }, "geometry": { "type": "LineString", "coordinates": [ [ -76.744556598626289, 39.155541036946147 ], [ -76.744488128166267, 39.155552230069922 ], [ -76.744418128395978, 39.155592230195609 ], [ -76.744368128688521, 39.15565223038417 ], [ -76.744358128207409, 39.155712229673433 ], [ -76.744418127496672, 39.155792229924806 ], [ -76.744288127537743, 39.155942230845866 ], [ -76.744158128478219, 39.15613223009403 ], [ -76.744018128038249, 39.156402229593539 ], [ -76.743798127346849, 39.156712230118082 ], [ -76.743188127678152, 39.157552230059927 ], [ -76.74271812755012, 39.158192230272533 ], [ -76.741679525264715, 39.159282490981624 ] ] } },
{ "type": "Feature", "properties": { "A": 47036, "B": 47105, "SUBAREA": 0, "FFSNEW": 0, "CPENEW": 0, "CPEFAC": 0, "TIMEPEN": 0, "DISTANCE": 0.29, "SPDCLASS": 25, "CAPCLASS": 25, "JUR": 12, "SCREEN": 0, "FTYPE": 2, "TOLL": 0, "TOLLGRP": 0, "AMLANE": 1, "AMLIMIT": 0, "PMLANE": 1, "PMLIMIT": 0, "OPLANE": 1, "OPLIMIT": 0, "EDGEID": 47000000000, "LINKID": 50345, "NETYEAR": 2001, "SHAPE_LENG": 1509.89, "PROJECTID": "CH2001", "TAZ": 3152, "ATYPE": 5, "MDLANE": 1, "MDLIMIT": 0, "NTLANE": 1, "NTLIMIT": 0, "DEFLATIONFT": 0.8011, "AMTOLL": 0.0, "PMTOLL": 0.0, "OPTOLL": 0.0, "AMTOLL_VP": 0.0, "PMTOLL_VP": 0.0, "OPTOLL_VP": 0.0, "AMHTIME": 0.59732, "PMHTIME": 0.59732, "OPHTIME": 0.50581, "MDTOLL": 0.0, "MDTOLL_VP": 0.0, "MDHTIME": 0.50581, "NTTOLL": 0.0, "NTTOLL_VP": 0.0, "NTHTIME": 0.50581, "LINKAB": 4703647105, "TURNPENI": "TURNPEN.PEN", "I4AMSOV": 4.0000000000000003e-05, "I4AMHV2": 1.0000000000000001e-05, "I4AMHV3": 0.0, "I4AMCV": 1.0000000000000001e-05, "I4AMTRK": 0.0, "I4AMAPX": 0.0, "I4AMVOL": 6.9999999999999994e-05, "I4AMVMT": 2.0000000000000002e-05, "I4AMFFSPD": 58, "AMHRLKCAP": 1100, "AMHRLNCAP": 1100, "I4AMVC": 0.0, "I4AMVDF": 1.0, "I4AMSPD": 58.0, "COMP": 0, "I4MDSOV": 0.0, "I4MDHV2": 0.0, "I4MDHV3": 0.0, "I4MDCV": 0.0, "I4MDTRK": 0.0, "I4MDAPX": 0.0, "I4MDVOL": 0.0, "I4MDVMT": 0.0, "I4MDFFSPD": 58, "MDHRLKCAP": 1100, "MDHRLNCAP": 1100, "I4MDVC": 0.0, "I4MDVDF": 1.0, "I4MDSPD": 58.0, "I4PMSOV": 24.29274, "I4PMHV2": 5.65608, "I4PMHV3": 83.72843, "I4PMCV": 9.25724, "I4PMTRK": 4.35517, "I4PMAPX": 4.35162, "I4PMVOL": 131.6413, "I4PMVMT": 38.17598, "I4PMFFSPD": 58, "PMHRLKCAP": 1100, "PMHRLNCAP": 1100, "I4PMVC": 0.03518, "I4PMVDF": 1.00317, "I4PMSPD": 57.81692, "I4NTSOV": 0.0, "I4NTHV2": 0.0, "I4NTHV3": 0.0, "I4NTCV": 0.0, "I4NTTRK": 0.0, "I4NTAPX": 0.0, "I4NTVOL": 0.0, "I4NTVMT": 0.0, "I4NTFFSPD": 58, "NTHRLKCAP": 1100, "NTHRLNCAP": 1100, "I4NTVC": 0.0, "I4NTVDF": 1.0, "I4NTSPD": 58.0, "I424VOL": 131.64136, "TVOL00": 0, "TVMT00": 0.0, "ID": 576, "AADT_2023": 2051, "AWDT_2023": 2216, "MD210": 0, "CNT2LOADDIF": -2084.35864, "ABSNCTDIFF": 2084.35864, "CNT2LOADPCT": -94.05951, "ABSPCTDIFF": 94.05951, "MD210U": 0, "LOAD1": 131.64136, "LOAD2": 0.0, "LOADGRW": -131.64136, "ABSGRW": 131.64136, "PRCGRW": -1.0, "PRCANLGRW": -4.5454545 }, "geometry": { "type": "LineString", "coordinates": [ [ -76.984037819406552, 38.539523117103194 ], [ -76.982918086508278, 38.539472364201828 ], [ -76.982018086377877, 38.539382363469365 ], [ -76.981638086082967, 38.539342364242991 ], [ -76.981288087231405, 38.539272364472644 ], [ -76.980798086141135, 38.539142364513786 ], [ -76.980418087644921, 38.538992363592733 ], [ -76.979858087683681, 38.538782363382417 ], [ -76.979028178986411, 38.538432208267771 ] ] } },
{ "type": "Feature", "properties": { "A": 47105, "B": 47036, "SUBAREA": 0, "FFSNEW": 0, "CPENEW": 0, "CPEFAC": 0, "TIMEPEN": 0, "DISTANCE": 0.29, "SPDCLASS": 25, "CAPCLASS": 25, "JUR": 12, "SCREEN": 0, "FTYPE": 2, "TOLL": 0, "TOLLGRP": 0, "AMLANE": 1, "AMLIMIT": 0, "PMLANE": 1, "PMLIMIT": 0, "OPLANE": 1, "OPLIMIT": 0, "EDGEID": 47000000000, "LINKID": 35847, "NETYEAR": 2001, "SHAPE_LENG": 1509.89, "PROJECTID": "CH2001", "TAZ": 3152, "ATYPE": 5, "MDLANE": 1, "MDLIMIT": 0, "NTLANE": 1, "NTLIMIT": 0, "DEFLATIONFT": 0.8011, "AMTOLL": 0.0, "PMTOLL": 0.0, "OPTOLL": 0.0, "AMTOLL_VP": 0.0, "PMTOLL_VP": 0.0, "OPTOLL_VP": 0.0, "AMHTIME": 0.59732, "PMHTIME": 0.59732, "OPHTIME": 0.50581, "MDTOLL": 0.0, "MDTOLL_VP": 0.0, "MDHTIME": 0.50581, "NTTOLL": 0.0, "NTTOLL_VP": 0.0, "NTHTIME": 0.50581, "LINKAB": 4710547036, "TURNPENI": "TURNPEN.PEN", "I4AMSOV": 129.64, "I4AMHV2": 18.44159, "I4AMHV3": 54.67048, "I4AMCV": 37.04544, "I4AMTRK": 36.85574, "I4AMAPX": 0.28594, "I4AMVOL": 276.93918, "I4AMVMT": 80.31236, "I4AMFFSPD": 58, "AMHRLKCAP": 1100, "AMHRLNCAP": 1100, "I4AMVC": 0.10499, "I4AMVDF": 1.00955, "I4AMSPD": 57.45143, "COMP": 0, "I4MDSOV": 0.0, "I4MDHV2": 0.0, "I4MDHV3": 0.0, "I4MDCV": 0.0, "I4MDTRK": 0.0, "I4MDAPX": 0.0, "I4MDVOL": 0.0, "I4MDVMT": 0.0, "I4MDFFSPD": 58, "MDHRLKCAP": 1100, "MDHRLNCAP": 1100, "I4MDVC": 0.0, "I4MDVDF": 1.0, "I4MDSPD": 58.0, "I4PMSOV": 0.0, "I4PMHV2": 0.0, "I4PMHV3": 0.0, "I4PMCV": 0.0, "I4PMTRK": 0.0, "I4PMAPX": 0.0, "I4PMVOL": 0.0, "I4PMVMT": 0.0, "I4PMFFSPD": 58, "PMHRLKCAP": 1100, "PMHRLNCAP": 1100, "I4PMVC": 0.0, "I4PMVDF": 1.0, "I4PMSPD": 58.0, "I4NTSOV": 0.0, "I4NTHV2": 0.0, "I4NTHV3": 0.0, "I4NTCV": 0.0, "I4NTTRK": 0.0, "I4NTAPX": 0.0, "I4NTVOL": 0.0, "I4NTVMT": 0.0, "I4NTFFSPD": 58, "NTHRLKCAP": 1100, "NTHRLNCAP": 1100, "I4NTVC": 0.0, "I4NTVDF": 1.0, "I4NTSPD": 58.0, "I424VOL": 276.93918, "TVOL00": 0, "TVMT00": 0.0, "ID": 654, "AADT_2023": 2051, "AWDT_2023": 2216, "MD210": 0, "CNT2LOADDIF": -1939.06079, "ABSNCTDIFF": 1939.06079, "CNT2LOADPCT": -87.50275, "ABSPCTDIFF": 87.50275, "MD210U": 0, "LOAD1": 276.93918, "LOAD2": 5.0000000000000002e-05, "LOADGRW": -276.93912, "ABSGRW": 276.93912, "PRCGRW": -0.99999979999999999, "PRCANLGRW": -4.5454535 }, "geometry": { "type": "LineString", "coordinates": [ [ -76.979028178986411, 38.538432208267771 ], [ -76.979858087683681, 38.538782363382417 ], [ -76.980418087644921, 38.538992363592733 ], [ -76.980798086141135, 38.539142364513786 ], [ -76.981288087231405, 38.539272364472644 ], [ -76.981638086082967, 38.539342364242991 ], [ -76.982018086377877, 38.539382363469365 ], [ -76.982918086508278, 38.539472364201828 ], [ -76.984037819406552, 38.539523117103194 ] ] } },
{ "type": "Feature", "properties": { "A": 47275, "B": 47276, "SUBAREA": 0, "FFSNEW": 0, "CPENEW": 0, "CPEFAC": 0, "TIMEPEN": 0, "DISTANCE": 0.92, "SPDCLASS": 45, "CAPCLASS": 45, "JUR": 12, "SCREEN": 0, "FTYPE": 4, "TOLL": 0, "TOLLGRP": 0, "AMLANE": 1, "AMLIMIT": 0, "PMLANE": 1, "PMLIMIT": 0, "OPLANE": 1, "OPLIMIT": 0, "EDGEID": 47300000000, "LINKID": 22435, "NETYEAR": 2001, "SHAPE_LENG": 4847.73, "PROJECTID": "NEWTAZ", "TAZ": 3151, "ATYPE": 5, "MDLANE": 1, "MDLIMIT": 0, "NTLANE": 1, "NTLIMIT": 0, "DEFLATIONFT": 0.8011, "AMTOLL": 0.0, "PMTOLL": 0.0, "OPTOLL": 0.0, "AMTOLL_VP": 0.0, "PMTOLL_VP": 0.0, "OPTOLL_VP": 0.0, "AMHTIME": 3.04636, "PMHTIME": 3.04636, "OPHTIME": 2.6087, "MDTOLL": 0.0, "MDTOLL_VP": 0.0, "MDHTIME": 2.6087, "NTTOLL": 0.0, "NTTOLL_VP": 0.0, "NTHTIME": 2.6087, "LINKAB": 4727547276, "TURNPENI": "TURNPEN.PEN", "I4AMSOV": 0.0, "I4AMHV2": 0.0, "I4AMHV3": 0.0, "I4AMCV": 0.0, "I4AMTRK": 0.0, "I4AMAPX": 0.0, "I4AMVOL": 0.0, "I4AMVMT": 0.0, "I4AMFFSPD": 40, "AMHRLKCAP": 800, "AMHRLNCAP": 800, "I4AMVC": 0.0, "I4AMVDF": 1.0, "I4AMSPD": 40.0, "COMP": 0, "I4MDSOV": 0.0, "I4MDHV2": 0.0, "I4MDHV3": 0.0, "I4MDCV": 0.0, "I4MDTRK": 0.0, "I4MDAPX": 0.0, "I4MDVOL": 0.0, "I4MDVMT": 0.0, "I4MDFFSPD": 40, "MDHRLKCAP": 800, "MDHRLNCAP": 800, "I4MDVC": 0.0, "I4MDVDF": 1.0, "I4MDSPD": 40.0, "I4PMSOV": 0.0, "I4PMHV2": 0.0, "I4PMHV3": 0.0, "I4PMCV": 0.0, "I4PMTRK": 0.0, "I4PMAPX": 0.0, "I4PMVOL": 0.0, "I4PMVMT": 0.0, "I4PMFFSPD": 40, "PMHRLKCAP": 800, "PMHRLNCAP": 800, "I4PMVC": 0.0, "I4PMVDF": 1.0, "I4PMSPD": 40.0, "I4NTSOV": 0.0, "I4NTHV2": 0.0, "I4NTHV3": 0.0, "I4NTCV": 0.0, "I4NTTRK": 0.0, "I4NTAPX": 0.0, "I4NTVOL": 0.0, "I4NTVMT": 0.0, "I4NTFFSPD": 40, "NTHRLKCAP": 800, "NTHRLNCAP": 800, "I4NTVC": 0.0, "I4NTVDF": 1.0, "I4NTSPD": 40.0, "I424VOL": 0.0, "TVOL00": 0, "TVMT00": 0.0, "ID": 0, "AADT_2023": 0, "AWDT_2023": 0, "MD210": 0, "CNT2LOADDIF": 0.0, "ABSNCTDIFF": 0.0, "CNT2LOADPCT": 0.0, "ABSPCTDIFF": 0.0, "MD210U": 0, "LOAD1": 0.0, "LOAD2": 0.0, "LOADGRW": -0.0, "ABSGRW": 0.0, "PRCGRW": -1.0, "PRCANLGRW": -4.5454545 }, "geometry": { "type": "LineString", "coordinates": [ [ -77.006065289865219, 38.561142321026388 ], [ -77.005967930967302, 38.563988608340914 ], [ -77.005968001114539, 38.564834557309922 ], [ -76.998637984824043, 38.567563847779262 ], [ -76.996466504462376, 38.568372258071896 ], [ -76.994800350456501, 38.567987819614473 ] ] } },
{ "type": "Feature", "properties": { "A": 49018, "B": 49079, "SUBAREA": 0, "FFSNEW": 0, "CPENEW": 0, "CPEFAC": 0, "TIMEPEN": 0, "DISTANCE": 0.49, "SPDCLASS": 35, "CAPCLASS": 35, "JUR": 15, "SCREEN": 0, "FTYPE": 3, "TOLL": 0, "TOLLGRP": 0, "AMLANE": 1, "AMLIMIT": 0, "PMLANE": 1, "PMLIMIT": 0, "OPLANE": 1, "OPLIMIT": 0, "EDGEID": 49000000000, "LINKID": 16932, "NETYEAR": 2000, "SHAPE_LENG": 2575.98, "PROJECTID": "NA", "TAZ": 3296, "ATYPE": 5, "MDLANE": 1, "MDLIMIT": 0, "NTLANE": 1, "NTLIMIT": 0, "DEFLATIONFT": 0.8011, "AMTOLL": 0.0, "PMTOLL": 0.0, "OPTOLL": 0.0, "AMTOLL_VP": 0.0, "PMTOLL_VP": 0.0, "OPTOLL_VP": 0.0, "AMHTIME": 1.08487, "PMHTIME": 1.08487, "OPHTIME": 0.939, "MDTOLL": 0.0, "MDTOLL_VP": 0.0, "MDHTIME": 0.939, "NTTOLL": 0.0, "NTTOLL_VP": 0.0, "NTHTIME": 0.939, "LINKAB": 4901849079, "TURNPENI": "TURNPEN.PEN", "I4AMSOV": 0.0, "I4AMHV2": 0.0, "I4AMHV3": 0.0, "I4AMCV": 0.0, "I4AMTRK": 0.0, "I4AMAPX": 0.0, "I4AMVOL": 0.0, "I4AMVMT": 0.0, "I4AMFFSPD": 46, "AMHRLKCAP": 900, "AMHRLNCAP": 900, "I4AMVC": 0.0, "I4AMVDF": 1.0, "I4AMSPD": 46.0, "COMP": 0, "I4MDSOV": 0.0, "I4MDHV2": 0.0, "I4MDHV3": 0.0, "I4MDCV": 0.0, "I4MDTRK": 0.0, "I4MDAPX": 0.0, "I4MDVOL": 0.0, "I4MDVMT": 0.0, "I4MDFFSPD": 46, "MDHRLKCAP": 900, "MDHRLNCAP": 900, "I4MDVC": 0.0, "I4MDVDF": 1.0, "I4MDSPD": 46.0, "I4PMSOV": 0.0, "I4PMHV2": 0.0, "I4PMHV3": 140.49933, "I4PMCV": 0.0, "I4PMTRK": 0.0, "I4PMAPX": 0.0, "I4PMVOL": 140.49933, "I4PMVMT": 68.84467, "I4PMFFSPD": 46, "PMHRLKCAP": 900, "PMHRLNCAP": 900, "I4PMVC": 0.0459, "I4PMVDF": 1.00551, "I4PMSPD": 45.74804, "I4NTSOV": 0.0, "I4NTHV2": 0.0, "I4NTHV3": 0.0, "I4NTCV": 0.0, "I4NTTRK": 0.0, "I4NTAPX": 0.0, "I4NTVOL": 0.0, "I4NTVMT": 0.0, "I4NTFFSPD": 46, "NTHRLKCAP": 900, "NTHRLNCAP": 900, "I4NTVC": 0.0, "I4NTVDF": 1.0, "I4NTSPD": 46.0, "I424VOL": 140.49933, "TVOL00": 0, "TVMT00": 0.0, "ID": 0, "AADT_2023": 0, "AWDT_2023": 0, "MD210": 0, "CNT2LOADDIF": 0.0, "ABSNCTDIFF": 0.0, "CNT2LOADPCT": 0.0, "ABSPCTDIFF": 0.0, "MD210U": 0, "LOAD1": 140.49933, "LOAD2": 0.0, "LOADGRW": -140.49933, "ABSGRW": 140.49933, "PRCGRW": -1.0, "PRCANLGRW": -4.5454545 }, "geometry": { "type": "LineString", "coordinates": [ [ -76.589707772414457, 38.546812594536 ], [ -76.589458208887336, 38.546442348784041 ], [ -76.589228208614202, 38.546022350162083 ], [ -76.589038208466775, 38.545592350159765 ], [ -76.588518208631228, 38.544872350595021 ], [ -76.58782821050977, 38.543912350276109 ], [ -76.587698209651592, 38.543732350609694 ], [ -76.587458210696013, 38.543422350085159 ], [ -76.586948210442259, 38.542732350165046 ], [ -76.586528210021655, 38.542152349241675 ], [ -76.586389825666629, 38.541969085929111 ], [ -76.585788210394085, 38.541172349759194 ], [ -76.585688210079809, 38.541042349800286 ], [ -76.58547821166816, 38.540782351681223 ], [ -76.585337833527205, 38.540643518052164 ] ] } },
{ "type": "Feature", "properties": { "A": 49079, "B": 49018, "SUBAREA": 0, "FFSNEW": 0, "CPENEW": 0, "CPEFAC": 0, "TIMEPEN": 0, "DISTANCE": 0.49, "SPDCLASS": 35, "CAPCLASS": 35, "JUR": 15, "SCREEN": 0, "FTYPE": 3, "TOLL": 0, "TOLLGRP": 0, "AMLANE": 1, "AMLIMIT": 0, "PMLANE": 1, "PMLIMIT": 0, "OPLANE": 1, "OPLIMIT": 0, "EDGEID": 49000000000, "LINKID": 69695, "NETYEAR": 2000, "SHAPE_LENG": 2575.98, "PROJECTID": "NA", "TAZ": 3296, "ATYPE": 5, "MDLANE": 1, "MDLIMIT": 0, "NTLANE": 1, "NTLIMIT": 0, "DEFLATIONFT": 0.8011, "AMTOLL": 0.0, "PMTOLL": 0.0, "OPTOLL": 0.0, "AMTOLL_VP": 0.0, "PMTOLL_VP": 0.0, "OPTOLL_VP": 0.0, "AMHTIME": 1.08487, "PMHTIME": 1.08487, "OPHTIME": 0.939, "MDTOLL": 0.0, "MDTOLL_VP": 0.0, "MDHTIME": 0.939, "NTTOLL": 0.0, "NTTOLL_VP": 0.0, "NTHTIME": 0.939, "LINKAB": 4907949018, "TURNPENI": "TURNPEN.PEN", "I4AMSOV": 42.43026, "I4AMHV2": 6.06119, "I4AMHV3": 113.57248, "I4AMCV": 6.11377, "I4AMTRK": 3.52064, "I4AMAPX": 0.24093, "I4AMVOL": 171.93927, "I4AMVMT": 84.25024, "I4AMFFSPD": 46, "AMHRLKCAP": 900, "AMHRLNCAP": 900, "I4AMVC": 0.07967, "I4AMVDF": 1.00956, "I4AMSPD": 45.56441, "COMP": 0, "I4MDSOV": 0.0, "I4MDHV2": 0.0, "I4MDHV3": 0.0, "I4MDCV": 0.0, "I4MDTRK": 0.0, "I4MDAPX": 0.0, "I4MDVOL": 0.0, "I4MDVMT": 0.0, "I4MDFFSPD": 46, "MDHRLKCAP": 900, "MDHRLNCAP": 900, "I4MDVC": 0.0, "I4MDVDF": 1.0, "I4MDSPD": 46.0, "I4PMSOV": 0.0, "I4PMHV2": 0.0, "I4PMHV3": 0.0, "I4PMCV": 0.0, "I4PMTRK": 0.0, "I4PMAPX": 0.0, "I4PMVOL": 0.0, "I4PMVMT": 0.0, "I4PMFFSPD": 46, "PMHRLKCAP": 900, "PMHRLNCAP": 900, "I4PMVC": 0.0, "I4PMVDF": 1.0, "I4PMSPD": 46.0, "I4NTSOV": 0.0, "I4NTHV2": 0.0, "I4NTHV3": 0.0, "I4NTCV": 0.0, "I4NTTRK": 0.0, "I4NTAPX": 0.0, "I4NTVOL": 0.0, "I4NTVMT": 0.0, "I4NTFFSPD": 46, "NTHRLKCAP": 900, "NTHRLNCAP": 900, "I4NTVC": 0.0, "I4NTVDF": 1.0, "I4NTSPD": 46.0, "I424VOL": 171.93927, "TVOL00": 0, "TVMT00": 0.0, "ID": 0, "AADT_2023": 0, "AWDT_2023": 0, "MD210": 0, "CNT2LOADDIF": 0.0, "ABSNCTDIFF": 0.0, "CNT2LOADPCT": 0.0, "ABSPCTDIFF": 0.0, "MD210U": 0, "LOAD1": 171.93927, "LOAD2": 0.0, "LOADGRW": -171.93927, "ABSGRW": 171.93927, "PRCGRW": -1.0, "PRCANLGRW": -4.5454545 }, "geometry": { "type": "LineString", "coordinates": [ [ -76.585337833527205, 38.540643518052164 ], [ -76.58547821166816, 38.540782351681223 ], [ -76.585688210079809, 38.541042349800286 ], [ -76.585788210394085, 38.541172349759194 ], [ -76.586389825666629, 38.541969085929111 ], [ -76.586528210021655, 38.542152349241675 ], [ -76.586948210442259, 38.542732350165046 ], [ -76.587458210696013, 38.543422350085159 ], [ -76.587698209651592, 38.543732350609694 ], [ -76.58782821050977, 38.543912350276109 ], [ -76.588518208631228, 38.544872350595021 ], [ -76.589038208466775, 38.545592350159765 ], [ -76.589228208614202, 38.546022350162083 ], [ -76.589458208887336, 38.546442348784041 ], [ -76.589707772414457, 38.546812594536 ] ] } }
]
}
