{
"type": "FeatureCollection",
"name": "filter2",
"crs": { "type": "name", "properties": { "name": "urn:ogc:def:crs:OGC:1.3:CRS84" } },
"features": [
{ "type": "Feature", "properties": { "A": 172, "B": 21473, "SUBAREA": 0, "FFSNEW": 0, "CPENEW": 0, "CPEFAC": 0, "TIMEPEN": 0, "DISTANCE": 0.18, "SPDCLASS": 1, "CAPCLASS": 1, "JUR": 0, "SCREEN": 0, "FTYPE": 0, "TOLL": 0, "TOLLGRP": 0, "AMLANE": 7, "AMLIMIT": 0, "PMLANE": 7, "PMLIMIT": 0, "OPLANE": 7, "OPLIMIT": 0, "EDGEID": 21500000000, "LINKID": 39518, "NETYEAR": 2001, "SHAPE_LENG": 972.75, "PROJECTID": "NA", "TAZ": 172, "ATYPE": 1, "MDLANE": 7, "MDLIMIT": 0, "NTLANE": 7, "NTLIMIT": 0, "DEFLATIONFT": 0.8011, "AMTOLL": 0.0, "PMTOLL": 0.0, "OPTOLL": 0.0, "AMTOLL_VP": 0.0, "PMTOLL_VP": 0.0, "OPTOLL_VP": 0.0, "AMHTIME": 0.72, "PMHTIME": 0.72, "OPHTIME": 0.72, "MDTOLL": 0.0, "MDTOLL_VP": 0.0, "MDHTIME": 0.72, "NTTOLL": 0.0, "NTTOLL_VP": 0.0, "NTHTIME": 0.72, "LINKAB": 17221473, "TURNPENI": "TURNPEN.PEN", "I4AMSOV": 22.7699, "I4AMHV2": 6.20673, "I4AMHV3": 2.84, "I4AMCV": 8.90386, "I4AMTRK": 4.54944, "I4AMAPX": 0.0, "I4AMVOL": 45.26992, "I4AMVMT": 8.14859, "I4AMFFSPD": 17, "AMHRLKCAP": 22050, "AMHRLNCAP": 3150, "I4AMVC": 0.00086, "I4AMVDF": 1.0, "I4AMSPD": 17.0, "COMP": 0, "I4MDSOV": 0.73, "I4MDHV2": 0.19, "I4MDHV3": 0.11, "I4MDCV": 0.0, "I4MDTRK": 0.0, "I4MDAPX": 0.0, "I4MDVOL": 1.03, "I4MDVMT": 0.1854, "I4MDFFSPD": 17, "MDHRLKCAP": 22050, "MDHRLNCAP": 3150, "I4MDVC": 1.0000000000000001e-05, "I4MDVDF": 1.0, "I4MDSPD": 17.0, "I4PMSOV": 0.45, "I4PMHV2": 0.2, "I4PMHV3": 0.11, "I4PMCV": 0.0, "I4PMTRK": 0.0, "I4PMAPX": 0.0, "I4PMVOL": 0.76, "I4PMVMT": 0.1368, "I4PMFFSPD": 17, "PMHRLKCAP": 22050, "PMHRLNCAP": 3150, "I4PMVC": 1.0000000000000001e-05, "I4PMVDF": 1.0, "I4PMSPD": 17.0, "I4NTSOV": 0.54, "I4NTHV2": 0.18, "I4NTHV3": 0.1, "I4NTCV": 0.0, "I4NTTRK": 0.0, "I4NTAPX": 0.0, "I4NTVOL": 0.82, "I4NTVMT": 0.1476, "I4NTFFSPD": 17, "NTHRLKCAP": 22050, "NTHRLNCAP": 3150, "I4NTVC": 1.0000000000000001e-05, "I4NTVDF": 1.0, "I4NTSPD": 17.0, "I424VOL": 47.87992, "TVOL00": 0, "TVMT00": 0.0, "ID": 0, "AADT_2023": 0, "AWDT_2023": 0, "MD210": 0, "CNT2LOADDIF": 0.0, "ABSNCTDIFF": 0.0, "CNT2LOADPCT": 0.0, "ABSPCTDIFF": 0.0, "MD210U": 0, "LOAD1": 47.87992, "LOAD2": 9.87716, "LOADGRW": -38.00276, "ABSGRW": 38.00276, "PRCGRW": -0.7937097, "PRCANLGRW": -3.6077714 }, "geometry": { "type": "LineString", "coordinates": [ [ -77.026279851917153, 38.925813993762205 ], [ -77.027027251611642, 38.925797884225275 ], [ -77.029696472197983, 38.925741786274237 ] ] } },
{ "type": "Feature", "properties": { "A": 180, "B": 20654, "SUBAREA": 0, "FFSNEW": 0, "CPENEW": 0, "CPEFAC": 0, "TIMEPEN": 0, "DISTANCE": 0.16, "SPDCLASS": 1, "CAPCLASS": 1, "JUR": 0, "SCREEN": 0, "FTYPE": 0, "TOLL": 0, "TOLLGRP": 0, "AMLANE": 7, "AMLIMIT": 0, "PMLANE": 7, "PMLIMIT": 0, "OPLANE": 7, "OPLIMIT": 0, "EDGEID": 20700000000, "LINKID": 72402, "NETYEAR": 2001, "SHAPE_LENG": 820.23, "PROJECTID": "NA", "TAZ": 180, "ATYPE": 1, "MDLANE": 7, "MDLIMIT": 0, "NTLANE": 7, "NTLIMIT": 0, "DEFLATIONFT": 0.8011, "AMTOLL": 0.0, "PMTOLL": 0.0, "OPTOLL": 0.0, "AMTOLL_VP": 0.0, "PMTOLL_VP": 0.0, "OPTOLL_VP": 0.0, "AMHTIME": 0.64, "PMHTIME": 0.64, "OPHTIME": 0.64, "MDTOLL": 0.0, "MDTOLL_VP": 0.0, "MDHTIME": 0.64, "NTTOLL": 0.0, "NTTOLL_VP": 0.0, "NTHTIME": 0.64, "LINKAB": 18020654, "TURNPENI": "TURNPEN.PEN", "I4AMSOV": 1.33031, "I4AMHV2": 0.34008, "I4AMHV3": 0.18, "I4AMCV": 0.22046, "I4AMTRK": 0.13005, "I4AMAPX": 1.0000000000000001e-05, "I4AMVOL": 2.20091, "I4AMVMT": 0.35215, "I4AMFFSPD": 17, "AMHRLKCAP": 22050, "AMHRLNCAP": 3150, "I4AMVC": 4.0000000000000003e-05, "I4AMVDF": 1.0, "I4AMSPD": 17.0, "COMP": 0, "I4MDSOV": 2.12, "I4MDHV2": 0.54, "I4MDHV3": 0.39, "I4MDCV": 0.39, "I4MDTRK": 0.25, "I4MDAPX": 0.0, "I4MDVOL": 3.69, "I4MDVMT": 0.5904, "I4MDFFSPD": 17, "MDHRLKCAP": 22050, "MDHRLNCAP": 3150, "I4MDVC": 3.0000000000000001e-05, "I4MDVDF": 1.0, "I4MDSPD": 17.0, "I4PMSOV": 31.30974, "I4PMHV2": 8.94374, "I4PMHV3": 0.36, "I4PMCV": 19.41142, "I4PMTRK": 1.51723, "I4PMAPX": 1.55331, "I4PMVOL": 63.09544, "I4PMVMT": 10.09527, "I4PMFFSPD": 17, "PMHRLKCAP": 22050, "PMHRLNCAP": 3150, "I4PMVC": 0.00084, "I4PMVDF": 1.0, "I4PMSPD": 17.0, "I4NTSOV": 1.7, "I4NTHV2": 0.48, "I4NTHV3": 0.26, "I4NTCV": 0.19, "I4NTTRK": 0.07, "I4NTAPX": 0.0, "I4NTVOL": 2.7, "I4NTVMT": 0.432, "I4NTFFSPD": 17, "NTHRLKCAP": 22050, "NTHRLNCAP": 3150, "I4NTVC": 2.0000000000000002e-05, "I4NTVDF": 1.0, "I4NTSPD": 17.0, "I424VOL": 71.68636, "TVOL00": 0, "TVMT00": 0.0, "ID": 0, "AADT_2023": 0, "AWDT_2023": 0, "MD210": 0, "CNT2LOADDIF": 0.0, "ABSNCTDIFF": 0.0, "CNT2LOADPCT": 0.0, "ABSPCTDIFF": 0.0, "MD210U": 0, "LOAD1": 71.68636, "LOAD2": 10.00482, "LOADGRW": -61.68154, "ABSGRW": 61.68154, "PRCGRW": -0.8604363, "PRCANLGRW": -3.9110739 }, "geometry": { "type": "LineString", "coordinates": [ [ -77.043808286803866, 38.918087709796943 ], [ -77.041749598900111, 38.919661774776266 ] ] } },
{ "type": "Feature", "properties": { "A": 188, "B": 20406, "SUBAREA": 0, "FFSNEW": 0, "CPENEW": 0, "CPEFAC": 0, "TIMEPEN": 0, "DISTANCE": 0.23, "SPDCLASS": 1, "CAPCLASS": 1, "JUR": 0, "SCREEN": 0, "FTYPE": 0, "TOLL": 0, "TOLLGRP": 0, "AMLANE": 7, "AMLIMIT": 0, "PMLANE": 7, "PMLIMIT": 0, "OPLANE": 7, "OPLIMIT": 0, "EDGEID": 20400000000, "LINKID": 36346, "NETYEAR": 2001, "SHAPE_LENG": 1212.52, "PROJECTID": "NA", "TAZ": 188, "ATYPE": 1, "MDLANE": 7, "MDLIMIT": 0, "NTLANE": 7, "NTLIMIT": 0, "DEFLATIONFT": 0.8011, "AMTOLL": 0.0, "PMTOLL": 0.0, "OPTOLL": 0.0, "AMTOLL_VP": 0.0, "PMTOLL_VP": 0.0, "OPTOLL_VP": 0.0, "AMHTIME": 0.92, "PMHTIME": 0.92, "OPHTIME": 0.92, "MDTOLL": 0.0, "MDTOLL_VP": 0.0, "MDHTIME": 0.92, "NTTOLL": 0.0, "NTTOLL_VP": 0.0, "NTHTIME": 0.92, "LINKAB": 18820406, "TURNPENI": "TURNPEN.PEN", "I4AMSOV": 20.94826, "I4AMHV2": 6.1093, "I4AMHV3": 0.0, "I4AMCV": 26.72874, "I4AMTRK": 4.00312, "I4AMAPX": 0.0001, "I4AMVOL": 57.78952, "I4AMVMT": 13.29159, "I4AMFFSPD": 17, "AMHRLKCAP": 22050, "AMHRLNCAP": 3150, "I4AMVC": 0.00109, "I4AMVDF": 1.0, "I4AMSPD": 17.0, "COMP": 0, "I4MDSOV": 1.49, "I4MDHV2": 0.54, "I4MDHV3": 0.17, "I4MDCV": 0.64, "I4MDTRK": 0.39, "I4MDAPX": 0.0, "I4MDVOL": 3.23, "I4MDVMT": 0.7429, "I4MDFFSPD": 17, "MDHRLKCAP": 22050, "MDHRLNCAP": 3150, "I4MDVC": 3.0000000000000001e-05, "I4MDVDF": 1.0, "I4MDSPD": 17.0, "I4PMSOV": 2.25562, "I4PMHV2": 1.21157, "I4PMHV3": 0.18, "I4PMCV": 2.18264, "I4PMTRK": 0.44034, "I4PMAPX": 0.44034, "I4PMVOL": 6.7105, "I4PMVMT": 1.54341, "I4PMFFSPD": 17, "PMHRLKCAP": 22050, "PMHRLNCAP": 3150, "I4PMVC": 9.0000000000000006e-05, "I4PMVDF": 1.0, "I4PMSPD": 17.0, "I4NTSOV": 1.48, "I4NTHV2": 0.55, "I4NTHV3": 0.17, "I4NTCV": 0.31, "I4NTTRK": 0.11, "I4NTAPX": 0.0, "I4NTVOL": 2.62, "I4NTVMT": 0.6026, "I4NTFFSPD": 17, "NTHRLKCAP": 22050, "NTHRLNCAP": 3150, "I4NTVC": 2.0000000000000002e-05, "I4NTVDF": 1.0, "I4NTSPD": 17.0, "I424VOL": 70.35001, "TVOL00": 0, "TVMT00": 0.0, "ID": 0, "AADT_2023": 0, "AWDT_2023": 0, "MD210": 0, "CNT2LOADDIF": 0.0, "ABSNCTDIFF": 0.0, "CNT2LOADPCT": 0.0, "ABSPCTDIFF": 0.0, "MD210U": 0, "LOAD1": 70.35001, "LOAD2": 10.50598, "LOADGRW": -59.84404, "ABSGRW": 59.84404, "PRCGRW": -0.8506613, "PRCANLGRW": -3.8666425 }, "geometry": { "type": "LineString", "coordinates": [ [ -77.025786212964491, 38.91186572501406 ], [ -77.027018053327424, 38.912345782954944 ], [ -77.027848544718282, 38.912669782354392 ], [ -77.029596423420656, 38.913353016903336 ] ] } },
{ "type": "Feature", "properties": { "A": 192, "B": 21810, "SUBAREA": 0, "FFSNEW": 0, "CPENEW": 0, "CPEFAC": 0, "TIMEPEN": 0, "DISTANCE": 0.19, "SPDCLASS": 1, "CAPCLASS": 1, "JUR": 0, "SCREEN": 0, "FTYPE": 0, "TOLL": 0, "TOLLGRP": 0, "AMLANE": 7, "AMLIMIT": 0, "PMLANE": 7, "PMLIMIT": 0, "OPLANE": 7, "OPLIMIT": 0, "EDGEID": 192021810, "LINKID": 77888, "NETYEAR": 2001, "SHAPE_LENG": 996.95, "PROJECTID": "NA", "TAZ": 192, "ATYPE": 1, "MDLANE": 7, "MDLIMIT": 0, "NTLANE": 7, "NTLIMIT": 0, "DEFLATIONFT": 0.8011, "AMTOLL": 0.0, "PMTOLL": 0.0, "OPTOLL": 0.0, "AMTOLL_VP": 0.0, "PMTOLL_VP": 0.0, "OPTOLL_VP": 0.0, "AMHTIME": 0.76, "PMHTIME": 0.76, "OPHTIME": 0.76, "MDTOLL": 0.0, "MDTOLL_VP": 0.0, "MDHTIME": 0.76, "NTTOLL": 0.0, "NTTOLL_VP": 0.0, "NTHTIME": 0.76, "LINKAB": 19221810, "TURNPENI": "TURNPEN.PEN", "I4AMSOV": 1.0000000000000001e-05, "I4AMHV2": 0.0, "I4AMHV3": 0.0, "I4AMCV": 0.0, "I4AMTRK": 0.0, "I4AMAPX": 0.0, "I4AMVOL": 2.0000000000000002e-05, "I4AMVMT": 0.0, "I4AMFFSPD": 17, "AMHRLKCAP": 22050, "AMHRLNCAP": 3150, "I4AMVC": 0.0, "I4AMVDF": 1.0, "I4AMSPD": 17.0, "COMP": 0, "I4MDSOV": 0.0, "I4MDHV2": 0.0, "I4MDHV3": 0.0, "I4MDCV": 0.0, "I4MDTRK": 0.0, "I4MDAPX": 0.0, "I4MDVOL": 0.0, "I4MDVMT": 0.0, "I4MDFFSPD": 17, "MDHRLKCAP": 22050, "MDHRLNCAP": 3150, "I4MDVC": 0.0, "I4MDVDF": 1.0, "I4MDSPD": 17.0, "I4PMSOV": 0.0, "I4PMHV2": 0.0, "I4PMHV3": 0.0, "I4PMCV": 0.0, "I4PMTRK": 0.0, "I4PMAPX": 0.0, "I4PMVOL": 0.0, "I4PMVMT": 0.0, "I4PMFFSPD": 17, "PMHRLKCAP": 22050, "PMHRLNCAP": 3150, "I4PMVC": 0.0, "I4PMVDF": 1.0, "I4PMSPD": 17.0, "I4NTSOV": 0.0, "I4NTHV2": 0.0, "I4NTHV3": 0.0, "I4NTCV": 0.0, "I4NTTRK": 0.0, "I4NTAPX": 0.0, "I4NTVOL": 0.0, "I4NTVMT": 0.0, "I4NTFFSPD": 17, "NTHRLKCAP": 22050, "NTHRLNCAP": 3150, "I4NTVC": 0.0, "I4NTVDF": 1.0, "I4NTSPD": 17.0, "I424VOL": 2.0000000000000002e-05, "TVOL00": 0, "TVMT00": 0.0, "ID": 0, "AADT_2023": 0, "AWDT_2023": 0, "MD210": 0, "CNT2LOADDIF": 0.0, "ABSNCTDIFF": 0.0, "CNT2LOADPCT": 0.0, "ABSPCTDIFF": 0.0, "MD210U": 0, "LOAD1": 2.0000000000000002e-05, "LOAD2": 0.0, "LOADGRW": -1.0000000000000001e-05, "ABSGRW": 1.0000000000000001e-05, "PRCGRW": -0.828999, "PRCANLGRW": -3.7681773 }, "geometry": { "type": "LineString", "coordinates": [ [ -77.017259116315358, 38.90691121958691 ], [ -77.017565517997397, 38.909637702783272 ] ] } },
{ "type": "Feature", "properties": { "A": 212, "B": 21589, "SUBAREA": 0, "FFSNEW": 0, "CPENEW": 0, "CPEFAC": 0, "TIMEPEN": 0, "DISTANCE": 0.37, "SPDCLASS": 1, "CAPCLASS": 1, "JUR": 0, "SCREEN": 0, "FTYPE": 0, "TOLL": 0, "TOLLGRP": 0, "AMLANE": 7, "AMLIMIT": 0, "PMLANE": 7, "PMLIMIT": 0, "OPLANE": 7, "OPLIMIT": 0, "EDGEID": 21600000000, "LINKID": 54081, "NETYEAR": 2001, "SHAPE_LENG": 1953.29, "PROJECTID": "NA", "TAZ": 212, "ATYPE": 1, "MDLANE": 7, "MDLIMIT": 0, "NTLANE": 7, "NTLIMIT": 0, "DEFLATIONFT": 0.8011, "AMTOLL": 0.0, "PMTOLL": 0.0, "OPTOLL": 0.0, "AMTOLL_VP": 0.0, "PMTOLL_VP": 0.0, "OPTOLL_VP": 0.0, "AMHTIME": 1.48, "PMHTIME": 1.48, "OPHTIME": 1.48, "MDTOLL": 0.0, "MDTOLL_VP": 0.0, "MDHTIME": 1.48, "NTTOLL": 0.0, "NTTOLL_VP": 0.0, "NTHTIME": 1.48, "LINKAB": 21221589, "TURNPENI": "TURNPEN.PEN", "I4AMSOV": 0.06361, "I4AMHV2": 0.0204, "I4AMHV3": 0.0, "I4AMCV": 0.04958, "I4AMTRK": 0.01276, "I4AMAPX": 0.00055, "I4AMVOL": 0.1469, "I4AMVMT": 0.05435, "I4AMFFSPD": 17, "AMHRLKCAP": 22050, "AMHRLNCAP": 3150, "I4AMVC": 0.0, "I4AMVDF": 1.0, "I4AMSPD": 17.0, "COMP": 0, "I4MDSOV": 0.0, "I4MDHV2": 0.0, "I4MDHV3": 0.0, "I4MDCV": 0.0, "I4MDTRK": 0.0, "I4MDAPX": 0.0, "I4MDVOL": 0.0, "I4MDVMT": 0.0, "I4MDFFSPD": 17, "MDHRLKCAP": 22050, "MDHRLNCAP": 3150, "I4MDVC": 0.0, "I4MDVDF": 1.0, "I4MDSPD": 17.0, "I4PMSOV": 0.0, "I4PMHV2": 0.0, "I4PMHV3": 0.0, "I4PMCV": 0.0, "I4PMTRK": 0.0, "I4PMAPX": 0.0, "I4PMVOL": 0.0, "I4PMVMT": 0.0, "I4PMFFSPD": 17, "PMHRLKCAP": 22050, "PMHRLNCAP": 3150, "I4PMVC": 0.0, "I4PMVDF": 1.0, "I4PMSPD": 17.0, "I4NTSOV": 0.0, "I4NTHV2": 0.0, "I4NTHV3": 0.0, "I4NTCV": 0.0, "I4NTTRK": 0.0, "I4NTAPX": 0.0, "I4NTVOL": 0.0, "I4NTVMT": 0.0, "I4NTFFSPD": 17, "NTHRLKCAP": 22050, "NTHRLNCAP": 3150, "I4NTVC": 0.0, "I4NTVDF": 1.0, "I4NTSPD": 17.0, "I424VOL": 0.1469, "TVOL00": 0, "TVMT00": 0.0, "ID": 0, "AADT_2023": 0, "AWDT_2023": 0, "MD210": 0, "CNT2LOADDIF": 0.0, "ABSNCTDIFF": 0.0, "CNT2LOADPCT": 0.0, "ABSPCTDIFF": 0.0, "MD210U": 0, "LOAD1": 0.1469, "LOAD2": 0.02215, "LOADGRW": -0.12475, "ABSGRW": 0.12475, "PRCGRW": -0.8491934, "PRCANLGRW": -3.8599701 }, "geometry": { "type": "LineString", "coordinates": [ [ -77.002310305397188, 38.917519292481565 ], [ -77.008980978107189, 38.916261419103748 ] ] } },
{ "type": "Feature", "properties": { "A": 305, "B": 21655, "SUBAREA": 0, "FFSNEW": 0, "CPENEW": 0, "CPEFAC": 0, "TIMEPEN": 0, "DISTANCE": 0.1, "SPDCLASS": 2, "CAPCLASS": 2, "JUR": 0, "SCREEN": 0, "FTYPE": 0, "TOLL": 0, "TOLLGRP": 0, "AMLANE": 7, "AMLIMIT": 0, "PMLANE": 7, "PMLIMIT": 0, "OPLANE": 7, "OPLIMIT": 0, "EDGEID": 305021655, "LINKID": 78189, "NETYEAR": 2001, "SHAPE_LENG": 520.44, "PROJECTID": "NA", "TAZ": 305, "ATYPE": 2, "MDLANE": 7, "MDLIMIT": 0, "NTLANE": 7, "NTLIMIT": 0, "DEFLATIONFT": 0.8011, "AMTOLL": 0.0, "PMTOLL": 0.0, "OPTOLL": 0.0, "AMTOLL_VP": 0.0, "PMTOLL_VP": 0.0, "OPTOLL_VP": 0.0, "AMHTIME": 0.4, "PMHTIME": 0.4, "OPHTIME": 0.4, "MDTOLL": 0.0, "MDTOLL_VP": 0.0, "MDHTIME": 0.4, "NTTOLL": 0.0, "NTTOLL_VP": 0.0, "NTHTIME": 0.4, "LINKAB": 30521655, "TURNPENI": "TURNPEN.PEN", "I4AMSOV": 0.69049, "I4AMHV2": 0.22013, "I4AMHV3": 0.1, "I4AMCV": 0.03006, "I4AMTRK": 0.3801, "I4AMAPX": 1.0000000000000001e-05, "I4AMVOL": 1.42078, "I4AMVMT": 0.14208, "I4AMFFSPD": 17, "AMHRLKCAP": 22050, "AMHRLNCAP": 3150, "I4AMVC": 3.0000000000000001e-05, "I4AMVDF": 1.0, "I4AMSPD": 17.0, "COMP": 0, "I4MDSOV": 95.96806, "I4MDHV2": 22.82115, "I4MDHV3": 8.82328, "I4MDCV": 7.99843, "I4MDTRK": 12.87183, "I4MDAPX": 1.11, "I4MDVOL": 149.59273, "I4MDVMT": 14.95927, "I4MDFFSPD": 17, "MDHRLKCAP": 22050, "MDHRLNCAP": 3150, "I4MDVC": 0.0012, "I4MDVDF": 1.0, "I4MDSPD": 17.0, "I4PMSOV": 27.12144, "I4PMHV2": 9.91685, "I4PMHV3": 0.25, "I4PMCV": 4.02705, "I4PMTRK": 2.83543, "I4PMAPX": 2.61545, "I4PMVOL": 46.76622, "I4PMVMT": 4.67662, "I4PMFFSPD": 17, "PMHRLKCAP": 22050, "PMHRLNCAP": 3150, "I4PMVC": 0.00062, "I4PMVDF": 1.0, "I4PMSPD": 17.0, "I4NTSOV": 64.02496, "I4NTHV2": 19.32028, "I4NTHV3": 7.18548, "I4NTCV": 3.31366, "I4NTTRK": 2.69, "I4NTAPX": 0.45, "I4NTVOL": 96.98438, "I4NTVMT": 9.69844, "I4NTFFSPD": 17, "NTHRLKCAP": 22050, "NTHRLNCAP": 3150, "I4NTVC": 0.00066, "I4NTVDF": 1.0, "I4NTSPD": 17.0, "I424VOL": 294.7641, "TVOL00": 0, "TVMT00": 0.0, "ID": 0, "AADT_2023": 0, "AWDT_2023": 0, "MD210": 0, "CNT2LOADDIF": 0.0, "ABSNCTDIFF": 0.0, "CNT2LOADPCT": 0.0, "ABSPCTDIFF": 0.0, "MD210U": 0, "LOAD1": 294.7641, "LOAD2": 96.85744, "LOADGRW": -197.90666, "ABSGRW": 197.90666, "PRCGRW": -0.6714069, "PRCANLGRW": -3.0518498 }, "geometry": { "type": "LineString", "coordinates": [ [ -76.978989351305302, 38.885674935806612 ], [ -76.980767066754069, 38.885343005072976 ] ] } },
{ "type": "Feature", "properties": { "A": 319, "B": 21324, "SUBAREA": 0, "FFSNEW": 0, "CPENEW": 0, "CPEFAC": 0, "TIMEPEN": 0, "DISTANCE": 0.36, "SPDCLASS": 4, "CAPCLASS": 4, "JUR": 0, "SCREEN": 0, "FTYPE": 0, "TOLL": 0, "TOLLGRP": 0, "AMLANE": 7, "AMLIMIT": 0, "PMLANE": 7, "PMLIMIT": 0, "OPLANE": 7, "OPLIMIT": 0, "EDGEID": 319021324, "LINKID": 69997, "NETYEAR": 2001, "SHAPE_LENG": 1907.11, "PROJECTID": "NA", "TAZ": 319, "ATYPE": 4, "MDLANE": 7, "MDLIMIT": 0, "NTLANE": 7, "NTLIMIT": 0, "DEFLATIONFT": 0.8011, "AMTOLL": 0.0, "PMTOLL": 0.0, "OPTOLL": 0.0, "AMTOLL_VP": 0.0, "PMTOLL_VP": 0.0, "OPTOLL_VP": 0.0, "AMHTIME": 0.864, "PMHTIME": 0.864, "OPHTIME": 0.864, "MDTOLL": 0.0, "MDTOLL_VP": 0.0, "MDHTIME": 0.864, "NTTOLL": 0.0, "NTTOLL_VP": 0.0, "NTHTIME": 0.864, "LINKAB": 31921324, "TURNPENI": "TURNPEN.PEN", "I4AMSOV": 54.0186, "I4AMHV2": 9.10435, "I4AMHV3": 3.66346, "I4AMCV": 15.96093, "I4AMTRK": 8.87747, "I4AMAPX": 0.00563, "I4AMVOL": 91.63044, "I4AMVMT": 32.98696, "I4AMFFSPD": 29, "AMHRLKCAP": 22050, "AMHRLNCAP": 3150, "I4AMVC": 0.00173, "I4AMVDF": 1.0, "I4AMSPD": 29.0, "COMP": 0, "I4MDSOV": 149.34557, "I4MDHV2": 23.52748, "I4MDHV3": 8.89119, "I4MDCV": 25.88626, "I4MDTRK": 14.90565, "I4MDAPX": 0.0, "I4MDVOL": 222.55615, "I4MDVMT": 80.12022, "I4MDFFSPD": 29, "MDHRLKCAP": 22050, "MDHRLNCAP": 3150, "I4MDVC": 0.00179, "I4MDVDF": 1.0, "I4MDSPD": 29.0, "I4PMSOV": 22.10785, "I4PMHV2": 6.04527, "I4PMHV3": 3.3, "I4PMCV": 4.96605, "I4PMTRK": 0.27931, "I4PMAPX": 0.26941, "I4PMVOL": 36.96789, "I4PMVMT": 13.30844, "I4PMFFSPD": 29, "PMHRLKCAP": 22050, "PMHRLNCAP": 3150, "I4PMVC": 0.00049, "I4PMVDF": 1.0, "I4PMSPD": 29.0, "I4NTSOV": 88.67211, "I4NTHV2": 21.96, "I4NTHV3": 8.8, "I4NTCV": 11.95, "I4NTTRK": 2.72, "I4NTAPX": 0.0, "I4NTVOL": 134.10211, "I4NTVMT": 48.27676, "I4NTFFSPD": 29, "NTHRLKCAP": 22050, "NTHRLNCAP": 3150, "I4NTVC": 0.00091, "I4NTVDF": 1.0, "I4NTSPD": 29.0, "I424VOL": 485.25659, "TVOL00": 0, "TVMT00": 0.0, "ID": 0, "AADT_2023": 0, "AWDT_2023": 0, "MD210": 0, "CNT2LOADDIF": 0.0, "ABSNCTDIFF": 0.0, "CNT2LOADPCT": 0.0, "ABSPCTDIFF": 0.0, "MD210U": 0, "LOAD1": 485.25659, "LOAD2": 100.49245, "LOADGRW": -384.76413, "ABSGRW": 384.76413, "PRCGRW": -0.7929086, "PRCANLGRW": -3.60413 }, "geometry": { "type": "LineString", "coordinates": [ [ -76.954188707438604, 38.86097516520644 ], [ -76.952766797006234, 38.862312765429692 ], [ -76.952202301325158, 38.862843874612615 ], [ -76.949908412534626, 38.865001453686077 ] ] } },
{ "type": "Feature", "properties": { "A": 556, "B": 22501, "SUBAREA": 0, "FFSNEW": 0, "CPENEW": 0, "CPEFAC": 0, "TIMEPEN": 0, "DISTANCE": 0.62, "SPDCLASS": 4, "CAPCLASS": 4, "JUR": 1, "SCREEN": 0, "FTYPE": 0, "TOLL": 0, "TOLLGRP": 0, "AMLANE": 7, "AMLIMIT": 0, "PMLANE": 7, "PMLIMIT": 0, "OPLANE": 7, "OPLIMIT": 0, "EDGEID": 556022501, "LINKID": 8288, "NETYEAR": 2001, "SHAPE_LENG": 3249.0, "PROJECTID": "NA", "TAZ": 556, "ATYPE": 4, "MDLANE": 7, "MDLIMIT": 0, "NTLANE": 7, "NTLIMIT": 0, "DEFLATIONFT": 0.8011, "AMTOLL": 0.0, "PMTOLL": 0.0, "OPTOLL": 0.0, "AMTOLL_VP": 0.0, "PMTOLL_VP": 0.0, "OPTOLL_VP": 0.0, "AMHTIME": 1.488, "PMHTIME": 1.488, "OPHTIME": 1.488, "MDTOLL": 0.0, "MDTOLL_VP": 0.0, "MDHTIME": 1.488, "NTTOLL": 0.0, "NTTOLL_VP": 0.0, "NTHTIME": 1.488, "LINKAB": 55622501, "TURNPENI": "TURNPEN.PEN", "I4AMSOV": 275.30521, "I4AMHV2": 101.61059, "I4AMHV3": 25.75, "I4AMCV": 13.41313, "I4AMTRK": 17.15375, "I4AMAPX": 2.7, "I4AMVOL": 435.93268, "I4AMVMT": 270.27826, "I4AMFFSPD": 29, "AMHRLKCAP": 22050, "AMHRLNCAP": 3150, "I4AMVC": 0.00824, "I4AMVDF": 1.0, "I4AMSPD": 29.0, "COMP": 0, "I4MDSOV": 936.771, "I4MDHV2": 319.06909, "I4MDHV3": 101.67804, "I4MDCV": 37.48344, "I4MDTRK": 52.01788, "I4MDAPX": 4.28, "I4MDVOL": 1451.29944, "I4MDVMT": 899.80566, "I4MDFFSPD": 29, "MDHRLKCAP": 22050, "MDHRLNCAP": 3150, "I4MDVC": 0.01165, "I4MDVDF": 1.0, "I4MDSPD": 29.0, "I4PMSOV": 442.57245, "I4PMHV2": 224.39642, "I4PMHV3": 14.37, "I4PMCV": 24.8571, "I4PMTRK": 13.00527, "I4PMAPX": 13.14705, "I4PMVOL": 732.34827, "I4PMVMT": 454.05594, "I4PMFFSPD": 29, "PMHRLKCAP": 22050, "PMHRLNCAP": 3150, "I4PMVC": 0.00976, "I4PMVDF": 1.0, "I4PMSPD": 29.0, "I4NTSOV": 623.83215, "I4NTHV2": 241.49707, "I4NTHV3": 90.53126, "I4NTCV": 17.70713, "I4NTTRK": 12.87, "I4NTAPX": 1.75, "I4NTVOL": 988.18762, "I4NTVMT": 612.67633, "I4NTFFSPD": 29, "NTHRLKCAP": 22050, "NTHRLNCAP": 3150, "I4NTVC": 0.00672, "I4NTVDF": 1.0, "I4NTSPD": 29.0, "I424VOL": 3607.76807, "TVOL00": 0, "TVMT00": 0.0, "ID": 0, "AADT_2023": 0, "AWDT_2023": 0, "MD210": 0, "CNT2LOADDIF": 0.0, "ABSNCTDIFF": 0.0, "CNT2LOADPCT": 0.0, "ABSPCTDIFF": 0.0, "MD210U": 0, "LOAD1": 3607.76807, "LOAD2": 547.97052, "LOADGRW": -3059.79761, "ABSGRW": 3059.79761, "PRCGRW": -0.8481137, "PRCANLGRW": -3.8550622 }, "geometry": { "type": "LineString", "coordinates": [ [ -77.062239823209566, 39.051548233890649 ], [ -77.050948098154521, 39.052981440121719 ] ] } },
{ "type": "Feature", "properties": { "A": 585, "B": 22519, "SUBAREA": 0, "FFSNEW": 0, "CPENEW": 0, "CPEFAC": 0, "TIMEPEN": 0, "DISTANCE": 1.12, "SPDCLASS": 5, "CAPCLASS": 5, "JUR": 1, "SCREEN": 0, "FTYPE": 0, "TOLL": 0, "TOLLGRP": 0, "AMLANE": 7, "AMLIMIT": 0, "PMLANE": 7, "PMLIMIT": 0, "OPLANE": 7, "OPLIMIT": 0, "EDGEID": 585022519, "LINKID": 11902, "NETYEAR": 2001, "SHAPE_LENG": 5893.94, "PROJECTID": "NA", "TAZ": 585, "ATYPE": 5, "MDLANE": 7, "MDLIMIT": 0, "NTLANE": 7, "NTLIMIT": 0, "DEFLATIONFT": 0.8011, "AMTOLL": 0.0, "PMTOLL": 0.0, "OPTOLL": 0.0, "AMTOLL_VP": 0.0, "PMTOLL_VP": 0.0, "OPTOLL_VP": 0.0, "AMHTIME": 2.24, "PMHTIME": 2.24, "OPHTIME": 2.24, "MDTOLL": 0.0, "MDTOLL_VP": 0.0, "MDHTIME": 2.24, "NTTOLL": 0.0, "NTTOLL_VP": 0.0, "NTHTIME": 2.24, "LINKAB": 58522519, "TURNPENI": "TURNPEN.PEN", "I4AMSOV": 204.87556, "I4AMHV2": 34.14166, "I4AMHV3": 14.85, "I4AMCV": 14.15829, "I4AMTRK": 16.88642, "I4AMAPX": 0.92995, "I4AMVOL": 285.84189, "I4AMVMT": 320.14291, "I4AMFFSPD": 35, "AMHRLKCAP": 22050, "AMHRLNCAP": 3150, "I4AMVC": 0.00541, "I4AMVDF": 1.0, "I4AMSPD": 35.0, "COMP": 0, "I4MDSOV": 402.52512, "I4MDHV2": 118.19337, "I4MDHV3": 51.74112, "I4MDCV": 23.7782, "I4MDTRK": 32.70131, "I4MDAPX": 0.0, "I4MDVOL": 628.93909, "I4MDVMT": 704.4118, "I4MDFFSPD": 35, "MDHRLKCAP": 22050, "MDHRLNCAP": 3150, "I4MDVC": 0.00505, "I4MDVDF": 1.0, "I4MDSPD": 35.0, "I4PMSOV": 278.55524, "I4PMHV2": 85.0788, "I4PMHV3": 38.97, "I4PMCV": 26.13799, "I4PMTRK": 13.43779, "I4PMAPX": 9.85553, "I4PMVOL": 452.03534, "I4PMVMT": 506.27957, "I4PMFFSPD": 35, "PMHRLKCAP": 22050, "PMHRLNCAP": 3150, "I4PMVC": 0.00603, "I4PMVDF": 1.0, "I4PMSPD": 35.0, "I4NTSOV": 272.33, "I4NTHV2": 82.11, "I4NTHV3": 37.26, "I4NTCV": 11.26, "I4NTTRK": 8.5, "I4NTAPX": 0.0, "I4NTVOL": 411.46, "I4NTVMT": 460.8352, "I4NTFFSPD": 35, "NTHRLKCAP": 22050, "NTHRLNCAP": 3150, "I4NTVC": 0.0028, "I4NTVDF": 1.0, "I4NTSPD": 35.0, "I424VOL": 1778.27637, "TVOL00": 0, "TVMT00": 0.0, "ID": 0, "AADT_2023": 0, "AWDT_2023": 0, "MD210": 0, "CNT2LOADDIF": 0.0, "ABSNCTDIFF": 0.0, "CNT2LOADPCT": 0.0, "ABSPCTDIFF": 0.0, "MD210U": 0, "LOAD1": 1778.27637, "LOAD2": 442.64688, "LOADGRW": -1335.62952, "ABSGRW": 1335.62952, "PRCGRW": -0.7510809, "PRCANLGRW": -3.4140043 }, "geometry": { "type": "LineString", "coordinates": [ [ -76.949746174944252, 39.095404857698682 ], [ -76.937018711468525, 39.108193377398038 ] ] } },
{ "type": "Feature", "properties": { "A": 591, "B": 22549, "SUBAREA": 0, "FFSNEW": 0, "CPENEW": 0, "CPEFAC": 0, "TIMEPEN": 0, "DISTANCE": 0.6, "SPDCLASS": 2, "CAPCLASS": 2, "JUR": 1, "SCREEN": 0, "FTYPE": 0, "TOLL": 0, "TOLLGRP": 0, "AMLANE": 7, "AMLIMIT": 0, "PMLANE": 7, "PMLIMIT": 0, "OPLANE": 7, "OPLIMIT": 0, "EDGEID": 591022549, "LINKID": 40113, "NETYEAR": 2001, "SHAPE_LENG": 3161.18, "PROJECTID": "NA", "TAZ": 591, "ATYPE": 2, "MDLANE": 7, "MDLIMIT": 0, "NTLANE": 7, "NTLIMIT": 0, "DEFLATIONFT": 0.8011, "AMTOLL": 0.0, "PMTOLL": 0.0, "OPTOLL": 0.0, "AMTOLL_VP": 0.0, "PMTOLL_VP": 0.0, "OPTOLL_VP": 0.0, "AMHTIME": 2.4, "PMHTIME": 2.4, "OPHTIME": 2.4, "MDTOLL": 0.0, "MDTOLL_VP": 0.0, "MDHTIME": 2.4, "NTTOLL": 0.0, "NTTOLL_VP": 0.0, "NTHTIME": 2.4, "LINKAB": 59122549, "TURNPENI": "TURNPEN.PEN", "I4AMSOV": 1515.59, "I4AMHV2": 359.16, "I4AMHV3": 127.1, "I4AMCV": 148.88, "I4AMTRK": 96.14, "I4AMAPX": 7.5, "I4AMVOL": 2254.37, "I4AMVMT": 1352.622, "I4AMFFSPD": 17, "AMHRLKCAP": 22050, "AMHRLNCAP": 3150, "I4AMVC": 0.04263, "I4AMVDF": 1.0, "I4AMSPD": 17.0, "COMP": 0, "I4MDSOV": 2620.5, "I4MDHV2": 952.74, "I4MDHV3": 481.36, "I4MDCV": 261.94, "I4MDTRK": 182.39, "I4MDAPX": 11.87, "I4MDVOL": 4510.8, "I4MDVMT": 2706.48, "I4MDFFSPD": 17, "MDHRLKCAP": 22050, "MDHRLNCAP": 3150, "I4MDVC": 0.03621, "I4MDVDF": 1.0, "I4MDSPD": 17.0, "I4PMSOV": 1529.78, "I4PMHV2": 839.81, "I4PMHV3": 396.87, "I4PMCV": 265.07, "I4PMTRK": 74.84, "I4PMAPX": 74.87, "I4PMVOL": 3181.24, "I4PMVMT": 1908.744, "I4PMFFSPD": 17, "PMHRLKCAP": 22050, "PMHRLNCAP": 3150, "I4PMVC": 0.04242, "I4PMVDF": 1.0, "I4PMSPD": 17.0, "I4NTSOV": 1827.38, "I4NTHV2": 738.38, "I4NTHV3": 365.39, "I4NTCV": 125.27, "I4NTTRK": 43.41, "I4NTAPX": 4.85, "I4NTVOL": 3104.68, "I4NTVMT": 1862.808, "I4NTFFSPD": 17, "NTHRLKCAP": 22050, "NTHRLNCAP": 3150, "I4NTVC": 0.02112, "I4NTVDF": 1.0, "I4NTSPD": 17.0, "I424VOL": 13051.09, "TVOL00": 0, "TVMT00": 0.0, "ID": 0, "AADT_2023": 0, "AWDT_2023": 0, "MD210": 0, "CNT2LOADDIF": 0.0, "ABSNCTDIFF": 0.0, "CNT2LOADPCT": 0.0, "ABSPCTDIFF": 0.0, "MD210U": 0, "LOAD1": 13051.09, "LOAD2": 4284.70654, "LOADGRW": -8766.38379, "ABSGRW": 8766.38379, "PRCGRW": -0.6716974, "PRCANLGRW": -3.05317 }, "geometry": { "type": "LineString", "coordinates": [ [ -76.981058695668054, 39.043976955505954 ], [ -76.990727665007739, 39.039681139302672 ] ] } },
{ "type": "Feature", "properties": { "A": 665, "B": 23437, "SUBAREA": 0, "FFSNEW": 0, "CPENEW": 0, "CPEFAC": 0, "TIMEPEN": 0, "DISTANCE": 0.67, "SPDCLASS": 2, "CAPCLASS": 2, "JUR": 1, "SCREEN": 0, "FTYPE": 0, "TOLL": 0, "TOLLGRP": 0, "AMLANE": 7, "AMLIMIT": 0, "PMLANE": 7, "PMLIMIT": 0, "OPLANE": 7, "OPLIMIT": 0, "EDGEID": 665023437, "LINKID": 5908, "NETYEAR": 2001, "SHAPE_LENG": 3515.44, "PROJECTID": "NA", "TAZ": 665, "ATYPE": 2, "MDLANE": 7, "MDLIMIT": 0, "NTLANE": 7, "NTLIMIT": 0, "DEFLATIONFT": 0.8011, "AMTOLL": 0.0, "PMTOLL": 0.0, "OPTOLL": 0.0, "AMTOLL_VP": 0.0, "PMTOLL_VP": 0.0, "OPTOLL_VP": 0.0, "AMHTIME": 2.68, "PMHTIME": 2.68, "OPHTIME": 2.68, "MDTOLL": 0.0, "MDTOLL_VP": 0.0, "MDHTIME": 2.68, "NTTOLL": 0.0, "NTTOLL_VP": 0.0, "NTHTIME": 2.68, "LINKAB": 66523437, "TURNPENI": "TURNPEN.PEN", "I4AMSOV": 106.84074, "I4AMHV2": 29.07191, "I4AMHV3": 1.77982, "I4AMCV": 8.78781, "I4AMTRK": 7.38447, "I4AMAPX": 0.00032, "I4AMVOL": 153.86508, "I4AMVMT": 103.0896, "I4AMFFSPD": 17, "AMHRLKCAP": 22050, "AMHRLNCAP": 3150, "I4AMVC": 0.00291, "I4AMVDF": 1.0, "I4AMSPD": 17.0, "COMP": 0, "I4MDSOV": 8.6, "I4MDHV2": 4.66, "I4MDHV3": 1.73, "I4MDCV": 0.38, "I4MDTRK": 2.85, "I4MDAPX": 0.0, "I4MDVOL": 18.22, "I4MDVMT": 12.2074, "I4MDFFSPD": 17, "MDHRLKCAP": 22050, "MDHRLNCAP": 3150, "I4MDVC": 0.00015, "I4MDVDF": 1.0, "I4MDSPD": 17.0, "I4PMSOV": 6.11, "I4PMHV2": 4.3, "I4PMHV3": 1.43, "I4PMCV": 0.38, "I4PMTRK": 1.22, "I4PMAPX": 1.22, "I4PMVOL": 14.66, "I4PMVMT": 9.8222, "I4PMFFSPD": 17, "PMHRLKCAP": 22050, "PMHRLNCAP": 3150, "I4PMVC": 0.0002, "I4PMVDF": 1.0, "I4PMSPD": 17.0, "I4NTSOV": 6.48, "I4NTHV2": 3.21, "I4NTHV3": 1.29, "I4NTCV": 0.18, "I4NTTRK": 0.67, "I4NTAPX": 0.0, "I4NTVOL": 11.83, "I4NTVMT": 7.9261, "I4NTFFSPD": 17, "NTHRLKCAP": 22050, "NTHRLNCAP": 3150, "I4NTVC": 8.0000000000000007e-05, "I4NTVDF": 1.0, "I4NTSPD": 17.0, "I424VOL": 198.57509, "TVOL00": 0, "TVMT00": 0.0, "ID": 0, "AADT_2023": 0, "AWDT_2023": 0, "MD210": 0, "CNT2LOADDIF": 0.0, "ABSNCTDIFF": 0.0, "CNT2LOADPCT": 0.0, "ABSPCTDIFF": 0.0, "MD210U": 0, "LOAD1": 198.57509, "LOAD2": 55.37146, "LOADGRW": -143.20363, "ABSGRW": 143.20363, "PRCGRW": -0.7211561, "PRCANLGRW": -3.277982 }, "geometry": { "type": "LineString", "coordinates": [ [ -77.116772898342248, 38.995110105258838 ], [ -77.114187690099527, 38.992114211162772 ], [ -77.109867817858628, 38.987102075886774 ] ] } },
{ "type": "Feature", "properties": { "A": 849, "B": 27902, "SUBAREA": 0, "FFSNEW": 0, "CPENEW": 0, "CPEFAC": 0, "TIMEPEN": 0, "DISTANCE": 0.29, "SPDCLASS": 4, "CAPCLASS": 4, "JUR": 2, "SCREEN": 0, "FTYPE": 0, "TOLL": 0, "TOLLGRP": 0, "AMLANE": 7, "AMLIMIT": 0, "PMLANE": 7, "PMLIMIT": 0, "OPLANE": 7, "OPLIMIT": 0, "EDGEID": 27900000000, "LINKID": 43461, "NETYEAR": 2001, "SHAPE_LENG": 1523.6, "PROJECTID": "NA", "TAZ": 849, "ATYPE": 4, "MDLANE": 7, "MDLIMIT": 0, "NTLANE": 7, "NTLIMIT": 0, "DEFLATIONFT": 0.8011, "AMTOLL": 0.0, "PMTOLL": 0.0, "OPTOLL": 0.0, "AMTOLL_VP": 0.0, "PMTOLL_VP": 0.0, "OPTOLL_VP": 0.0, "AMHTIME": 0.696, "PMHTIME": 0.696, "OPHTIME": 0.696, "MDTOLL": 0.0, "MDTOLL_VP": 0.0, "MDHTIME": 0.696, "NTTOLL": 0.0, "NTTOLL_VP": 0.0, "NTHTIME": 0.696, "LINKAB": 84927902, "TURNPENI": "TURNPEN.PEN", "I4AMSOV": 76.64424, "I4AMHV2": 15.25009, "I4AMHV3": 3.36, "I4AMCV": 10.88877, "I4AMTRK": 6.90782, "I4AMAPX": 0.11435, "I4AMVOL": 113.16527, "I4AMVMT": 32.81793, "I4AMFFSPD": 29, "AMHRLKCAP": 22050, "AMHRLNCAP": 3150, "I4AMVC": 0.00214, "I4AMVDF": 1.0, "I4AMSPD": 29.0, "COMP": 0, "I4MDSOV": 118.4144, "I4MDHV2": 26.88031, "I4MDHV3": 9.56258, "I4MDCV": 22.85098, "I4MDTRK": 9.89608, "I4MDAPX": 0.41732, "I4MDVOL": 188.02167, "I4MDVMT": 54.52628, "I4MDFFSPD": 29, "MDHRLKCAP": 22050, "MDHRLNCAP": 3150, "I4MDVC": 0.00151, "I4MDVDF": 1.0, "I4MDSPD": 29.0, "I4PMSOV": 51.86422, "I4PMHV2": 15.75457, "I4PMHV3": 6.82547, "I4PMCV": 21.98314, "I4PMTRK": 4.10563, "I4PMAPX": 4.05599, "I4PMVOL": 104.58902, "I4PMVMT": 30.33081, "I4PMFFSPD": 29, "PMHRLKCAP": 22050, "PMHRLNCAP": 3150, "I4PMVC": 0.00139, "I4PMVDF": 1.0, "I4PMSPD": 29.0, "I4NTSOV": 41.45153, "I4NTHV2": 8.99511, "I4NTHV3": 3.17633, "I4NTCV": 8.62046, "I4NTTRK": 1.21048, "I4NTAPX": 0.16, "I4NTVOL": 63.61391, "I4NTVMT": 18.44803, "I4NTFFSPD": 29, "NTHRLKCAP": 22050, "NTHRLNCAP": 3150, "I4NTVC": 0.00043, "I4NTVDF": 1.0, "I4NTSPD": 29.0, "I424VOL": 469.38986, "TVOL00": 0, "TVMT00": 0.0, "ID": 0, "AADT_2023": 0, "AWDT_2023": 0, "MD210": 0, "CNT2LOADDIF": 0.0, "ABSNCTDIFF": 0.0, "CNT2LOADPCT": 0.0, "ABSPCTDIFF": 0.0, "MD210U": 0, "LOAD1": 469.38986, "LOAD2": 143.98152, "LOADGRW": -325.40833, "ABSGRW": 325.40833, "PRCGRW": -0.6932581, "PRCANLGRW": -3.1511734 }, "geometry": { "type": "LineString", "coordinates": [ [ -76.958230479421658, 38.837656794719308 ], [ -76.960405013423923, 38.841479680626072 ] ] } },
{ "type": "Feature", "properties": { "A": 948, "B": 27340, "SUBAREA": 0, "FFSNEW": 0, "CPENEW": 0, "CPEFAC": 0, "TIMEPEN": 0, "DISTANCE": 0.62, "SPDCLASS": 4, "CAPCLASS": 4, "JUR": 2, "SCREEN": 0, "FTYPE": 0, "TOLL": 0, "TOLLGRP": 0, "AMLANE": 7, "AMLIMIT": 0, "PMLANE": 7, "PMLIMIT": 0, "OPLANE": 7, "OPLIMIT": 0, "EDGEID": 27300000000, "LINKID": 72867, "NETYEAR": 2001, "SHAPE_LENG": 3282.9, "PROJECTID": "NA", "TAZ": 948, "ATYPE": 4, "MDLANE": 7, "MDLIMIT": 0, "NTLANE": 7, "NTLIMIT": 0, "DEFLATIONFT": 0.8011, "AMTOLL": 0.0, "PMTOLL": 0.0, "OPTOLL": 0.0, "AMTOLL_VP": 0.0, "PMTOLL_VP": 0.0, "OPTOLL_VP": 0.0, "AMHTIME": 1.488, "PMHTIME": 1.488, "OPHTIME": 1.488, "MDTOLL": 0.0, "MDTOLL_VP": 0.0, "MDHTIME": 1.488, "NTTOLL": 0.0, "NTTOLL_VP": 0.0, "NTHTIME": 1.488, "LINKAB": 94827340, "TURNPENI": "TURNPEN.PEN", "I4AMSOV": 212.20575, "I4AMHV2": 48.16733, "I4AMHV3": 14.5, "I4AMCV": 14.0689, "I4AMTRK": 12.89501, "I4AMAPX": 0.10212, "I4AMVOL": 301.93912, "I4AMVMT": 187.20226, "I4AMFFSPD": 29, "AMHRLKCAP": 22050, "AMHRLNCAP": 3150, "I4AMVC": 0.00571, "I4AMVDF": 1.0, "I4AMSPD": 29.0, "COMP": 0, "I4MDSOV": 453.51855, "I4MDHV2": 108.34674, "I4MDHV3": 32.13567, "I4MDCV": 25.18757, "I4MDTRK": 25.8, "I4MDAPX": 0.0, "I4MDVOL": 644.98853, "I4MDVMT": 399.89288, "I4MDFFSPD": 29, "MDHRLKCAP": 22050, "MDHRLNCAP": 3150, "I4MDVC": 0.00518, "I4MDVDF": 1.0, "I4MDSPD": 29.0, "I4PMSOV": 259.32391, "I4PMHV2": 100.32912, "I4PMHV3": 30.55326, "I4PMCV": 28.13802, "I4PMTRK": 10.68769, "I4PMAPX": 10.69938, "I4PMVOL": 439.73138, "I4PMVMT": 272.63345, "I4PMFFSPD": 29, "PMHRLKCAP": 22050, "PMHRLNCAP": 3150, "I4PMVC": 0.00586, "I4PMVDF": 1.0, "I4PMSPD": 29.0, "I4NTSOV": 253.76559, "I4NTHV2": 78.38, "I4NTHV3": 25.66, "I4NTCV": 11.42, "I4NTTRK": 6.16, "I4NTAPX": 0.1, "I4NTVOL": 375.4856, "I4NTVMT": 232.80107, "I4NTFFSPD": 29, "NTHRLKCAP": 22050, "NTHRLNCAP": 3150, "I4NTVC": 0.00255, "I4NTVDF": 1.0, "I4NTSPD": 29.0, "I424VOL": 1762.14465, "TVOL00": 0, "TVMT00": 0.0, "ID": 0, "AADT_2023": 0, "AWDT_2023": 0, "MD210": 0, "CNT2LOADDIF": 0.0, "ABSNCTDIFF": 0.0, "CNT2LOADPCT": 0.0, "ABSPCTDIFF": 0.0, "MD210U": 0, "LOAD1": 1762.14465, "LOAD2": 392.1431, "LOADGRW": -1370.00159, "ABSGRW": 1370.00159, "PRCGRW": -0.7774626, "PRCANLGRW": -3.533921 }, "geometry": { "type": "LineString", "coordinates": [ [ -76.980848649610252, 38.960957990983069 ], [ -76.982569703937415, 38.969873610577238 ] ] } },
{ "type": "Feature", "properties": { "A": 1006, "B": 27400, "SUBAREA": 0, "FFSNEW": 0, "CPENEW": 0, "CPEFAC": 0, "TIMEPEN": 0, "DISTANCE": 0.37, "SPDCLASS": 4, "CAPCLASS": 4, "JUR": 2, "SCREEN": 0, "FTYPE": 0, "TOLL": 0, "TOLLGRP": 0, "AMLANE": 7, "AMLIMIT": 0, "PMLANE": 7, "PMLIMIT": 0, "OPLANE": 7, "OPLIMIT": 0, "EDGEID": 1006027400, "LINKID": 6713, "NETYEAR": 2001, "SHAPE_LENG": 1971.81, "PROJECTID": "NA", "TAZ": 1006, "ATYPE": 4, "MDLANE": 7, "MDLIMIT": 0, "NTLANE": 7, "NTLIMIT": 0, "DEFLATIONFT": 0.8011, "AMTOLL": 0.0, "PMTOLL": 0.0, "OPTOLL": 0.0, "AMTOLL_VP": 0.0, "PMTOLL_VP": 0.0, "OPTOLL_VP": 0.0, "AMHTIME": 0.888, "PMHTIME": 0.888, "OPHTIME": 0.888, "MDTOLL": 0.0, "MDTOLL_VP": 0.0, "MDHTIME": 0.888, "NTTOLL": 0.0, "NTTOLL_VP": 0.0, "NTHTIME": 0.888, "LINKAB": 100627400, "TURNPENI": "TURNPEN.PEN", "I4AMSOV": 521.40131, "I4AMHV2": 118.28139, "I4AMHV3": 39.15348, "I4AMCV": 32.20683, "I4AMTRK": 34.97177, "I4AMAPX": 1.40165, "I4AMVOL": 747.41644, "I4AMVMT": 276.54407, "I4AMFFSPD": 29, "AMHRLKCAP": 22050, "AMHRLNCAP": 3150, "I4AMVC": 0.01413, "I4AMVDF": 1.0, "I4AMSPD": 29.0, "COMP": 0, "I4MDSOV": 887.78418, "I4MDHV2": 253.29971, "I4MDHV3": 94.22659, "I4MDCV": 51.71483, "I4MDTRK": 61.14513, "I4MDAPX": 2.22, "I4MDVOL": 1350.39038, "I4MDVMT": 499.64444, "I4MDFFSPD": 29, "MDHRLKCAP": 22050, "MDHRLNCAP": 3150, "I4MDVC": 0.01084, "I4MDVDF": 1.0, "I4MDSPD": 29.0, "I4PMSOV": 463.36899, "I4PMHV2": 190.78003, "I4PMHV3": 67.0, "I4PMCV": 46.52976, "I4PMTRK": 25.09755, "I4PMAPX": 23.37037, "I4PMVOL": 816.14673, "I4PMVMT": 301.9743, "I4PMFFSPD": 29, "PMHRLKCAP": 22050, "PMHRLNCAP": 3150, "I4PMVC": 0.01088, "I4PMVDF": 1.0, "I4PMSPD": 29.0, "I4NTSOV": 502.21375, "I4NTHV2": 171.76349, "I4NTHV3": 66.64, "I4NTCV": 24.78675, "I4NTTRK": 15.07, "I4NTAPX": 0.91, "I4NTVOL": 781.38397, "I4NTVMT": 289.11206, "I4NTFFSPD": 29, "NTHRLKCAP": 22050, "NTHRLNCAP": 3150, "I4NTVC": 0.00532, "I4NTVDF": 1.0, "I4NTSPD": 29.0, "I424VOL": 3695.3374, "TVOL00": 0, "TVMT00": 0.0, "ID": 0, "AADT_2023": 0, "AWDT_2023": 0, "MD210": 0, "CNT2LOADDIF": 0.0, "ABSNCTDIFF": 0.0, "CNT2LOADPCT": 0.0, "ABSPCTDIFF": 0.0, "MD210U": 0, "LOAD1": 3695.3374, "LOAD2": 657.979, "LOADGRW": -3037.3584, "ABSGRW": 3037.3584, "PRCGRW": -0.8219435, "PRCANLGRW": -3.7361066 }, "geometry": { "type": "LineString", "coordinates": [ [ -76.914695876976594, 38.94764461767911 ], [ -76.919997832931642, 38.951132696254945 ] ] } },
{ "type": "Feature", "properties": { "A": 1013, "B": 26169, "SUBAREA": 0, "FFSNEW": 0, "CPENEW": 0, "CPEFAC": 0, "TIMEPEN": 0, "DISTANCE": 0.47, "SPDCLASS": 4, "CAPCLASS": 4, "JUR": 2, "SCREEN": 0, "FTYPE": 0, "TOLL": 0, "TOLLGRP": 0, "AMLANE": 7, "AMLIMIT": 0, "PMLANE": 7, "PMLIMIT": 0, "OPLANE": 7, "OPLIMIT": 0, "EDGEID": 1013026169, "LINKID": 62986, "NETYEAR": 2001, "SHAPE_LENG": 2457.15, "PROJECTID": "NA", "TAZ": 1013, "ATYPE": 4, "MDLANE": 7, "MDLIMIT": 0, "NTLANE": 7, "NTLIMIT": 0, "DEFLATIONFT": 0.8011, "AMTOLL": 0.0, "PMTOLL": 0.0, "OPTOLL": 0.0, "AMTOLL_VP": 0.0, "PMTOLL_VP": 0.0, "OPTOLL_VP": 0.0, "AMHTIME": 1.128, "PMHTIME": 1.128, "OPHTIME": 1.128, "MDTOLL": 0.0, "MDTOLL_VP": 0.0, "MDHTIME": 1.128, "NTTOLL": 0.0, "NTTOLL_VP": 0.0, "NTHTIME": 1.128, "LINKAB": 101326169, "TURNPENI": "TURNPEN.PEN", "I4AMSOV": 2.64107, "I4AMHV2": 1.01029, "I4AMHV3": 0.36, "I4AMCV": 0.10012, "I4AMTRK": 0.2201, "I4AMAPX": 0.0, "I4AMVOL": 4.33159, "I4AMVMT": 2.03585, "I4AMFFSPD": 29, "AMHRLKCAP": 22050, "AMHRLNCAP": 3150, "I4AMVC": 8.0000000000000007e-05, "I4AMVDF": 1.0, "I4AMSPD": 29.0, "COMP": 0, "I4MDSOV": 374.92288, "I4MDHV2": 97.56268, "I4MDHV3": 32.43982, "I4MDCV": 29.07907, "I4MDTRK": 24.14425, "I4MDAPX": 1.26, "I4MDVOL": 559.40869, "I4MDVMT": 262.92209, "I4MDFFSPD": 29, "MDHRLKCAP": 22050, "MDHRLNCAP": 3150, "I4MDVC": 0.00449, "I4MDVDF": 1.0, "I4MDSPD": 29.0, "I4PMSOV": 117.51976, "I4PMHV2": 44.00908, "I4PMHV3": 1.08, "I4PMCV": 16.16181, "I4PMTRK": 5.17172, "I4PMAPX": 5.15517, "I4PMVOL": 189.09753, "I4PMVMT": 88.87584, "I4PMFFSPD": 29, "PMHRLKCAP": 22050, "PMHRLNCAP": 3150, "I4PMVC": 0.00252, "I4PMVDF": 1.0, "I4PMSPD": 29.0, "I4NTSOV": 201.92262, "I4NTHV2": 63.33, "I4NTHV3": 23.38976, "I4NTCV": 14.18, "I4NTTRK": 6.28, "I4NTAPX": 0.52, "I4NTVOL": 309.62241, "I4NTVMT": 145.52254, "I4NTFFSPD": 29, "NTHRLKCAP": 22050, "NTHRLNCAP": 3150, "I4NTVC": 0.00211, "I4NTVDF": 1.0, "I4NTSPD": 29.0, "I424VOL": 1062.46021, "TVOL00": 0, "TVMT00": 0.0, "ID": 0, "AADT_2023": 0, "AWDT_2023": 0, "MD210": 0, "CNT2LOADDIF": 0.0, "ABSNCTDIFF": 0.0, "CNT2LOADPCT": 0.0, "ABSPCTDIFF": 0.0, "MD210U": 0, "LOAD1": 1062.46021, "LOAD2": 301.04099, "LOADGRW": -761.41919, "ABSGRW": 761.41919, "PRCGRW": -0.7166567, "PRCANLGRW": -3.2575305 }, "geometry": { "type": "LineString", "coordinates": [ [ -76.877366939249001, 38.932152928901061 ], [ -76.882978889181189, 38.927021402038349 ] ] } },
{ "type": "Feature", "properties": { "A": 1046, "B": 26183, "SUBAREA": 0, "FFSNEW": 0, "CPENEW": 0, "CPEFAC": 0, "TIMEPEN": 0, "DISTANCE": 0.36, "SPDCLASS": 4, "CAPCLASS": 4, "JUR": 2, "SCREEN": 0, "FTYPE": 0, "TOLL": 0, "TOLLGRP": 0, "AMLANE": 7, "AMLIMIT": 0, "PMLANE": 7, "PMLIMIT": 0, "OPLANE": 7, "OPLIMIT": 0, "EDGEID": 1046026183, "LINKID": 25998, "NETYEAR": 2001, "SHAPE_LENG": 1890.59, "PROJECTID": "NA", "TAZ": 1046, "ATYPE": 4, "MDLANE": 7, "MDLIMIT": 0, "NTLANE": 7, "NTLIMIT": 0, "DEFLATIONFT": 0.8011, "AMTOLL": 0.0, "PMTOLL": 0.0, "OPTOLL": 0.0, "AMTOLL_VP": 0.0, "PMTOLL_VP": 0.0, "OPTOLL_VP": 0.0, "AMHTIME": 0.864, "PMHTIME": 0.864, "OPHTIME": 0.864, "MDTOLL": 0.0, "MDTOLL_VP": 0.0, "MDHTIME": 0.864, "NTTOLL": 0.0, "NTTOLL_VP": 0.0, "NTHTIME": 0.864, "LINKAB": 104626183, "TURNPENI": "TURNPEN.PEN", "I4AMSOV": 36.94793, "I4AMHV2": 11.37126, "I4AMHV3": 2.43, "I4AMCV": 5.71027, "I4AMTRK": 2.33928, "I4AMAPX": 0.0, "I4AMVOL": 58.79875, "I4AMVMT": 21.16755, "I4AMFFSPD": 29, "AMHRLKCAP": 22050, "AMHRLNCAP": 3150, "I4AMVC": 0.00111, "I4AMVDF": 1.0, "I4AMSPD": 29.0, "COMP": 0, "I4MDSOV": 142.63152, "I4MDHV2": 42.50083, "I4MDHV3": 15.90447, "I4MDCV": 13.98215, "I4MDTRK": 8.38162, "I4MDAPX": 0.0, "I4MDVOL": 223.40057, "I4MDVMT": 80.42421, "I4MDFFSPD": 29, "MDHRLKCAP": 22050, "MDHRLNCAP": 3150, "I4MDVC": 0.00179, "I4MDVDF": 1.0, "I4MDSPD": 29.0, "I4PMSOV": 110.62888, "I4PMHV2": 41.36277, "I4PMHV3": 12.68009, "I4PMCV": 13.98084, "I4PMTRK": 3.15978, "I4PMAPX": 3.1538, "I4PMVOL": 184.96617, "I4PMVMT": 66.58782, "I4PMFFSPD": 29, "PMHRLKCAP": 22050, "PMHRLNCAP": 3150, "I4PMVC": 0.00247, "I4PMVDF": 1.0, "I4PMSPD": 29.0, "I4NTSOV": 76.87349, "I4NTHV2": 27.57426, "I4NTHV3": 10.8007, "I4NTCV": 6.27391, "I4NTTRK": 1.9, "I4NTAPX": 0.0, "I4NTVOL": 123.42236, "I4NTVMT": 44.43205, "I4NTFFSPD": 29, "NTHRLKCAP": 22050, "NTHRLNCAP": 3150, "I4NTVC": 0.00084, "I4NTVDF": 1.0, "I4NTSPD": 29.0, "I424VOL": 590.58783, "TVOL00": 0, "TVMT00": 0.0, "ID": 0, "AADT_2023": 0, "AWDT_2023": 0, "MD210": 0, "CNT2LOADDIF": 0.0, "ABSNCTDIFF": 0.0, "CNT2LOADPCT": 0.0, "ABSPCTDIFF": 0.0, "MD210U": 0, "LOAD1": 590.58783, "LOAD2": 141.29982, "LOADGRW": -449.28802, "ABSGRW": 449.28802, "PRCGRW": -0.7607471, "PRCANLGRW": -3.4579415 }, "geometry": { "type": "LineString", "coordinates": [ [ -76.907850557226652, 38.898199574242113 ], [ -76.901909186527263, 38.900523136828163 ] ] } },
{ "type": "Feature", "properties": { "A": 1439, "B": 30044, "SUBAREA": 0, "FFSNEW": 0, "CPENEW": 0, "CPEFAC": 0, "TIMEPEN": 0, "DISTANCE": 0.52, "SPDCLASS": 3, "CAPCLASS": 3, "JUR": 3, "SCREEN": 0, "FTYPE": 0, "TOLL": 0, "TOLLGRP": 0, "AMLANE": 7, "AMLIMIT": 0, "PMLANE": 7, "PMLIMIT": 0, "OPLANE": 7, "OPLIMIT": 0, "EDGEID": 1439030044, "LINKID": 70280, "NETYEAR": 2001, "SHAPE_LENG": 2740.29, "PROJECTID": "NA", "TAZ": 1439, "ATYPE": 3, "MDLANE": 7, "MDLIMIT": 0, "NTLANE": 7, "NTLIMIT": 0, "DEFLATIONFT": 0.8011, "AMTOLL": 0.0, "PMTOLL": 0.0, "OPTOLL": 0.0, "AMTOLL_VP": 0.0, "PMTOLL_VP": 0.0, "OPTOLL_VP": 0.0, "AMHTIME": 1.56, "PMHTIME": 1.56, "OPHTIME": 1.56, "MDTOLL": 0.0, "MDTOLL_VP": 0.0, "MDHTIME": 1.56, "NTTOLL": 0.0, "NTTOLL_VP": 0.0, "NTHTIME": 1.56, "LINKAB": 143930044, "TURNPENI": "TURNPEN.PEN", "I4AMSOV": 134.51164, "I4AMHV2": 22.44866, "I4AMHV3": 9.43, "I4AMCV": 7.74346, "I4AMTRK": 0.23128, "I4AMAPX": 1.38772, "I4AMVOL": 175.75275, "I4AMVMT": 91.39143, "I4AMFFSPD": 23, "AMHRLKCAP": 22050, "AMHRLNCAP": 3150, "I4AMVC": 0.00332, "I4AMVDF": 1.0, "I4AMSPD": 23.0, "COMP": 0, "I4MDSOV": 135.09566, "I4MDHV2": 37.81459, "I4MDHV3": 26.03452, "I4MDCV": 12.73186, "I4MDTRK": 0.38, "I4MDAPX": 2.02, "I4MDVOL": 214.07663, "I4MDVMT": 111.31985, "I4MDFFSPD": 23, "MDHRLKCAP": 22050, "MDHRLNCAP": 3150, "I4MDVC": 0.00172, "I4MDVDF": 1.0, "I4MDSPD": 23.0, "I4PMSOV": 135.55489, "I4PMHV2": 70.57571, "I4PMHV3": 29.79777, "I4PMCV": 14.90792, "I4PMTRK": 2.30098, "I4PMAPX": 4.88172, "I4PMVOL": 258.01898, "I4PMVMT": 134.16988, "I4PMFFSPD": 23, "PMHRLKCAP": 22050, "PMHRLNCAP": 3150, "I4PMVC": 0.00344, "I4PMVDF": 1.0, "I4PMSPD": 23.0, "I4NTSOV": 58.75935, "I4NTHV2": 15.77309, "I4NTHV3": 11.06769, "I4NTCV": 2.89377, "I4NTTRK": 0.0675, "I4NTAPX": 0.61496, "I4NTVOL": 89.17635, "I4NTVMT": 46.3717, "I4NTFFSPD": 23, "NTHRLKCAP": 22050, "NTHRLNCAP": 3150, "I4NTVC": 0.00061, "I4NTVDF": 1.0, "I4NTSPD": 23.0, "I424VOL": 737.02472, "TVOL00": 0, "TVMT00": 0.0, "ID": 0, "AADT_2023": 0, "AWDT_2023": 0, "MD210": 0, "CNT2LOADDIF": 0.0, "ABSNCTDIFF": 0.0, "CNT2LOADPCT": 0.0, "ABSPCTDIFF": 0.0, "MD210U": 0, "LOAD1": 737.02472, "LOAD2": 186.08101, "LOADGRW": -550.94373, "ABSGRW": 550.94373, "PRCGRW": -0.7475241, "PRCANLGRW": -3.3978367 }, "geometry": { "type": "LineString", "coordinates": [ [ -77.160257192165517, 38.897785522321826 ], [ -77.16398755791954, 38.891981097345791 ], [ -77.164577585584595, 38.891063385792535 ] ] } },
{ "type": "Feature", "properties": { "A": 1952, "B": 36176, "SUBAREA": 0, "FFSNEW": 0, "CPENEW": 0, "CPEFAC": 0, "TIMEPEN": 0, "DISTANCE": 0.5, "SPDCLASS": 3, "CAPCLASS": 3, "JUR": 5, "SCREEN": 0, "FTYPE": 0, "TOLL": 0, "TOLLGRP": 0, "AMLANE": 7, "AMLIMIT": 0, "PMLANE": 7, "PMLIMIT": 0, "OPLANE": 7, "OPLIMIT": 0, "EDGEID": 36200000000, "LINKID": 9736, "NETYEAR": 2001, "SHAPE_LENG": 2631.65, "PROJECTID": "NA", "TAZ": 1952, "ATYPE": 3, "MDLANE": 7, "MDLIMIT": 0, "NTLANE": 7, "NTLIMIT": 0, "DEFLATIONFT": 0.8011, "AMTOLL": 0.0, "PMTOLL": 0.0, "OPTOLL": 0.0, "AMTOLL_VP": 0.0, "PMTOLL_VP": 0.0, "OPTOLL_VP": 0.0, "AMHTIME": 1.5, "PMHTIME": 1.5, "OPHTIME": 1.5, "MDTOLL": 0.0, "MDTOLL_VP": 0.0, "MDHTIME": 1.5, "NTTOLL": 0.0, "NTTOLL_VP": 0.0, "NTHTIME": 1.5, "LINKAB": 195236176, "TURNPENI": "TURNPEN.PEN", "I4AMSOV": 206.27528, "I4AMHV2": 23.76646, "I4AMHV3": 5.89, "I4AMCV": 9.93047, "I4AMTRK": 5.31393, "I4AMAPX": 0.00145, "I4AMVOL": 251.1776, "I4AMVMT": 125.5888, "I4AMFFSPD": 23, "AMHRLKCAP": 22050, "AMHRLNCAP": 3150, "I4AMVC": 0.00475, "I4AMVDF": 1.0, "I4AMSPD": 23.0, "COMP": 0, "I4MDSOV": 11.61, "I4MDHV2": 3.17, "I4MDHV3": 1.48, "I4MDCV": 0.1, "I4MDTRK": 0.22, "I4MDAPX": 0.0, "I4MDVOL": 16.58, "I4MDVMT": 8.29, "I4MDFFSPD": 23, "MDHRLKCAP": 22050, "MDHRLNCAP": 3150, "I4MDVC": 0.00013, "I4MDVDF": 1.0, "I4MDSPD": 23.0, "I4PMSOV": 31.91965, "I4PMHV2": 12.48677, "I4PMHV3": 22.75762, "I4PMCV": 3.08992, "I4PMTRK": 0.83433, "I4PMAPX": 0.91107, "I4PMVOL": 71.99936, "I4PMVMT": 35.99968, "I4PMFFSPD": 23, "PMHRLKCAP": 22050, "PMHRLNCAP": 3150, "I4PMVC": 0.00096, "I4PMVDF": 1.0, "I4PMSPD": 23.0, "I4NTSOV": 8.6, "I4NTHV2": 3.02, "I4NTHV3": 1.49, "I4NTCV": 0.05, "I4NTTRK": 0.06, "I4NTAPX": 0.0, "I4NTVOL": 13.22, "I4NTVMT": 6.61, "I4NTFFSPD": 23, "NTHRLKCAP": 22050, "NTHRLNCAP": 3150, "I4NTVC": 9.0000000000000006e-05, "I4NTVDF": 1.0, "I4NTSPD": 23.0, "I424VOL": 352.97696, "TVOL00": 0, "TVMT00": 0.0, "ID": 0, "AADT_2023": 0, "AWDT_2023": 0, "MD210": 0, "CNT2LOADDIF": 0.0, "ABSNCTDIFF": 0.0, "CNT2LOADPCT": 0.0, "ABSPCTDIFF": 0.0, "MD210U": 0, "LOAD1": 352.97696, "LOAD2": 104.20081, "LOADGRW": -248.77615, "ABSGRW": 248.77615, "PRCGRW": -0.7047943, "PRCANLGRW": -3.2036104 }, "geometry": { "type": "LineString", "coordinates": [ [ -77.174029564089224, 38.832430109441738 ], [ -77.164858208634612, 38.831573009385231 ] ] } },
{ "type": "Feature", "properties": { "A": 2016, "B": 36459, "SUBAREA": 0, "FFSNEW": 0, "CPENEW": 0, "CPEFAC": 0, "TIMEPEN": 0, "DISTANCE": 0.17, "SPDCLASS": 2, "CAPCLASS": 2, "JUR": 5, "SCREEN": 0, "FTYPE": 0, "TOLL": 0, "TOLLGRP": 0, "AMLANE": 7, "AMLIMIT": 0, "PMLANE": 7, "PMLIMIT": 0, "OPLANE": 7, "OPLIMIT": 0, "EDGEID": 36500000000, "LINKID": 23435, "NETYEAR": 2001, "SHAPE_LENG": 883.97, "PROJECTID": "NA", "TAZ": 2016, "ATYPE": 2, "MDLANE": 7, "MDLIMIT": 0, "NTLANE": 7, "NTLIMIT": 0, "DEFLATIONFT": 0.8011, "AMTOLL": 0.0, "PMTOLL": 0.0, "OPTOLL": 0.0, "AMTOLL_VP": 0.0, "PMTOLL_VP": 0.0, "OPTOLL_VP": 0.0, "AMHTIME": 0.68, "PMHTIME": 0.68, "OPHTIME": 0.68, "MDTOLL": 0.0, "MDTOLL_VP": 0.0, "MDHTIME": 0.68, "NTTOLL": 0.0, "NTTOLL_VP": 0.0, "NTHTIME": 0.68, "LINKAB": 201636459, "TURNPENI": "TURNPEN.PEN", "I4AMSOV": 6.0000000000000002e-05, "I4AMHV2": 2.0000000000000002e-05, "I4AMHV3": 0.0, "I4AMCV": 2.0000000000000002e-05, "I4AMTRK": 0.0, "I4AMAPX": 0.0, "I4AMVOL": 0.0001, "I4AMVMT": 2.0000000000000002e-05, "I4AMFFSPD": 17, "AMHRLKCAP": 22050, "AMHRLNCAP": 3150, "I4AMVC": 0.0, "I4AMVDF": 1.0, "I4AMSPD": 17.0, "COMP": 0, "I4MDSOV": 0.0, "I4MDHV2": 0.0, "I4MDHV3": 0.0, "I4MDCV": 0.0, "I4MDTRK": 0.0, "I4MDAPX": 0.0, "I4MDVOL": 0.0, "I4MDVMT": 0.0, "I4MDFFSPD": 17, "MDHRLKCAP": 22050, "MDHRLNCAP": 3150, "I4MDVC": 0.0, "I4MDVDF": 1.0, "I4MDSPD": 17.0, "I4PMSOV": 27.42905, "I4PMHV2": 6.87971, "I4PMHV3": 3.21, "I4PMCV": 2.0929, "I4PMTRK": 0.23002, "I4PMAPX": 0.22002, "I4PMVOL": 40.0617, "I4PMVMT": 6.81049, "I4PMFFSPD": 17, "PMHRLKCAP": 22050, "PMHRLNCAP": 3150, "I4PMVC": 0.00053, "I4PMVDF": 1.0, "I4PMSPD": 17.0, "I4NTSOV": 0.0, "I4NTHV2": 0.0, "I4NTHV3": 0.0, "I4NTCV": 0.0, "I4NTTRK": 0.0, "I4NTAPX": 0.0, "I4NTVOL": 0.0, "I4NTVMT": 0.0, "I4NTFFSPD": 17, "NTHRLKCAP": 22050, "NTHRLNCAP": 3150, "I4NTVC": 0.0, "I4NTVDF": 1.0, "I4NTSPD": 17.0, "I424VOL": 40.0618, "TVOL00": 0, "TVMT00": 0.0, "ID": 0, "AADT_2023": 0, "AWDT_2023": 0, "MD210": 0, "CNT2LOADDIF": 0.0, "ABSNCTDIFF": 0.0, "CNT2LOADPCT": 0.0, "ABSPCTDIFF": 0.0, "MD210U": 0, "LOAD1": 40.0618, "LOAD2": 11.24852, "LOADGRW": -28.81329, "ABSGRW": 28.81329, "PRCGRW": -0.7192209, "PRCANLGRW": -3.269186 }, "geometry": { "type": "LineString", "coordinates": [ [ -77.18252218902191, 38.783292023570496 ], [ -77.185505853149337, 38.782636558973167 ] ] } },
{ "type": "Feature", "properties": { "A": 2318, "B": 38017, "SUBAREA": 0, "FFSNEW": 0, "CPENEW": 0, "CPEFAC": 0, "TIMEPEN": 0, "DISTANCE": 0.99, "SPDCLASS": 5, "CAPCLASS": 5, "JUR": 6, "SCREEN": 0, "FTYPE": 0, "TOLL": 0, "TOLLGRP": 0, "AMLANE": 7, "AMLIMIT": 0, "PMLANE": 7, "PMLIMIT": 0, "OPLANE": 7, "OPLIMIT": 0, "EDGEID": 38000000000, "LINKID": 29916, "NETYEAR": 2001, "SHAPE_LENG": 5240.62, "PROJECTID": "NA", "TAZ": 2318, "ATYPE": 5, "MDLANE": 7, "MDLIMIT": 0, "NTLANE": 7, "NTLIMIT": 0, "DEFLATIONFT": 0.8011, "AMTOLL": 0.0, "PMTOLL": 0.0, "OPTOLL": 0.0, "AMTOLL_VP": 0.0, "PMTOLL_VP": 0.0, "OPTOLL_VP": 0.0, "AMHTIME": 1.98, "PMHTIME": 1.98, "OPHTIME": 1.98, "MDTOLL": 0.0, "MDTOLL_VP": 0.0, "MDHTIME": 1.98, "NTTOLL": 0.0, "NTTOLL_VP": 0.0, "NTHTIME": 1.98, "LINKAB": 231838017, "TURNPENI": "TURNPEN.PEN", "I4AMSOV": 109.8158, "I4AMHV2": 15.26936, "I4AMHV3": 6.05, "I4AMCV": 32.94247, "I4AMTRK": 38.96479, "I4AMAPX": 0.0, "I4AMVOL": 203.04242, "I4AMVMT": 201.01199, "I4AMFFSPD": 35, "AMHRLKCAP": 22050, "AMHRLNCAP": 3150, "I4AMVC": 0.00384, "I4AMVDF": 1.0, "I4AMSPD": 35.0, "COMP": 0, "I4MDSOV": 466.75766, "I4MDHV2": 118.01345, "I4MDHV3": 52.18597, "I4MDCV": 59.16607, "I4MDTRK": 79.31152, "I4MDAPX": 0.0, "I4MDVOL": 775.43469, "I4MDVMT": 767.68036, "I4MDFFSPD": 35, "MDHRLKCAP": 22050, "MDHRLNCAP": 3150, "I4MDVC": 0.00622, "I4MDVDF": 1.0, "I4MDSPD": 35.0, "I4PMSOV": 595.31647, "I4PMHV2": 127.83788, "I4PMHV3": 44.79502, "I4PMCV": 60.80421, "I4PMTRK": 30.52092, "I4PMAPX": 29.43317, "I4PMVOL": 888.70764, "I4PMVMT": 879.82056, "I4PMFFSPD": 35, "PMHRLKCAP": 22050, "PMHRLNCAP": 3150, "I4PMVC": 0.01185, "I4PMVDF": 1.0, "I4PMSPD": 35.0, "I4NTSOV": 437.79681, "I4NTHV2": 114.91573, "I4NTHV3": 55.08, "I4NTCV": 26.92, "I4NTTRK": 19.45789, "I4NTAPX": 0.0, "I4NTVOL": 654.17047, "I4NTVMT": 647.62878, "I4NTFFSPD": 35, "NTHRLKCAP": 22050, "NTHRLNCAP": 3150, "I4NTVC": 0.00445, "I4NTVDF": 1.0, "I4NTSPD": 35.0, "I424VOL": 2521.35522, "TVOL00": 0, "TVMT00": 0.0, "ID": 0, "AADT_2023": 0, "AWDT_2023": 0, "MD210": 0, "CNT2LOADDIF": 0.0, "ABSNCTDIFF": 0.0, "CNT2LOADPCT": 0.0, "ABSPCTDIFF": 0.0, "MD210U": 0, "LOAD1": 2521.35522, "LOAD2": 837.0069, "LOADGRW": -1684.34839, "ABSGRW": 1684.34839, "PRCGRW": -0.6680329, "PRCANLGRW": -3.0365133 }, "geometry": { "type": "LineString", "coordinates": [ [ -77.497676448799737, 38.973423263721642 ], [ -77.499176432739787, 38.959081258888318 ] ] } },
{ "type": "Feature", "properties": { "A": 2656, "B": 40689, "SUBAREA": 0, "FFSNEW": 0, "CPENEW": 0, "CPEFAC": 0, "TIMEPEN": 0, "DISTANCE": 0.83, "SPDCLASS": 6, "CAPCLASS": 6, "JUR": 7, "SCREEN": 0, "FTYPE": 0, "TOLL": 0, "TOLLGRP": 0, "AMLANE": 7, "AMLIMIT": 0, "PMLANE": 7, "PMLIMIT": 0, "OPLANE": 7, "OPLIMIT": 0, "EDGEID": 2656040689, "LINKID": 55881, "NETYEAR": 2001, "SHAPE_LENG": 4380.45, "PROJECTID": "NA", "TAZ": 2656, "ATYPE": 6, "MDLANE": 7, "MDLIMIT": 0, "NTLANE": 7, "NTLIMIT": 0, "DEFLATIONFT": 0.8011, "AMTOLL": 0.0, "PMTOLL": 0.0, "OPTOLL": 0.0, "AMTOLL_VP": 0.0, "PMTOLL_VP": 0.0, "OPTOLL_VP": 0.0, "AMHTIME": 1.42286, "PMHTIME": 1.42286, "OPHTIME": 1.42286, "MDTOLL": 0.0, "MDTOLL_VP": 0.0, "MDHTIME": 1.42286, "NTTOLL": 0.0, "NTTOLL_VP": 0.0, "NTHTIME": 1.42286, "LINKAB": 265640689, "TURNPENI": "TURNPEN.PEN", "I4AMSOV": 8.53094, "I4AMHV2": 0.64033, "I4AMHV3": 0.17, "I4AMCV": 0.89142, "I4AMTRK": 0.32999, "I4AMAPX": 0.21876, "I4AMVOL": 10.78144, "I4AMVMT": 8.9486, "I4AMFFSPD": 40, "AMHRLKCAP": 22050, "AMHRLNCAP": 3150, "I4AMVC": 0.0002, "I4AMVDF": 1.0, "I4AMSPD": 40.0, "COMP": 0, "I4MDSOV": 1.78, "I4MDHV2": 0.47, "I4MDHV3": 0.21, "I4MDCV": 0.02, "I4MDTRK": 0.01, "I4MDAPX": 0.0, "I4MDVOL": 2.49, "I4MDVMT": 2.0667, "I4MDFFSPD": 40, "MDHRLKCAP": 22050, "MDHRLNCAP": 3150, "I4MDVC": 2.0000000000000002e-05, "I4MDVDF": 1.0, "I4MDSPD": 40.0, "I4PMSOV": 8.41846, "I4PMHV2": 2.06966, "I4PMHV3": 0.97, "I4PMCV": 1.58967, "I4PMTRK": 0.28994, "I4PMAPX": 0.28994, "I4PMVOL": 13.62766, "I4PMVMT": 11.31096, "I4PMFFSPD": 40, "PMHRLKCAP": 22050, "PMHRLNCAP": 3150, "I4PMVC": 0.00018, "I4PMVDF": 1.0, "I4PMSPD": 40.0, "I4NTSOV": 1.26, "I4NTHV2": 0.45, "I4NTHV3": 0.22, "I4NTCV": 0.01, "I4NTTRK": 0.0, "I4NTAPX": 0.0, "I4NTVOL": 1.94, "I4NTVMT": 1.6102, "I4NTFFSPD": 40, "NTHRLKCAP": 22050, "NTHRLNCAP": 3150, "I4NTVC": 1.0000000000000001e-05, "I4NTVDF": 1.0, "I4NTSPD": 40.0, "I424VOL": 28.8391, "TVOL00": 0, "TVMT00": 0.0, "ID": 0, "AADT_2023": 0, "AWDT_2023": 0, "MD210": 0, "CNT2LOADDIF": 0.0, "ABSNCTDIFF": 0.0, "CNT2LOADPCT": 0.0, "ABSPCTDIFF": 0.0, "MD210U": 0, "LOAD1": 28.8391, "LOAD2": 7.61, "LOADGRW": -21.2291, "ABSGRW": 21.2291, "PRCGRW": -0.7361222, "PRCANLGRW": -3.34601 }, "geometry": { "type": "LineString", "coordinates": [ [ -77.6090632719756, 38.882309499421368 ], [ -77.593908371829016, 38.880223841042799 ] ] } },
{ "type": "Feature", "properties": { "A": 2660, "B": 40181, "SUBAREA": 0, "FFSNEW": 0, "CPENEW": 0, "CPEFAC": 0, "TIMEPEN": 0, "DISTANCE": 1.21, "SPDCLASS": 6, "CAPCLASS": 6, "JUR": 7, "SCREEN": 0, "FTYPE": 0, "TOLL": 0, "TOLLGRP": 0, "AMLANE": 7, "AMLIMIT": 0, "PMLANE": 7, "PMLIMIT": 0, "OPLANE": 7, "OPLIMIT": 0, "EDGEID": 40200000000, "LINKID": 25618, "NETYEAR": 2001, "SHAPE_LENG": 6390.77, "PROJECTID": "NA", "TAZ": 2660, "ATYPE": 6, "MDLANE": 7, "MDLIMIT": 0, "NTLANE": 7, "NTLIMIT": 0, "DEFLATIONFT": 0.8011, "AMTOLL": 0.0, "PMTOLL": 0.0, "OPTOLL": 0.0, "AMTOLL_VP": 0.0, "PMTOLL_VP": 0.0, "OPTOLL_VP": 0.0, "AMHTIME": 2.07429, "PMHTIME": 2.07429, "OPHTIME": 2.07429, "MDTOLL": 0.0, "MDTOLL_VP": 0.0, "MDHTIME": 2.07429, "NTTOLL": 0.0, "NTTOLL_VP": 0.0, "NTHTIME": 2.07429, "LINKAB": 266040181, "TURNPENI": "TURNPEN.PEN", "I4AMSOV": 87.97649, "I4AMHV2": 6.26372, "I4AMHV3": 1.99, "I4AMCV": 12.00991, "I4AMTRK": 7.53994, "I4AMAPX": 0.54, "I4AMVOL": 116.32004, "I4AMVMT": 140.74725, "I4AMFFSPD": 40, "AMHRLKCAP": 22050, "AMHRLNCAP": 3150, "I4AMVC": 0.0022, "I4AMVDF": 1.0, "I4AMSPD": 40.0, "COMP": 0, "I4MDSOV": 0.0, "I4MDHV2": 0.0, "I4MDHV3": 0.0, "I4MDCV": 0.0, "I4MDTRK": 0.0, "I4MDAPX": 0.0, "I4MDVOL": 0.0, "I4MDVMT": 0.0, "I4MDFFSPD": 40, "MDHRLKCAP": 22050, "MDHRLNCAP": 3150, "I4MDVC": 0.0, "I4MDVDF": 1.0, "I4MDSPD": 40.0, "I4PMSOV": 47.08224, "I4PMHV2": 14.1, "I4PMHV3": 6.76, "I4PMCV": 20.18, "I4PMTRK": 5.43, "I4PMAPX": 5.43, "I4PMVOL": 98.98224, "I4PMVMT": 119.76851, "I4PMFFSPD": 40, "PMHRLKCAP": 22050, "PMHRLNCAP": 3150, "I4PMVC": 0.00132, "I4PMVDF": 1.0, "I4PMSPD": 40.0, "I4NTSOV": 0.0, "I4NTHV2": 0.0, "I4NTHV3": 0.0, "I4NTCV": 0.0, "I4NTTRK": 0.0, "I4NTAPX": 0.0, "I4NTVOL": 0.0, "I4NTVMT": 0.0, "I4NTFFSPD": 40, "NTHRLKCAP": 22050, "NTHRLNCAP": 3150, "I4NTVC": 0.0, "I4NTVDF": 1.0, "I4NTSPD": 40.0, "I424VOL": 215.30228, "TVOL00": 0, "TVMT00": 0.0, "ID": 0, "AADT_2023": 0, "AWDT_2023": 0, "MD210": 0, "CNT2LOADDIF": 0.0, "ABSNCTDIFF": 0.0, "CNT2LOADPCT": 0.0, "ABSPCTDIFF": 0.0, "MD210U": 0, "LOAD1": 215.30228, "LOAD2": 34.07917, "LOADGRW": -181.2231, "ABSGRW": 181.2231, "PRCGRW": -0.8417147, "PRCANLGRW": -3.8259761 }, "geometry": { "type": "LineString", "coordinates": [ [ -77.641096658961303, 38.918083594677015 ], [ -77.639837389655355, 38.93560325430775 ] ] } },
{ "type": "Feature", "properties": { "A": 2740, "B": 40587, "SUBAREA": 0, "FFSNEW": 0, "CPENEW": 0, "CPEFAC": 0, "TIMEPEN": 0, "DISTANCE": 0.64, "SPDCLASS": 4, "CAPCLASS": 4, "JUR": 7, "SCREEN": 0, "FTYPE": 0, "TOLL": 0, "TOLLGRP": 0, "AMLANE": 7, "AMLIMIT": 0, "PMLANE": 7, "PMLIMIT": 0, "OPLANE": 7, "OPLIMIT": 0, "EDGEID": 2740040587, "LINKID": 27059, "NETYEAR": 2001, "SHAPE_LENG": 3356.89, "PROJECTID": "NA", "TAZ": 2740, "ATYPE": 4, "MDLANE": 7, "MDLIMIT": 0, "NTLANE": 7, "NTLIMIT": 0, "DEFLATIONFT": 0.8011, "AMTOLL": 0.0, "PMTOLL": 0.0, "OPTOLL": 0.0, "AMTOLL_VP": 0.0, "PMTOLL_VP": 0.0, "OPTOLL_VP": 0.0, "AMHTIME": 1.536, "PMHTIME": 1.536, "OPHTIME": 1.536, "MDTOLL": 0.0, "MDTOLL_VP": 0.0, "MDHTIME": 1.536, "NTTOLL": 0.0, "NTTOLL_VP": 0.0, "NTHTIME": 1.536, "LINKAB": 274040587, "TURNPENI": "TURNPEN.PEN", "I4AMSOV": 5.27481, "I4AMHV2": 1.28234, "I4AMHV3": 0.0, "I4AMCV": 0.73159, "I4AMTRK": 0.59853, "I4AMAPX": 0.0, "I4AMVOL": 7.88727, "I4AMVMT": 5.04785, "I4AMFFSPD": 29, "AMHRLKCAP": 22050, "AMHRLNCAP": 3150, "I4AMVC": 0.00015, "I4AMVDF": 1.0, "I4AMSPD": 29.0, "COMP": 0, "I4MDSOV": 411.42, "I4MDHV2": 104.25, "I4MDHV3": 34.8, "I4MDCV": 38.16, "I4MDTRK": 35.33, "I4MDAPX": 0.0, "I4MDVOL": 623.96, "I4MDVMT": 399.3344, "I4MDFFSPD": 29, "MDHRLKCAP": 22050, "MDHRLNCAP": 3150, "I4MDVC": 0.00501, "I4MDVDF": 1.0, "I4MDSPD": 29.0, "I4PMSOV": 316.49484, "I4PMHV2": 97.95942, "I4PMHV3": 35.0, "I4PMCV": 39.17983, "I4PMTRK": 12.68, "I4PMAPX": 12.68, "I4PMVOL": 513.99414, "I4PMVMT": 328.95624, "I4PMFFSPD": 29, "PMHRLKCAP": 22050, "PMHRLNCAP": 3150, "I4PMVC": 0.00685, "I4PMVDF": 1.0, "I4PMSPD": 29.0, "I4NTSOV": 275.01999, "I4NTHV2": 82.86, "I4NTHV3": 42.56, "I4NTCV": 17.48, "I4NTTRK": 9.41, "I4NTAPX": 0.0, "I4NTVOL": 427.32999, "I4NTVMT": 273.49118, "I4NTFFSPD": 29, "NTHRLKCAP": 22050, "NTHRLNCAP": 3150, "I4NTVC": 0.00291, "I4NTVDF": 1.0, "I4NTSPD": 29.0, "I424VOL": 1573.17139, "TVOL00": 0, "TVMT00": 0.0, "ID": 0, "AADT_2023": 0, "AWDT_2023": 0, "MD210": 0, "CNT2LOADDIF": 0.0, "ABSNCTDIFF": 0.0, "CNT2LOADPCT": 0.0, "ABSPCTDIFF": 0.0, "MD210U": 0, "LOAD1": 1573.17139, "LOAD2": 479.4021, "LOADGRW": -1093.76929, "ABSGRW": 1093.76929, "PRCGRW": -0.6952639, "PRCANLGRW": -3.1602905 }, "geometry": { "type": "LineString", "coordinates": [ [ -77.344334390300673, 38.667274280372595 ], [ -77.343628254831913, 38.658072224355728 ] ] } },
{ "type": "Feature", "properties": { "A": 3141, "B": 47246, "SUBAREA": 0, "FFSNEW": 0, "CPENEW": 0, "CPEFAC": 0, "TIMEPEN": 0, "DISTANCE": 0.58, "SPDCLASS": 6, "CAPCLASS": 6, "JUR": 12, "SCREEN": 0, "FTYPE": 0, "TOLL": 0, "TOLLGRP": 0, "AMLANE": 7, "AMLIMIT": 0, "PMLANE": 7, "PMLIMIT": 0, "OPLANE": 7, "OPLIMIT": 0, "EDGEID": 47200000000, "LINKID": 32404, "NETYEAR": 2001, "SHAPE_LENG": 3038.23, "PROJECTID": "NA", "TAZ": 3141, "ATYPE": 6, "MDLANE": 7, "MDLIMIT": 0, "NTLANE": 7, "NTLIMIT": 0, "DEFLATIONFT": 0.8011, "AMTOLL": 0.0, "PMTOLL": 0.0, "OPTOLL": 0.0, "AMTOLL_VP": 0.0, "PMTOLL_VP": 0.0, "OPTOLL_VP": 0.0, "AMHTIME": 0.99429, "PMHTIME": 0.99429, "OPHTIME": 0.99429, "MDTOLL": 0.0, "MDTOLL_VP": 0.0, "MDHTIME": 0.99429, "NTTOLL": 0.0, "NTTOLL_VP": 0.0, "NTHTIME": 0.99429, "LINKAB": 314147246, "TURNPENI": "TURNPEN.PEN", "I4AMSOV": 517.24, "I4AMHV2": 92.35, "I4AMHV3": 34.37, "I4AMCV": 28.67, "I4AMTRK": 30.49, "I4AMAPX": 1.35, "I4AMVOL": 704.47, "I4AMVMT": 408.5926, "I4AMFFSPD": 40, "AMHRLKCAP": 22050, "AMHRLNCAP": 3150, "I4AMVC": 0.01332, "I4AMVDF": 1.0, "I4AMSPD": 40.0, "COMP": 0, "I4MDSOV": 665.54, "I4MDHV2": 183.61, "I4MDHV3": 81.31, "I4MDCV": 51.74, "I4MDTRK": 59.17, "I4MDAPX": 2.12, "I4MDVOL": 1043.49, "I4MDVMT": 605.2242, "I4MDFFSPD": 40, "MDHRLKCAP": 22050, "MDHRLNCAP": 3150, "I4MDVC": 0.00838, "I4MDVDF": 1.0, "I4MDSPD": 40.0, "I4PMSOV": 309.95, "I4PMHV2": 148.03, "I4PMHV3": 66.19, "I4PMCV": 52.56, "I4PMTRK": 24.27, "I4PMAPX": 24.27, "I4PMVOL": 625.27, "I4PMVMT": 362.6566, "I4PMFFSPD": 40, "PMHRLKCAP": 22050, "PMHRLNCAP": 3150, "I4PMVC": 0.00834, "I4PMVDF": 1.0, "I4PMSPD": 40.0, "I4NTSOV": 394.16, "I4NTHV2": 125.01, "I4NTHV3": 56.99, "I4NTCV": 22.77, "I4NTTRK": 12.8, "I4NTAPX": 0.87, "I4NTVOL": 612.6, "I4NTVMT": 355.308, "I4NTFFSPD": 40, "NTHRLKCAP": 22050, "NTHRLNCAP": 3150, "I4NTVC": 0.00417, "I4NTVDF": 1.0, "I4NTSPD": 40.0, "I424VOL": 2985.83, "TVOL00": 0, "TVMT00": 0.0, "ID": 0, "AADT_2023": 0, "AWDT_2023": 0, "MD210": 0, "CNT2LOADDIF": 0.0, "ABSNCTDIFF": 0.0, "CNT2LOADPCT": 0.0, "ABSPCTDIFF": 0.0, "MD210U": 2, "LOAD1": 2985.83, "LOAD2": 643.09, "LOADGRW": -2342.73999, "ABSGRW": 2342.74, "PRCGRW": -0.7846193, "PRCANLGRW": -3.5664515 }, "geometry": { "type": "LineString", "coordinates": [ [ -76.998817826078295, 38.639361120947292 ], [ -77.007346794248278, 38.644341871079114 ] ] } },
{ "type": "Feature", "properties": { "A": 3186, "B": 47289, "SUBAREA": 0, "FFSNEW": 0, "CPENEW": 0, "CPEFAC": 0, "TIMEPEN": 0, "DISTANCE": 0.23, "SPDCLASS": 3, "CAPCLASS": 3, "JUR": 12, "SCREEN": 0, "FTYPE": 0, "TOLL": 0, "TOLLGRP": 0, "AMLANE": 7, "AMLIMIT": 0, "PMLANE": 7, "PMLIMIT": 0, "OPLANE": 7, "OPLIMIT": 0, "EDGEID": 3186047289, "LINKID": 81131, "NETYEAR": 2001, "SHAPE_LENG": 1205.33, "PROJECTID": "NA", "TAZ": 3186, "ATYPE": 3, "MDLANE": 7, "MDLIMIT": 0, "NTLANE": 7, "NTLIMIT": 0, "DEFLATIONFT": 0.8011, "AMTOLL": 0.0, "PMTOLL": 0.0, "OPTOLL": 0.0, "AMTOLL_VP": 0.0, "PMTOLL_VP": 0.0, "OPTOLL_VP": 0.0, "AMHTIME": 0.69, "PMHTIME": 0.69, "OPHTIME": 0.69, "MDTOLL": 0.0, "MDTOLL_VP": 0.0, "MDHTIME": 0.69, "NTTOLL": 0.0, "NTTOLL_VP": 0.0, "NTHTIME": 0.69, "LINKAB": 318647289, "TURNPENI": "TURNPEN.PEN", "I4AMSOV": 48.53931, "I4AMHV2": 7.23989, "I4AMHV3": 2.8, "I4AMCV": 1.28999, "I4AMTRK": 1.47997, "I4AMAPX": 0.0, "I4AMVOL": 61.34916, "I4AMVMT": 14.11031, "I4AMFFSPD": 23, "AMHRLKCAP": 22050, "AMHRLNCAP": 3150, "I4AMVC": 0.00116, "I4AMVDF": 1.0, "I4AMSPD": 23.0, "COMP": 0, "I4MDSOV": 49.32, "I4MDHV2": 11.63, "I4MDHV3": 4.46, "I4MDCV": 1.5, "I4MDTRK": 1.73, "I4MDAPX": 0.0, "I4MDVOL": 68.64, "I4MDVMT": 15.7872, "I4MDFFSPD": 23, "MDHRLKCAP": 22050, "MDHRLNCAP": 3150, "I4MDVC": 0.00055, "I4MDVDF": 1.0, "I4MDSPD": 23.0, "I4PMSOV": 0.0, "I4PMHV2": 0.0, "I4PMHV3": 0.0, "I4PMCV": 0.0, "I4PMTRK": 0.0, "I4PMAPX": 0.0, "I4PMVOL": 0.0, "I4PMVMT": 0.0, "I4PMFFSPD": 23, "PMHRLKCAP": 22050, "PMHRLNCAP": 3150, "I4PMVC": 0.0, "I4PMVDF": 1.0, "I4PMSPD": 23.0, "I4NTSOV": 19.51164, "I4NTHV2": 5.38441, "I4NTHV3": 2.14464, "I4NTCV": 0.66621, "I4NTTRK": 0.4198, "I4NTAPX": 0.0, "I4NTVOL": 28.12669, "I4NTVMT": 6.46914, "I4NTFFSPD": 23, "NTHRLKCAP": 22050, "NTHRLNCAP": 3150, "I4NTVC": 0.00019, "I4NTVDF": 1.0, "I4NTSPD": 23.0, "I424VOL": 158.11586, "TVOL00": 0, "TVMT00": 0.0, "ID": 0, "AADT_2023": 0, "AWDT_2023": 0, "MD210": 0, "CNT2LOADDIF": 0.0, "ABSNCTDIFF": 0.0, "CNT2LOADPCT": 0.0, "ABSPCTDIFF": 0.0, "MD210U": 0, "LOAD1": 158.11586, "LOAD2": 48.6965, "LOADGRW": -109.41936, "ABSGRW": 109.41936, "PRCGRW": -0.6920202, "PRCANLGRW": -3.1455462 }, "geometry": { "type": "LineString", "coordinates": [ [ -76.908963843327243, 38.60677611755326 ], [ -76.909866124920754, 38.610008700079142 ] ] } },
{ "type": "Feature", "properties": { "A": 3430, "B": 50007, "SUBAREA": 0, "FFSNEW": 0, "CPENEW": 0, "CPEFAC": 0, "TIMEPEN": 0, "DISTANCE": 1.19, "SPDCLASS": 6, "CAPCLASS": 6, "JUR": 17, "SCREEN": 0, "FTYPE": 0, "TOLL": 0, "TOLLGRP": 0, "AMLANE": 7, "AMLIMIT": 0, "PMLANE": 7, "PMLIMIT": 0, "OPLANE": 7, "OPLIMIT": 0, "EDGEID": 3430050007, "LINKID": 27846, "NETYEAR": 2001, "SHAPE_LENG": 6300.06, "PROJECTID": "NA", "TAZ": 3430, "ATYPE": 6, "MDLANE": 7, "MDLIMIT": 0, "NTLANE": 7, "NTLIMIT": 0, "DEFLATIONFT": 0.8011, "AMTOLL": 0.0, "PMTOLL": 0.0, "OPTOLL": 0.0, "AMTOLL_VP": 0.0, "PMTOLL_VP": 0.0, "OPTOLL_VP": 0.0, "AMHTIME": 2.04, "PMHTIME": 2.04, "OPHTIME": 2.04, "MDTOLL": 0.0, "MDTOLL_VP": 0.0, "MDHTIME": 2.04, "NTTOLL": 0.0, "NTTOLL_VP": 0.0, "NTHTIME": 2.04, "LINKAB": 343050007, "TURNPENI": "TURNPEN.PEN", "I4AMSOV": 0.23004, "I4AMHV2": 0.10001, "I4AMHV3": 0.04, "I4AMCV": 0.02001, "I4AMTRK": 0.01, "I4AMAPX": 0.0, "I4AMVOL": 0.40005, "I4AMVMT": 0.47606, "I4AMFFSPD": 40, "AMHRLKCAP": 22050, "AMHRLNCAP": 3150, "I4AMVC": 1.0000000000000001e-05, "I4AMVDF": 1.0, "I4AMSPD": 40.0, "COMP": 0, "I4MDSOV": 0.77, "I4MDHV2": 0.23, "I4MDHV3": 0.08, "I4MDCV": 0.07, "I4MDTRK": 0.03, "I4MDAPX": 0.0, "I4MDVOL": 1.18, "I4MDVMT": 1.4042, "I4MDFFSPD": 40, "MDHRLKCAP": 22050, "MDHRLNCAP": 3150, "I4MDVC": 1.0000000000000001e-05, "I4MDVDF": 1.0, "I4MDSPD": 40.0, "I4PMSOV": 0.8, "I4PMHV2": 0.25, "I4PMHV3": 0.08, "I4PMCV": 0.1, "I4PMTRK": 0.01, "I4PMAPX": 0.01, "I4PMVOL": 1.25, "I4PMVMT": 1.4875, "I4PMFFSPD": 40, "PMHRLKCAP": 22050, "PMHRLNCAP": 3150, "I4PMVC": 2.0000000000000002e-05, "I4PMVDF": 1.0, "I4PMSPD": 40.0, "I4NTSOV": 9.4, "I4NTHV2": 2.25, "I4NTHV3": 0.65, "I4NTCV": 1.5, "I4NTTRK": 0.26, "I4NTAPX": 0.0, "I4NTVOL": 14.06, "I4NTVMT": 16.7314, "I4NTFFSPD": 40, "NTHRLKCAP": 22050, "NTHRLNCAP": 3150, "I4NTVC": 0.0001, "I4NTVDF": 1.0, "I4NTSPD": 40.0, "I424VOL": 16.89005, "TVOL00": 0, "TVMT00": 0.0, "ID": 0, "AADT_2023": 0, "AWDT_2023": 0, "MD210": 0, "CNT2LOADDIF": 0.0, "ABSNCTDIFF": 0.0, "CNT2LOADPCT": 0.0, "ABSPCTDIFF": 0.0, "MD210U": 0, "LOAD1": 16.89005, "LOAD2": 3.85, "LOADGRW": -13.04005, "ABSGRW": 13.04005, "PRCGRW": -0.7720551, "PRCANLGRW": -3.5093412 }, "geometry": { "type": "LineString", "coordinates": [ [ -77.16708030561243, 38.180449470029565 ], [ -77.187879247762751, 38.174991660142105 ] ] } },
{ "type": "Feature", "properties": { "A": 20374, "B": 165, "SUBAREA": 0, "FFSNEW": 0, "CPENEW": 0, "CPEFAC": 0, "TIMEPEN": 0, "DISTANCE": 0.15, "SPDCLASS": 2, "CAPCLASS": 2, "JUR": 0, "SCREEN": 0, "FTYPE": 0, "TOLL": 0, "TOLLGRP": 0, "AMLANE": 7, "AMLIMIT": 0, "PMLANE": 7, "PMLIMIT": 0, "OPLANE": 7, "OPLIMIT": 0, "EDGEID": 20400000000, "LINKID": 31246, "NETYEAR": 2001, "SHAPE_LENG": 781.83, "PROJECTID": "NA", "TAZ": 165, "ATYPE": 2, "MDLANE": 7, "MDLIMIT": 0, "NTLANE": 7, "NTLIMIT": 0, "DEFLATIONFT": 0.8011, "AMTOLL": 0.0, "PMTOLL": 0.0, "OPTOLL": 0.0, "AMTOLL_VP": 0.0, "PMTOLL_VP": 0.0, "OPTOLL_VP": 0.0, "AMHTIME": 0.6, "PMHTIME": 0.6, "OPHTIME": 0.6, "MDTOLL": 0.0, "MDTOLL_VP": 0.0, "MDHTIME": 0.6, "NTTOLL": 0.0, "NTTOLL_VP": 0.0, "NTHTIME": 0.6, "LINKAB": 2037400165, "TURNPENI": "TURNPEN.PEN", "I4AMSOV": 14.54252, "I4AMHV2": 4.04178, "I4AMHV3": 1.17, "I4AMCV": 8.5216, "I4AMTRK": 5.1675, "I4AMAPX": 1.15496, "I4AMVOL": 34.59835, "I4AMVMT": 5.18975, "I4AMFFSPD": 17, "AMHRLKCAP": 22050, "AMHRLNCAP": 3150, "I4AMVC": 0.00065, "I4AMVDF": 1.0, "I4AMSPD": 17.0, "COMP": 0, "I4MDSOV": 36.4697, "I4MDHV2": 9.11772, "I4MDHV3": 3.20907, "I4MDCV": 9.65563, "I4MDTRK": 6.96574, "I4MDAPX": 0.85023, "I4MDVOL": 66.26808, "I4MDVMT": 9.94021, "I4MDFFSPD": 17, "MDHRLKCAP": 22050, "MDHRLNCAP": 3150, "I4MDVC": 0.00053, "I4MDVDF": 1.0, "I4MDSPD": 17.0, "I4PMSOV": 11.56179, "I4PMHV2": 4.51739, "I4PMHV3": 5.61021, "I4PMCV": 5.47132, "I4PMTRK": 1.50361, "I4PMAPX": 1.40907, "I4PMVOL": 30.0734, "I4PMVMT": 4.51101, "I4PMFFSPD": 17, "PMHRLKCAP": 22050, "PMHRLNCAP": 3150, "I4PMVC": 0.0004, "I4PMVDF": 1.0, "I4PMSPD": 17.0, "I4NTSOV": 0.0, "I4NTHV2": 0.0, "I4NTHV3": 0.0, "I4NTCV": 0.0, "I4NTTRK": 0.0, "I4NTAPX": 0.0, "I4NTVOL": 0.0, "I4NTVMT": 0.0, "I4NTFFSPD": 17, "NTHRLKCAP": 22050, "NTHRLNCAP": 3150, "I4NTVC": 0.0, "I4NTVDF": 1.0, "I4NTSPD": 17.0, "I424VOL": 130.93983, "TVOL00": 0, "TVMT00": 0.0, "ID": 0, "AADT_2023": 0, "AWDT_2023": 0, "MD210": 0, "CNT2LOADDIF": 0.0, "ABSNCTDIFF": 0.0, "CNT2LOADPCT": 0.0, "ABSPCTDIFF": 0.0, "MD210U": 0, "LOAD1": 130.93983, "LOAD2": 19.33131, "LOADGRW": -111.60853, "ABSGRW": 111.60853, "PRCGRW": -0.852365, "PRCANLGRW": -3.8743863 }, "geometry": { "type": "LineString", "coordinates": [ [ -77.028229580148022, 38.931821215474244 ], [ -77.028227885808803, 38.931824310826229 ], [ -77.028140757516624, 38.932891608573051 ], [ -77.028054655482521, 38.933965677918678 ] ] } },
{ "type": "Feature", "properties": { "A": 20406, "B": 188, "SUBAREA": 0, "FFSNEW": 0, "CPENEW": 0, "CPEFAC": 0, "TIMEPEN": 0, "DISTANCE": 0.23, "SPDCLASS": 1, "CAPCLASS": 1, "JUR": 0, "SCREEN": 0, "FTYPE": 0, "TOLL": 0, "TOLLGRP": 0, "AMLANE": 7, "AMLIMIT": 0, "PMLANE": 7, "PMLIMIT": 0, "OPLANE": 7, "OPLIMIT": 0, "EDGEID": 20400000000, "LINKID": 54894, "NETYEAR": 2001, "SHAPE_LENG": 1212.52, "PROJECTID": "NA", "TAZ": 188, "ATYPE": 1, "MDLANE": 7, "MDLIMIT": 0, "NTLANE": 7, "NTLIMIT": 0, "DEFLATIONFT": 0.8011, "AMTOLL": 0.0, "PMTOLL": 0.0, "OPTOLL": 0.0, "AMTOLL_VP": 0.0, "PMTOLL_VP": 0.0, "OPTOLL_VP": 0.0, "AMHTIME": 0.92, "PMHTIME": 0.92, "OPHTIME": 0.92, "MDTOLL": 0.0, "MDTOLL_VP": 0.0, "MDHTIME": 0.92, "NTTOLL": 0.0, "NTTOLL_VP": 0.0, "NTHTIME": 0.92, "LINKAB": 2040600188, "TURNPENI": "TURNPEN.PEN", "I4AMSOV": 0.96999, "I4AMHV2": 0.35, "I4AMHV3": 0.1, "I4AMCV": 0.36, "I4AMTRK": 0.2, "I4AMAPX": 0.0, "I4AMVOL": 1.97999, "I4AMVMT": 0.4554, "I4AMFFSPD": 17, "AMHRLKCAP": 22050, "AMHRLNCAP": 3150, "I4AMVC": 4.0000000000000003e-05, "I4AMVDF": 1.0, "I4AMSPD": 17.0, "COMP": 0, "I4MDSOV": 1.54, "I4MDHV2": 0.55, "I4MDHV3": 0.17, "I4MDCV": 0.64, "I4MDTRK": 0.39, "I4MDAPX": 0.0, "I4MDVOL": 3.29, "I4MDVMT": 0.7567, "I4MDFFSPD": 17, "MDHRLKCAP": 22050, "MDHRLNCAP": 3150, "I4MDVC": 3.0000000000000001e-05, "I4MDVDF": 1.0, "I4MDSPD": 17.0, "I4PMSOV": 12.33183, "I4PMHV2": 5.18588, "I4PMHV3": 0.19, "I4PMCV": 14.43109, "I4PMTRK": 1.04499, "I4PMAPX": 1.05037, "I4PMVOL": 34.23415, "I4PMVMT": 7.87386, "I4PMFFSPD": 17, "PMHRLKCAP": 22050, "PMHRLNCAP": 3150, "I4PMVC": 0.00046, "I4PMVDF": 1.0, "I4PMSPD": 17.0, "I4NTSOV": 1.41, "I4NTHV2": 0.53, "I4NTHV3": 0.17, "I4NTCV": 0.31, "I4NTTRK": 0.11, "I4NTAPX": 0.0, "I4NTVOL": 2.53, "I4NTVMT": 0.5819, "I4NTFFSPD": 17, "NTHRLKCAP": 22050, "NTHRLNCAP": 3150, "I4NTVC": 2.0000000000000002e-05, "I4NTVDF": 1.0, "I4NTSPD": 17.0, "I424VOL": 42.03414, "TVOL00": 0, "TVMT00": 0.0, "ID": 0, "AADT_2023": 0, "AWDT_2023": 0, "MD210": 0, "CNT2LOADDIF": 0.0, "ABSNCTDIFF": 0.0, "CNT2LOADPCT": 0.0, "ABSPCTDIFF": 0.0, "MD210U": 0, "LOAD1": 42.03414, "LOAD2": 8.71343, "LOADGRW": -33.32071, "ABSGRW": 33.32071, "PRCGRW": -0.7927059, "PRCANLGRW": -3.6032085 }, "geometry": { "type": "LineString", "coordinates": [ [ -77.029596423420656, 38.913353016903336 ], [ -77.027848544718282, 38.912669782354392 ], [ -77.027018053327424, 38.912345782954944 ], [ -77.025786212964491, 38.91186572501406 ] ] } },
{ "type": "Feature", "properties": { "A": 21247, "B": 297, "SUBAREA": 0, "FFSNEW": 0, "CPENEW": 0, "CPEFAC": 0, "TIMEPEN": 0, "DISTANCE": 0.19, "SPDCLASS": 2, "CAPCLASS": 2, "JUR": 0, "SCREEN": 0, "FTYPE": 0, "TOLL": 0, "TOLLGRP": 0, "AMLANE": 7, "AMLIMIT": 0, "PMLANE": 7, "PMLIMIT": 0, "OPLANE": 7, "OPLIMIT": 0, "EDGEID": 21200000000, "LINKID": 32535, "NETYEAR": 2001, "SHAPE_LENG": 994.08, "PROJECTID": "NA", "TAZ": 297, "ATYPE": 2, "MDLANE": 7, "MDLIMIT": 0, "NTLANE": 7, "NTLIMIT": 0, "DEFLATIONFT": 0.8011, "AMTOLL": 0.0, "PMTOLL": 0.0, "OPTOLL": 0.0, "AMTOLL_VP": 0.0, "PMTOLL_VP": 0.0, "OPTOLL_VP": 0.0, "AMHTIME": 0.76, "PMHTIME": 0.76, "OPHTIME": 0.76, "MDTOLL": 0.0, "MDTOLL_VP": 0.0, "MDHTIME": 0.76, "NTTOLL": 0.0, "NTTOLL_VP": 0.0, "NTHTIME": 0.76, "LINKAB": 2124700297, "TURNPENI": "TURNPEN.PEN", "I4AMSOV": 34.7503, "I4AMHV2": 10.69054, "I4AMHV3": 4.48, "I4AMCV": 20.73621, "I4AMTRK": 9.46503, "I4AMAPX": 6.0000000000000002e-05, "I4AMVOL": 80.12215, "I4AMVMT": 15.22321, "I4AMFFSPD": 17, "AMHRLKCAP": 22050, "AMHRLNCAP": 3150, "I4AMVC": 0.00152, "I4AMVDF": 1.0, "I4AMSPD": 17.0, "COMP": 0, "I4MDSOV": 176.19017, "I4MDHV2": 46.15432, "I4MDHV3": 18.79098, "I4MDCV": 41.06659, "I4MDTRK": 25.34426, "I4MDAPX": 0.0, "I4MDVOL": 307.54633, "I4MDVMT": 58.4338, "I4MDFFSPD": 17, "MDHRLKCAP": 22050, "MDHRLNCAP": 3150, "I4MDVC": 0.00247, "I4MDVDF": 1.0, "I4MDSPD": 17.0, "I4PMSOV": 4.2564, "I4PMHV2": 1.52147, "I4PMHV3": 0.68, "I4PMCV": 0.18241, "I4PMTRK": 0.20021, "I4PMAPX": 0.20021, "I4PMVOL": 7.04071, "I4PMVMT": 1.33773, "I4PMFFSPD": 17, "PMHRLKCAP": 22050, "PMHRLNCAP": 3150, "I4PMVC": 9.0000000000000006e-05, "I4PMVDF": 1.0, "I4PMSPD": 17.0, "I4NTSOV": 93.43242, "I4NTHV2": 30.77044, "I4NTHV3": 12.03165, "I4NTCV": 12.3875, "I4NTTRK": 4.12328, "I4NTAPX": 0.0, "I4NTVOL": 152.74529, "I4NTVMT": 29.0216, "I4NTFFSPD": 17, "NTHRLKCAP": 22050, "NTHRLNCAP": 3150, "I4NTVC": 0.00104, "I4NTVDF": 1.0, "I4NTSPD": 17.0, "I424VOL": 547.45447, "TVOL00": 0, "TVMT00": 0.0, "ID": 0, "AADT_2023": 0, "AWDT_2023": 0, "MD210": 0, "CNT2LOADDIF": 0.0, "ABSNCTDIFF": 0.0, "CNT2LOADPCT": 0.0, "ABSPCTDIFF": 0.0, "MD210U": 0, "LOAD1": 547.45447, "LOAD2": 116.60582, "LOADGRW": -430.84863, "ABSGRW": 430.84863, "PRCGRW": -0.7870036, "PRCANLGRW": -3.5772891 }, "geometry": { "type": "LineString", "coordinates": [ [ -76.987248541240376, 38.886211552703884 ], [ -76.987670584087539, 38.883501532376663 ] ] } },
{ "type": "Feature", "properties": { "A": 21324, "B": 319, "SUBAREA": 0, "FFSNEW": 0, "CPENEW": 0, "CPEFAC": 0, "TIMEPEN": 0, "DISTANCE": 0.36, "SPDCLASS": 4, "CAPCLASS": 4, "JUR": 0, "SCREEN": 0, "FTYPE": 0, "TOLL": 0, "TOLLGRP": 0, "AMLANE": 7, "AMLIMIT": 0, "PMLANE": 7, "PMLIMIT": 0, "OPLANE": 7, "OPLIMIT": 0, "EDGEID": 319021324, "LINKID": 69998, "NETYEAR": 2001, "SHAPE_LENG": 1907.11, "PROJECTID": "NA", "TAZ": 319, "ATYPE": 4, "MDLANE": 7, "MDLIMIT": 0, "NTLANE": 7, "NTLIMIT": 0, "DEFLATIONFT": 0.8011, "AMTOLL": 0.0, "PMTOLL": 0.0, "OPTOLL": 0.0, "AMTOLL_VP": 0.0, "PMTOLL_VP": 0.0, "OPTOLL_VP": 0.0, "AMHTIME": 0.864, "PMHTIME": 0.864, "OPHTIME": 0.864, "MDTOLL": 0.0, "MDTOLL_VP": 0.0, "MDHTIME": 0.864, "NTTOLL": 0.0, "NTTOLL_VP": 0.0, "NTHTIME": 0.864, "LINKAB": 2132400319, "TURNPENI": "TURNPEN.PEN", "I4AMSOV": 9.43111, "I4AMHV2": 2.5002, "I4AMHV3": 1.09, "I4AMCV": 1.35026, "I4AMTRK": 0.37008, "I4AMAPX": 0.0, "I4AMVOL": 14.74165, "I4AMVMT": 5.30699, "I4AMFFSPD": 29, "AMHRLKCAP": 22050, "AMHRLNCAP": 3150, "I4AMVC": 0.00028, "I4AMVDF": 1.0, "I4AMSPD": 29.0, "COMP": 0, "I4MDSOV": 156.03793, "I4MDHV2": 25.18698, "I4MDHV3": 9.44044, "I4MDCV": 22.20987, "I4MDTRK": 16.2667, "I4MDAPX": 0.0, "I4MDVOL": 229.14194, "I4MDVMT": 82.4911, "I4MDFFSPD": 29, "MDHRLKCAP": 22050, "MDHRLNCAP": 3150, "I4MDVC": 0.00184, "I4MDVDF": 1.0, "I4MDSPD": 29.0, "I4PMSOV": 107.47531, "I4PMHV2": 25.97491, "I4PMHV3": 10.23684, "I4PMCV": 23.58751, "I4PMTRK": 6.91978, "I4PMAPX": 5.39429, "I4PMVOL": 179.58864, "I4PMVMT": 64.65191, "I4PMFFSPD": 29, "PMHRLKCAP": 22050, "PMHRLNCAP": 3150, "I4PMVC": 0.00239, "I4PMVDF": 1.0, "I4PMSPD": 29.0, "I4NTSOV": 92.13447, "I4NTHV2": 21.41778, "I4NTHV3": 8.67889, "I4NTCV": 10.41, "I4NTTRK": 3.51879, "I4NTAPX": 0.0, "I4NTVOL": 136.15993, "I4NTVMT": 49.01757, "I4NTFFSPD": 29, "NTHRLKCAP": 22050, "NTHRLNCAP": 3150, "I4NTVC": 0.00093, "I4NTVDF": 1.0, "I4NTSPD": 29.0, "I424VOL": 559.63214, "TVOL00": 0, "TVMT00": 0.0, "ID": 0, "AADT_2023": 0, "AWDT_2023": 0, "MD210": 0, "CNT2LOADDIF": 0.0, "ABSNCTDIFF": 0.0, "CNT2LOADPCT": 0.0, "ABSPCTDIFF": 0.0, "MD210U": 0, "LOAD1": 559.63214, "LOAD2": 166.3253, "LOADGRW": -393.30682, "ABSGRW": 393.30682, "PRCGRW": -0.7027953, "PRCANLGRW": -3.194524 }, "geometry": { "type": "LineString", "coordinates": [ [ -76.949908412534626, 38.865001453686077 ], [ -76.952202301325158, 38.862843874612615 ], [ -76.952766797006234, 38.862312765429692 ], [ -76.954188707438604, 38.86097516520644 ] ] } },
{ "type": "Feature", "properties": { "A": 21331, "B": 313, "SUBAREA": 0, "FFSNEW": 0, "CPENEW": 0, "CPEFAC": 0, "TIMEPEN": 0, "DISTANCE": 0.18, "SPDCLASS": 4, "CAPCLASS": 4, "JUR": 0, "SCREEN": 0, "FTYPE": 0, "TOLL": 0, "TOLLGRP": 0, "AMLANE": 7, "AMLIMIT": 0, "PMLANE": 7, "PMLIMIT": 0, "OPLANE": 7, "OPLIMIT": 0, "EDGEID": 313021331, "LINKID": 69757, "NETYEAR": 2001, "SHAPE_LENG": 932.08, "PROJECTID": "NA", "TAZ": 313, "ATYPE": 4, "MDLANE": 7, "MDLIMIT": 0, "NTLANE": 7, "NTLIMIT": 0, "DEFLATIONFT": 0.8011, "AMTOLL": 0.0, "PMTOLL": 0.0, "OPTOLL": 0.0, "AMTOLL_VP": 0.0, "PMTOLL_VP": 0.0, "OPTOLL_VP": 0.0, "AMHTIME": 0.432, "PMHTIME": 0.432, "OPHTIME": 0.432, "MDTOLL": 0.0, "MDTOLL_VP": 0.0, "MDHTIME": 0.432, "NTTOLL": 0.0, "NTTOLL_VP": 0.0, "NTHTIME": 0.432, "LINKAB": 2133100313, "TURNPENI": "TURNPEN.PEN", "I4AMSOV": 3.225, "I4AMHV2": 0.84111, "I4AMHV3": 0.36, "I4AMCV": 0.06089, "I4AMTRK": 0.11027, "I4AMAPX": 0.0, "I4AMVOL": 4.59726, "I4AMVMT": 0.82751, "I4AMFFSPD": 29, "AMHRLKCAP": 22050, "AMHRLNCAP": 3150, "I4AMVC": 9.0000000000000006e-05, "I4AMVDF": 1.0, "I4AMSPD": 29.0, "COMP": 0, "I4MDSOV": 16.73, "I4MDHV2": 2.96, "I4MDHV3": 1.2, "I4MDCV": 0.16, "I4MDTRK": 0.21, "I4MDAPX": 0.0, "I4MDVOL": 21.26, "I4MDVMT": 3.8268, "I4MDFFSPD": 29, "MDHRLKCAP": 22050, "MDHRLNCAP": 3150, "I4MDVC": 0.00017, "I4MDVDF": 1.0, "I4MDSPD": 29.0, "I4PMSOV": 5.08537, "I4PMHV2": 1.48846, "I4PMHV3": 0.52, "I4PMCV": 0.07862, "I4PMTRK": 0.05215, "I4PMAPX": 0.05215, "I4PMVOL": 7.27675, "I4PMVMT": 1.30982, "I4PMFFSPD": 29, "PMHRLKCAP": 22050, "PMHRLNCAP": 3150, "I4PMVC": 0.0001, "I4PMVDF": 1.0, "I4PMSPD": 29.0, "I4NTSOV": 114.39, "I4NTHV2": 25.96, "I4NTHV3": 10.35, "I4NTCV": 15.79, "I4NTTRK": 1.95, "I4NTAPX": 0.0, "I4NTVOL": 168.44, "I4NTVMT": 30.3192, "I4NTFFSPD": 29, "NTHRLKCAP": 22050, "NTHRLNCAP": 3150, "I4NTVC": 0.00115, "I4NTVDF": 1.0, "I4NTSPD": 29.0, "I424VOL": 201.57402, "TVOL00": 0, "TVMT00": 0.0, "ID": 0, "AADT_2023": 0, "AWDT_2023": 0, "MD210": 0, "CNT2LOADDIF": 0.0, "ABSNCTDIFF": 0.0, "CNT2LOADPCT": 0.0, "ABSPCTDIFF": 0.0, "MD210U": 0, "LOAD1": 201.57402, "LOAD2": 36.01784, "LOADGRW": -165.55618, "ABSGRW": 165.55618, "PRCGRW": -0.821317, "PRCANLGRW": -3.7332592 }, "geometry": { "type": "LineString", "coordinates": [ [ -76.964757985063784, 38.871083265793494 ], [ -76.964194740220137, 38.873603708230569 ] ] } },
{ "type": "Feature", "properties": { "A": 22501, "B": 556, "SUBAREA": 0, "FFSNEW": 0, "CPENEW": 0, "CPEFAC": 0, "TIMEPEN": 0, "DISTANCE": 0.62, "SPDCLASS": 4, "CAPCLASS": 4, "JUR": 1, "SCREEN": 0, "FTYPE": 0, "TOLL": 0, "TOLLGRP": 0, "AMLANE": 7, "AMLIMIT": 0, "PMLANE": 7, "PMLIMIT": 0, "OPLANE": 7, "OPLIMIT": 0, "EDGEID": 556022501, "LINKID": 797, "NETYEAR": 2001, "SHAPE_LENG": 3249.0, "PROJECTID": "NA", "TAZ": 556, "ATYPE": 4, "MDLANE": 7, "MDLIMIT": 0, "NTLANE": 7, "NTLIMIT": 0, "DEFLATIONFT": 0.8011, "AMTOLL": 0.0, "PMTOLL": 0.0, "OPTOLL": 0.0, "AMTOLL_VP": 0.0, "PMTOLL_VP": 0.0, "OPTOLL_VP": 0.0, "AMHTIME": 1.488, "PMHTIME": 1.488, "OPHTIME": 1.488, "MDTOLL": 0.0, "MDTOLL_VP": 0.0, "MDHTIME": 1.488, "NTTOLL": 0.0, "NTTOLL_VP": 0.0, "NTHTIME": 1.488, "LINKAB": 2250100556, "TURNPENI": "TURNPEN.PEN", "I4AMSOV": 188.42169, "I4AMHV2": 85.36282, "I4AMHV3": 15.58522, "I4AMCV": 9.24086, "I4AMTRK": 12.57982, "I4AMAPX": 0.17638, "I4AMVOL": 311.36679, "I4AMVMT": 193.04742, "I4AMFFSPD": 29, "AMHRLKCAP": 22050, "AMHRLNCAP": 3150, "I4AMVC": 0.00589, "I4AMVDF": 1.0, "I4AMSPD": 29.0, "COMP": 0, "I4MDSOV": 932.48608, "I4MDHV2": 322.93707, "I4MDHV3": 104.32235, "I4MDCV": 39.78873, "I4MDTRK": 56.97218, "I4MDAPX": 4.28, "I4MDVOL": 1460.78638, "I4MDVMT": 905.68756, "I4MDFFSPD": 29, "MDHRLKCAP": 22050, "MDHRLNCAP": 3150, "I4MDVC": 0.01173, "I4MDVDF": 1.0, "I4MDSPD": 29.0, "I4PMSOV": 451.00842, "I4PMHV2": 222.80824, "I4PMHV3": 92.74504, "I4PMCV": 25.69081, "I4PMTRK": 13.77041, "I4PMAPX": 13.82113, "I4PMVOL": 819.84406, "I4PMVMT": 508.30331, "I4PMFFSPD": 29, "PMHRLKCAP": 22050, "PMHRLNCAP": 3150, "I4PMVC": 0.01093, "I4PMVDF": 1.0, "I4PMSPD": 29.0, "I4NTSOV": 655.38507, "I4NTHV2": 239.43794, "I4NTHV3": 89.68631, "I4NTCV": 18.26837, "I4NTTRK": 13.84937, "I4NTAPX": 1.75, "I4NTVOL": 1018.37708, "I4NTVMT": 631.3938, "I4NTFFSPD": 29, "NTHRLKCAP": 22050, "NTHRLNCAP": 3150, "I4NTVC": 0.00693, "I4NTVDF": 1.0, "I4NTSPD": 29.0, "I424VOL": 3610.37427, "TVOL00": 0, "TVMT00": 0.0, "ID": 0, "AADT_2023": 0, "AWDT_2023": 0, "MD210": 0, "CNT2LOADDIF": 0.0, "ABSNCTDIFF": 0.0, "CNT2LOADPCT": 0.0, "ABSPCTDIFF": 0.0, "MD210U": 0, "LOAD1": 3610.37427, "LOAD2": 745.80371, "LOADGRW": -2864.57056, "ABSGRW": 2864.57056, "PRCGRW": -0.7934276, "PRCANLGRW": -3.6064889 }, "geometry": { "type": "LineString", "coordinates": [ [ -77.050948098154521, 39.052981440121719 ], [ -77.062239823209566, 39.051548233890649 ] ] } },
{ "type": "Feature", "properties": { "A": 22519, "B": 585, "SUBAREA": 0, "FFSNEW": 0, "CPENEW": 0, "CPEFAC": 0, "TIMEPEN": 0, "DISTANCE": 1.12, "SPDCLASS": 5, "CAPCLASS": 5, "JUR": 1, "SCREEN": 0, "FTYPE": 0, "TOLL": 0, "TOLLGRP": 0, "AMLANE": 7, "AMLIMIT": 0, "PMLANE": 7, "PMLIMIT": 0, "OPLANE": 7, "OPLIMIT": 0, "EDGEID": 585022519, "LINKID": 40110, "NETYEAR": 2001, "SHAPE_LENG": 5893.94, "PROJECTID": "NA", "TAZ": 585, "ATYPE": 5, "MDLANE": 7, "MDLIMIT": 0, "NTLANE": 7, "NTLIMIT": 0, "DEFLATIONFT": 0.8011, "AMTOLL": 0.0, "PMTOLL": 0.0, "OPTOLL": 0.0, "AMTOLL_VP": 0.0, "PMTOLL_VP": 0.0, "OPTOLL_VP": 0.0, "AMHTIME": 2.24, "PMHTIME": 2.24, "OPHTIME": 2.24, "MDTOLL": 0.0, "MDTOLL_VP": 0.0, "MDHTIME": 2.24, "NTTOLL": 0.0, "NTTOLL_VP": 0.0, "NTHTIME": 2.24, "LINKAB": 2251900585, "TURNPENI": "TURNPEN.PEN", "I4AMSOV": 166.97914, "I4AMHV2": 29.87704, "I4AMHV3": 11.85, "I4AMCV": 14.69553, "I4AMTRK": 18.40948, "I4AMAPX": 0.92998, "I4AMVOL": 242.74118, "I4AMVMT": 271.87012, "I4AMFFSPD": 35, "AMHRLKCAP": 22050, "AMHRLNCAP": 3150, "I4AMVC": 0.00459, "I4AMVDF": 1.0, "I4AMSPD": 35.0, "COMP": 0, "I4MDSOV": 421.40283, "I4MDHV2": 109.96, "I4MDHV3": 48.23, "I4MDCV": 24.35761, "I4MDTRK": 33.87, "I4MDAPX": 1.47, "I4MDVOL": 639.29047, "I4MDVMT": 716.00531, "I4MDFFSPD": 35, "MDHRLKCAP": 22050, "MDHRLNCAP": 3150, "I4MDVC": 0.00513, "I4MDVDF": 1.0, "I4MDSPD": 35.0, "I4PMSOV": 342.7623, "I4PMHV2": 100.77, "I4PMHV3": 41.77, "I4PMCV": 23.66, "I4PMTRK": 12.68427, "I4PMAPX": 12.23, "I4PMVOL": 533.87659, "I4PMVMT": 597.94177, "I4PMFFSPD": 35, "PMHRLKCAP": 22050, "PMHRLNCAP": 3150, "I4PMVC": 0.00712, "I4PMVDF": 1.0, "I4PMSPD": 35.0, "I4NTSOV": 323.22968, "I4NTHV2": 100.81666, "I4NTHV3": 46.12108, "I4NTCV": 14.4812, "I4NTTRK": 9.10592, "I4NTAPX": 0.6, "I4NTVOL": 494.35452, "I4NTVMT": 553.67706, "I4NTFFSPD": 35, "NTHRLKCAP": 22050, "NTHRLNCAP": 3150, "I4NTVC": 0.00336, "I4NTVDF": 1.0, "I4NTSPD": 35.0, "I424VOL": 1910.2627, "TVOL00": 0, "TVMT00": 0.0, "ID": 0, "AADT_2023": 0, "AWDT_2023": 0, "MD210": 0, "CNT2LOADDIF": 0.0, "ABSNCTDIFF": 0.0, "CNT2LOADPCT": 0.0, "ABSPCTDIFF": 0.0, "MD210U": 0, "LOAD1": 1910.2627, "LOAD2": 437.33081, "LOADGRW": -1472.93188, "ABSGRW": 1472.93188, "PRCGRW": -0.7710625, "PRCANLGRW": -3.5048294 }, "geometry": { "type": "LineString", "coordinates": [ [ -76.937018711468525, 39.108193377398038 ], [ -76.949746174944252, 39.095404857698682 ] ] } },
{ "type": "Feature", "properties": { "A": 22625, "B": 22498, "SUBAREA": 0, "FFSNEW": 0, "CPENEW": 0, "CPEFAC": 0, "TIMEPEN": 0, "DISTANCE": 0.19, "SPDCLASS": 42, "CAPCLASS": 42, "JUR": 1, "SCREEN": 0, "FTYPE": 4, "TOLL": 0, "TOLLGRP": 0, "AMLANE": 2, "AMLIMIT": 0, "PMLANE": 2, "PMLIMIT": 0, "OPLANE": 2, "OPLIMIT": 0, "EDGEID": 22600000000, "LINKID": 36911, "NETYEAR": 2000, "SHAPE_LENG": 1001.23, "PROJECTID": "NA", "TAZ": 689, "ATYPE": 2, "MDLANE": 2, "MDLIMIT": 0, "NTLANE": 2, "NTLIMIT": 0, "DEFLATIONFT": 0.8011, "AMTOLL": 0.0, "PMTOLL": 0.0, "OPTOLL": 0.0, "AMTOLL_VP": 0.0, "PMTOLL_VP": 0.0, "OPTOLL_VP": 0.0, "AMHTIME": 0.8457, "PMHTIME": 0.8457, "OPHTIME": 0.70501, "MDTOLL": 0.0, "MDTOLL_VP": 0.0, "MDHTIME": 0.70501, "NTTOLL": 0.0, "NTTOLL_VP": 0.0, "NTHTIME": 0.70501, "LINKAB": 2262522498, "TURNPENI": "TURNPEN.PEN", "I4AMSOV": 661.90839, "I4AMHV2": 103.26634, "I4AMHV3": 28.8262, "I4AMCV": 69.64341, "I4AMTRK": 32.38835, "I4AMAPX": 6.0000000000000002e-05, "I4AMVOL": 896.03271, "I4AMVMT": 170.24622, "I4AMFFSPD": 35, "AMHRLKCAP": 1000, "AMHRLNCAP": 500, "I4AMVC": 0.37365, "I4AMVDF": 1.12861, "I4AMSPD": 31.0115, "COMP": 0, "I4MDSOV": 1090.25708, "I4MDHV2": 306.78494, "I4MDHV3": 170.97957, "I4MDCV": 191.31805, "I4MDTRK": 97.83627, "I4MDAPX": 7.98, "I4MDVOL": 1865.15588, "I4MDVMT": 354.37961, "I4MDFFSPD": 35, "MDHRLKCAP": 1000, "MDHRLNCAP": 500, "I4MDVC": 0.33013, "I4MDVDF": 1.10816, "I4MDSPD": 31.58382, "I4PMSOV": 793.39502, "I4PMHV2": 338.05057, "I4PMHV3": 197.02982, "I4PMCV": 287.7951, "I4PMTRK": 54.06767, "I4PMAPX": 55.70311, "I4PMVOL": 1726.04126, "I4PMVMT": 327.94785, "I4PMFFSPD": 35, "PMHRLKCAP": 1000, "PMHRLNCAP": 500, "I4PMVC": 0.50746, "I4PMVDF": 1.20896, "I4PMSPD": 28.95039, "I4NTSOV": 314.0195, "I4NTHV2": 78.90061, "I4NTHV3": 37.18444, "I4NTCV": 55.09971, "I4NTTRK": 10.59807, "I4NTAPX": 1.72202, "I4NTVOL": 497.52435, "I4NTVMT": 94.52962, "I4NTFFSPD": 35, "NTHRLKCAP": 1000, "NTHRLNCAP": 500, "I4NTVC": 0.07463, "I4NTVDF": 1.01866, "I4NTSPD": 34.35896, "I424VOL": 4984.75439, "TVOL00": 5, "TVMT00": 0.95, "ID": 0, "AADT_2023": 0, "AWDT_2023": 0, "MD210": 0, "CNT2LOADDIF": 0.0, "ABSNCTDIFF": 0.0, "CNT2LOADPCT": 0.0, "ABSPCTDIFF": 0.0, "MD210U": 0, "LOAD1": 4984.75439, "LOAD2": 1669.97351, "LOADGRW": -3314.78076, "ABSGRW": 3314.78076, "PRCGRW": -0.6649838, "PRCANLGRW": -3.0226536 }, "geometry": { "type": "LineString", "coordinates": [ [ -77.106776431725734, 39.05351218868735 ], [ -77.106778019797218, 39.054342263190264 ], [ -77.106838019985801, 39.054592262626933 ], [ -77.107238020343516, 39.055562261628381 ], [ -77.107378019884152, 39.055832262027174 ], [ -77.107478019299094, 39.055982262048921 ], [ -77.107618483669555, 39.056133531494545 ] ] } },
{ "type": "Feature", "properties": { "A": 22634, "B": 22658, "SUBAREA": 0, "FFSNEW": 0, "CPENEW": 0, "CPEFAC": 0, "TIMEPEN": 0, "DISTANCE": 1.76, "SPDCLASS": 46, "CAPCLASS": 46, "JUR": 1, "SCREEN": 23, "FTYPE": 4, "TOLL": 0, "TOLLGRP": 0, "AMLANE": 1, "AMLIMIT": 0, "PMLANE": 1, "PMLIMIT": 0, "OPLANE": 1, "OPLIMIT": 0, "EDGEID": 22600000000, "LINKID": 1229, "NETYEAR": 2000, "SHAPE_LENG": 9272.35, "PROJECTID": "NA", "TAZ": 435, "ATYPE": 6, "MDLANE": 1, "MDLIMIT": 0, "NTLANE": 1, "NTLIMIT": 0, "DEFLATIONFT": 0.8011, "AMTOLL": 0.0, "PMTOLL": 0.0, "OPTOLL": 0.0, "AMTOLL_VP": 0.0, "PMTOLL_VP": 0.0, "OPTOLL_VP": 0.0, "AMHTIME": 4.27704, "PMHTIME": 4.27704, "OPHTIME": 3.82886, "MDTOLL": 0.0, "MDTOLL_VP": 0.0, "MDHTIME": 3.82886, "NTTOLL": 0.0, "NTTOLL_VP": 0.0, "NTHTIME": 3.82886, "LINKAB": 2263422658, "TURNPENI": "TURNPEN.PEN", "I4AMSOV": 2.55077, "I4AMHV2": 0.6206, "I4AMHV3": 0.27, "I4AMCV": 0.18002, "I4AMTRK": 0.2803, "I4AMAPX": 0.0, "I4AMVOL": 3.9017, "I4AMVMT": 6.86698, "I4AMFFSPD": 40, "AMHRLKCAP": 800, "AMHRLNCAP": 800, "I4AMVC": 0.00203, "I4AMVDF": 1.00051, "I4AMSPD": 39.97967, "COMP": 0, "I4MDSOV": 8.18, "I4MDHV2": 2.43, "I4MDHV3": 1.12, "I4MDCV": 0.38, "I4MDTRK": 0.53, "I4MDAPX": 0.0, "I4MDVOL": 12.64, "I4MDVMT": 22.2464, "I4MDFFSPD": 40, "MDHRLKCAP": 800, "MDHRLNCAP": 800, "I4MDVC": 0.0028, "I4MDVDF": 1.0007, "I4MDSPD": 39.97205, "I4PMSOV": 107.4104, "I4PMHV2": 15.9225, "I4PMHV3": 172.9393, "I4PMCV": 14.14963, "I4PMTRK": 7.40197, "I4PMAPX": 2.83828, "I4PMVOL": 320.66208, "I4PMVMT": 564.36523, "I4PMFFSPD": 40, "PMHRLKCAP": 800, "PMHRLNCAP": 800, "I4PMVC": 0.11784, "I4PMVDF": 1.03053, "I4PMSPD": 38.81493, "I4NTSOV": 5.69, "I4NTHV2": 2.05, "I4NTHV3": 0.99, "I4NTCV": 0.13, "I4NTTRK": 0.1, "I4NTAPX": 0.0, "I4NTVOL": 8.96, "I4NTVMT": 15.7696, "I4NTFFSPD": 40, "NTHRLKCAP": 800, "NTHRLNCAP": 800, "I4NTVC": 0.00168, "I4NTVDF": 1.00042, "I4NTSPD": 39.98321, "I424VOL": 346.16379, "TVOL00": 0, "TVMT00": 0.0, "ID": 0, "AADT_2023": 0, "AWDT_2023": 0, "MD210": 0, "CNT2LOADDIF": 0.0, "ABSNCTDIFF": 0.0, "CNT2LOADPCT": 0.0, "ABSPCTDIFF": 0.0, "MD210U": 0, "LOAD1": 346.16379, "LOAD2": 70.88858, "LOADGRW": -275.27521, "ABSGRW": 275.27521, "PRCGRW": -0.7952166, "PRCANLGRW": -3.6146212 }, "geometry": { "type": "LineString", "coordinates": [ [ -77.326407026421762, 39.195143263286013 ], [ -77.325947943692555, 39.195772240453707 ], [ -77.325917943148625, 39.195862241186269 ], [ -77.32596794375543, 39.197112241067579 ], [ -77.32598794471761, 39.197902241301954 ], [ -77.326007943881109, 39.198072240487178 ], [ -77.326037944425082, 39.19826224063462 ], [ -77.326187943547495, 39.198822240595838 ], [ -77.326577943424127, 39.200062240895413 ], [ -77.326817943279025, 39.200692239727658 ], [ -77.327017943008229, 39.201082240503631 ], [ -77.327097943259616, 39.201402240609909 ], [ -77.327107943740728, 39.201622239502669 ], [ -77.32706794361502, 39.202182240363214 ], [ -77.327027942590007, 39.202532240114174 ], [ -77.326487942691585, 39.204692239707633 ], [ -77.326377942795602, 39.205042240357912 ], [ -77.32634794315095, 39.205262239250629 ], [ -77.326327943088131, 39.205432239335209 ], [ -77.326337942669852, 39.205592239838012 ], [ -77.326407942440198, 39.206172238962779 ], [ -77.326457943046989, 39.206352238629158 ], [ -77.326557943361252, 39.206502238650884 ], [ -77.326817943279025, 39.206872238464648 ], [ -77.327627943576275, 39.207922239516094 ], [ -77.327907943556852, 39.208352239518483 ], [ -77.328017943452892, 39.208582238892276 ], [ -77.328097942804959, 39.208872239353958 ], [ -77.328367942304524, 39.210852238381776 ], [ -77.328827941951431, 39.213762238083945 ], [ -77.328957941910346, 39.214242237793762 ], [ -77.329027941680636, 39.214422238359404 ], [ -77.32944794210124, 39.215422237904733 ], [ -77.3297879422704, 39.216282237010141 ], [ -77.33030794030725, 39.217532236891465 ], [ -77.331837940169237, 39.219402237821882 ], [ -77.331848502009947, 39.219451095886519 ] ] } },
{ "type": "Feature", "properties": { "A": 22734, "B": 22774, "SUBAREA": 0, "FFSNEW": 0, "CPENEW": 0, "CPEFAC": 0, "TIMEPEN": 0, "DISTANCE": 0.32, "SPDCLASS": 62, "CAPCLASS": 62, "JUR": 1, "SCREEN": 0, "FTYPE": 6, "TOLL": 0, "TOLLGRP": 0, "AMLANE": 1, "AMLIMIT": 0, "PMLANE": 1, "PMLIMIT": 0, "OPLANE": 1, "OPLIMIT": 0, "EDGEID": 22700000000, "LINKID": 85472, "NETYEAR": 2001, "SHAPE_LENG": 1686.6, "PROJECTID": "NA", "TAZ": 470, "ATYPE": 2, "MDLANE": 1, "MDLIMIT": 0, "NTLANE": 1, "NTLIMIT": 0, "DEFLATIONFT": 0.8011, "AMTOLL": 0.0, "PMTOLL": 0.0, "OPTOLL": 0.0, "AMTOLL_VP": 0.0, "PMTOLL_VP": 0.0, "OPTOLL_VP": 0.0, "AMHTIME": 1.0872, "PMHTIME": 1.0872, "OPHTIME": 1.02784, "MDTOLL": 0.0, "MDTOLL_VP": 0.0, "MDHTIME": 1.02784, "NTTOLL": 0.0, "NTTOLL_VP": 0.0, "NTHTIME": 1.02784, "LINKAB": 2273422774, "TURNPENI": "TURNPEN.PEN", "I4AMSOV": 221.08218, "I4AMHV2": 39.03052, "I4AMHV3": 17.67, "I4AMCV": 42.10408, "I4AMTRK": 58.86074, "I4AMAPX": 0.0, "I4AMVOL": 378.74753, "I4AMVMT": 121.1992, "I4AMFFSPD": 23, "AMHRLKCAP": 1000, "AMHRLNCAP": 1000, "I4AMVC": 0.15794, "I4AMVDF": 1.0069, "I4AMSPD": 22.84246, "COMP": 0, "I4MDSOV": 402.04535, "I4MDHV2": 131.31754, "I4MDHV3": 74.37288, "I4MDCV": 54.78465, "I4MDTRK": 92.85651, "I4MDAPX": 0.0, "I4MDVOL": 755.37695, "I4MDVMT": 241.72063, "I4MDFFSPD": 23, "MDHRLKCAP": 1000, "MDHRLNCAP": 1000, "I4MDVC": 0.1337, "I4MDVDF": 1.00569, "I4MDSPD": 22.86998, "I4PMSOV": 7.86443, "I4PMHV2": 351.76486, "I4PMHV3": 0.29738, "I4PMCV": 0.41744, "I4PMTRK": 6.30618, "I4PMAPX": 84.33325, "I4PMVOL": 450.98352, "I4PMVMT": 144.31473, "I4PMFFSPD": 23, "PMHRLKCAP": 1000, "PMHRLNCAP": 1000, "I4PMVC": 0.13259, "I4PMVDF": 1.00563, "I4PMSPD": 22.87125, "I4NTSOV": 349.32855, "I4NTHV2": 116.17, "I4NTHV3": 64.85, "I4NTCV": 24.9, "I4NTTRK": 21.53, "I4NTAPX": 0.0, "I4NTVOL": 576.77856, "I4NTVMT": 184.56914, "I4NTFFSPD": 23, "NTHRLKCAP": 1000, "NTHRLNCAP": 1000, "I4NTVC": 0.08652, "I4NTVDF": 1.00346, "I4NTSPD": 22.92068, "I424VOL": 2161.88647, "TVOL00": 2, "TVMT00": 0.64, "ID": 0, "AADT_2023": 0, "AWDT_2023": 0, "MD210": 0, "CNT2LOADDIF": 0.0, "ABSNCTDIFF": 0.0, "CNT2LOADPCT": 0.0, "ABSPCTDIFF": 0.0, "MD210U": 0, "LOAD1": 2161.88647, "LOAD2": 628.42834, "LOADGRW": -1533.45813, "ABSGRW": 1533.45813, "PRCGRW": -0.7093148, "PRCANLGRW": -3.2241583 }, "geometry": { "type": "LineString", "coordinates": [ [ -77.252227498022421, 39.18773191174148 ], [ -77.258038293874463, 39.188732395265617 ] ] } },
{ "type": "Feature", "properties": { "A": 23046, "B": 23091, "SUBAREA": 0, "FFSNEW": 0, "CPENEW": 0, "CPEFAC": 0, "TIMEPEN": 0, "DISTANCE": 0.33, "SPDCLASS": 13, "CAPCLASS": 13, "JUR": 1, "SCREEN": 0, "FTYPE": 1, "TOLL": 0, "TOLLGRP": 0, "AMLANE": 1, "AMLIMIT": 0, "PMLANE": 1, "PMLIMIT": 0, "OPLANE": 1, "OPLIMIT": 0, "EDGEID": 23000000000, "LINKID": 29744, "NETYEAR": 2011, "SHAPE_LENG": 1730.09, "PROJECTID": "MP12R", "TAZ": 587, "ATYPE": 3, "MDLANE": 1, "MDLIMIT": 0, "NTLANE": 1, "NTLIMIT": 0, "DEFLATIONFT": 0.8011, "AMTOLL": 0.0, "PMTOLL": 0.0, "OPTOLL": 0.0, "AMTOLL_VP": 0.0, "PMTOLL_VP": 0.0, "OPTOLL_VP": 0.0, "AMHTIME": 0.49071, "PMHTIME": 0.49071, "OPHTIME": 0.37757, "MDTOLL": 0.0, "MDTOLL_VP": 0.0, "MDHTIME": 0.37757, "NTTOLL": 0.0, "NTTOLL_VP": 0.0, "NTHTIME": 0.37757, "LINKAB": 2304623091, "TURNPENI": "TURNPEN.PEN", "I4AMSOV": 79.62101, "I4AMHV2": 287.36679, "I4AMHV3": 75.37131, "I4AMCV": 120.15583, "I4AMTRK": 0.0, "I4AMAPX": 0.0, "I4AMVOL": 562.51489, "I4AMVMT": 185.62993, "I4AMFFSPD": 69, "AMHRLKCAP": 2000, "AMHRLNCAP": 2000, "I4AMVC": 0.11728, "I4AMVDF": 1.00486, "I4AMSPD": 68.66599, "COMP": 0, "I4MDSOV": 45.48437, "I4MDHV2": 0.0, "I4MDHV3": 0.0, "I4MDCV": 70.47786, "I4MDTRK": 0.0, "I4MDAPX": 0.0, "I4MDVOL": 115.96223, "I4MDVMT": 38.26754, "I4MDFFSPD": 69, "MDHRLKCAP": 2000, "MDHRLNCAP": 2000, "I4MDVC": 0.01026, "I4MDVDF": 1.00041, "I4MDSPD": 68.97169, "I4PMSOV": 2.98925, "I4PMHV2": 268.94833, "I4PMHV3": 84.30035, "I4PMCV": 167.46715, "I4PMTRK": 0.0, "I4PMAPX": 111.43187, "I4PMVOL": 635.13696, "I4PMVMT": 209.5952, "I4PMFFSPD": 69, "PMHRLKCAP": 2000, "PMHRLNCAP": 2000, "I4PMVC": 0.09337, "I4PMVDF": 1.00373, "I4PMSPD": 68.74327, "I4NTSOV": 15.98, "I4NTHV2": 0.0, "I4NTHV3": 0.0, "I4NTCV": 26.46, "I4NTTRK": 0.0, "I4NTAPX": 0.0, "I4NTVOL": 42.44, "I4NTVMT": 14.0052, "I4NTFFSPD": 69, "NTHRLKCAP": 2000, "NTHRLNCAP": 2000, "I4NTVC": 0.00318, "I4NTVDF": 1.00013, "I4NTSPD": 68.99122, "I424VOL": 1356.05408, "TVOL00": 1, "TVMT00": 0.33, "ID": 0, "AADT_2023": 0, "AWDT_2023": 0, "MD210": 0, "CNT2LOADDIF": 0.0, "ABSNCTDIFF": 0.0, "CNT2LOADPCT": 0.0, "ABSPCTDIFF": 0.0, "MD210U": 0, "LOAD1": 1356.05408, "LOAD2": 290.28668, "LOADGRW": -1065.76733, "ABSGRW": 1065.76733, "PRCGRW": -0.7859328, "PRCANLGRW": -3.5724218 }, "geometry": { "type": "LineString", "coordinates": [ [ -76.946442176029677, 39.075357417332896 ], [ -76.948236986466952, 39.079880687797861 ], [ -76.948239245568459, 39.079884321965551 ], [ -76.948238869001386, 39.07987207878223 ] ] } },
{ "type": "Feature", "properties": { "A": 23158, "B": 751, "SUBAREA": 0, "FFSNEW": 0, "CPENEW": 0, "CPEFAC": 0, "TIMEPEN": 0, "DISTANCE": 0.4, "SPDCLASS": 3, "CAPCLASS": 3, "JUR": 1, "SCREEN": 0, "FTYPE": 0, "TOLL": 0, "TOLLGRP": 0, "AMLANE": 7, "AMLIMIT": 0, "PMLANE": 7, "PMLIMIT": 0, "OPLANE": 7, "OPLIMIT": 0, "EDGEID": 751023158, "LINKID": 29953, "NETYEAR": 2001, "SHAPE_LENG": 2101.71, "PROJECTID": "NA", "TAZ": 751, "ATYPE": 3, "MDLANE": 7, "MDLIMIT": 0, "NTLANE": 7, "NTLIMIT": 0, "DEFLATIONFT": 0.8011, "AMTOLL": 0.0, "PMTOLL": 0.0, "OPTOLL": 0.0, "AMTOLL_VP": 0.0, "PMTOLL_VP": 0.0, "OPTOLL_VP": 0.0, "AMHTIME": 1.2, "PMHTIME": 1.2, "OPHTIME": 1.2, "MDTOLL": 0.0, "MDTOLL_VP": 0.0, "MDHTIME": 1.2, "NTTOLL": 0.0, "NTTOLL_VP": 0.0, "NTHTIME": 1.2, "LINKAB": 2315800751, "TURNPENI": "TURNPEN.PEN", "I4AMSOV": 20.82015, "I4AMHV2": 6.80004, "I4AMHV3": 3.22, "I4AMCV": 4.34001, "I4AMTRK": 2.48001, "I4AMAPX": 0.0, "I4AMVOL": 37.66021, "I4AMVMT": 15.06409, "I4AMFFSPD": 23, "AMHRLKCAP": 22050, "AMHRLNCAP": 3150, "I4AMVC": 0.00071, "I4AMVDF": 1.0, "I4AMSPD": 23.0, "COMP": 0, "I4MDSOV": 88.27, "I4MDHV2": 25.6, "I4MDHV3": 11.56, "I4MDCV": 7.47, "I4MDTRK": 4.35, "I4MDAPX": 0.0, "I4MDVOL": 137.25, "I4MDVMT": 54.9, "I4MDFFSPD": 23, "MDHRLKCAP": 22050, "MDHRLNCAP": 3150, "I4MDVC": 0.0011, "I4MDVDF": 1.0, "I4MDSPD": 23.0, "I4PMSOV": 348.23172, "I4PMHV2": 97.42194, "I4PMHV3": 38.83, "I4PMCV": 28.26768, "I4PMTRK": 7.76992, "I4PMAPX": 7.27277, "I4PMVOL": 527.79401, "I4PMVMT": 211.11761, "I4PMFFSPD": 23, "PMHRLKCAP": 22050, "PMHRLNCAP": 3150, "I4PMVC": 0.00704, "I4PMVDF": 1.0, "I4PMSPD": 23.0, "I4NTSOV": 75.9, "I4NTHV2": 26.4, "I4NTHV3": 12.27, "I4NTCV": 3.59, "I4NTTRK": 1.02, "I4NTAPX": 0.0, "I4NTVOL": 119.18, "I4NTVMT": 47.672, "I4NTFFSPD": 23, "NTHRLKCAP": 22050, "NTHRLNCAP": 3150, "I4NTVC": 0.00081, "I4NTVDF": 1.0, "I4NTSPD": 23.0, "I424VOL": 821.88422, "TVOL00": 0, "TVMT00": 0.0, "ID": 0, "AADT_2023": 0, "AWDT_2023": 0, "MD210": 0, "CNT2LOADDIF": 0.0, "ABSNCTDIFF": 0.0, "CNT2LOADPCT": 0.0, "ABSPCTDIFF": 0.0, "MD210U": 0, "LOAD1": 821.88422, "LOAD2": 272.87662, "LOADGRW": -549.00757, "ABSGRW": 549.00757, "PRCGRW": -0.6679866, "PRCANLGRW": -3.0363026 }, "geometry": { "type": "LineString", "coordinates": [ [ -77.225897730294022, 39.103412813869888 ], [ -77.224463766669032, 39.109074338472951 ] ] } },
{ "type": "Feature", "properties": { "A": 26183, "B": 1046, "SUBAREA": 0, "FFSNEW": 0, "CPENEW": 0, "CPEFAC": 0, "TIMEPEN": 0, "DISTANCE": 0.36, "SPDCLASS": 4, "CAPCLASS": 4, "JUR": 2, "SCREEN": 0, "FTYPE": 0, "TOLL": 0, "TOLLGRP": 0, "AMLANE": 7, "AMLIMIT": 0, "PMLANE": 7, "PMLIMIT": 0, "OPLANE": 7, "OPLIMIT": 0, "EDGEID": 1046026183, "LINKID": 25999, "NETYEAR": 2001, "SHAPE_LENG": 1890.59, "PROJECTID": "NA", "TAZ": 1046, "ATYPE": 4, "MDLANE": 7, "MDLIMIT": 0, "NTLANE": 7, "NTLIMIT": 0, "DEFLATIONFT": 0.8011, "AMTOLL": 0.0, "PMTOLL": 0.0, "OPTOLL": 0.0, "AMTOLL_VP": 0.0, "PMTOLL_VP": 0.0, "OPTOLL_VP": 0.0, "AMHTIME": 0.864, "PMHTIME": 0.864, "OPHTIME": 0.864, "MDTOLL": 0.0, "MDTOLL_VP": 0.0, "MDHTIME": 0.864, "NTTOLL": 0.0, "NTTOLL_VP": 0.0, "NTHTIME": 0.864, "LINKAB": 2618301046, "TURNPENI": "TURNPEN.PEN", "I4AMSOV": 60.14051, "I4AMHV2": 15.20681, "I4AMHV3": 3.69, "I4AMCV": 8.42917, "I4AMTRK": 4.22082, "I4AMAPX": 0.21999, "I4AMVOL": 91.9073, "I4AMVMT": 33.08663, "I4AMFFSPD": 29, "AMHRLKCAP": 22050, "AMHRLNCAP": 3150, "I4AMVC": 0.00174, "I4AMVDF": 1.0, "I4AMSPD": 29.0, "COMP": 0, "I4MDSOV": 142.29486, "I4MDHV2": 42.39288, "I4MDHV3": 15.61982, "I4MDCV": 13.91576, "I4MDTRK": 8.16, "I4MDAPX": 0.33085, "I4MDVOL": 222.71417, "I4MDVMT": 80.1771, "I4MDFFSPD": 29, "MDHRLKCAP": 22050, "MDHRLNCAP": 3150, "I4MDVC": 0.00179, "I4MDVDF": 1.0, "I4MDSPD": 29.0, "I4PMSOV": 94.57997, "I4PMHV2": 36.02079, "I4PMHV3": 9.97, "I4PMCV": 12.98207, "I4PMTRK": 2.53769, "I4PMAPX": 2.26805, "I4PMVOL": 158.35857, "I4PMVMT": 57.00908, "I4PMFFSPD": 29, "PMHRLKCAP": 22050, "PMHRLNCAP": 3150, "I4PMVC": 0.00211, "I4PMVDF": 1.0, "I4PMSPD": 29.0, "I4NTSOV": 73.10544, "I4NTHV2": 26.6353, "I4NTHV3": 10.54593, "I4NTCV": 5.77214, "I4NTTRK": 1.92, "I4NTAPX": 0.0, "I4NTVOL": 117.9788, "I4NTVMT": 42.47237, "I4NTFFSPD": 29, "NTHRLKCAP": 22050, "NTHRLNCAP": 3150, "I4NTVC": 0.0008, "I4NTVDF": 1.0, "I4NTSPD": 29.0, "I424VOL": 590.95886, "TVOL00": 0, "TVMT00": 0.0, "ID": 0, "AADT_2023": 0, "AWDT_2023": 0, "MD210": 0, "CNT2LOADDIF": 0.0, "ABSNCTDIFF": 0.0, "CNT2LOADPCT": 0.0, "ABSPCTDIFF": 0.0, "MD210U": 0, "LOAD1": 590.95886, "LOAD2": 80.29436, "LOADGRW": -510.66449, "ABSGRW": 510.66449, "PRCGRW": -0.8641287, "PRCANLGRW": -3.9278576 }, "geometry": { "type": "LineString", "coordinates": [ [ -76.901909186527263, 38.900523136828163 ], [ -76.907850557226652, 38.898199574242113 ] ] } },
{ "type": "Feature", "properties": { "A": 26485, "B": 26484, "SUBAREA": 0, "FFSNEW": 0, "CPENEW": 0, "CPEFAC": 0, "TIMEPEN": 0, "DISTANCE": 0.52, "SPDCLASS": 65, "CAPCLASS": 65, "JUR": 2, "SCREEN": 0, "FTYPE": 6, "TOLL": 0, "TOLLGRP": 0, "AMLANE": 2, "AMLIMIT": 0, "PMLANE": 2, "PMLIMIT": 0, "OPLANE": 2, "OPLIMIT": 0, "EDGEID": 26500000000, "LINKID": 3376, "NETYEAR": 2000, "SHAPE_LENG": 2748.41, "PROJECTID": "NA", "TAZ": 827, "ATYPE": 5, "MDLANE": 2, "MDLIMIT": 0, "NTLANE": 2, "NTLIMIT": 0, "DEFLATIONFT": 0.8011, "AMTOLL": 0.0, "PMTOLL": 0.0, "OPTOLL": 0.0, "AMTOLL_VP": 0.0, "PMTOLL_VP": 0.0, "OPTOLL_VP": 0.0, "AMHTIME": 0.91522, "PMHTIME": 0.91522, "OPHTIME": 0.9054, "MDTOLL": 0.0, "MDTOLL_VP": 0.0, "MDHTIME": 0.9054, "NTTOLL": 0.0, "NTTOLL_VP": 0.0, "NTHTIME": 0.9054, "LINKAB": 2648526484, "TURNPENI": "TURNPEN.PEN", "I4AMSOV": 1456.59387, "I4AMHV2": 125.30489, "I4AMHV3": 31.16846, "I4AMCV": 256.43933, "I4AMTRK": 308.51566, "I4AMAPX": 69.89624, "I4AMVOL": 2247.91846, "I4AMVMT": 1168.9176, "I4AMFFSPD": 40, "AMHRLKCAP": 4000, "AMHRLNCAP": 2000, "I4AMVC": 0.23435, "I4AMVDF": 1.01106, "I4AMSPD": 39.56241, "COMP": 0, "I4MDSOV": 3331.35132, "I4MDHV2": 887.74213, "I4MDHV3": 664.69836, "I4MDCV": 428.38474, "I4MDTRK": 726.06311, "I4MDAPX": 108.54611, "I4MDVOL": 6146.78564, "I4MDVMT": 3196.32861, "I4MDFFSPD": 40, "MDHRLKCAP": 4000, "MDHRLNCAP": 2000, "I4MDVC": 0.272, "I4MDVDF": 1.01332, "I4MDSPD": 39.47422, "I4PMSOV": 3396.68237, "I4PMHV2": 743.12543, "I4PMHV3": 361.81592, "I4PMCV": 287.25867, "I4PMTRK": 132.23288, "I4PMAPX": 130.72452, "I4PMVOL": 5051.83984, "I4PMVMT": 2626.95679, "I4PMFFSPD": 40, "PMHRLKCAP": 4000, "PMHRLNCAP": 2000, "I4PMVC": 0.37131, "I4PMVDF": 1.02142, "I4PMSPD": 39.16125, "I4NTSOV": 4590.09766, "I4NTHV2": 1318.9967, "I4NTHV3": 957.99286, "I4NTCV": 172.17624, "I4NTTRK": 225.45757, "I4NTAPX": 45.92568, "I4NTVOL": 7310.64697, "I4NTVMT": 3801.53638, "I4NTFFSPD": 40, "NTHRLKCAP": 4000, "NTHRLNCAP": 2000, "I4NTVC": 0.27415, "I4NTVDF": 1.01345, "I4NTSPD": 39.46918, "I424VOL": 20757.19141, "TVOL00": 21, "TVMT00": 10.92, "ID": 0, "AADT_2023": 0, "AWDT_2023": 0, "MD210": 0, "CNT2LOADDIF": 0.0, "ABSNCTDIFF": 0.0, "CNT2LOADPCT": 0.0, "ABSPCTDIFF": 0.0, "MD210U": 0, "LOAD1": 20757.19141, "LOAD2": 6521.35059, "LOADGRW": -14235.84082, "ABSGRW": 14235.84082, "PRCGRW": -0.685827, "PRCANLGRW": -3.1173952 }, "geometry": { "type": "LineString", "coordinates": [ [ -76.926838505736725, 38.81955209461465 ], [ -76.925548090127279, 38.819702303718692 ], [ -76.925288090209563, 38.819722304680823 ], [ -76.925018089810692, 38.819742303844372 ], [ -76.924798090018612, 38.819732304262594 ], [ -76.924538090100896, 38.819712304199754 ], [ -76.92424809053847, 38.819672304074047 ], [ -76.923878089825394, 38.81959230382266 ], [ -76.923548089237968, 38.819482303926648 ], [ -76.923188089905295, 38.819332303904886 ], [ -76.92293809046862, 38.819182303883153 ], [ -76.922698090613736, 38.819032304760725 ], [ -76.922388090988477, 38.81882230365111 ], [ -76.922138091551801, 38.818692303692266 ], [ -76.921888091215806, 38.81859230427731 ], [ -76.921458091213481, 38.818442305154903 ], [ -76.920918091315059, 38.818322304777766 ], [ -76.920478090831637, 38.818252305007491 ], [ -76.920228091394961, 38.818272305070344 ], [ -76.920088090955019, 38.818282303752753 ], [ -76.919868091162996, 38.818332304359565 ], [ -76.919698092877013, 38.81840230412989 ], [ -76.919568092018835, 38.818512304025923 ], [ -76.91943809205992, 38.818642303984788 ], [ -76.919388092352449, 38.818722304236182 ], [ -76.919338091745658, 38.818792304006521 ], [ -76.919278092456466, 38.818842303713986 ], [ -76.919158092079343, 38.818892303421464 ], [ -76.919068092246164, 38.818922304864692 ], [ -76.91898809199472, 38.818902303902561 ], [ -76.918918092224445, 38.818892303421464 ], [ -76.918748092139822, 38.818842303713993 ], [ -76.91814926705689, 38.818563329917822 ] ] } },
{ "type": "Feature", "properties": { "A": 26739, "B": 27658, "SUBAREA": 0, "FFSNEW": 0, "CPENEW": 0, "CPEFAC": 0, "TIMEPEN": 0, "DISTANCE": 0.99, "SPDCLASS": 45, "CAPCLASS": 45, "JUR": 2, "SCREEN": 0, "FTYPE": 4, "TOLL": 0, "TOLLGRP": 0, "AMLANE": 1, "AMLIMIT": 0, "PMLANE": 1, "PMLIMIT": 0, "OPLANE": 1, "OPLIMIT": 0, "EDGEID": 26700000000, "LINKID": 67204, "NETYEAR": 2001, "SHAPE_LENG": 5215.29, "PROJECTID": "NEWTAZ", "TAZ": 1258, "ATYPE": 5, "MDLANE": 1, "MDLIMIT": 0, "NTLANE": 1, "NTLIMIT": 0, "DEFLATIONFT": 0.8011, "AMTOLL": 0.0, "PMTOLL": 0.0, "OPTOLL": 0.0, "AMTOLL_VP": 0.0, "PMTOLL_VP": 0.0, "OPTOLL_VP": 0.0, "AMHTIME": 3.27815, "PMHTIME": 3.27815, "OPHTIME": 2.80718, "MDTOLL": 0.0, "MDTOLL_VP": 0.0, "MDHTIME": 2.80718, "NTTOLL": 0.0, "NTTOLL_VP": 0.0, "NTHTIME": 2.80718, "LINKAB": 2673927658, "TURNPENI": "TURNPEN.PEN", "I4AMSOV": 0.0, "I4AMHV2": 0.0, "I4AMHV3": 0.0, "I4AMCV": 0.0, "I4AMTRK": 0.0, "I4AMAPX": 0.0, "I4AMVOL": 0.0, "I4AMVMT": 0.0, "I4AMFFSPD": 40, "AMHRLKCAP": 800, "AMHRLNCAP": 800, "I4AMVC": 0.0, "I4AMVDF": 1.0, "I4AMSPD": 40.0, "COMP": 0, "I4MDSOV": 0.0, "I4MDHV2": 0.0, "I4MDHV3": 0.0, "I4MDCV": 0.0, "I4MDTRK": 0.0, "I4MDAPX": 0.0, "I4MDVOL": 0.0, "I4MDVMT": 0.0, "I4MDFFSPD": 40, "MDHRLKCAP": 800, "MDHRLNCAP": 800, "I4MDVC": 0.0, "I4MDVDF": 1.0, "I4MDSPD": 40.0, "I4PMSOV": 1697.60046, "I4PMHV2": 308.7663, "I4PMHV3": 146.78255, "I4PMCV": 109.98719, "I4PMTRK": 53.02066, "I4PMAPX": 54.76078, "I4PMVOL": 2370.91797, "I4PMVMT": 2347.20898, "I4PMFFSPD": 40, "PMHRLKCAP": 800, "PMHRLNCAP": 800, "I4PMVC": 0.87131, "I4PMVDF": 1.6782, "I4PMSPD": 23.83508, "I4NTSOV": 0.0, "I4NTHV2": 0.0, "I4NTHV3": 0.0, "I4NTCV": 0.0, "I4NTTRK": 0.0, "I4NTAPX": 0.0, "I4NTVOL": 0.0, "I4NTVMT": 0.0, "I4NTFFSPD": 40, "NTHRLKCAP": 800, "NTHRLNCAP": 800, "I4NTVC": 0.0, "I4NTVDF": 1.0, "I4NTSPD": 40.0, "I424VOL": 2370.91797, "TVOL00": 2, "TVMT00": 1.98, "ID": 0, "AADT_2023": 0, "AWDT_2023": 0, "MD210": 0, "CNT2LOADDIF": 0.0, "ABSNCTDIFF": 0.0, "CNT2LOADPCT": 0.0, "ABSPCTDIFF": 0.0, "MD210U": 0, "LOAD1": 2370.91797, "LOAD2": 474.27039, "LOADGRW": -1896.64758, "ABSGRW": 1896.64758, "PRCGRW": -0.7999634, "PRCANLGRW": -3.6361973 }, "geometry": { "type": "LineString", "coordinates": [ [ -76.849096924900707, 38.820512620667223 ], [ -76.848633752457204, 38.820021994457576 ], [ -76.847762524394412, 38.819386993586178 ], [ -76.846922735793612, 38.818630129837949 ], [ -76.845957630912551, 38.818190028630269 ], [ -76.844836990671524, 38.817627814533743 ], [ -76.842999635196463, 38.817064628268199 ], [ -76.842096684384572, 38.816722096502396 ], [ -76.8408510147475, 38.816354711023052 ], [ -76.838266118814431, 38.815668529631893 ], [ -76.836585174640732, 38.81488604234891 ], [ -76.835028686094461, 38.814201225232125 ], [ -76.834094421725808, 38.813956104627259 ], [ -76.833283010510655, 38.813783120350742 ] ] } },
{ "type": "Feature", "properties": { "A": 26798, "B": 1399, "SUBAREA": 0, "FFSNEW": 0, "CPENEW": 0, "CPEFAC": 0, "TIMEPEN": 0, "DISTANCE": 0.67, "SPDCLASS": 5, "CAPCLASS": 5, "JUR": 2, "SCREEN": 0, "FTYPE": 0, "TOLL": 0, "TOLLGRP": 0, "AMLANE": 7, "AMLIMIT": 0, "PMLANE": 7, "PMLIMIT": 0, "OPLANE": 7, "OPLIMIT": 0, "EDGEID": 1399026798, "LINKID": 48689, "NETYEAR": 2001, "SHAPE_LENG": 3544.69, "PROJECTID": "NA", "TAZ": 1399, "ATYPE": 5, "MDLANE": 7, "MDLIMIT": 0, "NTLANE": 7, "NTLIMIT": 0, "DEFLATIONFT": 0.8011, "AMTOLL": 0.0, "PMTOLL": 0.0, "OPTOLL": 0.0, "AMTOLL_VP": 0.0, "PMTOLL_VP": 0.0, "OPTOLL_VP": 0.0, "AMHTIME": 1.34, "PMHTIME": 1.34, "OPHTIME": 1.34, "MDTOLL": 0.0, "MDTOLL_VP": 0.0, "MDHTIME": 1.34, "NTTOLL": 0.0, "NTTOLL_VP": 0.0, "NTHTIME": 1.34, "LINKAB": 2679801399, "TURNPENI": "TURNPEN.PEN", "I4AMSOV": 59.57135, "I4AMHV2": 10.63424, "I4AMHV3": 4.28, "I4AMCV": 9.27521, "I4AMTRK": 10.80564, "I4AMAPX": 0.22, "I4AMVOL": 94.78645, "I4AMVMT": 63.50692, "I4AMFFSPD": 35, "AMHRLKCAP": 22050, "AMHRLNCAP": 3150, "I4AMVC": 0.00179, "I4AMVDF": 1.0, "I4AMSPD": 35.0, "COMP": 0, "I4MDSOV": 174.70061, "I4MDHV2": 47.23473, "I4MDHV3": 23.73685, "I4MDCV": 13.25672, "I4MDTRK": 18.32125, "I4MDAPX": 0.35, "I4MDVOL": 277.60016, "I4MDVMT": 185.99211, "I4MDFFSPD": 35, "MDHRLKCAP": 22050, "MDHRLNCAP": 3150, "I4MDVC": 0.00223, "I4MDVDF": 1.0, "I4MDSPD": 35.0, "I4PMSOV": 9.58148, "I4PMHV2": 3.6173, "I4PMHV3": 1.21, "I4PMCV": 0.29009, "I4PMTRK": 0.16414, "I4PMAPX": 0.16414, "I4PMVOL": 15.02714, "I4PMVMT": 10.06818, "I4PMFFSPD": 35, "PMHRLKCAP": 22050, "PMHRLNCAP": 3150, "I4PMVC": 0.0002, "I4PMVDF": 1.0, "I4PMSPD": 35.0, "I4NTSOV": 133.45282, "I4NTHV2": 41.99087, "I4NTHV3": 20.10118, "I4NTCV": 5.61222, "I4NTTRK": 4.26, "I4NTAPX": 0.14, "I4NTVOL": 205.55708, "I4NTVMT": 137.72325, "I4NTFFSPD": 35, "NTHRLKCAP": 22050, "NTHRLNCAP": 3150, "I4NTVC": 0.0014, "I4NTVDF": 1.0, "I4NTSPD": 35.0, "I424VOL": 592.97083, "TVOL00": 0, "TVMT00": 0.0, "ID": 0, "AADT_2023": 0, "AWDT_2023": 0, "MD210": 0, "CNT2LOADDIF": 0.0, "ABSNCTDIFF": 0.0, "CNT2LOADPCT": 0.0, "ABSPCTDIFF": 0.0, "MD210U": 2, "LOAD1": 592.97083, "LOAD2": 97.51717, "LOADGRW": -495.45364, "ABSGRW": 495.45364, "PRCGRW": -0.8355448, "PRCANLGRW": -3.7979307 }, "geometry": { "type": "LineString", "coordinates": [ [ -76.985326680066791, 38.68211303761364 ], [ -76.995958874041051, 38.677080764865401 ] ] } },
{ "type": "Feature", "properties": { "A": 26995, "B": 28024, "SUBAREA": 0, "FFSNEW": 0, "CPENEW": 0, "CPEFAC": 0, "TIMEPEN": 0, "DISTANCE": 0.16, "SPDCLASS": 45, "CAPCLASS": 45, "JUR": 2, "SCREEN": 0, "FTYPE": 4, "TOLL": 0, "TOLLGRP": 0, "AMLANE": 1, "AMLIMIT": 0, "PMLANE": 1, "PMLIMIT": 0, "OPLANE": 1, "OPLIMIT": 0, "EDGEID": 27000000000, "LINKID": 80177, "NETYEAR": 2001, "SHAPE_LENG": 842.9, "PROJECTID": "NA", "TAZ": 1316, "ATYPE": 5, "MDLANE": 1, "MDLIMIT": 0, "NTLANE": 1, "NTLIMIT": 0, "DEFLATIONFT": 0.8011, "AMTOLL": 0.0, "PMTOLL": 0.0, "OPTOLL": 0.0, "AMTOLL_VP": 0.0, "PMTOLL_VP": 0.0, "OPTOLL_VP": 0.0, "AMHTIME": 0.5298, "PMHTIME": 0.5298, "OPHTIME": 0.45369, "MDTOLL": 0.0, "MDTOLL_VP": 0.0, "MDHTIME": 0.45369, "NTTOLL": 0.0, "NTTOLL_VP": 0.0, "NTHTIME": 0.45369, "LINKAB": 2699528024, "TURNPENI": "TURNPEN.PEN", "I4AMSOV": 464.34946, "I4AMHV2": 53.72269, "I4AMHV3": 23.02646, "I4AMCV": 38.88919, "I4AMTRK": 39.401, "I4AMAPX": 7.63546, "I4AMVOL": 627.02429, "I4AMVMT": 100.32388, "I4AMFFSPD": 40, "AMHRLKCAP": 800, "AMHRLNCAP": 800, "I4AMVC": 0.32684, "I4AMVDF": 1.10661, "I4AMSPD": 36.14633, "COMP": 0, "I4MDSOV": 3.51, "I4MDHV2": 0.65, "I4MDHV3": 0.2, "I4MDCV": 0.16, "I4MDTRK": 0.12, "I4MDAPX": 0.0, "I4MDVOL": 4.64, "I4MDVMT": 0.7424, "I4MDFFSPD": 40, "MDHRLKCAP": 800, "MDHRLNCAP": 800, "I4MDVC": 0.00103, "I4MDVDF": 1.00026, "I4MDSPD": 39.98974, "I4PMSOV": 2.14779, "I4PMHV2": 0.5397, "I4PMHV3": 0.23, "I4PMCV": 0.32626, "I4PMTRK": 0.08874, "I4PMAPX": 0.08874, "I4PMVOL": 3.42123, "I4PMVMT": 0.5474, "I4PMFFSPD": 40, "PMHRLKCAP": 800, "PMHRLNCAP": 800, "I4PMVC": 0.00126, "I4PMVDF": 1.00031, "I4PMSPD": 39.98743, "I4NTSOV": 1.93, "I4NTHV2": 0.4, "I4NTHV3": 0.16, "I4NTCV": 0.02, "I4NTTRK": 0.0, "I4NTAPX": 0.0, "I4NTVOL": 2.51, "I4NTVMT": 0.4016, "I4NTFFSPD": 40, "NTHRLKCAP": 800, "NTHRLNCAP": 800, "I4NTVC": 0.00047, "I4NTVDF": 1.00012, "I4NTSPD": 39.99529, "I424VOL": 637.59552, "TVOL00": 1, "TVMT00": 0.16, "ID": 0, "AADT_2023": 0, "AWDT_2023": 0, "MD210": 0, "CNT2LOADDIF": 0.0, "ABSNCTDIFF": 0.0, "CNT2LOADPCT": 0.0, "ABSPCTDIFF": 0.0, "MD210U": 0, "LOAD1": 637.59552, "LOAD2": 178.60156, "LOADGRW": -458.99396, "ABSGRW": 458.99396, "PRCGRW": -0.7198827, "PRCANLGRW": -3.2721939 }, "geometry": { "type": "LineString", "coordinates": [ [ -76.861557758038742, 38.711511005170806 ], [ -76.860359999757165, 38.712330000167377 ], [ -76.859287406171902, 38.712991035743798 ] ] } },
{ "type": "Feature", "properties": { "A": 27178, "B": 27181, "SUBAREA": 0, "FFSNEW": 0, "CPENEW": 0, "CPEFAC": 0, "TIMEPEN": 0, "DISTANCE": 0.43, "SPDCLASS": 65, "CAPCLASS": 65, "JUR": 2, "SCREEN": 0, "FTYPE": 6, "TOLL": 0, "TOLLGRP": 0, "AMLANE": 2, "AMLIMIT": 0, "PMLANE": 2, "PMLIMIT": 0, "OPLANE": 2, "OPLIMIT": 0, "EDGEID": 27200000000, "LINKID": 5176, "NETYEAR": 2000, "SHAPE_LENG": 2252.64, "PROJECTID": "RAMP95", "TAZ": 1156, "ATYPE": 5, "MDLANE": 2, "MDLIMIT": 0, "NTLANE": 2, "NTLIMIT": 0, "DEFLATIONFT": 0.8011, "AMTOLL": 0.0, "PMTOLL": 0.0, "OPTOLL": 0.0, "AMTOLL_VP": 0.0, "PMTOLL_VP": 0.0, "OPTOLL_VP": 0.0, "AMHTIME": 0.75682, "PMHTIME": 0.75682, "OPHTIME": 0.74869, "MDTOLL": 0.0, "MDTOLL_VP": 0.0, "MDHTIME": 0.74869, "NTTOLL": 0.0, "NTTOLL_VP": 0.0, "NTHTIME": 0.74869, "LINKAB": 2717827181, "TURNPENI": "TURNPEN.PEN", "I4AMSOV": 866.07043, "I4AMHV2": 59.16433, "I4AMHV3": 178.52573, "I4AMCV": 101.03936, "I4AMTRK": 120.00243, "I4AMAPX": 7.67957, "I4AMVOL": 1332.48181, "I4AMVMT": 572.96716, "I4AMFFSPD": 40, "AMHRLKCAP": 4000, "AMHRLNCAP": 2000, "I4AMVC": 0.13891, "I4AMVDF": 1.00595, "I4AMSPD": 39.76358, "COMP": 0, "I4MDSOV": 133.89, "I4MDHV2": 36.91, "I4MDHV3": 14.46, "I4MDCV": 20.33, "I4MDTRK": 24.55659, "I4MDAPX": 2.48, "I4MDVOL": 232.62659, "I4MDVMT": 100.02943, "I4MDFFSPD": 40, "MDHRLKCAP": 4000, "MDHRLNCAP": 2000, "I4MDVC": 0.01029, "I4MDVDF": 1.00041, "I4MDSPD": 39.98354, "I4PMSOV": 268.58798, "I4PMHV2": 77.84293, "I4PMHV3": 431.71072, "I4PMCV": 50.61191, "I4PMTRK": 20.14721, "I4PMAPX": 19.85582, "I4PMVOL": 868.75659, "I4PMVMT": 373.56531, "I4PMFFSPD": 40, "PMHRLKCAP": 4000, "PMHRLNCAP": 2000, "I4PMVC": 0.06385, "I4PMVDF": 1.00255, "I4PMSPD": 39.89809, "I4NTSOV": 112.51514, "I4NTHV2": 33.50454, "I4NTHV3": 14.39642, "I4NTCV": 9.66, "I4NTTRK": 6.22, "I4NTAPX": 1.01, "I4NTVOL": 177.30611, "I4NTVMT": 76.24162, "I4NTFFSPD": 40, "NTHRLKCAP": 4000, "NTHRLNCAP": 2000, "I4NTVC": 0.00665, "I4NTVDF": 1.00027, "I4NTSPD": 39.98936, "I424VOL": 2611.17114, "TVOL00": 3, "TVMT00": 1.29, "ID": 0, "AADT_2023": 0, "AWDT_2023": 0, "MD210": 0, "CNT2LOADDIF": 0.0, "ABSNCTDIFF": 0.0, "CNT2LOADPCT": 0.0, "ABSPCTDIFF": 0.0, "MD210U": 0, "LOAD1": 2611.17114, "LOAD2": 768.51849, "LOADGRW": -1842.65259, "ABSGRW": 1842.65259, "PRCGRW": -0.7056805, "PRCANLGRW": -3.2076387 }, "geometry": { "type": "LineString", "coordinates": [ [ -76.71643670776163, 38.967263133672049 ], [ -76.716648146795649, 38.967892266253365 ], [ -76.716748147109925, 38.967602267590316 ], [ -76.716778147653883, 38.96749226679497 ], [ -76.716848147424173, 38.96712226698115 ], [ -76.716898147131644, 38.966942268214147 ], [ -76.716978146483768, 38.966742267585609 ], [ -76.717068147216253, 38.966552267438189 ], [ -76.717228146819764, 38.966282267938631 ], [ -76.717408146486093, 38.966032268501962 ], [ -76.71759814663352, 38.96582226739234 ], [ -76.71781814732492, 38.965612268081401 ], [ -76.718618145342418, 38.964922268161267 ], [ -76.718828145552678, 38.964722268432126 ], [ -76.719068146306938, 38.964442267552151 ], [ -76.719138146077228, 38.96434226813718 ], [ -76.719198145366491, 38.964222267760128 ], [ -76.71923814639149, 38.964092267801206 ], [ -76.719268146036157, 38.963932268197681 ], [ -76.719274944025017, 38.963854093573715 ], [ -76.719288146098961, 38.963702268823901 ], [ -76.719278146517183, 38.963582268446764 ], [ -76.719268145136837, 38.963452268487899 ], [ -76.719218146328686, 38.963152268444439 ], [ -76.719109011376133, 38.962983495172722 ] ] } },
{ "type": "Feature", "properties": { "A": 27343, "B": 969, "SUBAREA": 0, "FFSNEW": 0, "CPENEW": 0, "CPEFAC": 0, "TIMEPEN": 0, "DISTANCE": 0.21, "SPDCLASS": 4, "CAPCLASS": 4, "JUR": 2, "SCREEN": 0, "FTYPE": 0, "TOLL": 0, "TOLLGRP": 0, "AMLANE": 7, "AMLIMIT": 0, "PMLANE": 7, "PMLIMIT": 0, "OPLANE": 7, "OPLIMIT": 0, "EDGEID": 27300000000, "LINKID": 73152, "NETYEAR": 2001, "SHAPE_LENG": 1100.88, "PROJECTID": "NA", "TAZ": 969, "ATYPE": 4, "MDLANE": 7, "MDLIMIT": 0, "NTLANE": 7, "NTLIMIT": 0, "DEFLATIONFT": 0.8011, "AMTOLL": 0.0, "PMTOLL": 0.0, "OPTOLL": 0.0, "AMTOLL_VP": 0.0, "PMTOLL_VP": 0.0, "OPTOLL_VP": 0.0, "AMHTIME": 0.504, "PMHTIME": 0.504, "OPHTIME": 0.504, "MDTOLL": 0.0, "MDTOLL_VP": 0.0, "MDHTIME": 0.504, "NTTOLL": 0.0, "NTTOLL_VP": 0.0, "NTHTIME": 0.504, "LINKAB": 2734300969, "TURNPENI": "TURNPEN.PEN", "I4AMSOV": 26.01167, "I4AMHV2": 4.42279, "I4AMHV3": 1.17, "I4AMCV": 5.69591, "I4AMTRK": 1.3081, "I4AMAPX": 0.05, "I4AMVOL": 38.65848, "I4AMVMT": 8.11828, "I4AMFFSPD": 29, "AMHRLKCAP": 22050, "AMHRLNCAP": 3150, "I4AMVC": 0.00073, "I4AMVDF": 1.0, "I4AMSPD": 29.0, "COMP": 0, "I4MDSOV": 85.68954, "I4MDHV2": 16.62458, "I4MDHV3": 4.73729, "I4MDCV": 9.39, "I4MDTRK": 2.5, "I4MDAPX": 0.07, "I4MDVOL": 119.01141, "I4MDVMT": 24.9924, "I4MDFFSPD": 29, "MDHRLKCAP": 22050, "MDHRLNCAP": 3150, "I4MDVC": 0.00096, "I4MDVDF": 1.0, "I4MDSPD": 29.0, "I4PMSOV": 55.75562, "I4PMHV2": 16.23115, "I4PMHV3": 4.36, "I4PMCV": 9.62649, "I4PMTRK": 0.91742, "I4PMAPX": 0.92667, "I4PMVOL": 87.81736, "I4PMVMT": 18.44164, "I4PMFFSPD": 29, "PMHRLKCAP": 22050, "PMHRLNCAP": 3150, "I4PMVC": 0.00117, "I4PMVDF": 1.0, "I4PMSPD": 29.0, "I4NTSOV": 59.88449, "I4NTHV2": 18.7763, "I4NTHV3": 5.7, "I4NTCV": 6.0, "I4NTTRK": 1.56, "I4NTAPX": 0.03, "I4NTVOL": 91.9508, "I4NTVMT": 19.30967, "I4NTFFSPD": 29, "NTHRLKCAP": 22050, "NTHRLNCAP": 3150, "I4NTVC": 0.00063, "I4NTVDF": 1.0, "I4NTSPD": 29.0, "I424VOL": 337.43805, "TVOL00": 0, "TVMT00": 0.0, "ID": 0, "AADT_2023": 0, "AWDT_2023": 0, "MD210": 0, "CNT2LOADDIF": 0.0, "ABSNCTDIFF": 0.0, "CNT2LOADPCT": 0.0, "ABSPCTDIFF": 0.0, "MD210U": 0, "LOAD1": 337.43805, "LOAD2": 74.0937, "LOADGRW": -263.34436, "ABSGRW": 263.34436, "PRCGRW": -0.7804228, "PRCANLGRW": -3.5473764 }, "geometry": { "type": "LineString", "coordinates": [ [ -76.96751765473195, 38.958291696684093 ], [ -76.963762220027704, 38.957557484887303 ] ] } },
{ "type": "Feature", "properties": { "A": 27387, "B": 27388, "SUBAREA": 0, "FFSNEW": 0, "CPENEW": 0, "CPEFAC": 0, "TIMEPEN": 0, "DISTANCE": 0.33, "SPDCLASS": 44, "CAPCLASS": 44, "JUR": 2, "SCREEN": 0, "FTYPE": 4, "TOLL": 0, "TOLLGRP": 0, "AMLANE": 1, "AMLIMIT": 0, "PMLANE": 1, "PMLIMIT": 0, "OPLANE": 1, "OPLIMIT": 0, "EDGEID": 27400000000, "LINKID": 8185, "NETYEAR": 2001, "SHAPE_LENG": 1735.31, "PROJECTID": "NEWTAZ", "TAZ": 1197, "ATYPE": 4, "MDLANE": 1, "MDLIMIT": 0, "NTLANE": 1, "NTLIMIT": 0, "DEFLATIONFT": 0.8011, "AMTOLL": 0.0, "PMTOLL": 0.0, "OPTOLL": 0.0, "AMTOLL_VP": 0.0, "PMTOLL_VP": 0.0, "OPTOLL_VP": 0.0, "AMHTIME": 1.12436, "PMHTIME": 1.12436, "OPHTIME": 0.95192, "MDTOLL": 0.0, "MDTOLL_VP": 0.0, "MDHTIME": 0.95192, "NTTOLL": 0.0, "NTTOLL_VP": 0.0, "NTHTIME": 0.95192, "LINKAB": 2738727388, "TURNPENI": "TURNPEN.PEN", "I4AMSOV": 0.01527, "I4AMHV2": 0.00208, "I4AMHV3": 0.0, "I4AMCV": 0.00137, "I4AMTRK": 0.00078, "I4AMAPX": 0.00013, "I4AMVOL": 0.01963, "I4AMVMT": 0.00648, "I4AMFFSPD": 40, "AMHRLKCAP": 800, "AMHRLNCAP": 800, "I4AMVC": 1.0000000000000001e-05, "I4AMVDF": 1.0, "I4AMSPD": 39.9999, "COMP": 0, "I4MDSOV": 0.0, "I4MDHV2": 0.0, "I4MDHV3": 0.0, "I4MDCV": 0.0, "I4MDTRK": 0.0, "I4MDAPX": 0.0, "I4MDVOL": 0.0, "I4MDVMT": 0.0, "I4MDFFSPD": 40, "MDHRLKCAP": 800, "MDHRLNCAP": 800, "I4MDVC": 0.0, "I4MDVDF": 1.0, "I4MDSPD": 40.0, "I4PMSOV": 0.0, "I4PMHV2": 0.0, "I4PMHV3": 0.0, "I4PMCV": 0.0, "I4PMTRK": 0.0, "I4PMAPX": 0.0, "I4PMVOL": 0.0, "I4PMVMT": 0.0, "I4PMFFSPD": 40, "PMHRLKCAP": 800, "PMHRLNCAP": 800, "I4PMVC": 0.0, "I4PMVDF": 1.0, "I4PMSPD": 40.0, "I4NTSOV": 0.0, "I4NTHV2": 0.0, "I4NTHV3": 0.0, "I4NTCV": 0.0, "I4NTTRK": 0.0, "I4NTAPX": 0.0, "I4NTVOL": 0.0, "I4NTVMT": 0.0, "I4NTFFSPD": 40, "NTHRLKCAP": 800, "NTHRLNCAP": 800, "I4NTVC": 0.0, "I4NTVDF": 1.0, "I4NTSPD": 40.0, "I424VOL": 0.01963, "TVOL00": 0, "TVMT00": 0.0, "ID": 0, "AADT_2023": 0, "AWDT_2023": 0, "MD210": 0, "CNT2LOADDIF": 0.0, "ABSNCTDIFF": 0.0, "CNT2LOADPCT": 0.0, "ABSPCTDIFF": 0.0, "MD210U": 0, "LOAD1": 0.01963, "LOAD2": 0.00345, "LOADGRW": -0.01617, "ABSGRW": 0.01617, "PRCGRW": -0.8240995, "PRCANLGRW": -3.7459066 }, "geometry": { "type": "LineString", "coordinates": [ [ -76.855089724836773, 39.065436819496533 ], [ -76.855089552231789, 39.0655026921659 ], [ -76.855178640278069, 39.07020339922186 ] ] } },
{ "type": "Feature", "properties": { "A": 27388, "B": 1200, "SUBAREA": 0, "FFSNEW": 0, "CPENEW": 0, "CPEFAC": 0, "TIMEPEN": 0, "DISTANCE": 0.42, "SPDCLASS": 4, "CAPCLASS": 4, "JUR": 2, "SCREEN": 0, "FTYPE": 0, "TOLL": 0, "TOLLGRP": 0, "AMLANE": 7, "AMLIMIT": 0, "PMLANE": 7, "PMLIMIT": 0, "OPLANE": 7, "OPLIMIT": 0, "EDGEID": 1200027388, "LINKID": 6100, "NETYEAR": 2001, "SHAPE_LENG": 2197.08, "PROJECTID": "NA", "TAZ": 1200, "ATYPE": 4, "MDLANE": 7, "MDLIMIT": 0, "NTLANE": 7, "NTLIMIT": 0, "DEFLATIONFT": 0.8011, "AMTOLL": 0.0, "PMTOLL": 0.0, "OPTOLL": 0.0, "AMTOLL_VP": 0.0, "PMTOLL_VP": 0.0, "OPTOLL_VP": 0.0, "AMHTIME": 1.008, "PMHTIME": 1.008, "OPHTIME": 1.008, "MDTOLL": 0.0, "MDTOLL_VP": 0.0, "MDHTIME": 1.008, "NTTOLL": 0.0, "NTTOLL_VP": 0.0, "NTHTIME": 1.008, "LINKAB": 2738801200, "TURNPENI": "TURNPEN.PEN", "I4AMSOV": 0.01527, "I4AMHV2": 0.00208, "I4AMHV3": 0.0, "I4AMCV": 0.00137, "I4AMTRK": 0.00078, "I4AMAPX": 0.00013, "I4AMVOL": 0.01963, "I4AMVMT": 0.00824, "I4AMFFSPD": 29, "AMHRLKCAP": 22050, "AMHRLNCAP": 3150, "I4AMVC": 0.0, "I4AMVDF": 1.0, "I4AMSPD": 29.0, "COMP": 0, "I4MDSOV": 0.0, "I4MDHV2": 0.0, "I4MDHV3": 0.0, "I4MDCV": 0.0, "I4MDTRK": 0.0, "I4MDAPX": 0.0, "I4MDVOL": 0.0, "I4MDVMT": 0.0, "I4MDFFSPD": 29, "MDHRLKCAP": 22050, "MDHRLNCAP": 3150, "I4MDVC": 0.0, "I4MDVDF": 1.0, "I4MDSPD": 29.0, "I4PMSOV": 0.0, "I4PMHV2": 0.0, "I4PMHV3": 0.0, "I4PMCV": 0.0, "I4PMTRK": 0.0, "I4PMAPX": 0.0, "I4PMVOL": 0.0, "I4PMVMT": 0.0, "I4PMFFSPD": 29, "PMHRLKCAP": 22050, "PMHRLNCAP": 3150, "I4PMVC": 0.0, "I4PMVDF": 1.0, "I4PMSPD": 29.0, "I4NTSOV": 0.0, "I4NTHV2": 0.0, "I4NTHV3": 0.0, "I4NTCV": 0.0, "I4NTTRK": 0.0, "I4NTAPX": 0.0, "I4NTVOL": 0.0, "I4NTVMT": 0.0, "I4NTFFSPD": 29, "NTHRLKCAP": 22050, "NTHRLNCAP": 3150, "I4NTVC": 0.0, "I4NTVDF": 1.0, "I4NTSPD": 29.0, "I424VOL": 0.01963, "TVOL00": 0, "TVMT00": 0.0, "ID": 0, "AADT_2023": 0, "AWDT_2023": 0, "MD210": 0, "CNT2LOADDIF": 0.0, "ABSNCTDIFF": 0.0, "CNT2LOADPCT": 0.0, "ABSPCTDIFF": 0.0, "MD210U": 0, "LOAD1": 0.01963, "LOAD2": 0.00345, "LOADGRW": -0.01617, "ABSGRW": 0.01617, "PRCGRW": -0.8240995, "PRCANLGRW": -3.7459066 }, "geometry": { "type": "LineString", "coordinates": [ [ -76.855178640278069, 39.07020339922186 ], [ -76.862711790092632, 39.068820422782387 ] ] } },
{ "type": "Feature", "properties": { "A": 27452, "B": 1000, "SUBAREA": 0, "FFSNEW": 0, "CPENEW": 0, "CPEFAC": 0, "TIMEPEN": 0, "DISTANCE": 0.63, "SPDCLASS": 3, "CAPCLASS": 3, "JUR": 2, "SCREEN": 0, "FTYPE": 0, "TOLL": 0, "TOLLGRP": 0, "AMLANE": 7, "AMLIMIT": 0, "PMLANE": 7, "PMLIMIT": 0, "OPLANE": 7, "OPLIMIT": 0, "EDGEID": 27500000000, "LINKID": 64388, "NETYEAR": 2001, "SHAPE_LENG": 3350.3, "PROJECTID": "NA", "TAZ": 1000, "ATYPE": 3, "MDLANE": 7, "MDLIMIT": 0, "NTLANE": 7, "NTLIMIT": 0, "DEFLATIONFT": 0.8011, "AMTOLL": 0.0, "PMTOLL": 0.0, "OPTOLL": 0.0, "AMTOLL_VP": 0.0, "PMTOLL_VP": 0.0, "OPTOLL_VP": 0.0, "AMHTIME": 1.89, "PMHTIME": 1.89, "OPHTIME": 1.89, "MDTOLL": 0.0, "MDTOLL_VP": 0.0, "MDHTIME": 1.89, "NTTOLL": 0.0, "NTTOLL_VP": 0.0, "NTHTIME": 1.89, "LINKAB": 2745201000, "TURNPENI": "TURNPEN.PEN", "I4AMSOV": 0.0, "I4AMHV2": 0.0, "I4AMHV3": 0.0, "I4AMCV": 0.0, "I4AMTRK": 0.0, "I4AMAPX": 0.0, "I4AMVOL": 0.0, "I4AMVMT": 0.0, "I4AMFFSPD": 23, "AMHRLKCAP": 22050, "AMHRLNCAP": 3150, "I4AMVC": 0.0, "I4AMVDF": 1.0, "I4AMSPD": 23.0, "COMP": 0, "I4MDSOV": 0.0, "I4MDHV2": 0.0, "I4MDHV3": 0.0, "I4MDCV": 0.0, "I4MDTRK": 0.0, "I4MDAPX": 0.0, "I4MDVOL": 0.0, "I4MDVMT": 0.0, "I4MDFFSPD": 23, "MDHRLKCAP": 22050, "MDHRLNCAP": 3150, "I4MDVC": 0.0, "I4MDVDF": 1.0, "I4MDSPD": 23.0, "I4PMSOV": 207.70134, "I4PMHV2": 62.65489, "I4PMHV3": 24.91, "I4PMCV": 23.90036, "I4PMTRK": 10.86563, "I4PMAPX": 9.90491, "I4PMVOL": 339.93713, "I4PMVMT": 214.16039, "I4PMFFSPD": 23, "PMHRLKCAP": 22050, "PMHRLNCAP": 3150, "I4PMVC": 0.00453, "I4PMVDF": 1.0, "I4PMSPD": 23.0, "I4NTSOV": 0.0, "I4NTHV2": 0.0, "I4NTHV3": 0.0, "I4NTCV": 0.0, "I4NTTRK": 0.0, "I4NTAPX": 0.0, "I4NTVOL": 0.0, "I4NTVMT": 0.0, "I4NTFFSPD": 23, "NTHRLKCAP": 22050, "NTHRLNCAP": 3150, "I4NTVC": 0.0, "I4NTVDF": 1.0, "I4NTSPD": 23.0, "I424VOL": 339.93713, "TVOL00": 0, "TVMT00": 0.0, "ID": 0, "AADT_2023": 0, "AWDT_2023": 0, "MD210": 0, "CNT2LOADDIF": 0.0, "ABSNCTDIFF": 0.0, "CNT2LOADPCT": 0.0, "ABSPCTDIFF": 0.0, "MD210U": 0, "LOAD1": 339.93713, "LOAD2": 105.18733, "LOADGRW": -234.7498, "ABSGRW": 234.7498, "PRCGRW": -0.6905683, "PRCANLGRW": -3.1389468 }, "geometry": { "type": "LineString", "coordinates": [ [ -76.890139080067769, 38.972742002560636 ], [ -76.881830734640531, 38.979268705613812 ] ] } },
{ "type": "Feature", "properties": { "A": 27568, "B": 27567, "SUBAREA": 0, "FFSNEW": 0, "CPENEW": 0, "CPEFAC": 0, "TIMEPEN": 0, "DISTANCE": 0.36, "SPDCLASS": 46, "CAPCLASS": 46, "JUR": 2, "SCREEN": 0, "FTYPE": 4, "TOLL": 0, "TOLLGRP": 0, "AMLANE": 1, "AMLIMIT": 0, "PMLANE": 1, "PMLIMIT": 0, "OPLANE": 1, "OPLIMIT": 0, "EDGEID": 27600000000, "LINKID": 49517, "NETYEAR": 2001, "SHAPE_LENG": 1888.15, "PROJECTID": "NEWTAZ", "TAZ": 1319, "ATYPE": 6, "MDLANE": 1, "MDLIMIT": 0, "NTLANE": 1, "NTLIMIT": 0, "DEFLATIONFT": 0.8011, "AMTOLL": 0.0, "PMTOLL": 0.0, "OPTOLL": 0.0, "AMTOLL_VP": 0.0, "PMTOLL_VP": 0.0, "OPTOLL_VP": 0.0, "AMHTIME": 0.87485, "PMHTIME": 0.87485, "OPHTIME": 0.78318, "MDTOLL": 0.0, "MDTOLL_VP": 0.0, "MDHTIME": 0.78318, "NTTOLL": 0.0, "NTTOLL_VP": 0.0, "NTHTIME": 0.78318, "LINKAB": 2756827567, "TURNPENI": "TURNPEN.PEN", "I4AMSOV": 157.9278, "I4AMHV2": 22.1811, "I4AMHV3": 7.06, "I4AMCV": 19.29669, "I4AMTRK": 16.34344, "I4AMAPX": 0.53998, "I4AMVOL": 223.34901, "I4AMVMT": 80.40565, "I4AMFFSPD": 40, "AMHRLKCAP": 800, "AMHRLNCAP": 800, "I4AMVC": 0.11642, "I4AMVDF": 1.03009, "I4AMSPD": 38.83154, "COMP": 0, "I4MDSOV": 130.00835, "I4MDHV2": 31.10305, "I4MDHV3": 16.24, "I4MDCV": 16.72305, "I4MDTRK": 17.77441, "I4MDAPX": 0.25, "I4MDVOL": 212.09888, "I4MDVMT": 76.3556, "I4MDFFSPD": 40, "MDHRLKCAP": 800, "MDHRLNCAP": 800, "I4MDVC": 0.04693, "I4MDVDF": 1.01173, "I4MDSPD": 39.53617, "I4PMSOV": 101.50502, "I4PMHV2": 26.76665, "I4PMHV3": 13.252, "I4PMCV": 16.89961, "I4PMTRK": 10.33682, "I4PMAPX": 10.32678, "I4PMVOL": 179.08687, "I4PMVMT": 64.47128, "I4PMFFSPD": 40, "PMHRLKCAP": 800, "PMHRLNCAP": 800, "I4PMVC": 0.06581, "I4PMVDF": 1.01645, "I4PMSPD": 39.35251, "I4NTSOV": 80.67735, "I4NTHV2": 21.03529, "I4NTHV3": 9.64481, "I4NTCV": 6.46481, "I4NTTRK": 3.39, "I4NTAPX": 0.1, "I4NTVOL": 121.31226, "I4NTVMT": 43.67242, "I4NTFFSPD": 40, "NTHRLKCAP": 800, "NTHRLNCAP": 800, "I4NTVC": 0.02275, "I4NTVDF": 1.00569, "I4NTSPD": 39.77383, "I424VOL": 735.84705, "TVOL00": 1, "TVMT00": 0.36, "ID": 0, "AADT_2023": 0, "AWDT_2023": 0, "MD210": 0, "CNT2LOADDIF": 0.0, "ABSNCTDIFF": 0.0, "CNT2LOADPCT": 0.0, "ABSPCTDIFF": 0.0, "MD210U": 0, "LOAD1": 735.84705, "LOAD2": 181.58826, "LOADGRW": -554.25879, "ABSGRW": 554.25879, "PRCGRW": -0.7532256, "PRCANLGRW": -3.4237525 }, "geometry": { "type": "LineString", "coordinates": [ [ -76.841489231400871, 38.716933166170868 ], [ -76.83510731704051, 38.718302718097164 ] ] } },
{ "type": "Feature", "properties": { "A": 27612, "B": 26995, "SUBAREA": 0, "FFSNEW": 0, "CPENEW": 0, "CPEFAC": 0, "TIMEPEN": 0, "DISTANCE": 0.38, "SPDCLASS": 45, "CAPCLASS": 45, "JUR": 2, "SCREEN": 0, "FTYPE": 4, "TOLL": 0, "TOLLGRP": 0, "AMLANE": 2, "AMLIMIT": 0, "PMLANE": 2, "PMLIMIT": 0, "OPLANE": 2, "OPLIMIT": 0, "EDGEID": 27600000000, "LINKID": 57442, "NETYEAR": 2001, "SHAPE_LENG": 1991.85, "PROJECTID": "PGS60A", "TAZ": 1316, "ATYPE": 5, "MDLANE": 2, "MDLIMIT": 0, "NTLANE": 2, "NTLIMIT": 0, "DEFLATIONFT": 0.8011, "AMTOLL": 0.0, "PMTOLL": 0.0, "OPTOLL": 0.0, "AMTOLL_VP": 0.0, "PMTOLL_VP": 0.0, "OPTOLL_VP": 0.0, "AMHTIME": 1.25828, "PMHTIME": 1.25828, "OPHTIME": 1.0775, "MDTOLL": 0.0, "MDTOLL_VP": 0.0, "MDHTIME": 1.0775, "NTTOLL": 0.0, "NTTOLL_VP": 0.0, "NTHTIME": 1.0775, "LINKAB": 2761226995, "TURNPENI": "TURNPEN.PEN", "I4AMSOV": 292.28329, "I4AMHV2": 34.41454, "I4AMHV3": 21.17092, "I4AMCV": 26.17018, "I4AMTRK": 28.68241, "I4AMAPX": 6.05455, "I4AMVOL": 408.77588, "I4AMVMT": 155.33484, "I4AMFFSPD": 40, "AMHRLKCAP": 1600, "AMHRLNCAP": 800, "I4AMVC": 0.10654, "I4AMVDF": 1.02703, "I4AMSPD": 38.94739, "COMP": 0, "I4MDSOV": 3.51, "I4MDHV2": 0.65, "I4MDHV3": 0.2, "I4MDCV": 0.16, "I4MDTRK": 0.12, "I4MDAPX": 0.0, "I4MDVOL": 4.64, "I4MDVMT": 1.7632, "I4MDFFSPD": 40, "MDHRLKCAP": 1600, "MDHRLNCAP": 800, "I4MDVC": 0.00051, "I4MDVDF": 1.00013, "I4MDSPD": 39.99487, "I4PMSOV": 2.14779, "I4PMHV2": 0.5397, "I4PMHV3": 0.23, "I4PMCV": 0.32626, "I4PMTRK": 0.08874, "I4PMAPX": 0.08874, "I4PMVOL": 3.42123, "I4PMVMT": 1.30007, "I4PMFFSPD": 40, "PMHRLKCAP": 1600, "PMHRLNCAP": 800, "I4PMVC": 0.00063, "I4PMVDF": 1.00016, "I4PMSPD": 39.99371, "I4NTSOV": 1.93, "I4NTHV2": 0.4, "I4NTHV3": 0.16, "I4NTCV": 0.02, "I4NTTRK": 0.0, "I4NTAPX": 0.0, "I4NTVOL": 2.51, "I4NTVMT": 0.9538, "I4NTFFSPD": 40, "NTHRLKCAP": 1600, "NTHRLNCAP": 800, "I4NTVC": 0.00024, "I4NTVDF": 1.00006, "I4NTSPD": 39.99765, "I424VOL": 419.34711, "TVOL00": 0, "TVMT00": 0.0, "ID": 0, "AADT_2023": 0, "AWDT_2023": 0, "MD210": 0, "CNT2LOADDIF": 0.0, "ABSNCTDIFF": 0.0, "CNT2LOADPCT": 0.0, "ABSPCTDIFF": 0.0, "MD210U": 0, "LOAD1": 419.34711, "LOAD2": 133.78604, "LOADGRW": -285.56107, "ABSGRW": 285.56107, "PRCGRW": -0.6809658, "PRCANLGRW": -3.0952995 }, "geometry": { "type": "LineString", "coordinates": [ [ -76.865757357126185, 38.707161025711414 ], [ -76.865248113766441, 38.707632325193153 ], [ -76.863678115577443, 38.709272324951137 ], [ -76.86330811486431, 38.709712325434609 ], [ -76.86281811557275, 38.710342325166138 ], [ -76.862418114315702, 38.71081232529415 ], [ -76.862028115338376, 38.711162324145768 ], [ -76.861557758038742, 38.711511005170806 ] ] } },
{ "type": "Feature", "properties": { "A": 27658, "B": 26735, "SUBAREA": 0, "FFSNEW": 0, "CPENEW": 0, "CPEFAC": 0, "TIMEPEN": 0, "DISTANCE": 0.55, "SPDCLASS": 45, "CAPCLASS": 45, "JUR": 2, "SCREEN": 0, "FTYPE": 4, "TOLL": 0, "TOLLGRP": 0, "AMLANE": 1, "AMLIMIT": 0, "PMLANE": 1, "PMLIMIT": 0, "OPLANE": 1, "OPLIMIT": 0, "EDGEID": 26700000000, "LINKID": 67203, "NETYEAR": 2001, "SHAPE_LENG": 2890.87, "PROJECTID": "NEWTAZ", "TAZ": 1259, "ATYPE": 5, "MDLANE": 1, "MDLIMIT": 0, "NTLANE": 1, "NTLIMIT": 0, "DEFLATIONFT": 0.8011, "AMTOLL": 0.0, "PMTOLL": 0.0, "OPTOLL": 0.0, "AMTOLL_VP": 0.0, "PMTOLL_VP": 0.0, "OPTOLL_VP": 0.0, "AMHTIME": 1.82119, "PMHTIME": 1.82119, "OPHTIME": 1.55955, "MDTOLL": 0.0, "MDTOLL_VP": 0.0, "MDHTIME": 1.55955, "NTTOLL": 0.0, "NTTOLL_VP": 0.0, "NTHTIME": 1.55955, "LINKAB": 2765826735, "TURNPENI": "TURNPEN.PEN", "I4AMSOV": 0.0, "I4AMHV2": 0.0, "I4AMHV3": 0.0, "I4AMCV": 0.0, "I4AMTRK": 0.0, "I4AMAPX": 0.0, "I4AMVOL": 0.0, "I4AMVMT": 0.0, "I4AMFFSPD": 40, "AMHRLKCAP": 800, "AMHRLNCAP": 800, "I4AMVC": 0.0, "I4AMVDF": 1.0, "I4AMSPD": 40.0, "COMP": 0, "I4MDSOV": 0.0, "I4MDHV2": 0.0, "I4MDHV3": 0.0, "I4MDCV": 0.0, "I4MDTRK": 0.0, "I4MDAPX": 0.0, "I4MDVOL": 0.0, "I4MDVMT": 0.0, "I4MDFFSPD": 40, "MDHRLKCAP": 800, "MDHRLNCAP": 800, "I4MDVC": 0.0, "I4MDVDF": 1.0, "I4MDSPD": 40.0, "I4PMSOV": 1697.60046, "I4PMHV2": 308.7663, "I4PMHV3": 146.78255, "I4PMCV": 109.98719, "I4PMTRK": 53.02066, "I4PMAPX": 54.76078, "I4PMVOL": 2370.91797, "I4PMVMT": 1304.00488, "I4PMFFSPD": 40, "PMHRLKCAP": 800, "PMHRLNCAP": 800, "I4PMVC": 0.87131, "I4PMVDF": 1.6782, "I4PMSPD": 23.83508, "I4NTSOV": 0.0, "I4NTHV2": 0.0, "I4NTHV3": 0.0, "I4NTCV": 0.0, "I4NTTRK": 0.0, "I4NTAPX": 0.0, "I4NTVOL": 0.0, "I4NTVMT": 0.0, "I4NTFFSPD": 40, "NTHRLKCAP": 800, "NTHRLNCAP": 800, "I4NTVC": 0.0, "I4NTVDF": 1.0, "I4NTSPD": 40.0, "I424VOL": 2370.91797, "TVOL00": 2, "TVMT00": 1.1, "ID": 0, "AADT_2023": 0, "AWDT_2023": 0, "MD210": 0, "CNT2LOADDIF": 0.0, "ABSNCTDIFF": 0.0, "CNT2LOADPCT": 0.0, "ABSPCTDIFF": 0.0, "MD210U": 0, "LOAD1": 2370.91797, "LOAD2": 474.27039, "LOADGRW": -1896.64758, "ABSGRW": 1896.64758, "PRCGRW": -0.7999634, "PRCANLGRW": -3.6361973 }, "geometry": { "type": "LineString", "coordinates": [ [ -76.833283010510655, 38.813783120350742 ], [ -76.832817567135308, 38.813637348285781 ], [ -76.832350384588835, 38.813539160109066 ], [ -76.831509274881398, 38.81344043053938 ], [ -76.830449985613328, 38.813365756983089 ], [ -76.829546908896091, 38.813120645371498 ], [ -76.828986720076841, 38.81282727154602 ], [ -76.828396136809829, 38.812216915745111 ], [ -76.827804976176935, 38.811850351348411 ], [ -76.827338283761947, 38.811557107025628 ], [ -76.825968556897976, 38.811018721413497 ], [ -76.824972704134836, 38.810505261460918 ], [ -76.824429646627408, 38.810412023314512 ] ] } },
{ "type": "Feature", "properties": { "A": 27723, "B": 27724, "SUBAREA": 0, "FFSNEW": 0, "CPENEW": 0, "CPEFAC": 0, "TIMEPEN": 0, "DISTANCE": 0.54, "SPDCLASS": 45, "CAPCLASS": 45, "JUR": 2, "SCREEN": 0, "FTYPE": 4, "TOLL": 0, "TOLLGRP": 0, "AMLANE": 1, "AMLIMIT": 0, "PMLANE": 1, "PMLIMIT": 0, "OPLANE": 1, "OPLIMIT": 0, "EDGEID": 27700000000, "LINKID": 1529, "NETYEAR": 2001, "SHAPE_LENG": 2860.92, "PROJECTID": "NEWTAZ", "TAZ": 775, "ATYPE": 5, "MDLANE": 1, "MDLIMIT": 0, "NTLANE": 1, "NTLIMIT": 0, "DEFLATIONFT": 0.8011, "AMTOLL": 0.0, "PMTOLL": 0.0, "OPTOLL": 0.0, "AMTOLL_VP": 0.0, "PMTOLL_VP": 0.0, "OPTOLL_VP": 0.0, "AMHTIME": 1.78808, "PMHTIME": 1.78808, "OPHTIME": 1.53119, "MDTOLL": 0.0, "MDTOLL_VP": 0.0, "MDHTIME": 1.53119, "NTTOLL": 0.0, "NTTOLL_VP": 0.0, "NTHTIME": 1.53119, "LINKAB": 2772327724, "TURNPENI": "TURNPEN.PEN", "I4AMSOV": 267.13074, "I4AMHV2": 41.63683, "I4AMHV3": 114.64661, "I4AMCV": 12.57477, "I4AMTRK": 10.01181, "I4AMAPX": 0.86869, "I4AMVOL": 446.86945, "I4AMVMT": 241.30951, "I4AMFFSPD": 40, "AMHRLKCAP": 800, "AMHRLNCAP": 800, "I4AMVC": 0.23293, "I4AMVDF": 1.06851, "I4AMSPD": 37.43518, "COMP": 0, "I4MDSOV": 0.0, "I4MDHV2": 0.0, "I4MDHV3": 0.0, "I4MDCV": 0.0, "I4MDTRK": 0.0, "I4MDAPX": 0.0, "I4MDVOL": 0.0, "I4MDVMT": 0.0, "I4MDFFSPD": 40, "MDHRLKCAP": 800, "MDHRLNCAP": 800, "I4MDVC": 0.0, "I4MDVDF": 1.0, "I4MDSPD": 40.0, "I4PMSOV": 0.0, "I4PMHV2": 0.0, "I4PMHV3": 0.0, "I4PMCV": 0.0, "I4PMTRK": 0.0, "I4PMAPX": 0.0, "I4PMVOL": 0.0, "I4PMVMT": 0.0, "I4PMFFSPD": 40, "PMHRLKCAP": 800, "PMHRLNCAP": 800, "I4PMVC": 0.0, "I4PMVDF": 1.0, "I4PMSPD": 40.0, "I4NTSOV": 0.0, "I4NTHV2": 0.0, "I4NTHV3": 0.0, "I4NTCV": 0.0, "I4NTTRK": 0.0, "I4NTAPX": 0.0, "I4NTVOL": 0.0, "I4NTVMT": 0.0, "I4NTFFSPD": 40, "NTHRLKCAP": 800, "NTHRLNCAP": 800, "I4NTVC": 0.0, "I4NTVDF": 1.0, "I4NTSPD": 40.0, "I424VOL": 446.86945, "TVOL00": 0, "TVMT00": 0.0, "ID": 0, "AADT_2023": 0, "AWDT_2023": 0, "MD210": 0, "CNT2LOADDIF": 0.0, "ABSNCTDIFF": 0.0, "CNT2LOADPCT": 0.0, "ABSPCTDIFF": 0.0, "MD210U": 2, "LOAD1": 446.86945, "LOAD2": 77.16448, "LOADGRW": -369.70496, "ABSGRW": 369.70496, "PRCGRW": -0.8273221, "PRCANLGRW": -3.760555 }, "geometry": { "type": "LineString", "coordinates": [ [ -77.016718434533857, 38.759097534799622 ], [ -77.017152112884105, 38.764662415833968 ], [ -77.01637215899639, 38.764933945083364 ], [ -77.015853877547812, 38.766494875225334 ] ] } },
{ "type": "Feature", "properties": { "A": 27724, "B": 27725, "SUBAREA": 0, "FFSNEW": 0, "CPENEW": 0, "CPEFAC": 0, "TIMEPEN": 0, "DISTANCE": 0.4, "SPDCLASS": 45, "CAPCLASS": 45, "JUR": 2, "SCREEN": 0, "FTYPE": 4, "TOLL": 0, "TOLLGRP": 0, "AMLANE": 1, "AMLIMIT": 0, "PMLANE": 1, "PMLIMIT": 0, "OPLANE": 1, "OPLIMIT": 0, "EDGEID": 27700000000, "LINKID": 2118, "NETYEAR": 2001, "SHAPE_LENG": 2119.11, "PROJECTID": "NEWTAZ", "TAZ": 775, "ATYPE": 5, "MDLANE": 1, "MDLIMIT": 0, "NTLANE": 1, "NTLIMIT": 0, "DEFLATIONFT": 0.8011, "AMTOLL": 0.0, "PMTOLL": 0.0, "OPTOLL": 0.0, "AMTOLL_VP": 0.0, "PMTOLL_VP": 0.0, "OPTOLL_VP": 0.0, "AMHTIME": 1.3245, "PMHTIME": 1.3245, "OPHTIME": 1.13422, "MDTOLL": 0.0, "MDTOLL_VP": 0.0, "MDHTIME": 1.13422, "NTTOLL": 0.0, "NTTOLL_VP": 0.0, "NTHTIME": 1.13422, "LINKAB": 2772427725, "TURNPENI": "TURNPEN.PEN", "I4AMSOV": 267.13074, "I4AMHV2": 41.63683, "I4AMHV3": 114.64661, "I4AMCV": 12.57477, "I4AMTRK": 10.01181, "I4AMAPX": 0.86869, "I4AMVOL": 446.86945, "I4AMVMT": 178.74779, "I4AMFFSPD": 40, "AMHRLKCAP": 800, "AMHRLNCAP": 800, "I4AMVC": 0.23293, "I4AMVDF": 1.06851, "I4AMSPD": 37.43518, "COMP": 0, "I4MDSOV": 0.0, "I4MDHV2": 0.0, "I4MDHV3": 0.0, "I4MDCV": 0.0, "I4MDTRK": 0.0, "I4MDAPX": 0.0, "I4MDVOL": 0.0, "I4MDVMT": 0.0, "I4MDFFSPD": 40, "MDHRLKCAP": 800, "MDHRLNCAP": 800, "I4MDVC": 0.0, "I4MDVDF": 1.0, "I4MDSPD": 40.0, "I4PMSOV": 0.0, "I4PMHV2": 0.0, "I4PMHV3": 0.0, "I4PMCV": 0.0, "I4PMTRK": 0.0, "I4PMAPX": 0.0, "I4PMVOL": 0.0, "I4PMVMT": 0.0, "I4PMFFSPD": 40, "PMHRLKCAP": 800, "PMHRLNCAP": 800, "I4PMVC": 0.0, "I4PMVDF": 1.0, "I4PMSPD": 40.0, "I4NTSOV": 0.0, "I4NTHV2": 0.0, "I4NTHV3": 0.0, "I4NTCV": 0.0, "I4NTTRK": 0.0, "I4NTAPX": 0.0, "I4NTVOL": 0.0, "I4NTVMT": 0.0, "I4NTFFSPD": 40, "NTHRLKCAP": 800, "NTHRLNCAP": 800, "I4NTVC": 0.0, "I4NTVDF": 1.0, "I4NTSPD": 40.0, "I424VOL": 446.86945, "TVOL00": 0, "TVMT00": 0.0, "ID": 0, "AADT_2023": 0, "AWDT_2023": 0, "MD210": 0, "CNT2LOADDIF": 0.0, "ABSNCTDIFF": 0.0, "CNT2LOADPCT": 0.0, "ABSPCTDIFF": 0.0, "MD210U": 2, "LOAD1": 446.86945, "LOAD2": 77.16448, "LOADGRW": -369.70496, "ABSGRW": 369.70496, "PRCGRW": -0.8273221, "PRCANLGRW": -3.760555 }, "geometry": { "type": "LineString", "coordinates": [ [ -77.015853877547812, 38.766494875225334 ], [ -77.015940056374873, 38.770498059875806 ], [ -77.016373713927294, 38.771719376722601 ], [ -77.016286581622921, 38.772261017208223 ] ] } },
{ "type": "Feature", "properties": { "A": 27902, "B": 849, "SUBAREA": 0, "FFSNEW": 0, "CPENEW": 0, "CPEFAC": 0, "TIMEPEN": 0, "DISTANCE": 0.29, "SPDCLASS": 4, "CAPCLASS": 4, "JUR": 2, "SCREEN": 0, "FTYPE": 0, "TOLL": 0, "TOLLGRP": 0, "AMLANE": 7, "AMLIMIT": 0, "PMLANE": 7, "PMLIMIT": 0, "OPLANE": 7, "OPLIMIT": 0, "EDGEID": 27900000000, "LINKID": 25733, "NETYEAR": 2001, "SHAPE_LENG": 1523.6, "PROJECTID": "NA", "TAZ": 849, "ATYPE": 4, "MDLANE": 7, "MDLIMIT": 0, "NTLANE": 7, "NTLIMIT": 0, "DEFLATIONFT": 0.8011, "AMTOLL": 0.0, "PMTOLL": 0.0, "OPTOLL": 0.0, "AMTOLL_VP": 0.0, "PMTOLL_VP": 0.0, "OPTOLL_VP": 0.0, "AMHTIME": 0.696, "PMHTIME": 0.696, "OPHTIME": 0.696, "MDTOLL": 0.0, "MDTOLL_VP": 0.0, "MDHTIME": 0.696, "NTTOLL": 0.0, "NTTOLL_VP": 0.0, "NTHTIME": 0.696, "LINKAB": 2790200849, "TURNPENI": "TURNPEN.PEN", "I4AMSOV": 12.15627, "I4AMHV2": 1.71192, "I4AMHV3": 0.44, "I4AMCV": 8.21634, "I4AMTRK": 2.37284, "I4AMAPX": 0.0, "I4AMVOL": 24.89737, "I4AMVMT": 7.22024, "I4AMFFSPD": 29, "AMHRLKCAP": 22050, "AMHRLNCAP": 3150, "I4AMVC": 0.00047, "I4AMVDF": 1.0, "I4AMSPD": 29.0, "COMP": 0, "I4MDSOV": 85.98563, "I4MDHV2": 15.40063, "I4MDHV3": 5.85757, "I4MDCV": 22.78832, "I4MDTRK": 9.68662, "I4MDAPX": 0.39, "I4MDVOL": 140.10878, "I4MDVMT": 40.63155, "I4MDFFSPD": 29, "MDHRLKCAP": 22050, "MDHRLNCAP": 3150, "I4MDVC": 0.00112, "I4MDVDF": 1.0, "I4MDSPD": 29.0, "I4PMSOV": 130.1796, "I4PMHV2": 36.22395, "I4PMHV3": 14.94185, "I4PMCV": 24.03501, "I4PMTRK": 5.94386, "I4PMAPX": 6.09934, "I4PMVOL": 217.4236, "I4PMVMT": 63.05285, "I4PMFFSPD": 29, "PMHRLKCAP": 22050, "PMHRLNCAP": 3150, "I4PMVC": 0.0029, "I4PMVDF": 1.0, "I4PMSPD": 29.0, "I4NTSOV": 61.13462, "I4NTHV2": 14.982, "I4NTHV3": 6.02865, "I4NTCV": 8.49147, "I4NTTRK": 1.83507, "I4NTAPX": 0.10509, "I4NTVOL": 92.5769, "I4NTVMT": 26.8473, "I4NTFFSPD": 29, "NTHRLKCAP": 22050, "NTHRLNCAP": 3150, "I4NTVC": 0.00063, "I4NTVDF": 1.0, "I4NTSPD": 29.0, "I424VOL": 475.00665, "TVOL00": 0, "TVMT00": 0.0, "ID": 0, "AADT_2023": 0, "AWDT_2023": 0, "MD210": 0, "CNT2LOADDIF": 0.0, "ABSNCTDIFF": 0.0, "CNT2LOADPCT": 0.0, "ABSPCTDIFF": 0.0, "MD210U": 0, "LOAD1": 475.00665, "LOAD2": 121.47931, "LOADGRW": -353.52734, "ABSGRW": 353.52734, "PRCGRW": -0.7442577, "PRCANLGRW": -3.3829894 }, "geometry": { "type": "LineString", "coordinates": [ [ -76.960405013423923, 38.841479680626072 ], [ -76.958230479421658, 38.837656794719308 ] ] } },
{ "type": "Feature", "properties": { "A": 30044, "B": 1439, "SUBAREA": 0, "FFSNEW": 0, "CPENEW": 0, "CPEFAC": 0, "TIMEPEN": 0, "DISTANCE": 0.52, "SPDCLASS": 3, "CAPCLASS": 3, "JUR": 3, "SCREEN": 0, "FTYPE": 0, "TOLL": 0, "TOLLGRP": 0, "AMLANE": 7, "AMLIMIT": 0, "PMLANE": 7, "PMLIMIT": 0, "OPLANE": 7, "OPLIMIT": 0, "EDGEID": 1439030044, "LINKID": 43006, "NETYEAR": 2001, "SHAPE_LENG": 2740.29, "PROJECTID": "NA", "TAZ": 1439, "ATYPE": 3, "MDLANE": 7, "MDLIMIT": 0, "NTLANE": 7, "NTLIMIT": 0, "DEFLATIONFT": 0.8011, "AMTOLL": 0.0, "PMTOLL": 0.0, "OPTOLL": 0.0, "AMTOLL_VP": 0.0, "PMTOLL_VP": 0.0, "OPTOLL_VP": 0.0, "AMHTIME": 1.56, "PMHTIME": 1.56, "OPHTIME": 1.56, "MDTOLL": 0.0, "MDTOLL_VP": 0.0, "MDHTIME": 1.56, "NTTOLL": 0.0, "NTTOLL_VP": 0.0, "NTHTIME": 1.56, "LINKAB": 3004401439, "TURNPENI": "TURNPEN.PEN", "I4AMSOV": 70.38216, "I4AMHV2": 24.73602, "I4AMHV3": 9.06741, "I4AMCV": 7.6699, "I4AMTRK": 3.13454, "I4AMAPX": 1.30564, "I4AMVOL": 116.29568, "I4AMVMT": 60.47375, "I4AMFFSPD": 23, "AMHRLKCAP": 22050, "AMHRLNCAP": 3150, "I4AMVC": 0.0022, "I4AMVDF": 1.0, "I4AMSPD": 23.0, "COMP": 0, "I4MDSOV": 97.92899, "I4MDHV2": 27.64579, "I4MDHV3": 20.75646, "I4MDCV": 9.88581, "I4MDTRK": 0.04, "I4MDAPX": 2.02, "I4MDVOL": 158.27705, "I4MDVMT": 82.30407, "I4MDFFSPD": 23, "MDHRLKCAP": 22050, "MDHRLNCAP": 3150, "I4MDVC": 0.00127, "I4MDVDF": 1.0, "I4MDSPD": 23.0, "I4PMSOV": 140.4193, "I4PMHV2": 46.06339, "I4PMHV3": 20.81, "I4PMCV": 12.05845, "I4PMTRK": 0.01, "I4PMAPX": 2.7997, "I4PMVOL": 222.16083, "I4PMVMT": 115.52363, "I4PMFFSPD": 23, "PMHRLKCAP": 22050, "PMHRLNCAP": 3150, "I4PMVC": 0.00296, "I4PMVDF": 1.0, "I4PMSPD": 23.0, "I4NTSOV": 83.47859, "I4NTHV2": 24.77806, "I4NTHV3": 17.67, "I4NTCV": 3.22, "I4NTTRK": 0.02, "I4NTAPX": 0.82, "I4NTVOL": 129.98665, "I4NTVMT": 67.59306, "I4NTFFSPD": 23, "NTHRLKCAP": 22050, "NTHRLNCAP": 3150, "I4NTVC": 0.00088, "I4NTVDF": 1.0, "I4NTSPD": 23.0, "I424VOL": 626.72021, "TVOL00": 0, "TVMT00": 0.0, "ID": 0, "AADT_2023": 0, "AWDT_2023": 0, "MD210": 0, "CNT2LOADDIF": 0.0, "ABSNCTDIFF": 0.0, "CNT2LOADPCT": 0.0, "ABSPCTDIFF": 0.0, "MD210U": 0, "LOAD1": 626.72021, "LOAD2": 104.55495, "LOADGRW": -522.16528, "ABSGRW": 522.16528, "PRCGRW": -0.8331712, "PRCANLGRW": -3.787142 }, "geometry": { "type": "LineString", "coordinates": [ [ -77.164577585584595, 38.891063385792535 ], [ -77.16398755791954, 38.891981097345791 ], [ -77.160257192165517, 38.897785522321826 ] ] } },
{ "type": "Feature", "properties": { "A": 30306, "B": 1416, "SUBAREA": 0, "FFSNEW": 0, "CPENEW": 0, "CPEFAC": 0, "TIMEPEN": 0, "DISTANCE": 0.33, "SPDCLASS": 2, "CAPCLASS": 2, "JUR": 3, "SCREEN": 0, "FTYPE": 0, "TOLL": 0, "TOLLGRP": 0, "AMLANE": 7, "AMLIMIT": 0, "PMLANE": 7, "PMLIMIT": 0, "OPLANE": 7, "OPLIMIT": 0, "EDGEID": 30300000000, "LINKID": 7697, "NETYEAR": 2001, "SHAPE_LENG": 1736.4, "PROJECTID": "NA", "TAZ": 1416, "ATYPE": 2, "MDLANE": 7, "MDLIMIT": 0, "NTLANE": 7, "NTLIMIT": 0, "DEFLATIONFT": 0.8011, "AMTOLL": 0.0, "PMTOLL": 0.0, "OPTOLL": 0.0, "AMTOLL_VP": 0.0, "PMTOLL_VP": 0.0, "OPTOLL_VP": 0.0, "AMHTIME": 1.32, "PMHTIME": 1.32, "OPHTIME": 1.32, "MDTOLL": 0.0, "MDTOLL_VP": 0.0, "MDHTIME": 1.32, "NTTOLL": 0.0, "NTTOLL_VP": 0.0, "NTHTIME": 1.32, "LINKAB": 3030601416, "TURNPENI": "TURNPEN.PEN", "I4AMSOV": 41.92742, "I4AMHV2": 3.26089, "I4AMHV3": 0.15, "I4AMCV": 3.03926, "I4AMTRK": 0.8186, "I4AMAPX": 0.0, "I4AMVOL": 49.19618, "I4AMVMT": 16.23474, "I4AMFFSPD": 17, "AMHRLKCAP": 22050, "AMHRLNCAP": 3150, "I4AMVC": 0.00093, "I4AMVDF": 1.0, "I4AMSPD": 17.0, "COMP": 0, "I4MDSOV": 0.0, "I4MDHV2": 0.0, "I4MDHV3": 0.0, "I4MDCV": 0.0, "I4MDTRK": 0.0, "I4MDAPX": 0.0, "I4MDVOL": 0.0, "I4MDVMT": 0.0, "I4MDFFSPD": 17, "MDHRLKCAP": 22050, "MDHRLNCAP": 3150, "I4MDVC": 0.0, "I4MDVDF": 1.0, "I4MDSPD": 17.0, "I4PMSOV": 0.0, "I4PMHV2": 0.0, "I4PMHV3": 0.0, "I4PMCV": 0.0, "I4PMTRK": 0.0, "I4PMAPX": 0.0, "I4PMVOL": 0.0, "I4PMVMT": 0.0, "I4PMFFSPD": 17, "PMHRLKCAP": 22050, "PMHRLNCAP": 3150, "I4PMVC": 0.0, "I4PMVDF": 1.0, "I4PMSPD": 17.0, "I4NTSOV": 0.0, "I4NTHV2": 0.0, "I4NTHV3": 0.0, "I4NTCV": 0.0, "I4NTTRK": 0.0, "I4NTAPX": 0.0, "I4NTVOL": 0.0, "I4NTVMT": 0.0, "I4NTFFSPD": 17, "NTHRLKCAP": 22050, "NTHRLNCAP": 3150, "I4NTVC": 0.0, "I4NTVDF": 1.0, "I4NTSPD": 17.0, "I424VOL": 49.19618, "TVOL00": 0, "TVMT00": 0.0, "ID": 0, "AADT_2023": 0, "AWDT_2023": 0, "MD210": 0, "CNT2LOADDIF": 0.0, "ABSNCTDIFF": 0.0, "CNT2LOADPCT": 0.0, "ABSPCTDIFF": 0.0, "MD210U": 0, "LOAD1": 49.19618, "LOAD2": 12.30169, "LOADGRW": -36.8945, "ABSGRW": 36.8945, "PRCGRW": -0.7499464, "PRCANLGRW": -3.4088471 }, "geometry": { "type": "LineString", "coordinates": [ [ -77.122259656651707, 38.885231177316633 ], [ -77.120352805926302, 38.883407951108694 ], [ -77.12033932865927, 38.883395044912334 ], [ -77.120234758880599, 38.883294910598778 ], [ -77.120221430901282, 38.883282147394851 ], [ -77.118979970999135, 38.882093312326496 ], [ -77.118945436064408, 38.882060240591592 ], [ -77.118854889442332, 38.881973530484998 ], [ -77.11883020839889, 38.881949894455914 ], [ -77.11880785120826, 38.88192848425328 ], [ -77.11839968603978, 38.881539356267183 ] ] } },
{ "type": "Feature", "properties": { "A": 30338, "B": 30347, "SUBAREA": 0, "FFSNEW": 0, "CPENEW": 0, "CPEFAC": 0, "TIMEPEN": 0, "DISTANCE": 0.15, "SPDCLASS": 64, "CAPCLASS": 64, "JUR": 3, "SCREEN": 0, "FTYPE": 6, "TOLL": 0, "TOLLGRP": 0, "AMLANE": 2, "AMLIMIT": 0, "PMLANE": 2, "PMLIMIT": 0, "OPLANE": 2, "OPLIMIT": 0, "EDGEID": 30300000000, "LINKID": 68260, "NETYEAR": 2013, "SHAPE_LENG": 795.22, "PROJECTID": "AR2E", "TAZ": 1407, "ATYPE": 4, "MDLANE": 2, "MDLIMIT": 0, "NTLANE": 2, "NTLIMIT": 0, "DEFLATIONFT": 0.8011, "AMTOLL": 0.0, "PMTOLL": 0.0, "OPTOLL": 0.0, "AMTOLL_VP": 0.0, "PMTOLL_VP": 0.0, "OPTOLL_VP": 0.0, "AMHTIME": 0.34965, "PMHTIME": 0.34965, "OPHTIME": 0.32351, "MDTOLL": 0.0, "MDTOLL_VP": 0.0, "MDHTIME": 0.32351, "NTTOLL": 0.0, "NTTOLL_VP": 0.0, "NTHTIME": 0.32351, "LINKAB": 3033830347, "TURNPENI": "TURNPEN.PEN", "I4AMSOV": 570.52399, "I4AMHV2": 94.58531, "I4AMHV3": 11.73, "I4AMCV": 46.72219, "I4AMTRK": 0.0, "I4AMAPX": 7.19282, "I4AMVOL": 730.75427, "I4AMVMT": 109.61314, "I4AMFFSPD": 35, "AMHRLKCAP": 2000, "AMHRLNCAP": 1000, "I4AMVC": 0.15236, "I4AMVDF": 1.00662, "I4AMSPD": 34.76989, "COMP": 0, "I4MDSOV": 1112.54663, "I4MDHV2": 272.80496, "I4MDHV3": 87.44465, "I4MDCV": 71.52113, "I4MDTRK": 0.0, "I4MDAPX": 12.53, "I4MDVOL": 1556.84741, "I4MDVMT": 233.52711, "I4MDFFSPD": 35, "MDHRLKCAP": 2000, "MDHRLNCAP": 1000, "I4MDVC": 0.13778, "I4MDVDF": 1.00589, "I4MDSPD": 34.79509, "I4PMSOV": 725.92267, "I4PMHV2": 209.52542, "I4PMHV3": 65.71921, "I4PMCV": 51.39494, "I4PMTRK": 0.0, "I4PMAPX": 17.97795, "I4PMVOL": 1070.54016, "I4PMVMT": 160.58102, "I4PMFFSPD": 35, "PMHRLKCAP": 2000, "PMHRLNCAP": 1000, "I4PMVC": 0.15737, "I4PMVDF": 1.00687, "I4PMSPD": 34.76124, "I4NTSOV": 791.47296, "I4NTHV2": 233.88306, "I4NTHV3": 73.58491, "I4NTCV": 31.00095, "I4NTTRK": 0.0, "I4NTAPX": 4.64, "I4NTVOL": 1134.58191, "I4NTVMT": 170.18729, "I4NTFFSPD": 35, "NTHRLKCAP": 2000, "NTHRLNCAP": 1000, "I4NTVC": 0.08509, "I4NTVDF": 1.0034, "I4NTSPD": 34.88127, "I424VOL": 4492.72363, "TVOL00": 4, "TVMT00": 0.6, "ID": 0, "AADT_2023": 0, "AWDT_2023": 0, "MD210": 0, "CNT2LOADDIF": 0.0, "ABSNCTDIFF": 0.0, "CNT2LOADPCT": 0.0, "ABSPCTDIFF": 0.0, "MD210U": 0, "LOAD1": 4492.72363, "LOAD2": 1393.59851, "LOADGRW": -3099.125, "ABSGRW": 3099.125, "PRCGRW": -0.6898099, "PRCANLGRW": -3.1354995 }, "geometry": { "type": "LineString", "coordinates": [ [ -77.128307361608833, 38.866641336249671 ], [ -77.128788024664857, 38.866692302552764 ], [ -77.129098024290101, 38.866692302552764 ], [ -77.129488022368093, 38.866632302364188 ], [ -77.129918023269795, 38.866542301631732 ], [ -77.1303480223728, 38.866482302342476 ], [ -77.13105692453486, 38.866391163130039 ] ] } },
{ "type": "Feature", "properties": { "A": 30532, "B": 1484, "SUBAREA": 0, "FFSNEW": 0, "CPENEW": 0, "CPEFAC": 0, "TIMEPEN": 0, "DISTANCE": 0.33, "SPDCLASS": 2, "CAPCLASS": 2, "JUR": 3, "SCREEN": 0, "FTYPE": 0, "TOLL": 0, "TOLLGRP": 0, "AMLANE": 7, "AMLIMIT": 0, "PMLANE": 7, "PMLIMIT": 0, "OPLANE": 7, "OPLIMIT": 0, "EDGEID": 1484030532, "LINKID": 18926, "NETYEAR": 2001, "SHAPE_LENG": 1730.89, "PROJECTID": "NA", "TAZ": 1484, "ATYPE": 2, "MDLANE": 7, "MDLIMIT": 0, "NTLANE": 7, "NTLIMIT": 0, "DEFLATIONFT": 0.8011, "AMTOLL": 0.0, "PMTOLL": 0.0, "OPTOLL": 0.0, "AMTOLL_VP": 0.0, "PMTOLL_VP": 0.0, "OPTOLL_VP": 0.0, "AMHTIME": 1.32, "PMHTIME": 1.32, "OPHTIME": 1.32, "MDTOLL": 0.0, "MDTOLL_VP": 0.0, "MDHTIME": 1.32, "NTTOLL": 0.0, "NTTOLL_VP": 0.0, "NTHTIME": 1.32, "LINKAB": 3053201484, "TURNPENI": "TURNPEN.PEN", "I4AMSOV": 16.97839, "I4AMHV2": 8.93057, "I4AMHV3": 3.84, "I4AMCV": 3.33803, "I4AMTRK": 3.14108, "I4AMAPX": 0.61576, "I4AMVOL": 36.84383, "I4AMVMT": 12.15847, "I4AMFFSPD": 17, "AMHRLKCAP": 22050, "AMHRLNCAP": 3150, "I4AMVC": 0.0007, "I4AMVDF": 1.0, "I4AMSPD": 17.0, "COMP": 0, "I4MDSOV": 0.0, "I4MDHV2": 0.0, "I4MDHV3": 0.0, "I4MDCV": 0.0, "I4MDTRK": 0.0, "I4MDAPX": 0.0, "I4MDVOL": 0.0, "I4MDVMT": 0.0, "I4MDFFSPD": 17, "MDHRLKCAP": 22050, "MDHRLNCAP": 3150, "I4MDVC": 0.0, "I4MDVDF": 1.0, "I4MDSPD": 17.0, "I4PMSOV": 0.0, "I4PMHV2": 0.0, "I4PMHV3": 0.0, "I4PMCV": 0.0, "I4PMTRK": 0.0, "I4PMAPX": 0.0, "I4PMVOL": 0.0, "I4PMVMT": 0.0, "I4PMFFSPD": 17, "PMHRLKCAP": 22050, "PMHRLNCAP": 3150, "I4PMVC": 0.0, "I4PMVDF": 1.0, "I4PMSPD": 17.0, "I4NTSOV": 0.0, "I4NTHV2": 0.0, "I4NTHV3": 0.0, "I4NTCV": 0.0, "I4NTTRK": 0.0, "I4NTAPX": 0.0, "I4NTVOL": 0.0, "I4NTVMT": 0.0, "I4NTFFSPD": 17, "NTHRLKCAP": 22050, "NTHRLNCAP": 3150, "I4NTVC": 0.0, "I4NTVDF": 1.0, "I4NTSPD": 17.0, "I424VOL": 36.84383, "TVOL00": 0, "TVMT00": 0.0, "ID": 0, "AADT_2023": 0, "AWDT_2023": 0, "MD210": 0, "CNT2LOADDIF": 0.0, "ABSNCTDIFF": 0.0, "CNT2LOADPCT": 0.0, "ABSPCTDIFF": 0.0, "MD210U": 0, "LOAD1": 36.84383, "LOAD2": 10.61113, "LOADGRW": -26.2327, "ABSGRW": 26.2327, "PRCGRW": -0.7119972, "PRCANLGRW": -3.2363508 }, "geometry": { "type": "LineString", "coordinates": [ [ -77.097439764180365, 38.877503229409569 ], [ -77.09348138014235, 38.876575983957416 ], [ -77.091613964009838, 38.876137807715821 ] ] } },
{ "type": "Feature", "properties": { "A": 30619, "B": 30021, "SUBAREA": 0, "FFSNEW": 0, "CPENEW": 0, "CPEFAC": 0, "TIMEPEN": 0, "DISTANCE": 0.1, "SPDCLASS": 22, "CAPCLASS": 22, "JUR": 3, "SCREEN": 0, "FTYPE": 2, "TOLL": 0, "TOLLGRP": 0, "AMLANE": 2, "AMLIMIT": 0, "PMLANE": 2, "PMLIMIT": 0, "OPLANE": 2, "OPLIMIT": 0, "EDGEID": 30600000000, "LINKID": 80116, "NETYEAR": 2000, "SHAPE_LENG": 503.09, "PROJECTID": "NA", "TAZ": 1448, "ATYPE": 2, "MDLANE": 2, "MDLIMIT": 0, "NTLANE": 2, "NTLIMIT": 0, "DEFLATIONFT": 0.8011, "AMTOLL": 0.0, "PMTOLL": 0.0, "OPTOLL": 0.0, "AMTOLL_VP": 0.0, "PMTOLL_VP": 0.0, "OPTOLL_VP": 0.0, "AMHTIME": 0.38511, "PMHTIME": 0.38511, "OPHTIME": 0.29369, "MDTOLL": 0.0, "MDTOLL_VP": 0.0, "MDHTIME": 0.29369, "NTTOLL": 0.0, "NTTOLL_VP": 0.0, "NTHTIME": 0.29369, "LINKAB": 3061930021, "TURNPENI": "TURNPEN.PEN", "I4AMSOV": 0.03458, "I4AMHV2": 0.00076, "I4AMHV3": 0.0, "I4AMCV": 0.00086, "I4AMTRK": 0.00028, "I4AMAPX": 0.00012, "I4AMVOL": 0.0366, "I4AMVMT": 0.00366, "I4AMFFSPD": 40, "AMHRLKCAP": 1600, "AMHRLNCAP": 800, "I4AMVC": 1.0000000000000001e-05, "I4AMVDF": 1.0, "I4AMSPD": 39.99997, "COMP": 0, "I4MDSOV": 0.0, "I4MDHV2": 0.0, "I4MDHV3": 0.0, "I4MDCV": 0.0, "I4MDTRK": 0.0, "I4MDAPX": 0.0, "I4MDVOL": 0.0, "I4MDVMT": 0.0, "I4MDFFSPD": 40, "MDHRLKCAP": 1600, "MDHRLNCAP": 800, "I4MDVC": 0.0, "I4MDVDF": 1.0, "I4MDSPD": 40.0, "I4PMSOV": 0.0, "I4PMHV2": 0.0, "I4PMHV3": 0.0, "I4PMCV": 0.0, "I4PMTRK": 0.0, "I4PMAPX": 0.0, "I4PMVOL": 0.0, "I4PMVMT": 0.0, "I4PMFFSPD": 40, "PMHRLKCAP": 1600, "PMHRLNCAP": 800, "I4PMVC": 0.0, "I4PMVDF": 1.0, "I4PMSPD": 40.0, "I4NTSOV": 0.0, "I4NTHV2": 0.0, "I4NTHV3": 0.0, "I4NTCV": 0.0, "I4NTTRK": 0.0, "I4NTAPX": 0.0, "I4NTVOL": 0.0, "I4NTVMT": 0.0, "I4NTFFSPD": 40, "NTHRLKCAP": 1600, "NTHRLNCAP": 800, "I4NTVC": 0.0, "I4NTVDF": 1.0, "I4NTSPD": 40.0, "I424VOL": 0.0366, "TVOL00": 0, "TVMT00": 0.0, "ID": 0, "AADT_2023": 0, "AWDT_2023": 0, "MD210": 0, "CNT2LOADDIF": 0.0, "ABSNCTDIFF": 0.0, "CNT2LOADPCT": 0.0, "ABSPCTDIFF": 0.0, "MD210U": 0, "LOAD1": 0.0366, "LOAD2": 0.01101, "LOADGRW": -0.02559, "ABSGRW": 0.02559, "PRCGRW": -0.69922, "PRCANLGRW": -3.1782727 }, "geometry": { "type": "LineString", "coordinates": [ [ -77.116426335746141, 38.899311899086378 ], [ -77.117687619218913, 38.898703321870506 ], [ -77.117837786576629, 38.898623489413346 ], [ -77.11790790945652, 38.898563567522224 ] ] } },
{ "type": "Feature", "properties": { "A": 32291, "B": 32173, "SUBAREA": 0, "FFSNEW": 0, "CPENEW": 0, "CPEFAC": 0, "TIMEPEN": 0, "DISTANCE": 0.01, "SPDCLASS": 22, "CAPCLASS": 22, "JUR": 4, "SCREEN": 0, "FTYPE": 2, "TOLL": 0, "TOLLGRP": 0, "AMLANE": 1, "AMLIMIT": 0, "PMLANE": 1, "PMLIMIT": 0, "OPLANE": 1, "OPLIMIT": 0, "EDGEID": 32300000000, "LINKID": 43615, "NETYEAR": 2010, "SHAPE_LENG": 33.51, "PROJECTID": "VI2K", "TAZ": 1598, "ATYPE": 2, "MDLANE": 1, "MDLIMIT": 0, "NTLANE": 1, "NTLIMIT": 0, "DEFLATIONFT": 0.8011, "AMTOLL": 0.0, "PMTOLL": 0.0, "OPTOLL": 0.0, "AMTOLL_VP": 0.0, "PMTOLL_VP": 0.0, "OPTOLL_VP": 0.0, "AMHTIME": 0.03851, "PMHTIME": 0.03851, "OPHTIME": 0.02937, "MDTOLL": 0.0, "MDTOLL_VP": 0.0, "MDHTIME": 0.02937, "NTTOLL": 0.0, "NTTOLL_VP": 0.0, "NTHTIME": 0.02937, "LINKAB": 3229132173, "TURNPENI": "TURNPEN.PEN", "I4AMSOV": 0.0, "I4AMHV2": 0.0, "I4AMHV3": 0.0, "I4AMCV": 0.0, "I4AMTRK": 0.0, "I4AMAPX": 0.0, "I4AMVOL": 0.0, "I4AMVMT": 0.0, "I4AMFFSPD": 40, "AMHRLKCAP": 800, "AMHRLNCAP": 800, "I4AMVC": 0.0, "I4AMVDF": 1.0, "I4AMSPD": 40.0, "COMP": 0, "I4MDSOV": 0.0, "I4MDHV2": 0.0, "I4MDHV3": 0.0, "I4MDCV": 0.0, "I4MDTRK": 0.0, "I4MDAPX": 0.0, "I4MDVOL": 0.0, "I4MDVMT": 0.0, "I4MDFFSPD": 40, "MDHRLKCAP": 800, "MDHRLNCAP": 800, "I4MDVC": 0.0, "I4MDVDF": 1.0, "I4MDSPD": 40.0, "I4PMSOV": 0.0, "I4PMHV2": 0.0, "I4PMHV3": 34.07497, "I4PMCV": 0.0, "I4PMTRK": 0.0, "I4PMAPX": 0.0, "I4PMVOL": 34.07497, "I4PMVMT": 0.34075, "I4PMFFSPD": 40, "PMHRLKCAP": 800, "PMHRLNCAP": 800, "I4PMVC": 0.01252, "I4PMVDF": 1.00113, "I4PMSPD": 39.95497, "I4NTSOV": 0.0, "I4NTHV2": 0.0, "I4NTHV3": 0.0, "I4NTCV": 0.0, "I4NTTRK": 0.0, "I4NTAPX": 0.0, "I4NTVOL": 0.0, "I4NTVMT": 0.0, "I4NTFFSPD": 40, "NTHRLKCAP": 800, "NTHRLNCAP": 800, "I4NTVC": 0.0, "I4NTVDF": 1.0, "I4NTSPD": 40.0, "I424VOL": 34.07497, "TVOL00": 0, "TVMT00": 0.0, "ID": 0, "AADT_2023": 0, "AWDT_2023": 0, "MD210": 0, "CNT2LOADDIF": 0.0, "ABSNCTDIFF": 0.0, "CNT2LOADPCT": 0.0, "ABSPCTDIFF": 0.0, "MD210U": 0, "LOAD1": 34.07497, "LOAD2": 5.19277, "LOADGRW": -28.8822, "ABSGRW": 28.8822, "PRCGRW": -0.8476074, "PRCANLGRW": -3.852761 }, "geometry": { "type": "LineString", "coordinates": [ [ -77.049682589221376, 38.808891557059368 ], [ -77.049657166139852, 38.808909742258543 ], [ -77.049577309692509, 38.808891601842767 ] ] } },
{ "type": "Feature", "properties": { "A": 34411, "B": 34815, "SUBAREA": 0, "FFSNEW": 0, "CPENEW": 0, "CPEFAC": 0, "TIMEPEN": 0, "DISTANCE": 0.23, "SPDCLASS": 12, "CAPCLASS": 12, "JUR": 5, "SCREEN": 0, "FTYPE": 1, "TOLL": 0, "TOLLGRP": 0, "AMLANE": 1, "AMLIMIT": 0, "PMLANE": 1, "PMLIMIT": 9, "OPLANE": 1, "OPLIMIT": 0, "EDGEID": 34400000000, "LINKID": 56215, "NETYEAR": 2015, "SHAPE_LENG": 1234.78, "PROJECTID": "VI2R20", "TAZ": 2027, "ATYPE": 2, "MDLANE": 1, "MDLIMIT": 0, "NTLANE": 1, "NTLIMIT": 0, "DEFLATIONFT": 0.8011, "AMTOLL": 0.0, "PMTOLL": 0.0, "OPTOLL": 0.0, "AMTOLL_VP": 0.0, "PMTOLL_VP": 0.0, "OPTOLL_VP": 0.0, "AMHTIME": 0.4433, "PMHTIME": 0.4433, "OPHTIME": 0.30538, "MDTOLL": 0.0, "MDTOLL_VP": 0.0, "MDHTIME": 0.30538, "NTTOLL": 0.0, "NTTOLL_VP": 0.0, "NTHTIME": 0.30538, "LINKAB": 3441134815, "TURNPENI": "TURNPEN.PEN", "I4AMSOV": 0.0, "I4AMHV2": 4.84229, "I4AMHV3": 0.0, "I4AMCV": 0.03519, "I4AMTRK": 0.0, "I4AMAPX": 0.00343, "I4AMVOL": 4.88092, "I4AMVMT": 1.12261, "I4AMFFSPD": 63, "AMHRLKCAP": 1900, "AMHRLNCAP": 1900, "I4AMVC": 0.00107, "I4AMVDF": 1.00004, "I4AMSPD": 62.9973, "COMP": 0, "I4MDSOV": 1380.07788, "I4MDHV2": 0.0, "I4MDHV3": 348.06033, "I4MDCV": 1204.42358, "I4MDTRK": 0.0, "I4MDAPX": 105.9362, "I4MDVOL": 3038.49805, "I4MDVMT": 698.85455, "I4MDFFSPD": 63, "MDHRLKCAP": 1900, "MDHRLNCAP": 1900, "I4MDVC": 0.28306, "I4MDVDF": 1.01398, "I4MDSPD": 62.13118, "I4PMSOV": 0.0, "I4PMHV2": 0.0, "I4PMHV3": 0.0, "I4PMCV": 0.0, "I4PMTRK": 0.0, "I4PMAPX": 0.0, "I4PMVOL": 0.0, "I4PMVMT": 0.0, "I4PMFFSPD": 63, "PMHRLKCAP": 1900, "PMHRLNCAP": 1900, "I4PMVC": 0.0, "I4PMVDF": 1.0, "I4PMSPD": 63.0, "I4NTSOV": 0.0, "I4NTHV2": 0.0, "I4NTHV3": 351.64355, "I4NTCV": 11.65, "I4NTTRK": 0.0, "I4NTAPX": 0.0, "I4NTVOL": 363.29355, "I4NTVMT": 83.55752, "I4NTFFSPD": 63, "NTHRLKCAP": 1900, "NTHRLNCAP": 1900, "I4NTVC": 0.02868, "I4NTVDF": 1.00115, "I4NTSPD": 62.92781, "I424VOL": 3406.67261, "TVOL00": 3, "TVMT00": 0.69, "ID": 0, "AADT_2023": 0, "AWDT_2023": 0, "MD210": 0, "CNT2LOADDIF": 0.0, "ABSNCTDIFF": 0.0, "CNT2LOADPCT": 0.0, "ABSPCTDIFF": 0.0, "MD210U": 0, "LOAD1": 3406.67261, "LOAD2": 1055.16602, "LOADGRW": -2351.50659, "ABSGRW": 2351.50659, "PRCGRW": -0.6902649, "PRCANLGRW": -3.1375678 }, "geometry": { "type": "LineString", "coordinates": [ [ -77.181898118377262, 38.772411343898312 ], [ -77.181559461314919, 38.775791968528218 ] ] } },
{ "type": "Feature", "properties": { "A": 34821, "B": 35448, "SUBAREA": 0, "FFSNEW": 0, "CPENEW": 0, "CPEFAC": 0, "TIMEPEN": 0, "DISTANCE": 0.31, "SPDCLASS": 13, "CAPCLASS": 13, "JUR": 5, "SCREEN": 0, "FTYPE": 1, "TOLL": 0, "TOLLGRP": 0, "AMLANE": 1, "AMLIMIT": 0, "PMLANE": 1, "PMLIMIT": 0, "OPLANE": 1, "OPLIMIT": 0, "EDGEID": 34800000000, "LINKID": 30178, "NETYEAR": 2015, "SHAPE_LENG": 1648.15, "PROJECTID": "VI2RAMP", "TAZ": 2122, "ATYPE": 3, "MDLANE": 1, "MDLIMIT": 0, "NTLANE": 1, "NTLIMIT": 0, "DEFLATIONFT": 0.8011, "AMTOLL": 0.0, "PMTOLL": 0.0, "OPTOLL": 0.0, "AMTOLL_VP": 0.0, "PMTOLL_VP": 0.0, "OPTOLL_VP": 0.0, "AMHTIME": 0.46097, "PMHTIME": 0.46097, "OPHTIME": 0.35469, "MDTOLL": 0.0, "MDTOLL_VP": 0.0, "MDHTIME": 0.35469, "NTTOLL": 0.0, "NTTOLL_VP": 0.0, "NTHTIME": 0.35469, "LINKAB": 3482135448, "TURNPENI": "TURNPEN.PEN", "I4AMSOV": 563.01654, "I4AMHV2": 64.62227, "I4AMHV3": 46.77902, "I4AMCV": 62.97242, "I4AMTRK": 0.0, "I4AMAPX": 0.0, "I4AMVOL": 737.3902, "I4AMVMT": 228.59097, "I4AMFFSPD": 69, "AMHRLKCAP": 2000, "AMHRLNCAP": 2000, "I4AMVC": 0.15375, "I4AMVDF": 1.00669, "I4AMSPD": 68.54164, "COMP": 0, "I4MDSOV": 505.30576, "I4MDHV2": 84.61, "I4MDHV3": 54.79, "I4MDCV": 106.49, "I4MDTRK": 0.0, "I4MDAPX": 0.0, "I4MDVOL": 751.19574, "I4MDVMT": 232.87068, "I4MDFFSPD": 69, "MDHRLKCAP": 2000, "MDHRLNCAP": 2000, "I4MDVC": 0.06648, "I4MDVDF": 1.00266, "I4MDSPD": 68.817, "I4PMSOV": 0.0, "I4PMHV2": 0.0, "I4PMHV3": 0.0, "I4PMCV": 0.0, "I4PMTRK": 0.0, "I4PMAPX": 0.0, "I4PMVOL": 0.0, "I4PMVMT": 0.0, "I4PMFFSPD": 69, "PMHRLKCAP": 2000, "PMHRLNCAP": 2000, "I4PMVC": 0.0, "I4PMVDF": 1.0, "I4PMSPD": 69.0, "I4NTSOV": 220.44, "I4NTHV2": 33.81, "I4NTHV3": 22.97, "I4NTCV": 50.53, "I4NTTRK": 0.0, "I4NTAPX": 0.0, "I4NTVOL": 327.75, "I4NTVMT": 101.6025, "I4NTFFSPD": 69, "NTHRLKCAP": 2000, "NTHRLNCAP": 2000, "I4NTVC": 0.02458, "I4NTVDF": 1.00098, "I4NTSPD": 68.93222, "I424VOL": 1816.33594, "TVOL00": 2, "TVMT00": 0.62, "ID": 0, "AADT_2023": 0, "AWDT_2023": 0, "MD210": 0, "CNT2LOADDIF": 0.0, "ABSNCTDIFF": 0.0, "CNT2LOADPCT": 0.0, "ABSPCTDIFF": 0.0, "MD210U": 0, "LOAD1": 1816.33594, "LOAD2": 402.61, "LOADGRW": -1413.72595, "ABSGRW": 1413.72595, "PRCGRW": -0.7783394, "PRCANLGRW": -3.5379066 }, "geometry": { "type": "LineString", "coordinates": [ [ -77.185286600681593, 38.74949214889569 ], [ -77.185344210313531, 38.749655874677103 ], [ -77.185412421328749, 38.749854381528706 ], [ -77.185601409736819, 38.750404368418323 ], [ -77.186788240383166, 38.753861102132134 ] ] } },
{ "type": "Feature", "properties": { "A": 35128, "B": 34837, "SUBAREA": 0, "FFSNEW": 0, "CPENEW": 0, "CPEFAC": 0, "TIMEPEN": 0, "DISTANCE": 0.83, "SPDCLASS": 65, "CAPCLASS": 65, "JUR": 5, "SCREEN": 0, "FTYPE": 6, "TOLL": 0, "TOLLGRP": 0, "AMLANE": 2, "AMLIMIT": 0, "PMLANE": 2, "PMLIMIT": 9, "OPLANE": 2, "OPLIMIT": 0, "EDGEID": 35100000000, "LINKID": 67539, "NETYEAR": 2015, "SHAPE_LENG": 4389.7, "PROJECTID": "VI2R29", "TAZ": 2102, "ATYPE": 5, "MDLANE": 2, "MDLIMIT": 0, "NTLANE": 2, "NTLIMIT": 0, "DEFLATIONFT": 0.8011, "AMTOLL": 0.0, "PMTOLL": 0.0, "OPTOLL": 0.0, "AMTOLL_VP": 0.0, "PMTOLL_VP": 0.0, "OPTOLL_VP": 0.0, "AMHTIME": 1.46084, "PMHTIME": 1.46084, "OPHTIME": 1.44515, "MDTOLL": 0.0, "MDTOLL_VP": 0.0, "MDHTIME": 1.44515, "NTTOLL": 0.0, "NTTOLL_VP": 0.0, "NTHTIME": 1.44515, "LINKAB": 3512834837, "TURNPENI": "TURNPEN.PEN", "I4AMSOV": 0.0, "I4AMHV2": 0.0004, "I4AMHV3": 16.09, "I4AMCV": 0.0, "I4AMTRK": 0.0, "I4AMAPX": 0.0, "I4AMVOL": 16.0904, "I4AMVMT": 13.35503, "I4AMFFSPD": 40, "AMHRLKCAP": 4000, "AMHRLNCAP": 2000, "I4AMVC": 0.00168, "I4AMVDF": 1.00007, "I4AMSPD": 39.99731, "COMP": 0, "I4MDSOV": 0.0, "I4MDHV2": 0.0, "I4MDHV3": 34.89852, "I4MDCV": 0.0, "I4MDTRK": 0.0, "I4MDAPX": 0.0, "I4MDVOL": 34.89852, "I4MDVMT": 28.96577, "I4MDFFSPD": 40, "MDHRLKCAP": 4000, "MDHRLNCAP": 2000, "I4MDVC": 0.00154, "I4MDVDF": 1.00006, "I4MDSPD": 39.99753, "I4PMSOV": 0.0, "I4PMHV2": 0.0, "I4PMHV3": 0.0, "I4PMCV": 0.0, "I4PMTRK": 0.0, "I4PMAPX": 0.0, "I4PMVOL": 0.0, "I4PMVMT": 0.0, "I4PMFFSPD": 40, "PMHRLKCAP": 4000, "PMHRLNCAP": 2000, "I4PMVC": 0.0, "I4PMVDF": 1.0, "I4PMSPD": 40.0, "I4NTSOV": 0.0, "I4NTHV2": 0.0, "I4NTHV3": 151.81, "I4NTCV": 0.0, "I4NTTRK": 0.0, "I4NTAPX": 0.0, "I4NTVOL": 151.81, "I4NTVMT": 126.0023, "I4NTFFSPD": 40, "NTHRLKCAP": 4000, "NTHRLNCAP": 2000, "I4NTVC": 0.00569, "I4NTVDF": 1.00023, "I4NTSPD": 39.99089, "I424VOL": 202.79892, "TVOL00": 0, "TVMT00": 0.0, "ID": 0, "AADT_2023": 0, "AWDT_2023": 0, "MD210": 0, "CNT2LOADDIF": 0.0, "ABSNCTDIFF": 0.0, "CNT2LOADPCT": 0.0, "ABSPCTDIFF": 0.0, "MD210U": 0, "LOAD1": 202.79892, "LOAD2": 48.78793, "LOADGRW": -154.01099, "ABSGRW": 154.01099, "PRCGRW": -0.7594271, "PRCANLGRW": -3.4519413 }, "geometry": { "type": "LineString", "coordinates": [ [ -77.234077762853104, 38.673292453330703 ], [ -77.232440765532658, 38.67662949922309 ], [ -77.232385909476477, 38.676741305860723 ], [ -77.230717705124277, 38.680141227512649 ], [ -77.22897395577094, 38.683694743783626 ], [ -77.228558441796736, 38.684542181239252 ] ] } },
{ "type": "Feature", "properties": { "A": 35131, "B": 35129, "SUBAREA": 0, "FFSNEW": 0, "CPENEW": 0, "CPEFAC": 0, "TIMEPEN": 0, "DISTANCE": 0.29, "SPDCLASS": 62, "CAPCLASS": 62, "JUR": 5, "SCREEN": 0, "FTYPE": 6, "TOLL": 150, "TOLLGRP": 1, "AMLANE": 2, "AMLIMIT": 0, "PMLANE": 2, "PMLIMIT": 0, "OPLANE": 2, "OPLIMIT": 0, "EDGEID": 35100000000, "LINKID": 82355, "NETYEAR": 2019, "SHAPE_LENG": 1509.69, "PROJECTID": "2019TOLL", "TAZ": 1835, "ATYPE": 2, "MDLANE": 2, "MDLIMIT": 0, "NTLANE": 2, "NTLIMIT": 0, "DEFLATIONFT": 0.8011, "AMTOLL": 120.165, "PMTOLL": 120.165, "OPTOLL": 120.165, "AMTOLL_VP": 0.0, "PMTOLL_VP": 0.0, "OPTOLL_VP": 0.0, "AMHTIME": 0.98528, "PMHTIME": 0.98528, "OPHTIME": 0.93148, "MDTOLL": 120.165, "MDTOLL_VP": 0.0, "MDHTIME": 0.93148, "NTTOLL": 120.165, "NTTOLL_VP": 0.0, "NTHTIME": 0.93148, "LINKAB": 3513135129, "TURNPENI": "TURNPEN.PEN", "I4AMSOV": 29.92295, "I4AMHV2": 8.99458, "I4AMHV3": 17.2205, "I4AMCV": 5.84529, "I4AMTRK": 0.0, "I4AMAPX": 2.97059, "I4AMVOL": 64.95392, "I4AMVMT": 18.83664, "I4AMFFSPD": 23, "AMHRLKCAP": 2000, "AMHRLNCAP": 1000, "I4AMVC": 0.01354, "I4AMVDF": 1.00054, "I4AMSPD": 22.98755, "COMP": 0, "I4MDSOV": 0.0, "I4MDHV2": 0.0, "I4MDHV3": 0.0, "I4MDCV": 0.0, "I4MDTRK": 0.0, "I4MDAPX": 0.0, "I4MDVOL": 0.0, "I4MDVMT": 0.0, "I4MDFFSPD": 23, "MDHRLKCAP": 2000, "MDHRLNCAP": 1000, "I4MDVC": 0.0, "I4MDVDF": 1.0, "I4MDSPD": 23.0, "I4PMSOV": 411.33548, "I4PMHV2": 528.78088, "I4PMHV3": 654.04297, "I4PMCV": 632.76276, "I4PMTRK": 0.0, "I4PMAPX": 150.17975, "I4PMVOL": 2377.10181, "I4PMVMT": 689.3595, "I4PMFFSPD": 23, "PMHRLKCAP": 2000, "PMHRLNCAP": 1000, "I4PMVC": 0.34943, "I4PMVDF": 1.01945, "I4PMSPD": 22.5612, "I4NTSOV": 0.0, "I4NTHV2": 0.0, "I4NTHV3": 0.0, "I4NTCV": 0.0, "I4NTTRK": 0.0, "I4NTAPX": 0.0, "I4NTVOL": 0.0, "I4NTVMT": 0.0, "I4NTFFSPD": 23, "NTHRLKCAP": 2000, "NTHRLNCAP": 1000, "I4NTVC": 0.0, "I4NTVDF": 1.0, "I4NTSPD": 23.0, "I424VOL": 2442.05566, "TVOL00": 2, "TVMT00": 0.58, "ID": 0, "AADT_2023": 0, "AWDT_2023": 0, "MD210": 0, "CNT2LOADDIF": 0.0, "ABSNCTDIFF": 0.0, "CNT2LOADPCT": 0.0, "ABSPCTDIFF": 0.0, "MD210U": 0, "LOAD1": 2442.05566, "LOAD2": 565.08179, "LOADGRW": -1876.97388, "ABSGRW": 1876.97388, "PRCGRW": -0.768604, "PRCANLGRW": -3.4936547 }, "geometry": { "type": "LineString", "coordinates": [ [ -77.232608525636763, 38.935730992567592 ], [ -77.23776967176461, 38.934762342560184 ] ] } },
{ "type": "Feature", "properties": { "A": 35448, "B": 2123, "SUBAREA": 0, "FFSNEW": 0, "CPENEW": 0, "CPEFAC": 0, "TIMEPEN": 0, "DISTANCE": 0.37, "SPDCLASS": 3, "CAPCLASS": 3, "JUR": 5, "SCREEN": 0, "FTYPE": 0, "TOLL": 0, "TOLLGRP": 0, "AMLANE": 7, "AMLIMIT": 0, "PMLANE": 7, "PMLIMIT": 0, "OPLANE": 7, "OPLIMIT": 0, "EDGEID": 2123035448, "LINKID": 76141, "NETYEAR": 2014, "SHAPE_LENG": 1974.08, "PROJECTID": "VI2RAMP", "TAZ": 2123, "ATYPE": 3, "MDLANE": 7, "MDLIMIT": 0, "NTLANE": 7, "NTLIMIT": 0, "DEFLATIONFT": 0.8011, "AMTOLL": 0.0, "PMTOLL": 0.0, "OPTOLL": 0.0, "AMTOLL_VP": 0.0, "PMTOLL_VP": 0.0, "OPTOLL_VP": 0.0, "AMHTIME": 1.11, "PMHTIME": 1.11, "OPHTIME": 1.11, "MDTOLL": 0.0, "MDTOLL_VP": 0.0, "MDHTIME": 1.11, "NTTOLL": 0.0, "NTTOLL_VP": 0.0, "NTHTIME": 1.11, "LINKAB": 3544802123, "TURNPENI": "TURNPEN.PEN", "I4AMSOV": 563.01654, "I4AMHV2": 64.62227, "I4AMHV3": 46.77902, "I4AMCV": 62.97242, "I4AMTRK": 0.0, "I4AMAPX": 0.0, "I4AMVOL": 737.3902, "I4AMVMT": 272.83438, "I4AMFFSPD": 23, "AMHRLKCAP": 22050, "AMHRLNCAP": 3150, "I4AMVC": 0.01395, "I4AMVDF": 1.0, "I4AMSPD": 23.0, "COMP": 0, "I4MDSOV": 505.30576, "I4MDHV2": 84.61, "I4MDHV3": 54.79, "I4MDCV": 106.49, "I4MDTRK": 0.0, "I4MDAPX": 0.0, "I4MDVOL": 751.19574, "I4MDVMT": 277.94241, "I4MDFFSPD": 23, "MDHRLKCAP": 22050, "MDHRLNCAP": 3150, "I4MDVC": 0.00603, "I4MDVDF": 1.0, "I4MDSPD": 23.0, "I4PMSOV": 0.0, "I4PMHV2": 0.0, "I4PMHV3": 0.0, "I4PMCV": 0.0, "I4PMTRK": 0.0, "I4PMAPX": 0.0, "I4PMVOL": 0.0, "I4PMVMT": 0.0, "I4PMFFSPD": 23, "PMHRLKCAP": 22050, "PMHRLNCAP": 3150, "I4PMVC": 0.0, "I4PMVDF": 1.0, "I4PMSPD": 23.0, "I4NTSOV": 220.44, "I4NTHV2": 33.81, "I4NTHV3": 22.97, "I4NTCV": 50.53, "I4NTTRK": 0.0, "I4NTAPX": 0.0, "I4NTVOL": 327.75, "I4NTVMT": 121.2675, "I4NTFFSPD": 23, "NTHRLKCAP": 22050, "NTHRLNCAP": 3150, "I4NTVC": 0.00223, "I4NTVDF": 1.0, "I4NTSPD": 23.0, "I424VOL": 1816.33594, "TVOL00": 0, "TVMT00": 0.0, "ID": 0, "AADT_2023": 0, "AWDT_2023": 0, "MD210": 0, "CNT2LOADDIF": 0.0, "ABSNCTDIFF": 0.0, "CNT2LOADPCT": 0.0, "ABSPCTDIFF": 0.0, "MD210U": 0, "LOAD1": 1816.33594, "LOAD2": 402.61, "LOADGRW": -1413.72595, "ABSGRW": 1413.72595, "PRCGRW": -0.7783394, "PRCANLGRW": -3.5379066 }, "geometry": { "type": "LineString", "coordinates": [ [ -77.186788240383166, 38.753861102132134 ], [ -77.193691621833864, 38.753432472132147 ] ] } },
{ "type": "Feature", "properties": { "A": 35448, "B": 34820, "SUBAREA": 0, "FFSNEW": 0, "CPENEW": 0, "CPEFAC": 0, "TIMEPEN": 0, "DISTANCE": 0.31, "SPDCLASS": 13, "CAPCLASS": 13, "JUR": 5, "SCREEN": 0, "FTYPE": 1, "TOLL": 0, "TOLLGRP": 0, "AMLANE": 1, "AMLIMIT": 9, "PMLANE": 1, "PMLIMIT": 0, "OPLANE": 1, "OPLIMIT": 9, "EDGEID": 35400000000, "LINKID": 67997, "NETYEAR": 2014, "SHAPE_LENG": 1622.52, "PROJECTID": "VI2RAMP", "TAZ": 2122, "ATYPE": 3, "MDLANE": 1, "MDLIMIT": 9, "NTLANE": 1, "NTLIMIT": 9, "DEFLATIONFT": 0.8011, "AMTOLL": 0.0, "PMTOLL": 0.0, "OPTOLL": 0.0, "AMTOLL_VP": 0.0, "PMTOLL_VP": 0.0, "OPTOLL_VP": 0.0, "AMHTIME": 0.46097, "PMHTIME": 0.46097, "OPHTIME": 0.35469, "MDTOLL": 0.0, "MDTOLL_VP": 0.0, "MDHTIME": 0.35469, "NTTOLL": 0.0, "NTTOLL_VP": 0.0, "NTHTIME": 0.35469, "LINKAB": 3544834820, "TURNPENI": "TURNPEN.PEN", "I4AMSOV": 0.0, "I4AMHV2": 0.0, "I4AMHV3": 0.0, "I4AMCV": 0.0, "I4AMTRK": 0.0, "I4AMAPX": 0.0, "I4AMVOL": 0.0, "I4AMVMT": 0.0, "I4AMFFSPD": 69, "AMHRLKCAP": 2000, "AMHRLNCAP": 2000, "I4AMVC": 0.0, "I4AMVDF": 1.0, "I4AMSPD": 69.0, "COMP": 0, "I4MDSOV": 0.0, "I4MDHV2": 0.0, "I4MDHV3": 0.0, "I4MDCV": 0.0, "I4MDTRK": 0.0, "I4MDAPX": 0.0, "I4MDVOL": 0.0, "I4MDVMT": 0.0, "I4MDFFSPD": 69, "MDHRLKCAP": 2000, "MDHRLNCAP": 2000, "I4MDVC": 0.0, "I4MDVDF": 1.0, "I4MDSPD": 69.0, "I4PMSOV": 534.26538, "I4PMHV2": 80.60059, "I4PMHV3": 52.13848, "I4PMCV": 84.49939, "I4PMTRK": 0.0, "I4PMAPX": 1.64, "I4PMVOL": 753.1438, "I4PMVMT": 233.47458, "I4PMFFSPD": 69, "PMHRLKCAP": 2000, "PMHRLNCAP": 2000, "I4PMVC": 0.11071, "I4PMVDF": 1.00454, "I4PMSPD": 68.68845, "I4NTSOV": 0.0, "I4NTHV2": 0.0, "I4NTHV3": 0.0, "I4NTCV": 0.0, "I4NTTRK": 0.0, "I4NTAPX": 0.0, "I4NTVOL": 0.0, "I4NTVMT": 0.0, "I4NTFFSPD": 69, "NTHRLKCAP": 2000, "NTHRLNCAP": 2000, "I4NTVC": 0.0, "I4NTVDF": 1.0, "I4NTSPD": 69.0, "I424VOL": 753.1438, "TVOL00": 1, "TVMT00": 0.31, "ID": 0, "AADT_2023": 0, "AWDT_2023": 0, "MD210": 0, "CNT2LOADDIF": 0.0, "ABSNCTDIFF": 0.0, "CNT2LOADPCT": 0.0, "ABSPCTDIFF": 0.0, "MD210U": 0, "LOAD1": 753.1438, "LOAD2": 253.72418, "LOADGRW": -499.41962, "ABSGRW": 499.41962, "PRCGRW": -0.6631132, "PRCANLGRW": -3.0141511 }, "geometry": { "type": "LineString", "coordinates": [ [ -77.186788240383166, 38.753861102132134 ], [ -77.185623755236293, 38.750341055120749 ], [ -77.185437396451064, 38.749778206101574 ], [ -77.185360384489741, 38.749549693889151 ] ] } },
{ "type": "Feature", "properties": { "A": 35495, "B": 35768, "SUBAREA": 0, "FFSNEW": 0, "CPENEW": 0, "CPEFAC": 0, "TIMEPEN": 0, "DISTANCE": 0.52, "SPDCLASS": 13, "CAPCLASS": 13, "JUR": 5, "SCREEN": 0, "FTYPE": 1, "TOLL": 0, "TOLLGRP": 0, "AMLANE": 1, "AMLIMIT": 0, "PMLANE": 1, "PMLIMIT": 0, "OPLANE": 1, "OPLIMIT": 0, "EDGEID": 35500000000, "LINKID": 72075, "NETYEAR": 2013, "SHAPE_LENG": 2756.49, "PROJECTID": "VI4IHOT", "TAZ": 2006, "ATYPE": 3, "MDLANE": 1, "MDLIMIT": 0, "NTLANE": 1, "NTLIMIT": 0, "DEFLATIONFT": 0.8011, "AMTOLL": 0.0, "PMTOLL": 0.0, "OPTOLL": 0.0, "AMTOLL_VP": 0.0, "PMTOLL_VP": 0.0, "OPTOLL_VP": 0.0, "AMHTIME": 0.77323, "PMHTIME": 0.77323, "OPHTIME": 0.59497, "MDTOLL": 0.0, "MDTOLL_VP": 0.0, "MDHTIME": 0.59497, "NTTOLL": 0.0, "NTTOLL_VP": 0.0, "NTHTIME": 0.59497, "LINKAB": 3549535768, "TURNPENI": "TURNPEN.PEN", "I4AMSOV": 0.0, "I4AMHV2": 0.0, "I4AMHV3": 0.0, "I4AMCV": 0.0, "I4AMTRK": 0.0, "I4AMAPX": 0.0, "I4AMVOL": 0.0, "I4AMVMT": 0.0, "I4AMFFSPD": 69, "AMHRLKCAP": 2000, "AMHRLNCAP": 2000, "I4AMVC": 0.0, "I4AMVDF": 1.0, "I4AMSPD": 69.0, "COMP": 0, "I4MDSOV": 0.0, "I4MDHV2": 0.0, "I4MDHV3": 112.53806, "I4MDCV": 0.0, "I4MDTRK": 0.0, "I4MDAPX": 0.0, "I4MDVOL": 112.53806, "I4MDVMT": 58.51979, "I4MDFFSPD": 69, "MDHRLKCAP": 2000, "MDHRLNCAP": 2000, "I4MDVC": 0.00996, "I4MDVDF": 1.0004, "I4MDSPD": 68.97252, "I4PMSOV": 0.0, "I4PMHV2": 178.72531, "I4PMHV3": 17.24, "I4PMCV": 130.87035, "I4PMTRK": 0.0, "I4PMAPX": 18.99922, "I4PMVOL": 345.83487, "I4PMVMT": 179.83414, "I4PMFFSPD": 69, "PMHRLKCAP": 2000, "PMHRLNCAP": 2000, "I4PMVC": 0.05084, "I4PMVDF": 1.00203, "I4PMSPD": 68.85997, "I4NTSOV": 0.0, "I4NTHV2": 0.0, "I4NTHV3": 0.0, "I4NTCV": 0.0, "I4NTTRK": 0.0, "I4NTAPX": 0.0, "I4NTVOL": 0.0, "I4NTVMT": 0.0, "I4NTFFSPD": 69, "NTHRLKCAP": 2000, "NTHRLNCAP": 2000, "I4NTVC": 0.0, "I4NTVDF": 1.0, "I4NTSPD": 69.0, "I424VOL": 458.37292, "TVOL00": 0, "TVMT00": 0.0, "ID": 0, "AADT_2023": 0, "AWDT_2023": 0, "MD210": 0, "CNT2LOADDIF": 0.0, "ABSNCTDIFF": 0.0, "CNT2LOADPCT": 0.0, "ABSPCTDIFF": 0.0, "MD210U": 0, "LOAD1": 458.37292, "LOAD2": 144.13791, "LOADGRW": -314.23502, "ABSGRW": 314.23502, "PRCGRW": -0.6855444, "PRCANLGRW": -3.116111 }, "geometry": { "type": "LineString", "coordinates": [ [ -77.171993584279377, 38.79457956485701 ], [ -77.17189945831764, 38.794540713786084 ], [ -77.171721233017195, 38.79446516338902 ], [ -77.168078499324807, 38.79292090564693 ], [ -77.164883108195568, 38.791566139934311 ], [ -77.164779507888014, 38.791522213360714 ], [ -77.163487456671476, 38.790975570769106 ] ] } },
{ "type": "Feature", "properties": { "A": 35747, "B": 34703, "SUBAREA": 0, "FFSNEW": 0, "CPENEW": 0, "CPEFAC": 0, "TIMEPEN": 0, "DISTANCE": 1.05, "SPDCLASS": 43, "CAPCLASS": 43, "JUR": 5, "SCREEN": 0, "FTYPE": 4, "TOLL": 0, "TOLLGRP": 0, "AMLANE": 1, "AMLIMIT": 0, "PMLANE": 1, "PMLIMIT": 0, "OPLANE": 1, "OPLIMIT": 0, "EDGEID": 35700000000, "LINKID": 62476, "NETYEAR": 2011, "SHAPE_LENG": 5559.81, "PROJECTID": "VP6EC", "TAZ": 1680, "ATYPE": 3, "MDLANE": 1, "MDLIMIT": 0, "NTLANE": 1, "NTLIMIT": 0, "DEFLATIONFT": 0.8011, "AMTOLL": 0.0, "PMTOLL": 0.0, "OPTOLL": 0.0, "AMTOLL_VP": 0.0, "PMTOLL_VP": 0.0, "OPTOLL_VP": 0.0, "AMHTIME": 3.84615, "PMHTIME": 3.84615, "OPHTIME": 3.32629, "MDTOLL": 0.0, "MDTOLL_VP": 0.0, "MDHTIME": 3.32629, "NTTOLL": 0.0, "NTTOLL_VP": 0.0, "NTHTIME": 3.32629, "LINKAB": 3574734703, "TURNPENI": "TURNPEN.PEN", "I4AMSOV": 369.60934, "I4AMHV2": 49.08061, "I4AMHV3": 25.84, "I4AMCV": 66.14845, "I4AMTRK": 31.67057, "I4AMAPX": 0.0, "I4AMVOL": 542.349, "I4AMVMT": 569.46643, "I4AMFFSPD": 35, "AMHRLKCAP": 600, "AMHRLNCAP": 600, "I4AMVC": 0.37693, "I4AMVDF": 1.13016, "I4AMSPD": 30.96911, "COMP": 0, "I4MDSOV": 409.33084, "I4MDHV2": 106.30099, "I4MDHV3": 55.98892, "I4MDCV": 73.04941, "I4MDTRK": 40.90171, "I4MDAPX": 0.0, "I4MDVOL": 685.57184, "I4MDVMT": 719.8504, "I4MDFFSPD": 35, "MDHRLKCAP": 600, "MDHRLNCAP": 600, "I4MDVC": 0.20224, "I4MDVDF": 1.05685, "I4MDSPD": 33.1172, "I4PMSOV": 771.9632, "I4PMHV2": 184.57149, "I4PMHV3": 94.99, "I4PMCV": 139.79356, "I4PMTRK": 28.15805, "I4PMAPX": 25.47729, "I4PMVOL": 1244.95361, "I4PMVMT": 1307.20129, "I4PMFFSPD": 35, "PMHRLKCAP": 600, "PMHRLNCAP": 600, "I4PMVC": 0.61003, "I4PMVDF": 1.29373, "I4PMSPD": 27.05358, "I4NTSOV": 261.62906, "I4NTHV2": 56.66227, "I4NTHV3": 28.9983, "I4NTCV": 26.94845, "I4NTTRK": 7.76457, "I4NTAPX": 0.0, "I4NTVOL": 382.00266, "I4NTVMT": 401.10278, "I4NTFFSPD": 35, "NTHRLKCAP": 600, "NTHRLNCAP": 600, "I4NTVC": 0.0955, "I4NTVDF": 1.02388, "I4NTSPD": 34.18385, "I424VOL": 2854.8772, "TVOL00": 3, "TVMT00": 3.15, "ID": 0, "AADT_2023": 0, "AWDT_2023": 0, "MD210": 0, "CNT2LOADDIF": 0.0, "ABSNCTDIFF": 0.0, "CNT2LOADPCT": 0.0, "ABSPCTDIFF": 0.0, "MD210U": 0, "LOAD1": 2854.8772, "LOAD2": 386.487, "LOADGRW": -2468.39014, "ABSGRW": 2468.39014, "PRCGRW": -0.8646222, "PRCANLGRW": -3.9301009 }, "geometry": { "type": "LineString", "coordinates": [ [ -77.433166302576439, 38.91153791261285 ], [ -77.446168625490131, 38.900143410274566 ] ] } },
{ "type": "Feature", "properties": { "A": 36306, "B": 1630, "SUBAREA": 0, "FFSNEW": 0, "CPENEW": 0, "CPEFAC": 0, "TIMEPEN": 0, "DISTANCE": 0.36, "SPDCLASS": 2, "CAPCLASS": 2, "JUR": 5, "SCREEN": 0, "FTYPE": 0, "TOLL": 0, "TOLLGRP": 0, "AMLANE": 7, "AMLIMIT": 0, "PMLANE": 7, "PMLIMIT": 0, "OPLANE": 7, "OPLIMIT": 0, "EDGEID": 36300000000, "LINKID": 59562, "NETYEAR": 2001, "SHAPE_LENG": 1921.47, "PROJECTID": "NA", "TAZ": 1630, "ATYPE": 2, "MDLANE": 7, "MDLIMIT": 0, "NTLANE": 7, "NTLIMIT": 0, "DEFLATIONFT": 0.8011, "AMTOLL": 0.0, "PMTOLL": 0.0, "OPTOLL": 0.0, "AMTOLL_VP": 0.0, "PMTOLL_VP": 0.0, "OPTOLL_VP": 0.0, "AMHTIME": 1.44, "PMHTIME": 1.44, "OPHTIME": 1.44, "MDTOLL": 0.0, "MDTOLL_VP": 0.0, "MDHTIME": 1.44, "NTTOLL": 0.0, "NTTOLL_VP": 0.0, "NTHTIME": 1.44, "LINKAB": 3630601630, "TURNPENI": "TURNPEN.PEN", "I4AMSOV": 0.0, "I4AMHV2": 0.0, "I4AMHV3": 0.0, "I4AMCV": 0.0, "I4AMTRK": 0.0, "I4AMAPX": 0.0, "I4AMVOL": 0.0, "I4AMVMT": 0.0, "I4AMFFSPD": 17, "AMHRLKCAP": 22050, "AMHRLNCAP": 3150, "I4AMVC": 0.0, "I4AMVDF": 1.0, "I4AMSPD": 17.0, "COMP": 0, "I4MDSOV": 0.0, "I4MDHV2": 0.0, "I4MDHV3": 0.0, "I4MDCV": 0.0, "I4MDTRK": 0.0, "I4MDAPX": 0.0, "I4MDVOL": 0.0, "I4MDVMT": 0.0, "I4MDFFSPD": 17, "MDHRLKCAP": 22050, "MDHRLNCAP": 3150, "I4MDVC": 0.0, "I4MDVDF": 1.0, "I4MDSPD": 17.0, "I4PMSOV": 145.90118, "I4PMHV2": 17.10596, "I4PMHV3": 15.6, "I4PMCV": 6.19848, "I4PMTRK": 1.15329, "I4PMAPX": 1.29916, "I4PMVOL": 187.25807, "I4PMVMT": 67.4129, "I4PMFFSPD": 17, "PMHRLKCAP": 22050, "PMHRLNCAP": 3150, "I4PMVC": 0.0025, "I4PMVDF": 1.0, "I4PMSPD": 17.0, "I4NTSOV": 0.0, "I4NTHV2": 0.0, "I4NTHV3": 0.0, "I4NTCV": 0.0, "I4NTTRK": 0.0, "I4NTAPX": 0.0, "I4NTVOL": 0.0, "I4NTVMT": 0.0, "I4NTFFSPD": 17, "NTHRLKCAP": 22050, "NTHRLNCAP": 3150, "I4NTVC": 0.0, "I4NTVDF": 1.0, "I4NTSPD": 17.0, "I424VOL": 187.25807, "TVOL00": 0, "TVMT00": 0.0, "ID": 0, "AADT_2023": 0, "AWDT_2023": 0, "MD210": 0, "CNT2LOADDIF": 0.0, "ABSNCTDIFF": 0.0, "CNT2LOADPCT": 0.0, "ABSPCTDIFF": 0.0, "MD210U": 0, "LOAD1": 187.25807, "LOAD2": 57.6405, "LOADGRW": -129.61757, "ABSGRW": 129.61757, "PRCGRW": -0.6921868, "PRCANLGRW": -3.1463037 }, "geometry": { "type": "LineString", "coordinates": [ [ -77.299356671984654, 38.844801116390599 ], [ -77.30195535813165, 38.839931620025347 ] ] } },
{ "type": "Feature", "properties": { "A": 38017, "B": 2318, "SUBAREA": 0, "FFSNEW": 0, "CPENEW": 0, "CPEFAC": 0, "TIMEPEN": 0, "DISTANCE": 0.99, "SPDCLASS": 5, "CAPCLASS": 5, "JUR": 6, "SCREEN": 0, "FTYPE": 0, "TOLL": 0, "TOLLGRP": 0, "AMLANE": 7, "AMLIMIT": 0, "PMLANE": 7, "PMLIMIT": 0, "OPLANE": 7, "OPLIMIT": 0, "EDGEID": 38000000000, "LINKID": 30135, "NETYEAR": 2001, "SHAPE_LENG": 5240.62, "PROJECTID": "NA", "TAZ": 2318, "ATYPE": 5, "MDLANE": 7, "MDLIMIT": 0, "NTLANE": 7, "NTLIMIT": 0, "DEFLATIONFT": 0.8011, "AMTOLL": 0.0, "PMTOLL": 0.0, "OPTOLL": 0.0, "AMTOLL_VP": 0.0, "PMTOLL_VP": 0.0, "OPTOLL_VP": 0.0, "AMHTIME": 1.98, "PMHTIME": 1.98, "OPHTIME": 1.98, "MDTOLL": 0.0, "MDTOLL_VP": 0.0, "MDHTIME": 1.98, "NTTOLL": 0.0, "NTTOLL_VP": 0.0, "NTHTIME": 1.98, "LINKAB": 3801702318, "TURNPENI": "TURNPEN.PEN", "I4AMSOV": 460.50659, "I4AMHV2": 54.8713, "I4AMHV3": 20.7, "I4AMCV": 33.12282, "I4AMTRK": 43.3293, "I4AMAPX": 0.0, "I4AMVOL": 612.53003, "I4AMVMT": 606.40472, "I4AMFFSPD": 35, "AMHRLKCAP": 22050, "AMHRLNCAP": 3150, "I4AMVC": 0.01158, "I4AMVDF": 1.0, "I4AMSPD": 35.0, "COMP": 0, "I4MDSOV": 606.74451, "I4MDHV2": 143.73776, "I4MDHV3": 62.70733, "I4MDCV": 59.10732, "I4MDTRK": 82.65976, "I4MDAPX": 0.0, "I4MDVOL": 954.95667, "I4MDVMT": 945.4071, "I4MDFFSPD": 35, "MDHRLKCAP": 22050, "MDHRLNCAP": 3150, "I4MDVC": 0.00767, "I4MDVDF": 1.0, "I4MDSPD": 35.0, "I4PMSOV": 276.52933, "I4PMHV2": 97.99931, "I4PMHV3": 39.61, "I4PMCV": 58.47769, "I4PMTRK": 30.41361, "I4PMAPX": 29.4063, "I4PMVOL": 532.43622, "I4PMVMT": 527.11188, "I4PMFFSPD": 35, "PMHRLKCAP": 22050, "PMHRLNCAP": 3150, "I4PMVC": 0.0071, "I4PMVDF": 1.0, "I4PMSPD": 35.0, "I4NTSOV": 283.63977, "I4NTHV2": 74.36056, "I4NTHV3": 33.4763, "I4NTCV": 26.27101, "I4NTTRK": 19.9337, "I4NTAPX": 0.0, "I4NTVOL": 437.68134, "I4NTVMT": 433.30453, "I4NTFFSPD": 35, "NTHRLKCAP": 22050, "NTHRLNCAP": 3150, "I4NTVC": 0.00298, "I4NTVDF": 1.0, "I4NTSPD": 35.0, "I424VOL": 2537.60425, "TVOL00": 0, "TVMT00": 0.0, "ID": 0, "AADT_2023": 0, "AWDT_2023": 0, "MD210": 0, "CNT2LOADDIF": 0.0, "ABSNCTDIFF": 0.0, "CNT2LOADPCT": 0.0, "ABSPCTDIFF": 0.0, "MD210U": 0, "LOAD1": 2537.60425, "LOAD2": 642.61487, "LOADGRW": -1894.98938, "ABSGRW": 1894.98938, "PRCGRW": -0.7467632, "PRCANLGRW": -3.3943779 }, "geometry": { "type": "LineString", "coordinates": [ [ -77.499176432739787, 38.959081258888318 ], [ -77.497676448799737, 38.973423263721642 ] ] } },
{ "type": "Feature", "properties": { "A": 38283, "B": 38280, "SUBAREA": 0, "FFSNEW": 0, "CPENEW": 0, "CPEFAC": 0, "TIMEPEN": 0, "DISTANCE": 0.42, "SPDCLASS": 63, "CAPCLASS": 63, "JUR": 6, "SCREEN": 0, "FTYPE": 6, "TOLL": 0, "TOLLGRP": 0, "AMLANE": 2, "AMLIMIT": 0, "PMLANE": 2, "PMLIMIT": 0, "OPLANE": 2, "OPLIMIT": 0, "EDGEID": 38300000000, "LINKID": 57606, "NETYEAR": 2000, "SHAPE_LENG": 2224.91, "PROJECTID": "VP21A", "TAZ": 2312, "ATYPE": 3, "MDLANE": 2, "MDLIMIT": 0, "NTLANE": 2, "NTLIMIT": 0, "DEFLATIONFT": 0.8011, "AMTOLL": 0.0, "PMTOLL": 0.0, "OPTOLL": 0.0, "AMTOLL_VP": 0.0, "PMTOLL_VP": 0.0, "OPTOLL_VP": 0.0, "AMHTIME": 1.01002, "PMHTIME": 1.01002, "OPHTIME": 0.91337, "MDTOLL": 0.0, "MDTOLL_VP": 0.0, "MDHTIME": 0.91337, "NTTOLL": 0.0, "NTTOLL_VP": 0.0, "NTHTIME": 0.91337, "LINKAB": 3828338280, "TURNPENI": "TURNPEN.PEN", "I4AMSOV": 477.1218, "I4AMHV2": 165.46796, "I4AMHV3": 130.1779, "I4AMCV": 235.01759, "I4AMTRK": 0.0, "I4AMAPX": 13.24268, "I4AMVOL": 1021.02795, "I4AMVMT": 428.83173, "I4AMFFSPD": 35, "AMHRLKCAP": 2000, "AMHRLNCAP": 1000, "I4AMVC": 0.21288, "I4AMVDF": 1.00977, "I4AMSPD": 34.66125, "COMP": 0, "I4MDSOV": 0.0, "I4MDHV2": 0.0, "I4MDHV3": 0.0, "I4MDCV": 9.22021, "I4MDTRK": 0.0, "I4MDAPX": 1.29, "I4MDVOL": 10.51021, "I4MDVMT": 4.41429, "I4MDFFSPD": 35, "MDHRLKCAP": 2000, "MDHRLNCAP": 1000, "I4MDVC": 0.00093, "I4MDVDF": 1.00004, "I4MDSPD": 34.9987, "I4PMSOV": 0.0, "I4PMHV2": 19.85074, "I4PMHV3": 60.694, "I4PMCV": 57.21832, "I4PMTRK": 0.0, "I4PMAPX": 6.15613, "I4PMVOL": 143.91919, "I4PMVMT": 60.44606, "I4PMFFSPD": 35, "PMHRLKCAP": 2000, "PMHRLNCAP": 1000, "I4PMVC": 0.02116, "I4PMVDF": 1.00085, "I4PMSPD": 34.97041, "I4NTSOV": 0.0, "I4NTHV2": 0.0, "I4NTHV3": 0.0, "I4NTCV": 0.01, "I4NTTRK": 0.0, "I4NTAPX": 0.0, "I4NTVOL": 0.01, "I4NTVMT": 0.0042, "I4NTFFSPD": 35, "NTHRLKCAP": 2000, "NTHRLNCAP": 1000, "I4NTVC": 0.0, "I4NTVDF": 1.0, "I4NTSPD": 35.0, "I424VOL": 1175.46741, "TVOL00": 1, "TVMT00": 0.42, "ID": 0, "AADT_2023": 0, "AWDT_2023": 0, "MD210": 0, "CNT2LOADDIF": 0.0, "ABSNCTDIFF": 0.0, "CNT2LOADPCT": 0.0, "ABSPCTDIFF": 0.0, "MD210U": 0, "LOAD1": 1175.46741, "LOAD2": 340.4115, "LOADGRW": -835.05591, "ABSGRW": 835.05591, "PRCGRW": -0.7104033, "PRCANLGRW": -3.2291059 }, "geometry": { "type": "LineString", "coordinates": [ [ -77.498938427544829, 39.009982979185537 ], [ -77.498577899395983, 39.010102285139332 ], [ -77.498061944719112, 39.01032340908619 ], [ -77.497947901463093, 39.010372284638819 ], [ -77.497844654589755, 39.010372284638819 ], [ -77.497841069884942, 39.010372284638819 ], [ -77.497607901293918, 39.010372285538146 ], [ -77.497377901020798, 39.010352284576001 ], [ -77.497187901772691, 39.010312284450251 ], [ -77.49702790037054, 39.010242285579267 ], [ -77.496827901540655, 39.010132284783921 ], [ -77.496457900827522, 39.009832284740469 ], [ -77.49549790140793, 39.009032284924309 ], [ -77.494727901236388, 39.00835228458601 ], [ -77.494227901463717, 39.007842285231547 ], [ -77.49365790192077, 39.007212285500032 ], [ -77.49325774590811, 39.006852215483796 ] ] } },
{ "type": "Feature", "properties": { "A": 38328, "B": 38327, "SUBAREA": 0, "FFSNEW": 0, "CPENEW": 0, "CPEFAC": 0, "TIMEPEN": 0, "DISTANCE": 0.28, "SPDCLASS": 63, "CAPCLASS": 63, "JUR": 6, "SCREEN": 0, "FTYPE": 6, "TOLL": 0, "TOLLGRP": 0, "AMLANE": 2, "AMLIMIT": 0, "PMLANE": 2, "PMLIMIT": 0, "OPLANE": 2, "OPLIMIT": 0, "EDGEID": 38300000000, "LINKID": 66796, "NETYEAR": 2007, "SHAPE_LENG": 1485.98, "PROJECTID": "VP6X", "TAZ": 2382, "ATYPE": 3, "MDLANE": 2, "MDLIMIT": 0, "NTLANE": 2, "NTLIMIT": 0, "DEFLATIONFT": 0.8011, "AMTOLL": 0.0, "PMTOLL": 0.0, "OPTOLL": 0.0, "AMTOLL_VP": 0.0, "PMTOLL_VP": 0.0, "OPTOLL_VP": 0.0, "AMHTIME": 0.67335, "PMHTIME": 0.67335, "OPHTIME": 0.60892, "MDTOLL": 0.0, "MDTOLL_VP": 0.0, "MDHTIME": 0.60892, "NTTOLL": 0.0, "NTTOLL_VP": 0.0, "NTHTIME": 0.60892, "LINKAB": 3832838327, "TURNPENI": "TURNPEN.PEN", "I4AMSOV": 1762.79907, "I4AMHV2": 192.60019, "I4AMHV3": 27.24091, "I4AMCV": 591.9715, "I4AMTRK": 543.44, "I4AMAPX": 31.68849, "I4AMVOL": 3149.74023, "I4AMVMT": 881.92725, "I4AMFFSPD": 35, "AMHRLKCAP": 2000, "AMHRLNCAP": 1000, "I4AMVC": 0.65672, "I4AMVDF": 1.06945, "I4AMSPD": 32.72713, "COMP": 0, "I4MDSOV": 3414.07715, "I4MDHV2": 926.30524, "I4MDHV3": 524.13995, "I4MDCV": 1170.42676, "I4MDTRK": 1330.1134, "I4MDAPX": 58.91002, "I4MDVOL": 7423.97217, "I4MDVMT": 2078.71216, "I4MDFFSPD": 35, "MDHRLKCAP": 2000, "MDHRLNCAP": 1000, "I4MDVC": 0.65702, "I4MDVDF": 1.06954, "I4MDSPD": 32.72446, "I4PMSOV": 2669.03076, "I4PMHV2": 453.51105, "I4PMHV3": 61.62328, "I4PMCV": 564.6416, "I4PMTRK": 350.67877, "I4PMAPX": 323.87946, "I4PMVOL": 4423.36475, "I4PMVMT": 1238.54224, "I4PMFFSPD": 35, "PMHRLKCAP": 2000, "PMHRLNCAP": 1000, "I4PMVC": 0.65023, "I4PMVDF": 1.06757, "I4PMSPD": 32.78479, "I4NTSOV": 3620.98096, "I4NTHV2": 768.97369, "I4NTHV3": 415.75479, "I4NTCV": 657.57239, "I4NTTRK": 416.60818, "I4NTAPX": 43.03411, "I4NTVOL": 5922.92432, "I4NTVMT": 1658.41882, "I4NTFFSPD": 35, "NTHRLKCAP": 2000, "NTHRLNCAP": 1000, "I4NTVC": 0.44422, "I4NTVDF": 1.02886, "I4NTSPD": 34.0181, "I424VOL": 20920.00195, "TVOL00": 21, "TVMT00": 5.88, "ID": 0, "AADT_2023": 0, "AWDT_2023": 0, "MD210": 0, "CNT2LOADDIF": 0.0, "ABSNCTDIFF": 0.0, "CNT2LOADPCT": 0.0, "ABSPCTDIFF": 0.0, "MD210U": 0, "LOAD1": 20920.00195, "LOAD2": 5704.19434, "LOADGRW": -15215.80762, "ABSGRW": 15215.80762, "PRCGRW": -0.727333, "PRCANLGRW": -3.3060591 }, "geometry": { "type": "LineString", "coordinates": [ [ -77.434898797543738, 39.00258344518079 ], [ -77.434697920777765, 39.003072284180739 ], [ -77.434557921237115, 39.003352284161338 ], [ -77.434427920378937, 39.003582284434493 ], [ -77.4343079200018, 39.003712284393352 ], [ -77.434137920816568, 39.003862284415092 ], [ -77.434027920920542, 39.00398228389291 ], [ -77.433827920292003, 39.004142284395698 ], [ -77.433627920562799, 39.004262283873501 ], [ -77.433417921251817, 39.004372284668847 ], [ -77.433197920560417, 39.004462283602699 ], [ -77.432937920642701, 39.004542283854079 ], [ -77.432657920662066, 39.004602284042676 ], [ -77.432257921203643, 39.004662284231237 ], [ -77.431727922685695, 39.004712283938716 ], [ -77.431069155401545, 39.004731049258659 ] ] } },
{ "type": "Feature", "properties": { "A": 38338, "B": 38324, "SUBAREA": 0, "FFSNEW": 0, "CPENEW": 0, "CPEFAC": 0, "TIMEPEN": 0, "DISTANCE": 0.11, "SPDCLASS": 63, "CAPCLASS": 63, "JUR": 6, "SCREEN": 0, "FTYPE": 6, "TOLL": 0, "TOLLGRP": 0, "AMLANE": 2, "AMLIMIT": 0, "PMLANE": 2, "PMLIMIT": 0, "OPLANE": 2, "OPLIMIT": 0, "EDGEID": 38300000000, "LINKID": 59498, "NETYEAR": 2008, "SHAPE_LENG": 574.26, "PROJECTID": "VP6WR", "TAZ": 2382, "ATYPE": 3, "MDLANE": 2, "MDLIMIT": 0, "NTLANE": 2, "NTLIMIT": 0, "DEFLATIONFT": 0.8011, "AMTOLL": 0.0, "PMTOLL": 0.0, "OPTOLL": 0.0, "AMTOLL_VP": 0.0, "PMTOLL_VP": 0.0, "OPTOLL_VP": 0.0, "AMHTIME": 0.26453, "PMHTIME": 0.26453, "OPHTIME": 0.23922, "MDTOLL": 0.0, "MDTOLL_VP": 0.0, "MDHTIME": 0.23922, "NTTOLL": 0.0, "NTTOLL_VP": 0.0, "NTHTIME": 0.23922, "LINKAB": 3833838324, "TURNPENI": "TURNPEN.PEN", "I4AMSOV": 1972.82751, "I4AMHV2": 266.69107, "I4AMHV3": 117.74205, "I4AMCV": 172.0137, "I4AMTRK": 369.18826, "I4AMAPX": 28.85137, "I4AMVOL": 2927.31396, "I4AMVMT": 322.00455, "I4AMFFSPD": 35, "AMHRLKCAP": 2000, "AMHRLNCAP": 1000, "I4AMVC": 0.61035, "I4AMVDF": 1.056, "I4AMSPD": 33.14394, "COMP": 0, "I4MDSOV": 3022.81128, "I4MDHV2": 833.7403, "I4MDHV3": 441.98196, "I4MDCV": 309.99374, "I4MDTRK": 740.3515, "I4MDAPX": 35.29042, "I4MDVOL": 5384.16943, "I4MDVMT": 592.25867, "I4MDFFSPD": 35, "MDHRLKCAP": 2000, "MDHRLNCAP": 1000, "I4MDVC": 0.4765, "I4MDVDF": 1.03241, "I4MDSPD": 33.9011, "I4PMSOV": 2034.63379, "I4PMHV2": 588.70801, "I4PMHV3": 421.39243, "I4PMCV": 274.30759, "I4PMTRK": 231.06779, "I4PMAPX": 244.24014, "I4PMVOL": 3794.34961, "I4PMVMT": 417.37848, "I4PMFFSPD": 35, "PMHRLKCAP": 2000, "PMHRLNCAP": 1000, "I4PMVC": 0.55777, "I4PMVDF": 1.0454, "I4PMSPD": 33.48006, "I4NTSOV": 2085.34375, "I4NTHV2": 581.55847, "I4NTHV3": 310.64536, "I4NTCV": 138.92589, "I4NTTRK": 192.07811, "I4NTAPX": 15.09, "I4NTVOL": 3323.64136, "I4NTVMT": 365.60056, "I4NTFFSPD": 35, "NTHRLKCAP": 2000, "NTHRLNCAP": 1000, "I4NTVC": 0.24927, "I4NTVDF": 1.01196, "I4NTSPD": 34.58647, "I424VOL": 15429.47461, "TVOL00": 15, "TVMT00": 1.65, "ID": 0, "AADT_2023": 0, "AWDT_2023": 0, "MD210": 0, "CNT2LOADDIF": 0.0, "ABSNCTDIFF": 0.0, "CNT2LOADPCT": 0.0, "ABSPCTDIFF": 0.0, "MD210U": 0, "LOAD1": 15429.47461, "LOAD2": 5107.54297, "LOADGRW": -10321.93164, "ABSGRW": 10321.93164, "PRCGRW": -0.6689749, "PRCANLGRW": -3.0407951 }, "geometry": { "type": "LineString", "coordinates": [ [ -77.42940769749292, 38.989473635821035 ], [ -77.431427345391455, 38.989501898755542 ] ] } },
{ "type": "Feature", "properties": { "A": 40415, "B": 40418, "SUBAREA": 0, "FFSNEW": 0, "CPENEW": 0, "CPEFAC": 0, "TIMEPEN": 0, "DISTANCE": 0.74, "SPDCLASS": 65, "CAPCLASS": 65, "JUR": 7, "SCREEN": 0, "FTYPE": 6, "TOLL": 0, "TOLLGRP": 0, "AMLANE": 2, "AMLIMIT": 0, "PMLANE": 2, "PMLIMIT": 0, "OPLANE": 2, "OPLIMIT": 0, "EDGEID": 40400000000, "LINKID": 13558, "NETYEAR": 2000, "SHAPE_LENG": 3895.51, "PROJECTID": "VP12G", "TAZ": 2554, "ATYPE": 5, "MDLANE": 2, "MDLIMIT": 0, "NTLANE": 2, "NTLIMIT": 0, "DEFLATIONFT": 0.8011, "AMTOLL": 0.0, "PMTOLL": 0.0, "OPTOLL": 0.0, "AMTOLL_VP": 0.0, "PMTOLL_VP": 0.0, "OPTOLL_VP": 0.0, "AMHTIME": 1.30243, "PMHTIME": 1.30243, "OPHTIME": 1.28845, "MDTOLL": 0.0, "MDTOLL_VP": 0.0, "MDHTIME": 1.28845, "NTTOLL": 0.0, "NTTOLL_VP": 0.0, "NTHTIME": 1.28845, "LINKAB": 4041540418, "TURNPENI": "TURNPEN.PEN", "I4AMSOV": 2914.54565, "I4AMHV2": 370.99466, "I4AMHV3": 128.75305, "I4AMCV": 198.81281, "I4AMTRK": 243.14241, "I4AMAPX": 0.0, "I4AMVOL": 3856.24854, "I4AMVMT": 2853.62402, "I4AMFFSPD": 40, "AMHRLKCAP": 4000, "AMHRLNCAP": 2000, "I4AMVC": 0.40201, "I4AMVDF": 1.02422, "I4AMSPD": 39.05405, "COMP": 0, "I4MDSOV": 3318.59741, "I4MDHV2": 892.61188, "I4MDHV3": 445.45279, "I4MDCV": 401.66705, "I4MDTRK": 479.55103, "I4MDAPX": 0.0, "I4MDVOL": 5537.87988, "I4MDVMT": 4098.03125, "I4MDFFSPD": 40, "MDHRLKCAP": 4000, "MDHRLNCAP": 2000, "I4MDVC": 0.24505, "I4MDVDF": 1.0117, "I4MDSPD": 39.53729, "I4PMSOV": 1750.70996, "I4PMHV2": 552.46832, "I4PMHV3": 295.30777, "I4PMCV": 298.24036, "I4PMTRK": 129.16536, "I4PMAPX": 131.71097, "I4PMVOL": 3157.60278, "I4PMVMT": 2336.62598, "I4PMFFSPD": 40, "PMHRLKCAP": 4000, "PMHRLNCAP": 2000, "I4PMVC": 0.23208, "I4PMVDF": 1.01093, "I4PMSPD": 39.56772, "I4NTSOV": 2215.3374, "I4NTHV2": 617.18066, "I4NTHV3": 299.68863, "I4NTCV": 171.21893, "I4NTTRK": 118.81749, "I4NTAPX": 0.0, "I4NTVOL": 3422.24292, "I4NTVMT": 2532.45972, "I4NTFFSPD": 40, "NTHRLKCAP": 4000, "NTHRLNCAP": 2000, "I4NTVC": 0.12833, "I4NTVDF": 1.00542, "I4NTSPD": 39.7845, "I424VOL": 15973.97461, "TVOL00": 16, "TVMT00": 11.84, "ID": 0, "AADT_2023": 0, "AWDT_2023": 0, "MD210": 0, "CNT2LOADDIF": 0.0, "ABSNCTDIFF": 0.0, "CNT2LOADPCT": 0.0, "ABSPCTDIFF": 0.0, "MD210U": 0, "LOAD1": 15973.97461, "LOAD2": 4361.90088, "LOADGRW": -11612.07422, "ABSGRW": 11612.07422, "PRCGRW": -0.7269371, "PRCANLGRW": -3.3042593 }, "geometry": { "type": "LineString", "coordinates": [ [ -77.577679541260508, 38.797441391257699 ], [ -77.564646811370594, 38.794212926032799 ] ] } },
{ "type": "Feature", "properties": { "A": 40430, "B": 40472, "SUBAREA": 0, "FFSNEW": 0, "CPENEW": 0, "CPEFAC": 0, "TIMEPEN": 0, "DISTANCE": 0.26, "SPDCLASS": 34, "CAPCLASS": 34, "JUR": 7, "SCREEN": 0, "FTYPE": 3, "TOLL": 0, "TOLLGRP": 0, "AMLANE": 1, "AMLIMIT": 0, "PMLANE": 1, "PMLIMIT": 0, "OPLANE": 1, "OPLIMIT": 0, "EDGEID": 40400000000, "LINKID": 43678, "NETYEAR": 2001, "SHAPE_LENG": 1367.26, "PROJECTID": "NA", "TAZ": 2582, "ATYPE": 4, "MDLANE": 1, "MDLIMIT": 0, "NTLANE": 1, "NTLIMIT": 0, "DEFLATIONFT": 0.8011, "AMTOLL": 0.0, "PMTOLL": 0.0, "OPTOLL": 0.0, "AMTOLL_VP": 0.0, "PMTOLL_VP": 0.0, "OPTOLL_VP": 0.0, "AMHTIME": 0.70018, "PMHTIME": 0.70018, "OPHTIME": 0.57501, "MDTOLL": 0.0, "MDTOLL_VP": 0.0, "MDHTIME": 0.57501, "NTTOLL": 0.0, "NTTOLL_VP": 0.0, "NTHTIME": 0.57501, "LINKAB": 4043040472, "TURNPENI": "TURNPEN.PEN", "I4AMSOV": 121.86414, "I4AMHV2": 28.61844, "I4AMHV3": 14.29592, "I4AMCV": 13.31535, "I4AMTRK": 10.89771, "I4AMAPX": 6.9999999999999994e-05, "I4AMVOL": 188.99162, "I4AMVMT": 49.13782, "I4AMFFSPD": 46, "AMHRLKCAP": 840, "AMHRLNCAP": 840, "I4AMVC": 0.09382, "I4AMVDF": 1.01126, "I4AMSPD": 45.48787, "COMP": 0, "I4MDSOV": 364.55048, "I4MDHV2": 101.68, "I4MDHV3": 49.1, "I4MDCV": 22.88, "I4MDTRK": 19.9, "I4MDAPX": 0.0, "I4MDVOL": 558.11047, "I4MDVMT": 145.10872, "I4MDFFSPD": 46, "MDHRLKCAP": 840, "MDHRLNCAP": 840, "I4MDVC": 0.1176, "I4MDVDF": 1.01464, "I4MDSPD": 45.33627, "I4PMSOV": 422.06458, "I4PMHV2": 115.09957, "I4PMHV3": 59.21537, "I4PMCV": 34.55847, "I4PMTRK": 12.27937, "I4PMAPX": 12.24982, "I4PMVOL": 655.46722, "I4PMVMT": 170.42148, "I4PMFFSPD": 46, "PMHRLKCAP": 840, "PMHRLNCAP": 840, "I4PMVC": 0.22941, "I4PMVDF": 1.03259, "I4PMSPD": 44.54824, "I4NTSOV": 396.19, "I4NTHV2": 113.52, "I4NTHV3": 55.29, "I4NTCV": 13.67, "I4NTTRK": 6.25, "I4NTAPX": 0.15, "I4NTVOL": 585.07, "I4NTVMT": 152.1182, "I4NTFFSPD": 46, "NTHRLKCAP": 840, "NTHRLNCAP": 840, "I4NTVC": 0.10448, "I4NTVDF": 1.01267, "I4NTSPD": 45.4244, "I424VOL": 1987.63928, "TVOL00": 2, "TVMT00": 0.52, "ID": 0, "AADT_2023": 0, "AWDT_2023": 0, "MD210": 0, "CNT2LOADDIF": 0.0, "ABSNCTDIFF": 0.0, "CNT2LOADPCT": 0.0, "ABSPCTDIFF": 0.0, "MD210U": 0, "LOAD1": 1987.63928, "LOAD2": 607.83899, "LOADGRW": -1379.80029, "ABSGRW": 1379.80029, "PRCGRW": -0.6941905, "PRCANLGRW": -3.1554112 }, "geometry": { "type": "LineString", "coordinates": [ [ -77.558459618179384, 38.758123683026156 ], [ -77.558437895957866, 38.758302338290129 ], [ -77.558367896187534, 38.758832337707403 ], [ -77.558337896542938, 38.75917233877589 ], [ -77.558267895873257, 38.759512338045745 ], [ -77.558167895558995, 38.759692337712117 ], [ -77.557997896373763, 38.759902337922412 ], [ -77.557537895827465, 38.760342337506515 ], [ -77.557177895595444, 38.760942336694136 ], [ -77.556887425903156, 38.761582755510446 ] ] } },
{ "type": "Feature", "properties": { "A": 40472, "B": 40430, "SUBAREA": 0, "FFSNEW": 0, "CPENEW": 0, "CPEFAC": 0, "TIMEPEN": 0, "DISTANCE": 0.26, "SPDCLASS": 34, "CAPCLASS": 34, "JUR": 7, "SCREEN": 0, "FTYPE": 3, "TOLL": 0, "TOLLGRP": 0, "AMLANE": 1, "AMLIMIT": 0, "PMLANE": 1, "PMLIMIT": 0, "OPLANE": 1, "OPLIMIT": 0, "EDGEID": 40400000000, "LINKID": 70257, "NETYEAR": 2001, "SHAPE_LENG": 1367.26, "PROJECTID": "NA", "TAZ": 2582, "ATYPE": 4, "MDLANE": 1, "MDLIMIT": 0, "NTLANE": 1, "NTLIMIT": 0, "DEFLATIONFT": 0.8011, "AMTOLL": 0.0, "PMTOLL": 0.0, "OPTOLL": 0.0, "AMTOLL_VP": 0.0, "PMTOLL_VP": 0.0, "OPTOLL_VP": 0.0, "AMHTIME": 0.70018, "PMHTIME": 0.70018, "OPHTIME": 0.57501, "MDTOLL": 0.0, "MDTOLL_VP": 0.0, "MDHTIME": 0.57501, "NTTOLL": 0.0, "NTTOLL_VP": 0.0, "NTHTIME": 0.57501, "LINKAB": 4047240430, "TURNPENI": "TURNPEN.PEN", "I4AMSOV": 292.41791, "I4AMHV2": 45.7902, "I4AMHV3": 20.78963, "I4AMCV": 17.54638, "I4AMTRK": 14.86733, "I4AMAPX": 0.74, "I4AMVOL": 392.15143, "I4AMVMT": 101.95937, "I4AMFFSPD": 46, "AMHRLKCAP": 840, "AMHRLNCAP": 840, "I4AMVC": 0.19468, "I4AMVDF": 1.0262, "I4AMSPD": 44.82552, "COMP": 0, "I4MDSOV": 463.85605, "I4MDHV2": 120.5872, "I4MDHV3": 56.09, "I4MDCV": 28.35, "I4MDTRK": 27.13, "I4MDAPX": 0.35, "I4MDVOL": 696.36322, "I4MDVMT": 181.05444, "I4MDFFSPD": 46, "MDHRLKCAP": 840, "MDHRLNCAP": 840, "I4MDVC": 0.14673, "I4MDVDF": 1.01901, "I4MDSPD": 45.14185, "I4PMSOV": 392.77594, "I4PMHV2": 120.53622, "I4PMHV3": 62.3, "I4PMCV": 33.18511, "I4PMTRK": 11.6809, "I4PMAPX": 11.46413, "I4PMVOL": 631.94232, "I4PMVMT": 164.30501, "I4PMFFSPD": 46, "PMHRLKCAP": 840, "PMHRLNCAP": 840, "I4PMVC": 0.22118, "I4PMVDF": 1.03102, "I4PMSPD": 44.61583, "I4NTSOV": 275.41443, "I4NTHV2": 84.12843, "I4NTHV3": 41.37581, "I4NTCV": 10.17588, "I4NTTRK": 4.47837, "I4NTAPX": 0.03023, "I4NTVOL": 415.60315, "I4NTVMT": 108.05682, "I4NTFFSPD": 46, "NTHRLKCAP": 840, "NTHRLNCAP": 840, "I4NTVC": 0.07421, "I4NTVDF": 1.00891, "I4NTSPD": 45.59395, "I424VOL": 2136.06006, "TVOL00": 2, "TVMT00": 0.52, "ID": 0, "AADT_2023": 0, "AWDT_2023": 0, "MD210": 0, "CNT2LOADDIF": 0.0, "ABSNCTDIFF": 0.0, "CNT2LOADPCT": 0.0, "ABSPCTDIFF": 0.0, "MD210U": 0, "LOAD1": 2136.06006, "LOAD2": 675.50916, "LOADGRW": -1460.5509, "ABSGRW": 1460.5509, "PRCGRW": -0.6837593, "PRCANLGRW": -3.1079967 }, "geometry": { "type": "LineString", "coordinates": [ [ -77.556887425903156, 38.761582755510446 ], [ -77.557177895595444, 38.760942336694136 ], [ -77.557537895827465, 38.760342337506515 ], [ -77.557997896373763, 38.759902337922412 ], [ -77.558167895558995, 38.759692337712117 ], [ -77.558267895873257, 38.759512338045745 ], [ -77.558337896542938, 38.75917233877589 ], [ -77.558367896187534, 38.758832337707403 ], [ -77.558437895957866, 38.758302338290129 ], [ -77.558459618179384, 38.758123683026156 ] ] } },
{ "type": "Feature", "properties": { "A": 40544, "B": 2645, "SUBAREA": 0, "FFSNEW": 0, "CPENEW": 0, "CPEFAC": 0, "TIMEPEN": 0, "DISTANCE": 0.74, "SPDCLASS": 4, "CAPCLASS": 4, "JUR": 7, "SCREEN": 0, "FTYPE": 0, "TOLL": 0, "TOLLGRP": 0, "AMLANE": 7, "AMLIMIT": 0, "PMLANE": 7, "PMLIMIT": 0, "OPLANE": 7, "OPLIMIT": 0, "EDGEID": 40500000000, "LINKID": 64790, "NETYEAR": 2001, "SHAPE_LENG": 3892.28, "PROJECTID": "NA", "TAZ": 2645, "ATYPE": 4, "MDLANE": 7, "MDLIMIT": 0, "NTLANE": 7, "NTLIMIT": 0, "DEFLATIONFT": 0.8011, "AMTOLL": 0.0, "PMTOLL": 0.0, "OPTOLL": 0.0, "AMTOLL_VP": 0.0, "PMTOLL_VP": 0.0, "OPTOLL_VP": 0.0, "AMHTIME": 1.776, "PMHTIME": 1.776, "OPHTIME": 1.776, "MDTOLL": 0.0, "MDTOLL_VP": 0.0, "MDHTIME": 1.776, "NTTOLL": 0.0, "NTTOLL_VP": 0.0, "NTHTIME": 1.776, "LINKAB": 4054402645, "TURNPENI": "TURNPEN.PEN", "I4AMSOV": 0.0, "I4AMHV2": 0.0, "I4AMHV3": 0.0, "I4AMCV": 0.0, "I4AMTRK": 0.0, "I4AMAPX": 0.0, "I4AMVOL": 0.0, "I4AMVMT": 0.0, "I4AMFFSPD": 29, "AMHRLKCAP": 22050, "AMHRLNCAP": 3150, "I4AMVC": 0.0, "I4AMVDF": 1.0, "I4AMSPD": 29.0, "COMP": 0, "I4MDSOV": 0.0, "I4MDHV2": 0.0, "I4MDHV3": 0.0, "I4MDCV": 0.0, "I4MDTRK": 0.0, "I4MDAPX": 0.0, "I4MDVOL": 0.0, "I4MDVMT": 0.0, "I4MDFFSPD": 29, "MDHRLKCAP": 22050, "MDHRLNCAP": 3150, "I4MDVC": 0.0, "I4MDVDF": 1.0, "I4MDSPD": 29.0, "I4PMSOV": 190.92433, "I4PMHV2": 61.28148, "I4PMHV3": 6.39, "I4PMCV": 13.90154, "I4PMTRK": 4.11185, "I4PMAPX": 4.11185, "I4PMVOL": 280.72107, "I4PMVMT": 207.73358, "I4PMFFSPD": 29, "PMHRLKCAP": 22050, "PMHRLNCAP": 3150, "I4PMVC": 0.00374, "I4PMVDF": 1.0, "I4PMSPD": 29.0, "I4NTSOV": 0.0, "I4NTHV2": 0.0, "I4NTHV3": 0.0, "I4NTCV": 0.0, "I4NTTRK": 0.0, "I4NTAPX": 0.0, "I4NTVOL": 0.0, "I4NTVMT": 0.0, "I4NTFFSPD": 29, "NTHRLKCAP": 22050, "NTHRLNCAP": 3150, "I4NTVC": 0.0, "I4NTVDF": 1.0, "I4NTSPD": 29.0, "I424VOL": 280.72107, "TVOL00": 0, "TVMT00": 0.0, "ID": 0, "AADT_2023": 0, "AWDT_2023": 0, "MD210": 0, "CNT2LOADDIF": 0.0, "ABSNCTDIFF": 0.0, "CNT2LOADPCT": 0.0, "ABSPCTDIFF": 0.0, "MD210U": 0, "LOAD1": 280.72107, "LOAD2": 56.18732, "LOADGRW": -224.53375, "ABSGRW": 224.53375, "PRCGRW": -0.7998464, "PRCANLGRW": -3.6356657 }, "geometry": { "type": "LineString", "coordinates": [ [ -77.450957926945563, 38.778403065780921 ], [ -77.443291982538327, 38.787246594831743 ] ] } },
{ "type": "Feature", "properties": { "A": 40587, "B": 2740, "SUBAREA": 0, "FFSNEW": 0, "CPENEW": 0, "CPEFAC": 0, "TIMEPEN": 0, "DISTANCE": 0.64, "SPDCLASS": 4, "CAPCLASS": 4, "JUR": 7, "SCREEN": 0, "FTYPE": 0, "TOLL": 0, "TOLLGRP": 0, "AMLANE": 7, "AMLIMIT": 0, "PMLANE": 7, "PMLIMIT": 0, "OPLANE": 7, "OPLIMIT": 0, "EDGEID": 2740040587, "LINKID": 3833, "NETYEAR": 2001, "SHAPE_LENG": 3356.89, "PROJECTID": "NA", "TAZ": 2740, "ATYPE": 4, "MDLANE": 7, "MDLIMIT": 0, "NTLANE": 7, "NTLIMIT": 0, "DEFLATIONFT": 0.8011, "AMTOLL": 0.0, "PMTOLL": 0.0, "OPTOLL": 0.0, "AMTOLL_VP": 0.0, "PMTOLL_VP": 0.0, "OPTOLL_VP": 0.0, "AMHTIME": 1.536, "PMHTIME": 1.536, "OPHTIME": 1.536, "MDTOLL": 0.0, "MDTOLL_VP": 0.0, "MDHTIME": 1.536, "NTTOLL": 0.0, "NTTOLL_VP": 0.0, "NTHTIME": 1.536, "LINKAB": 4058702740, "TURNPENI": "TURNPEN.PEN", "I4AMSOV": 131.23955, "I4AMHV2": 26.9375, "I4AMHV3": 12.78, "I4AMCV": 16.01117, "I4AMTRK": 9.19529, "I4AMAPX": 0.0, "I4AMVOL": 196.1635, "I4AMVMT": 125.54464, "I4AMFFSPD": 29, "AMHRLKCAP": 22050, "AMHRLNCAP": 3150, "I4AMVC": 0.00371, "I4AMVDF": 1.0, "I4AMSPD": 29.0, "COMP": 0, "I4MDSOV": 406.27615, "I4MDHV2": 99.57619, "I4MDHV3": 32.0293, "I4MDCV": 39.50275, "I4MDTRK": 30.43275, "I4MDAPX": 0.0, "I4MDVOL": 607.81714, "I4MDVMT": 389.00296, "I4MDFFSPD": 29, "MDHRLKCAP": 22050, "MDHRLNCAP": 3150, "I4MDVC": 0.00488, "I4MDVDF": 1.0, "I4MDSPD": 29.0, "I4PMSOV": 116.85101, "I4PMHV2": 40.00719, "I4PMHV3": 0.0, "I4PMCV": 16.43948, "I4PMTRK": 3.71399, "I4PMAPX": 3.71399, "I4PMVOL": 180.72566, "I4PMVMT": 115.66442, "I4PMFFSPD": 29, "PMHRLKCAP": 22050, "PMHRLNCAP": 3150, "I4PMVC": 0.00241, "I4PMVDF": 1.0, "I4PMSPD": 29.0, "I4NTSOV": 195.54, "I4NTHV2": 64.22, "I4NTHV3": 30.9, "I4NTCV": 12.93, "I4NTTRK": 5.31, "I4NTAPX": 0.0, "I4NTVOL": 308.9, "I4NTVMT": 197.696, "I4NTFFSPD": 29, "NTHRLKCAP": 22050, "NTHRLNCAP": 3150, "I4NTVC": 0.0021, "I4NTVDF": 1.0, "I4NTSPD": 29.0, "I424VOL": 1293.60632, "TVOL00": 0, "TVMT00": 0.0, "ID": 0, "AADT_2023": 0, "AWDT_2023": 0, "MD210": 0, "CNT2LOADDIF": 0.0, "ABSNCTDIFF": 0.0, "CNT2LOADPCT": 0.0, "ABSPCTDIFF": 0.0, "MD210U": 0, "LOAD1": 1293.60632, "LOAD2": 249.13298, "LOADGRW": -1044.47339, "ABSGRW": 1044.47339, "PRCGRW": -0.807412, "PRCANLGRW": -3.6700549 }, "geometry": { "type": "LineString", "coordinates": [ [ -77.343628254831913, 38.658072224355728 ], [ -77.344334390300673, 38.667274280372595 ] ] } },
{ "type": "Feature", "properties": { "A": 40805, "B": 2632, "SUBAREA": 0, "FFSNEW": 0, "CPENEW": 0, "CPEFAC": 0, "TIMEPEN": 0, "DISTANCE": 0.25, "SPDCLASS": 3, "CAPCLASS": 3, "JUR": 7, "SCREEN": 0, "FTYPE": 0, "TOLL": 0, "TOLLGRP": 0, "AMLANE": 7, "AMLIMIT": 0, "PMLANE": 7, "PMLIMIT": 0, "OPLANE": 7, "OPLIMIT": 0, "EDGEID": 40800000000, "LINKID": 34108, "NETYEAR": 2001, "SHAPE_LENG": 1324.22, "PROJECTID": "NA", "TAZ": 2632, "ATYPE": 3, "MDLANE": 7, "MDLIMIT": 0, "NTLANE": 7, "NTLIMIT": 0, "DEFLATIONFT": 0.8011, "AMTOLL": 0.0, "PMTOLL": 0.0, "OPTOLL": 0.0, "AMTOLL_VP": 0.0, "PMTOLL_VP": 0.0, "OPTOLL_VP": 0.0, "AMHTIME": 0.75, "PMHTIME": 0.75, "OPHTIME": 0.75, "MDTOLL": 0.0, "MDTOLL_VP": 0.0, "MDHTIME": 0.75, "NTTOLL": 0.0, "NTTOLL_VP": 0.0, "NTHTIME": 0.75, "LINKAB": 4080502632, "TURNPENI": "TURNPEN.PEN", "I4AMSOV": 301.22614, "I4AMHV2": 41.58967, "I4AMHV3": 0.0, "I4AMCV": 34.83011, "I4AMTRK": 10.35295, "I4AMAPX": 0.0, "I4AMVOL": 387.99887, "I4AMVMT": 96.99972, "I4AMFFSPD": 23, "AMHRLKCAP": 22050, "AMHRLNCAP": 3150, "I4AMVC": 0.00734, "I4AMVDF": 1.0, "I4AMSPD": 23.0, "COMP": 0, "I4MDSOV": 623.63, "I4MDHV2": 157.23, "I4MDHV3": 64.7, "I4MDCV": 75.61, "I4MDTRK": 25.71, "I4MDAPX": 0.0, "I4MDVOL": 946.88, "I4MDVMT": 236.72, "I4MDFFSPD": 23, "MDHRLKCAP": 22050, "MDHRLNCAP": 3150, "I4MDVC": 0.0076, "I4MDVDF": 1.0, "I4MDSPD": 23.0, "I4PMSOV": 241.49352, "I4PMHV2": 86.06281, "I4PMHV3": 0.0, "I4PMCV": 55.19463, "I4PMTRK": 6.79976, "I4PMAPX": 6.88872, "I4PMVOL": 396.43942, "I4PMVMT": 99.10986, "I4PMFFSPD": 23, "PMHRLKCAP": 22050, "PMHRLNCAP": 3150, "I4PMVC": 0.00529, "I4PMVDF": 1.0, "I4PMSPD": 23.0, "I4NTSOV": 258.13, "I4NTHV2": 78.86, "I4NTHV3": 35.16, "I4NTCV": 31.17, "I4NTTRK": 5.69, "I4NTAPX": 0.0, "I4NTVOL": 409.01, "I4NTVMT": 102.2525, "I4NTFFSPD": 23, "NTHRLKCAP": 22050, "NTHRLNCAP": 3150, "I4NTVC": 0.00278, "I4NTVDF": 1.0, "I4NTSPD": 23.0, "I424VOL": 2140.32837, "TVOL00": 0, "TVMT00": 0.0, "ID": 0, "AADT_2023": 0, "AWDT_2023": 0, "MD210": 0, "CNT2LOADDIF": 0.0, "ABSNCTDIFF": 0.0, "CNT2LOADPCT": 0.0, "ABSPCTDIFF": 0.0, "MD210U": 0, "LOAD1": 2140.32837, "LOAD2": 536.20734, "LOADGRW": -1604.12109, "ABSGRW": 1604.12109, "PRCGRW": -0.7494743, "PRCANLGRW": -3.4067013 }, "geometry": { "type": "LineString", "coordinates": [ [ -77.471569076903023, 38.751132151204402 ], [ -77.471608712614113, 38.751864593340869 ], [ -77.471771879409545, 38.7547640943042 ] ] } },
{ "type": "Feature", "properties": { "A": 40811, "B": 2758, "SUBAREA": 0, "FFSNEW": 0, "CPENEW": 0, "CPEFAC": 0, "TIMEPEN": 0, "DISTANCE": 0.64, "SPDCLASS": 3, "CAPCLASS": 3, "JUR": 7, "SCREEN": 0, "FTYPE": 0, "TOLL": 0, "TOLLGRP": 0, "AMLANE": 7, "AMLIMIT": 0, "PMLANE": 7, "PMLIMIT": 0, "OPLANE": 7, "OPLIMIT": 0, "EDGEID": 40800000000, "LINKID": 35340, "NETYEAR": 2001, "SHAPE_LENG": 3381.67, "PROJECTID": "NA", "TAZ": 2758, "ATYPE": 3, "MDLANE": 7, "MDLIMIT": 0, "NTLANE": 7, "NTLIMIT": 0, "DEFLATIONFT": 0.8011, "AMTOLL": 0.0, "PMTOLL": 0.0, "OPTOLL": 0.0, "AMTOLL_VP": 0.0, "PMTOLL_VP": 0.0, "OPTOLL_VP": 0.0, "AMHTIME": 1.92, "PMHTIME": 1.92, "OPHTIME": 1.92, "MDTOLL": 0.0, "MDTOLL_VP": 0.0, "MDHTIME": 1.92, "NTTOLL": 0.0, "NTTOLL_VP": 0.0, "NTHTIME": 1.92, "LINKAB": 4081102758, "TURNPENI": "TURNPEN.PEN", "I4AMSOV": 423.75525, "I4AMHV2": 50.51794, "I4AMHV3": 19.46, "I4AMCV": 43.39072, "I4AMTRK": 22.16547, "I4AMAPX": 0.0, "I4AMVOL": 559.28943, "I4AMVMT": 357.94522, "I4AMFFSPD": 23, "AMHRLKCAP": 22050, "AMHRLNCAP": 3150, "I4AMVC": 0.01058, "I4AMVDF": 1.0, "I4AMSPD": 23.0, "COMP": 0, "I4MDSOV": 771.59039, "I4MDHV2": 204.43921, "I4MDHV3": 85.2537, "I4MDCV": 70.96545, "I4MDTRK": 39.36104, "I4MDAPX": 0.0, "I4MDVOL": 1171.60986, "I4MDVMT": 749.83032, "I4MDFFSPD": 23, "MDHRLKCAP": 22050, "MDHRLNCAP": 3150, "I4MDVC": 0.0094, "I4MDVDF": 1.0, "I4MDSPD": 23.0, "I4PMSOV": 339.43134, "I4PMHV2": 146.40155, "I4PMHV3": 65.01, "I4PMCV": 76.11312, "I4PMTRK": 16.44121, "I4PMAPX": 16.44184, "I4PMVOL": 659.83905, "I4PMVMT": 422.297, "I4PMFFSPD": 23, "PMHRLKCAP": 22050, "PMHRLNCAP": 3150, "I4PMVC": 0.0088, "I4PMVDF": 1.0, "I4PMSPD": 23.0, "I4NTSOV": 0.0, "I4NTHV2": 0.0, "I4NTHV3": 0.0, "I4NTCV": 0.0, "I4NTTRK": 0.0, "I4NTAPX": 0.0, "I4NTVOL": 0.0, "I4NTVMT": 0.0, "I4NTFFSPD": 23, "NTHRLKCAP": 22050, "NTHRLNCAP": 3150, "I4NTVC": 0.0, "I4NTVDF": 1.0, "I4NTSPD": 23.0, "I424VOL": 2390.73828, "TVOL00": 0, "TVMT00": 0.0, "ID": 0, "AADT_2023": 0, "AWDT_2023": 0, "MD210": 0, "CNT2LOADDIF": 0.0, "ABSNCTDIFF": 0.0, "CNT2LOADPCT": 0.0, "ABSPCTDIFF": 0.0, "MD210U": 0, "LOAD1": 2390.73828, "LOAD2": 610.48334, "LOADGRW": -1780.25488, "ABSGRW": 1780.25488, "PRCGRW": -0.7446465, "PRCANLGRW": -3.3847568 }, "geometry": { "type": "LineString", "coordinates": [ [ -77.304047379282665, 38.652682354596095 ], [ -77.292213027883392, 38.653006468650737 ] ] } },
{ "type": "Feature", "properties": { "A": 42212, "B": 42286, "SUBAREA": 0, "FFSNEW": 0, "CPENEW": 0, "CPEFAC": 0, "TIMEPEN": 0, "DISTANCE": 0.63, "SPDCLASS": 33, "CAPCLASS": 33, "JUR": 9, "SCREEN": 0, "FTYPE": 3, "TOLL": 0, "TOLLGRP": 0, "AMLANE": 1, "AMLIMIT": 0, "PMLANE": 1, "PMLIMIT": 0, "OPLANE": 1, "OPLIMIT": 0, "EDGEID": 42300000000, "LINKID": 25453, "NETYEAR": 2001, "SHAPE_LENG": 3322.59, "PROJECTID": "FRD2001", "TAZ": 2914, "ATYPE": 3, "MDLANE": 1, "MDLIMIT": 0, "NTLANE": 1, "NTLIMIT": 0, "DEFLATIONFT": 0.8011, "AMTOLL": 0.0, "PMTOLL": 0.0, "OPTOLL": 0.0, "AMTOLL_VP": 0.0, "PMTOLL_VP": 0.0, "OPTOLL_VP": 0.0, "AMHTIME": 1.87593, "PMHTIME": 1.87593, "OPHTIME": 1.53846, "MDTOLL": 0.0, "MDTOLL_VP": 0.0, "MDHTIME": 1.53846, "NTTOLL": 0.0, "NTTOLL_VP": 0.0, "NTHTIME": 1.53846, "LINKAB": 4221242286, "TURNPENI": "TURNPEN.PEN", "I4AMSOV": 770.75006, "I4AMHV2": 110.53297, "I4AMHV3": 34.43871, "I4AMCV": 122.86194, "I4AMTRK": 68.73551, "I4AMAPX": 0.16987, "I4AMVOL": 1107.48901, "I4AMVMT": 697.71808, "I4AMFFSPD": 46, "AMHRLKCAP": 700, "AMHRLNCAP": 700, "I4AMVC": 0.65975, "I4AMVDF": 1.19821, "I4AMSPD": 38.39051, "COMP": 0, "I4MDSOV": 1531.25671, "I4MDHV2": 374.50616, "I4MDHV3": 145.91698, "I4MDCV": 205.42911, "I4MDTRK": 107.43398, "I4MDAPX": 1.26457, "I4MDVOL": 2365.80737, "I4MDVMT": 1490.45862, "I4MDFFSPD": 46, "MDHRLKCAP": 700, "MDHRLNCAP": 700, "I4MDVC": 0.59821, "I4MDVDF": 1.15312, "I4MDSPD": 39.89165, "I4PMSOV": 1126.88513, "I4PMHV2": 297.98157, "I4PMHV3": 132.75363, "I4PMCV": 165.55983, "I4PMTRK": 38.53147, "I4PMAPX": 38.36703, "I4PMVOL": 1800.07861, "I4PMVMT": 1134.04956, "I4PMFFSPD": 46, "PMHRLKCAP": 700, "PMHRLNCAP": 700, "I4PMVC": 0.75603, "I4PMVDF": 1.29748, "I4PMSPD": 35.45332, "I4NTSOV": 969.17096, "I4NTHV2": 286.16513, "I4NTHV3": 119.22429, "I4NTCV": 137.54399, "I4NTTRK": 34.03068, "I4NTAPX": 0.99, "I4NTVOL": 1547.12512, "I4NTVMT": 974.68884, "I4NTFFSPD": 46, "NTHRLKCAP": 700, "NTHRLNCAP": 700, "I4NTVC": 0.33153, "I4NTVDF": 1.05388, "I4NTSPD": 43.64816, "I424VOL": 6820.5, "TVOL00": 7, "TVMT00": 4.41, "ID": 0, "AADT_2023": 0, "AWDT_2023": 0, "MD210": 0, "CNT2LOADDIF": 0.0, "ABSNCTDIFF": 0.0, "CNT2LOADPCT": 0.0, "ABSPCTDIFF": 0.0, "MD210U": 0, "LOAD1": 6820.5, "LOAD2": 1926.38232, "LOADGRW": -4894.11768, "ABSGRW": 4894.11768, "PRCGRW": -0.7175599, "PRCANLGRW": -3.2616363 }, "geometry": { "type": "LineString", "coordinates": [ [ -77.393958600077255, 39.404421306281577 ], [ -77.394242033938852, 39.404370707951493 ], [ -77.405409081426754, 39.402345306688332 ] ] } },
{ "type": "Feature", "properties": { "A": 42285, "B": 42286, "SUBAREA": 0, "FFSNEW": 0, "CPENEW": 0, "CPEFAC": 0, "TIMEPEN": 0, "DISTANCE": 0.52, "SPDCLASS": 33, "CAPCLASS": 33, "JUR": 9, "SCREEN": 0, "FTYPE": 3, "TOLL": 0, "TOLLGRP": 0, "AMLANE": 2, "AMLIMIT": 0, "PMLANE": 2, "PMLIMIT": 0, "OPLANE": 2, "OPLIMIT": 0, "EDGEID": 42300000000, "LINKID": 26265, "NETYEAR": 2010, "SHAPE_LENG": 2757.22, "PROJECTID": "MS20C", "TAZ": 2934, "ATYPE": 3, "MDLANE": 2, "MDLIMIT": 0, "NTLANE": 2, "NTLIMIT": 0, "DEFLATIONFT": 0.8011, "AMTOLL": 0.0, "PMTOLL": 0.0, "OPTOLL": 0.0, "AMTOLL_VP": 0.0, "PMTOLL_VP": 0.0, "OPTOLL_VP": 0.0, "AMHTIME": 1.54839, "PMHTIME": 1.54839, "OPHTIME": 1.26984, "MDTOLL": 0.0, "MDTOLL_VP": 0.0, "MDHTIME": 1.26984, "NTTOLL": 0.0, "NTTOLL_VP": 0.0, "NTHTIME": 1.26984, "LINKAB": 4228542286, "TURNPENI": "TURNPEN.PEN", "I4AMSOV": 468.12421, "I4AMHV2": 68.73676, "I4AMHV3": 102.50254, "I4AMCV": 90.5263, "I4AMTRK": 64.63272, "I4AMAPX": 5.35747, "I4AMVOL": 799.88, "I4AMVMT": 415.93759, "I4AMFFSPD": 46, "AMHRLKCAP": 1400, "AMHRLNCAP": 700, "I4AMVC": 0.23825, "I4AMVDF": 1.03427, "I4AMSPD": 44.47592, "COMP": 0, "I4MDSOV": 454.25027, "I4MDHV2": 124.89336, "I4MDHV3": 92.30598, "I4MDCV": 105.273, "I4MDTRK": 54.51181, "I4MDAPX": 6.92, "I4MDVOL": 838.15442, "I4MDVMT": 435.8403, "I4MDFFSPD": 46, "MDHRLKCAP": 1400, "MDHRLNCAP": 700, "I4MDVC": 0.10597, "I4MDVDF": 1.01289, "I4MDSPD": 45.41438, "I4PMSOV": 558.06641, "I4PMHV2": 108.26231, "I4PMHV3": 35.23907, "I4PMCV": 87.83541, "I4PMTRK": 16.47191, "I4PMAPX": 16.49833, "I4PMVOL": 822.37347, "I4PMVMT": 427.63422, "I4PMFFSPD": 46, "PMHRLKCAP": 1400, "PMHRLNCAP": 700, "I4PMVC": 0.1727, "I4PMVDF": 1.0229, "I4PMSPD": 44.96997, "I4NTSOV": 405.29138, "I4NTHV2": 95.25468, "I4NTHV3": 51.85049, "I4NTCV": 41.99408, "I4NTTRK": 11.65503, "I4NTAPX": 2.2087, "I4NTVOL": 608.25433, "I4NTVMT": 316.29227, "I4NTFFSPD": 46, "NTHRLKCAP": 1400, "NTHRLNCAP": 700, "I4NTVC": 0.06517, "I4NTVDF": 1.00782, "I4NTSPD": 45.64305, "I424VOL": 3068.66211, "TVOL00": 3, "TVMT00": 1.56, "ID": 0, "AADT_2023": 0, "AWDT_2023": 0, "MD210": 0, "CNT2LOADDIF": 0.0, "ABSNCTDIFF": 0.0, "CNT2LOADPCT": 0.0, "ABSPCTDIFF": 0.0, "MD210U": 0, "LOAD1": 3068.66211, "LOAD2": 382.30392, "LOADGRW": -2686.35815, "ABSGRW": 2686.35815, "PRCGRW": -0.8754168, "PRCANLGRW": -3.979167 }, "geometry": { "type": "LineString", "coordinates": [ [ -77.404553318043256, 39.40988718578506 ], [ -77.405409081426754, 39.402345306688332 ] ] } },
{ "type": "Feature", "properties": { "A": 44234, "B": 2978, "SUBAREA": 0, "FFSNEW": 0, "CPENEW": 0, "CPEFAC": 0, "TIMEPEN": 0, "DISTANCE": 0.6, "SPDCLASS": 6, "CAPCLASS": 6, "JUR": 10, "SCREEN": 0, "FTYPE": 0, "TOLL": 0, "TOLLGRP": 0, "AMLANE": 7, "AMLIMIT": 0, "PMLANE": 7, "PMLIMIT": 0, "OPLANE": 7, "OPLIMIT": 0, "EDGEID": 44200000000, "LINKID": 64831, "NETYEAR": 2001, "SHAPE_LENG": 3157.45, "PROJECTID": "NA", "TAZ": 2978, "ATYPE": 6, "MDLANE": 7, "MDLIMIT": 0, "NTLANE": 7, "NTLIMIT": 0, "DEFLATIONFT": 0.8011, "AMTOLL": 0.0, "PMTOLL": 0.0, "OPTOLL": 0.0, "AMTOLL_VP": 0.0, "PMTOLL_VP": 0.0, "OPTOLL_VP": 0.0, "AMHTIME": 1.02857, "PMHTIME": 1.02857, "OPHTIME": 1.02857, "MDTOLL": 0.0, "MDTOLL_VP": 0.0, "MDHTIME": 1.02857, "NTTOLL": 0.0, "NTTOLL_VP": 0.0, "NTHTIME": 1.02857, "LINKAB": 4423402978, "TURNPENI": "TURNPEN.PEN", "I4AMSOV": 6.0000000000000002e-05, "I4AMHV2": 2.0000000000000002e-05, "I4AMHV3": 0.0, "I4AMCV": 1.0000000000000001e-05, "I4AMTRK": 1.0000000000000001e-05, "I4AMAPX": 0.0, "I4AMVOL": 0.00011, "I4AMVMT": 6.9999999999999994e-05, "I4AMFFSPD": 40, "AMHRLKCAP": 22050, "AMHRLNCAP": 3150, "I4AMVC": 0.0, "I4AMVDF": 1.0, "I4AMSPD": 40.0, "COMP": 0, "I4MDSOV": 0.0, "I4MDHV2": 0.0, "I4MDHV3": 0.0, "I4MDCV": 0.0, "I4MDTRK": 0.0, "I4MDAPX": 0.0, "I4MDVOL": 0.0, "I4MDVMT": 0.0, "I4MDFFSPD": 40, "MDHRLKCAP": 22050, "MDHRLNCAP": 3150, "I4MDVC": 0.0, "I4MDVDF": 1.0, "I4MDSPD": 40.0, "I4PMSOV": 0.0, "I4PMHV2": 0.0, "I4PMHV3": 0.0, "I4PMCV": 0.0, "I4PMTRK": 0.0, "I4PMAPX": 0.0, "I4PMVOL": 0.0, "I4PMVMT": 0.0, "I4PMFFSPD": 40, "PMHRLKCAP": 22050, "PMHRLNCAP": 3150, "I4PMVC": 0.0, "I4PMVDF": 1.0, "I4PMSPD": 40.0, "I4NTSOV": 0.0, "I4NTHV2": 0.0, "I4NTHV3": 0.0, "I4NTCV": 0.0, "I4NTTRK": 0.0, "I4NTAPX": 0.0, "I4NTVOL": 0.0, "I4NTVMT": 0.0, "I4NTFFSPD": 40, "NTHRLKCAP": 22050, "NTHRLNCAP": 3150, "I4NTVC": 0.0, "I4NTVDF": 1.0, "I4NTSPD": 40.0, "I424VOL": 0.00011, "TVOL00": 0, "TVMT00": 0.0, "ID": 0, "AADT_2023": 0, "AWDT_2023": 0, "MD210": 0, "CNT2LOADDIF": 0.0, "ABSNCTDIFF": 0.0, "CNT2LOADPCT": 0.0, "ABSPCTDIFF": 0.0, "MD210U": 0, "LOAD1": 0.00011, "LOAD2": 2.0000000000000002e-05, "LOADGRW": -9.0000000000000006e-05, "ABSGRW": 9.0000000000000006e-05, "PRCGRW": -0.8412295, "PRCANLGRW": -3.8237703 }, "geometry": { "type": "LineString", "coordinates": [ [ -76.853766516554941, 39.253462075529853 ], [ -76.859614828077838, 39.246080983965768 ] ] } },
{ "type": "Feature", "properties": { "A": 44277, "B": 44279, "SUBAREA": 0, "FFSNEW": 0, "CPENEW": 0, "CPEFAC": 0, "TIMEPEN": 0, "DISTANCE": 0.2, "SPDCLASS": 63, "CAPCLASS": 63, "JUR": 10, "SCREEN": 0, "FTYPE": 6, "TOLL": 0, "TOLLGRP": 0, "AMLANE": 2, "AMLIMIT": 0, "PMLANE": 2, "PMLIMIT": 0, "OPLANE": 2, "OPLIMIT": 0, "EDGEID": 44300000000, "LINKID": 9530, "NETYEAR": 2001, "SHAPE_LENG": 1062.56, "PROJECTID": "NEWTAZ", "TAZ": 3005, "ATYPE": 3, "MDLANE": 2, "MDLIMIT": 0, "NTLANE": 2, "NTLIMIT": 0, "DEFLATIONFT": 0.8011, "AMTOLL": 0.0, "PMTOLL": 0.0, "OPTOLL": 0.0, "AMTOLL_VP": 0.0, "PMTOLL_VP": 0.0, "OPTOLL_VP": 0.0, "AMHTIME": 0.48096, "PMHTIME": 0.48096, "OPHTIME": 0.43494, "MDTOLL": 0.0, "MDTOLL_VP": 0.0, "MDHTIME": 0.43494, "NTTOLL": 0.0, "NTTOLL_VP": 0.0, "NTHTIME": 0.43494, "LINKAB": 4427744279, "TURNPENI": "TURNPEN.PEN", "I4AMSOV": 0.00483, "I4AMHV2": 0.0007, "I4AMHV3": 0.0, "I4AMCV": 0.00044, "I4AMTRK": 0.00075, "I4AMAPX": 0.0, "I4AMVOL": 0.00672, "I4AMVMT": 0.00134, "I4AMFFSPD": 35, "AMHRLKCAP": 2000, "AMHRLNCAP": 1000, "I4AMVC": 0.0, "I4AMVDF": 1.0, "I4AMSPD": 35.0, "COMP": 0, "I4MDSOV": 0.0, "I4MDHV2": 0.0, "I4MDHV3": 0.0, "I4MDCV": 0.0, "I4MDTRK": 0.0, "I4MDAPX": 0.0, "I4MDVOL": 0.0, "I4MDVMT": 0.0, "I4MDFFSPD": 35, "MDHRLKCAP": 2000, "MDHRLNCAP": 1000, "I4MDVC": 0.0, "I4MDVDF": 1.0, "I4MDSPD": 35.0, "I4PMSOV": 237.55588, "I4PMHV2": 94.47446, "I4PMHV3": 129.33821, "I4PMCV": 75.26414, "I4PMTRK": 58.86404, "I4PMAPX": 46.92989, "I4PMVOL": 642.42657, "I4PMVMT": 128.48532, "I4PMFFSPD": 35, "PMHRLKCAP": 2000, "PMHRLNCAP": 1000, "I4PMVC": 0.09444, "I4PMVDF": 1.00378, "I4PMSPD": 34.86829, "I4NTSOV": 0.0, "I4NTHV2": 0.0, "I4NTHV3": 0.0, "I4NTCV": 0.0, "I4NTTRK": 0.0, "I4NTAPX": 0.0, "I4NTVOL": 0.0, "I4NTVMT": 0.0, "I4NTFFSPD": 35, "NTHRLKCAP": 2000, "NTHRLNCAP": 1000, "I4NTVC": 0.0, "I4NTVDF": 1.0, "I4NTSPD": 35.0, "I424VOL": 642.43329, "TVOL00": 1, "TVMT00": 0.2, "ID": 0, "AADT_2023": 0, "AWDT_2023": 0, "MD210": 0, "CNT2LOADDIF": 0.0, "ABSNCTDIFF": 0.0, "CNT2LOADPCT": 0.0, "ABSPCTDIFF": 0.0, "MD210U": 0, "LOAD1": 642.43329, "LOAD2": 167.95099, "LOADGRW": -474.4823, "ABSGRW": 474.4823, "PRCGRW": -0.7385705, "PRCANLGRW": -3.3571389 }, "geometry": { "type": "LineString", "coordinates": [ [ -76.798075292040579, 39.1302320008921 ], [ -76.794687647156962, 39.128990584428635 ] ] } },
{ "type": "Feature", "properties": { "A": 47033, "B": 47105, "SUBAREA": 0, "FFSNEW": 0, "CPENEW": 0, "CPEFAC": 0, "TIMEPEN": 0, "DISTANCE": 0.64, "SPDCLASS": 45, "CAPCLASS": 45, "JUR": 12, "SCREEN": 0, "FTYPE": 4, "TOLL": 0, "TOLLGRP": 0, "AMLANE": 1, "AMLIMIT": 0, "PMLANE": 1, "PMLIMIT": 0, "OPLANE": 1, "OPLIMIT": 0, "EDGEID": 47100000000, "LINKID": 71954, "NETYEAR": 2000, "SHAPE_LENG": 3380.38, "PROJECTID": "NA", "TAZ": 3152, "ATYPE": 5, "MDLANE": 1, "MDLIMIT": 0, "NTLANE": 1, "NTLIMIT": 0, "DEFLATIONFT": 0.8011, "AMTOLL": 0.0, "PMTOLL": 0.0, "OPTOLL": 0.0, "AMTOLL_VP": 0.0, "PMTOLL_VP": 0.0, "OPTOLL_VP": 0.0, "AMHTIME": 2.11921, "PMHTIME": 2.11921, "OPHTIME": 1.81474, "MDTOLL": 0.0, "MDTOLL_VP": 0.0, "MDHTIME": 1.81474, "NTTOLL": 0.0, "NTTOLL_VP": 0.0, "NTHTIME": 1.81474, "LINKAB": 4703347105, "TURNPENI": "TURNPEN.PEN", "I4AMSOV": 338.03656, "I4AMHV2": 46.90613, "I4AMHV3": 65.83698, "I4AMCV": 60.83625, "I4AMTRK": 52.13934, "I4AMAPX": 0.28594, "I4AMVOL": 564.0412, "I4AMVMT": 360.98636, "I4AMFFSPD": 40, "AMHRLKCAP": 800, "AMHRLNCAP": 800, "I4AMVC": 0.29401, "I4AMVDF": 1.09172, "I4AMSPD": 36.63935, "COMP": 0, "I4MDSOV": 0.0, "I4MDHV2": 0.0, "I4MDHV3": 0.0, "I4MDCV": 0.0, "I4MDTRK": 0.0, "I4MDAPX": 0.0, "I4MDVOL": 0.0, "I4MDVMT": 0.0, "I4MDFFSPD": 40, "MDHRLKCAP": 800, "MDHRLNCAP": 800, "I4MDVC": 0.0, "I4MDVDF": 1.0, "I4MDSPD": 40.0, "I4PMSOV": 22.15, "I4PMHV2": 7.89, "I4PMHV3": 1.99, "I4PMCV": 3.93, "I4PMTRK": 1.88, "I4PMAPX": 1.88, "I4PMVOL": 39.72, "I4PMVMT": 25.4208, "I4PMFFSPD": 40, "PMHRLKCAP": 800, "PMHRLNCAP": 800, "I4PMVC": 0.0146, "I4PMVDF": 1.00365, "I4PMSPD": 39.85456, "I4NTSOV": 0.0, "I4NTHV2": 0.0, "I4NTHV3": 0.0, "I4NTCV": 0.0, "I4NTTRK": 0.0, "I4NTAPX": 0.0, "I4NTVOL": 0.0, "I4NTVMT": 0.0, "I4NTFFSPD": 40, "NTHRLKCAP": 800, "NTHRLNCAP": 800, "I4NTVC": 0.0, "I4NTVDF": 1.0, "I4NTSPD": 40.0, "I424VOL": 603.76117, "TVOL00": 1, "TVMT00": 0.64, "ID": 570, "AADT_2023": 5297, "AWDT_2023": 5722, "MD210": 0, "CNT2LOADDIF": -5118.23877, "ABSNCTDIFF": 5118.23877, "CNT2LOADPCT": -89.44843, "ABSPCTDIFF": 89.44843, "MD210U": 0, "LOAD1": 603.76117, "LOAD2": 136.90038, "LOADGRW": -466.86078, "ABSGRW": 466.86078, "PRCGRW": -0.7732541, "PRCANLGRW": -3.5147913 }, "geometry": { "type": "LineString", "coordinates": [ [ -76.978667187096462, 38.529692015320094 ], [ -76.978058089221577, 38.529692365842592 ], [ -76.978128088991866, 38.530752364677127 ], [ -76.978128089891186, 38.531052364720587 ], [ -76.978158088636533, 38.531342364282985 ], [ -76.978228087507489, 38.533012365484211 ], [ -76.978268088532516, 38.533472365131196 ], [ -76.978348087884626, 38.534782364301734 ], [ -76.978398087592097, 38.535802363909951 ], [ -76.978468087362387, 38.536602363726075 ], [ -76.978548087613845, 38.537032363728422 ], [ -76.978668087990926, 38.537382363479338 ], [ -76.979028178986411, 38.538432208267771 ] ] } },
{ "type": "Feature", "properties": { "A": 47105, "B": 47033, "SUBAREA": 0, "FFSNEW": 0, "CPENEW": 0, "CPEFAC": 0, "TIMEPEN": 0, "DISTANCE": 0.64, "SPDCLASS": 45, "CAPCLASS": 45, "JUR": 12, "SCREEN": 0, "FTYPE": 4, "TOLL": 0, "TOLLGRP": 0, "AMLANE": 1, "AMLIMIT": 0, "PMLANE": 1, "PMLIMIT": 0, "OPLANE": 1, "OPLIMIT": 0, "EDGEID": 47100000000, "LINKID": 16620, "NETYEAR": 2000, "SHAPE_LENG": 3380.38, "PROJECTID": "NA", "TAZ": 3152, "ATYPE": 5, "MDLANE": 1, "MDLIMIT": 0, "NTLANE": 1, "NTLIMIT": 0, "DEFLATIONFT": 0.8011, "AMTOLL": 0.0, "PMTOLL": 0.0, "OPTOLL": 0.0, "AMTOLL_VP": 0.0, "PMTOLL_VP": 0.0, "OPTOLL_VP": 0.0, "AMHTIME": 2.11921, "PMHTIME": 2.11921, "OPHTIME": 1.81474, "MDTOLL": 0.0, "MDTOLL_VP": 0.0, "MDHTIME": 1.81474, "NTTOLL": 0.0, "NTTOLL_VP": 0.0, "NTHTIME": 1.81474, "LINKAB": 4710547033, "TURNPENI": "TURNPEN.PEN", "I4AMSOV": 0.0, "I4AMHV2": 0.0, "I4AMHV3": 0.33, "I4AMCV": 0.0, "I4AMTRK": 0.0, "I4AMAPX": 0.0, "I4AMVOL": 0.33, "I4AMVMT": 0.2112, "I4AMFFSPD": 40, "AMHRLKCAP": 800, "AMHRLNCAP": 800, "I4AMVC": 0.00017, "I4AMVDF": 1.00004, "I4AMSPD": 39.99828, "COMP": 0, "I4MDSOV": 0.0, "I4MDHV2": 0.0, "I4MDHV3": 0.0, "I4MDCV": 0.0, "I4MDTRK": 0.0, "I4MDAPX": 0.0, "I4MDVOL": 0.0, "I4MDVMT": 0.0, "I4MDFFSPD": 40, "MDHRLKCAP": 800, "MDHRLNCAP": 800, "I4MDVC": 0.0, "I4MDVDF": 1.0, "I4MDSPD": 40.0, "I4PMSOV": 294.41641, "I4PMHV2": 64.40025, "I4PMHV3": 111.62843, "I4PMCV": 41.45062, "I4PMTRK": 13.28828, "I4PMAPX": 13.28473, "I4PMVOL": 538.46875, "I4PMVMT": 344.62, "I4PMFFSPD": 40, "PMHRLKCAP": 800, "PMHRLNCAP": 800, "I4PMVC": 0.19789, "I4PMVDF": 1.05535, "I4PMSPD": 37.90229, "I4NTSOV": 0.0, "I4NTHV2": 0.0, "I4NTHV3": 0.0, "I4NTCV": 0.0, "I4NTTRK": 0.0, "I4NTAPX": 0.0, "I4NTVOL": 0.0, "I4NTVMT": 0.0, "I4NTFFSPD": 40, "NTHRLKCAP": 800, "NTHRLNCAP": 800, "I4NTVC": 0.0, "I4NTVDF": 1.0, "I4NTSPD": 40.0, "I424VOL": 538.79877, "TVOL00": 1, "TVMT00": 0.64, "ID": 653, "AADT_2023": 5297, "AWDT_2023": 5722, "MD210": 0, "CNT2LOADDIF": -5183.20117, "ABSNCTDIFF": 5183.20117, "CNT2LOADPCT": -90.58373, "ABSPCTDIFF": 90.58373, "MD210U": 0, "LOAD1": 538.79877, "LOAD2": 103.68202, "LOADGRW": -435.11676, "ABSGRW": 435.11676, "PRCGRW": -0.8075682, "PRCANLGRW": -3.6707644 }, "geometry": { "type": "LineString", "coordinates": [ [ -76.979028178986411, 38.538432208267771 ], [ -76.978668087990926, 38.537382363479338 ], [ -76.978548087613845, 38.537032363728422 ], [ -76.978468087362387, 38.536602363726075 ], [ -76.978398087592097, 38.535802363909951 ], [ -76.978348087884626, 38.534782364301734 ], [ -76.978268088532516, 38.533472365131196 ], [ -76.978228087507489, 38.533012365484211 ], [ -76.978158088636533, 38.531342364282985 ], [ -76.978128089891186, 38.531052364720587 ], [ -76.978128088991866, 38.530752364677127 ], [ -76.978058089221577, 38.529692365842592 ], [ -76.978667187096462, 38.529692015320094 ] ] } },
{ "type": "Feature", "properties": { "A": 47167, "B": 47105, "SUBAREA": 0, "FFSNEW": 0, "CPENEW": 0, "CPEFAC": 0, "TIMEPEN": 0, "DISTANCE": 0.67, "SPDCLASS": 45, "CAPCLASS": 45, "JUR": 12, "SCREEN": 0, "FTYPE": 4, "TOLL": 0, "TOLLGRP": 0, "AMLANE": 1, "AMLIMIT": 0, "PMLANE": 1, "PMLIMIT": 0, "OPLANE": 1, "OPLIMIT": 0, "EDGEID": 47200000000, "LINKID": 26068, "NETYEAR": 2001, "SHAPE_LENG": 3554.79, "PROJECTID": "NA", "TAZ": 3152, "ATYPE": 5, "MDLANE": 1, "MDLIMIT": 0, "NTLANE": 1, "NTLIMIT": 0, "DEFLATIONFT": 0.8011, "AMTOLL": 0.0, "PMTOLL": 0.0, "OPTOLL": 0.0, "AMTOLL_VP": 0.0, "PMTOLL_VP": 0.0, "OPTOLL_VP": 0.0, "AMHTIME": 2.21854, "PMHTIME": 2.21854, "OPHTIME": 1.89981, "MDTOLL": 0.0, "MDTOLL_VP": 0.0, "MDHTIME": 1.89981, "NTTOLL": 0.0, "NTTOLL_VP": 0.0, "NTHTIME": 1.89981, "LINKAB": 4716747105, "TURNPENI": "TURNPEN.PEN", "I4AMSOV": 0.0, "I4AMHV2": 0.0, "I4AMHV3": 0.33, "I4AMCV": 0.0, "I4AMTRK": 0.0, "I4AMAPX": 0.0, "I4AMVOL": 0.33, "I4AMVMT": 0.2211, "I4AMFFSPD": 40, "AMHRLKCAP": 800, "AMHRLNCAP": 800, "I4AMVC": 0.00017, "I4AMVDF": 1.00004, "I4AMSPD": 39.99828, "COMP": 0, "I4MDSOV": 0.0, "I4MDHV2": 0.0, "I4MDHV3": 0.0, "I4MDCV": 0.0, "I4MDTRK": 0.0, "I4MDAPX": 0.0, "I4MDVOL": 0.0, "I4MDVMT": 0.0, "I4MDFFSPD": 40, "MDHRLKCAP": 800, "MDHRLNCAP": 800, "I4MDVC": 0.0, "I4MDVDF": 1.0, "I4MDSPD": 40.0, "I4PMSOV": 270.12366, "I4PMHV2": 58.74417, "I4PMHV3": 27.9, "I4PMCV": 32.19337, "I4PMTRK": 8.93311, "I4PMAPX": 8.93311, "I4PMVOL": 406.82742, "I4PMVMT": 272.57437, "I4PMFFSPD": 40, "PMHRLKCAP": 800, "PMHRLNCAP": 800, "I4PMVC": 0.14951, "I4PMVDF": 1.04035, "I4PMSPD": 38.44868, "I4NTSOV": 0.0, "I4NTHV2": 0.0, "I4NTHV3": 0.0, "I4NTCV": 0.0, "I4NTTRK": 0.0, "I4NTAPX": 0.0, "I4NTVOL": 0.0, "I4NTVMT": 0.0, "I4NTFFSPD": 40, "NTHRLKCAP": 800, "NTHRLNCAP": 800, "I4NTVC": 0.0, "I4NTVDF": 1.0, "I4NTSPD": 40.0, "I424VOL": 407.15741, "TVOL00": 0, "TVMT00": 0.0, "ID": 0, "AADT_2023": 0, "AWDT_2023": 0, "MD210": 0, "CNT2LOADDIF": 0.0, "ABSNCTDIFF": 0.0, "CNT2LOADPCT": 0.0, "ABSPCTDIFF": 0.0, "MD210U": 0, "LOAD1": 407.15741, "LOAD2": 103.68202, "LOADGRW": -303.4754, "ABSGRW": 303.4754, "PRCGRW": -0.7453515, "PRCANLGRW": -3.3879614 }, "geometry": { "type": "LineString", "coordinates": [ [ -76.978308596619044, 38.547971247702911 ], [ -76.978328087821751, 38.54760236142269 ], [ -76.978488087425262, 38.546782362443039 ], [ -76.978738087761272, 38.545882362312675 ], [ -76.979048088285822, 38.544752361909154 ], [ -76.979548088058493, 38.542992363572672 ], [ -76.979728086825503, 38.542312363234359 ], [ -76.979868087265459, 38.541822363043472 ], [ -76.979898086910055, 38.541702362666321 ], [ -76.979908086491832, 38.541522363000013 ], [ -76.97991808697293, 38.541352362915383 ], [ -76.979888088227653, 38.540982363101634 ], [ -76.979828087139765, 38.540662362995299 ], [ -76.979648088372755, 38.540192363766522 ], [ -76.979458088225286, 38.539672363931032 ], [ -76.979308088203538, 38.539282364054408 ], [ -76.979028178986411, 38.538432208267771 ] ] } },
{ "type": "Feature", "properties": { "A": 47246, "B": 3141, "SUBAREA": 0, "FFSNEW": 0, "CPENEW": 0, "CPEFAC": 0, "TIMEPEN": 0, "DISTANCE": 0.58, "SPDCLASS": 6, "CAPCLASS": 6, "JUR": 12, "SCREEN": 0, "FTYPE": 0, "TOLL": 0, "TOLLGRP": 0, "AMLANE": 7, "AMLIMIT": 0, "PMLANE": 7, "PMLIMIT": 0, "OPLANE": 7, "OPLIMIT": 0, "EDGEID": 47200000000, "LINKID": 54796, "NETYEAR": 2001, "SHAPE_LENG": 3038.23, "PROJECTID": "NA", "TAZ": 3141, "ATYPE": 6, "MDLANE": 7, "MDLIMIT": 0, "NTLANE": 7, "NTLIMIT": 0, "DEFLATIONFT": 0.8011, "AMTOLL": 0.0, "PMTOLL": 0.0, "OPTOLL": 0.0, "AMTOLL_VP": 0.0, "PMTOLL_VP": 0.0, "OPTOLL_VP": 0.0, "AMHTIME": 0.99429, "PMHTIME": 0.99429, "OPHTIME": 0.99429, "MDTOLL": 0.0, "MDTOLL_VP": 0.0, "MDHTIME": 0.99429, "NTTOLL": 0.0, "NTTOLL_VP": 0.0, "NTHTIME": 0.99429, "LINKAB": 4724603141, "TURNPENI": "TURNPEN.PEN", "I4AMSOV": 132.53, "I4AMHV2": 41.43, "I4AMHV3": 15.67, "I4AMCV": 29.19, "I4AMTRK": 30.99, "I4AMAPX": 1.35, "I4AMVOL": 251.16, "I4AMVMT": 145.6728, "I4AMFFSPD": 40, "AMHRLKCAP": 22050, "AMHRLNCAP": 3150, "I4AMVC": 0.00475, "I4AMVDF": 1.0, "I4AMSPD": 40.0, "COMP": 0, "I4MDSOV": 527.24, "I4MDHV2": 155.28, "I4MDHV3": 68.49, "I4MDCV": 51.78, "I4MDTRK": 58.9, "I4MDAPX": 2.12, "I4MDVOL": 863.81, "I4MDVMT": 501.0098, "I4MDFFSPD": 40, "MDHRLKCAP": 22050, "MDHRLNCAP": 3150, "I4MDVC": 0.00693, "I4MDVDF": 1.0, "I4MDSPD": 40.0, "I4PMSOV": 661.72, "I4PMHV2": 181.8, "I4PMHV3": 74.77, "I4PMCV": 51.53, "I4PMTRK": 23.8, "I4PMAPX": 23.8, "I4PMVOL": 1017.42, "I4PMVMT": 590.1036, "I4PMFFSPD": 40, "PMHRLKCAP": 22050, "PMHRLNCAP": 3150, "I4PMVC": 0.01357, "I4PMVDF": 1.0, "I4PMSPD": 40.0, "I4NTSOV": 564.17, "I4NTHV2": 169.39, "I4NTHV3": 80.77, "I4NTCV": 22.8, "I4NTTRK": 12.79, "I4NTAPX": 0.87, "I4NTVOL": 850.79, "I4NTVMT": 493.4582, "I4NTFFSPD": 40, "NTHRLKCAP": 22050, "NTHRLNCAP": 3150, "I4NTVC": 0.00579, "I4NTVDF": 1.0, "I4NTSPD": 40.0, "I424VOL": 2983.18, "TVOL00": 0, "TVMT00": 0.0, "ID": 0, "AADT_2023": 0, "AWDT_2023": 0, "MD210": 0, "CNT2LOADDIF": 0.0, "ABSNCTDIFF": 0.0, "CNT2LOADPCT": 0.0, "ABSPCTDIFF": 0.0, "MD210U": 2, "LOAD1": 2983.18, "LOAD2": 643.67, "LOADGRW": -2339.51001, "ABSGRW": 2339.51, "PRCGRW": -0.7842336, "PRCANLGRW": -3.5646982 }, "geometry": { "type": "LineString", "coordinates": [ [ -77.007346794248278, 38.644341871079114 ], [ -76.998817826078295, 38.639361120947292 ] ] } },
{ "type": "Feature", "properties": { "A": 50007, "B": 3430, "SUBAREA": 0, "FFSNEW": 0, "CPENEW": 0, "CPEFAC": 0, "TIMEPEN": 0, "DISTANCE": 1.19, "SPDCLASS": 6, "CAPCLASS": 6, "JUR": 17, "SCREEN": 0, "FTYPE": 0, "TOLL": 0, "TOLLGRP": 0, "AMLANE": 7, "AMLIMIT": 0, "PMLANE": 7, "PMLIMIT": 0, "OPLANE": 7, "OPLIMIT": 0, "EDGEID": 3430050007, "LINKID": 55328, "NETYEAR": 2001, "SHAPE_LENG": 6300.06, "PROJECTID": "NA", "TAZ": 3430, "ATYPE": 6, "MDLANE": 7, "MDLIMIT": 0, "NTLANE": 7, "NTLIMIT": 0, "DEFLATIONFT": 0.8011, "AMTOLL": 0.0, "PMTOLL": 0.0, "OPTOLL": 0.0, "AMTOLL_VP": 0.0, "PMTOLL_VP": 0.0, "OPTOLL_VP": 0.0, "AMHTIME": 2.04, "PMHTIME": 2.04, "OPHTIME": 2.04, "MDTOLL": 0.0, "MDTOLL_VP": 0.0, "MDHTIME": 2.04, "NTTOLL": 0.0, "NTTOLL_VP": 0.0, "NTHTIME": 2.04, "LINKAB": 5000703430, "TURNPENI": "TURNPEN.PEN", "I4AMSOV": 0.59004, "I4AMHV2": 0.12001, "I4AMHV3": 0.03, "I4AMCV": 0.06001, "I4AMTRK": 0.02, "I4AMAPX": 0.0, "I4AMVOL": 0.82005, "I4AMVMT": 0.97586, "I4AMFFSPD": 40, "AMHRLKCAP": 22050, "AMHRLNCAP": 3150, "I4AMVC": 2.0000000000000002e-05, "I4AMVDF": 1.0, "I4AMSPD": 40.0, "COMP": 0, "I4MDSOV": 0.82, "I4MDHV2": 0.23, "I4MDHV3": 0.08, "I4MDCV": 0.07, "I4MDTRK": 0.03, "I4MDAPX": 0.0, "I4MDVOL": 1.23, "I4MDVMT": 1.4637, "I4MDFFSPD": 40, "MDHRLKCAP": 22050, "MDHRLNCAP": 3150, "I4MDVC": 1.0000000000000001e-05, "I4MDVDF": 1.0, "I4MDSPD": 40.0, "I4PMSOV": 0.44, "I4PMHV2": 0.21, "I4PMHV3": 0.08, "I4PMCV": 0.05, "I4PMTRK": 0.01, "I4PMAPX": 0.01, "I4PMVOL": 0.8, "I4PMVMT": 0.952, "I4PMFFSPD": 40, "PMHRLKCAP": 22050, "PMHRLNCAP": 3150, "I4PMVC": 1.0000000000000001e-05, "I4PMVDF": 1.0, "I4PMSPD": 40.0, "I4NTSOV": 9.16, "I4NTHV2": 2.29, "I4NTHV3": 0.73, "I4NTCV": 1.45, "I4NTTRK": 0.25, "I4NTAPX": 0.0, "I4NTVOL": 13.88, "I4NTVMT": 16.5172, "I4NTFFSPD": 40, "NTHRLKCAP": 22050, "NTHRLNCAP": 3150, "I4NTVC": 9.0000000000000006e-05, "I4NTVDF": 1.0, "I4NTSPD": 40.0, "I424VOL": 16.73005, "TVOL00": 0, "TVMT00": 0.0, "ID": 0, "AADT_2023": 0, "AWDT_2023": 0, "MD210": 0, "CNT2LOADDIF": 0.0, "ABSNCTDIFF": 0.0, "CNT2LOADPCT": 0.0, "ABSPCTDIFF": 0.0, "MD210U": 0, "LOAD1": 16.73005, "LOAD2": 3.83, "LOADGRW": -12.90005, "ABSGRW": 12.90005, "PRCGRW": -0.7710705, "PRCANLGRW": -3.5048661 }, "geometry": { "type": "LineString", "coordinates": [ [ -77.187879247762751, 38.174991660142105 ], [ -77.16708030561243, 38.180449470029565 ] ] } },
{ "type": "Feature", "properties": { "A": 51277, "B": 51280, "SUBAREA": 0, "FFSNEW": 0, "CPENEW": 0, "CPEFAC": 0, "TIMEPEN": 0, "DISTANCE": 0.29, "SPDCLASS": 15, "CAPCLASS": 15, "JUR": 19, "SCREEN": 0, "FTYPE": 1, "TOLL": 0, "TOLLGRP": 117, "AMLANE": 1, "AMLIMIT": 4, "PMLANE": 1, "PMLIMIT": 9, "OPLANE": 1, "OPLIMIT": 4, "EDGEID": 51300000000, "LINKID": 84104, "NETYEAR": 2018, "SHAPE_LENG": 1552.38, "PROJECTID": "VI2RFC", "TAZ": 3475, "ATYPE": 5, "MDLANE": 1, "MDLIMIT": 4, "NTLANE": 1, "NTLIMIT": 4, "DEFLATIONFT": 0.8011, "AMTOLL": 9.29276, "PMTOLL": 4.64638, "OPTOLL": 3.48479, "AMTOLL_VP": 9.29276, "PMTOLL_VP": 4.64638, "OPTOLL_VP": 3.48479, "AMHTIME": 0.35402, "PMHTIME": 0.35402, "OPHTIME": 0.28529, "MDTOLL": 3.48479, "MDTOLL_VP": 3.48479, "MDHTIME": 0.28529, "NTTOLL": 3.48479, "NTTOLL_VP": 3.48479, "NTHTIME": 0.28529, "LINKAB": 5127751280, "TURNPENI": "TURNPEN.PEN", "I4AMSOV": 704.09113, "I4AMHV2": 13.48532, "I4AMHV3": 0.0, "I4AMCV": 893.82452, "I4AMTRK": 0.0, "I4AMAPX": 51.11876, "I4AMVOL": 1662.51965, "I4AMVMT": 482.13071, "I4AMFFSPD": 75, "AMHRLKCAP": 2000, "AMHRLNCAP": 2000, "I4AMVC": 0.34664, "I4AMVDF": 1.0192, "I4AMSPD": 73.58733, "COMP": 0, "I4MDSOV": 0.0, "I4MDHV2": 0.0, "I4MDHV3": 89.40528, "I4MDCV": 0.0, "I4MDTRK": 0.0, "I4MDAPX": 0.0, "I4MDVOL": 89.40528, "I4MDVMT": 25.92753, "I4MDFFSPD": 75, "MDHRLKCAP": 2000, "MDHRLNCAP": 2000, "I4MDVC": 0.00791, "I4MDVDF": 1.00032, "I4MDSPD": 74.97627, "I4PMSOV": 0.0, "I4PMHV2": 0.0, "I4PMHV3": 0.0, "I4PMCV": 0.0, "I4PMTRK": 0.0, "I4PMAPX": 0.0, "I4PMVOL": 0.0, "I4PMVMT": 0.0, "I4PMFFSPD": 75, "PMHRLKCAP": 2000, "PMHRLNCAP": 2000, "I4PMVC": 0.0, "I4PMVDF": 1.0, "I4PMSPD": 75.0, "I4NTSOV": 0.0, "I4NTHV2": 0.0, "I4NTHV3": 86.43562, "I4NTCV": 0.0, "I4NTTRK": 0.0, "I4NTAPX": 0.0, "I4NTVOL": 86.43562, "I4NTVMT": 25.06633, "I4NTFFSPD": 75, "NTHRLKCAP": 2000, "NTHRLNCAP": 2000, "I4NTVC": 0.00648, "I4NTVDF": 1.00026, "I4NTSPD": 74.98056, "I424VOL": 1838.3606, "TVOL00": 2, "TVMT00": 0.58, "ID": 0, "AADT_2023": 0, "AWDT_2023": 0, "MD210": 0, "CNT2LOADDIF": 0.0, "ABSNCTDIFF": 0.0, "CNT2LOADPCT": 0.0, "ABSPCTDIFF": 0.0, "MD210U": 0, "LOAD1": 1838.3606, "LOAD2": 422.74225, "LOADGRW": -1415.61841, "ABSGRW": 1415.61841, "PRCGRW": -0.7700439, "PRCANLGRW": -3.5001996 }, "geometry": { "type": "LineString", "coordinates": [ [ -77.407598008533142, 38.453820845469082 ], [ -77.408477483178757, 38.458027244541938 ] ] } }
]
}
